pr_number,label_kind,code_area
39708,topic,core
39708,topic,editor
47054,topic,2d
47054,topic,buildsystem
53679,topic,editor
57121,topic,core
58749,topic,editor
58749,topic,gui
58749,topic,i18n
62419,topic,editor
64487,topic,core
64596,topic,buildsystem
64596,topic,shaders
65229,topic,editor
68449,topic,editor
68449,topic,gdscript
70646,topic,gui
73688,topic,3d
73688,topic,editor
73688,topic,import
75811,topic,editor
76267,topic,editor
76563,topic,gui
76596,topic,editor
77292,topic,editor
78598,topic,3d
78598,topic,rendering
79712,topic,animation
79731,topic,3d
79731,topic,rendering
81530,topic,core
82212,topic,editor
84804,topic,3d
84804,topic,rendering
85762,topic,core
86079,topic,core
86079,topic,gdextension
86468,topic,editor
86929,topic,core
86930,topic,3d
86930,topic,editor
87081,topic,gui
87087,topic,editor
87087,topic,plugin
88647,topic,editor
89325,topic,3d
89325,topic,rendering
89367,topic,editor
89748,topic,codestyle
89748,topic,editor
89983,topic,core
90401,topic,2d
90401,topic,rendering
90411,topic,gui
90439,topic,editor
90439,topic,gui
91124,topic,editor
91199,topic,network
91261,topic,network
91556,topic,editor
91556,topic,particles
91617,topic,gdscript
91634,topic,3d
91634,topic,animation
91634,topic,editor
91634,topic,import
91703,topic,plugin
91970,topic,editor
92002,topic,core
92080,topic,editor
92102,topic,core
92282,topic,codestyle
92282,topic,editor
92390,topic,codestyle
92390,topic,editor
92429,topic,animation
92649,topic,animation
92649,topic,tests
92984,platform,ios
92984,platform,linuxbsd
92984,platform,macos
92984,platform,windows
92984,topic,core
92984,topic,editor
93296,topic,editor
93296,topic,plugin
93298,topic,gdscript
93304,topic,gdscript
93325,topic,gdscript
93436,topic,3d
93436,topic,editor
93436,topic,rendering
93463,topic,3d
93463,topic,tests
93478,platform,linuxbsd
93478,topic,buildsystem
93713,topic,editor
93724,topic,3d
93724,topic,editor
93889,topic,gdscript
94013,topic,codestyle
94047,topic,core
94047,topic,gdextension
94062,topic,core
94096,topic,editor
94488,topic,editor
94488,topic,gui
94496,platform,windows
94496,topic,platforms
94496,topic,rendering
94542,platform,ios
94542,platform,visionos
94542,topic,platforms
94873,topic,3d
94873,topic,import
94929,topic,2d
94929,topic,particles
95075,topic,3d
95136,topic,audio
95136,topic,editor
95817,topic,gui
95949,topic,editor
96063,topic,3d
96458,topic,3d
96458,topic,physics
96547,topic,audio
96547,topic,thirdparty
96748,topic,3d
96748,topic,import
96825,platform,linuxbsd
96825,topic,platforms
96897,topic,editor
97321,topic,editor
97366,topic,audio
97616,topic,shaders
97620,topic,editor
97620,topic,shaders
97753,topic,editor
97758,topic,editor
97758,topic,gdscript
97871,topic,particles
98122,topic,3d
98122,topic,rendering
98396,topic,dotnet
98417,topic,2d
98417,topic,editor
98428,topic,gui
98667,topic,codestyle
98667,topic,editor
98936,topic,editor
99119,topic,rendering
99404,topic,editor
99404,topic,shaders
99499,topic,3d
99499,topic,editor
99569,topic,3d
99569,topic,editor
99640,topic,buildsystem
99640,topic,codestyle
99725,topic,editor
99899,topic,gdscript
99899,topic,tests
99946,topic,gui
99949,topic,editor
100197,topic,editor
100219,topic,editor
100219,topic,export
100923,topic,xr
100986,topic,audio
101040,topic,buildsystem
101092,topic,editor
101092,topic,gdscript
101105,topic,buildsystem
101129,topic,editor
101129,topic,gui
101165,topic,2d
101165,topic,editor
101165,topic,particles
101168,topic,3d
101168,topic,editor
101177,topic,buildsystem
101209,topic,3d
101209,topic,editor
101247,topic,core
101255,topic,core
101342,topic,core
101407,topic,2d
101407,topic,editor
101468,topic,gui
101673,platform,windows
101673,topic,audio
101769,topic,editor
101787,topic,editor
101787,topic,gui
102020,topic,3d
102020,topic,editor
102021,topic,3d
102021,topic,editor
102055,topic,3d
102055,topic,editor
102064,topic,network
102064,topic,tests
102085,topic,3d
102085,topic,editor
102193,topic,editor
102193,topic,shaders
102232,platform,linuxbsd
102232,platform,macos
102232,platform,windows
102232,topic,platforms
102378,platform,web
102378,topic,buildsystem
102394,topic,editor
102394,topic,gui
102734,topic,editor
102787,topic,core
102789,topic,editor
102858,topic,gui
102858,topic,input
102888,topic,editor
102888,topic,input
102889,topic,editor
102889,topic,input
102923,topic,gui
102937,topic,editor
102937,topic,gdscript
102963,topic,editor
102963,topic,physics
102987,platform,linuxbsd
102987,topic,platforms
102987,topic,rendering
102992,topic,editor
102992,topic,gui
103005,topic,3d
103005,topic,editor
103100,topic,buildsystem
103100,topic,core
103100,topic,rendering
103216,topic,editor
103216,topic,i18n
103257,topic,editor
103340,topic,editor
103340,topic,shaders
103352,topic,core
103478,topic,editor
103742,topic,audio
103749,platform,linuxbsd
103749,topic,input
103953,platform,ios
103953,platform,macos
103953,topic,editor
103953,topic,export
103998,topic,gui
104014,topic,gdscript
104112,platform,macos
104112,topic,editor
104280,topic,core
104289,topic,import
104340,topic,core
104371,topic,animation
104371,topic,editor
104433,platform,web
104433,topic,network
104456,topic,editor
104496,topic,gui
104628,topic,editor
104676,topic,editor
104736,topic,2d
104736,topic,physics
104793,topic,tests
104802,platform,windows
104802,topic,editor
104839,platform,windows
104839,topic,audio
104851,topic,buildsystem
104851,topic,core
104860,topic,2d
104860,topic,editor
104951,topic,editor
104951,topic,import
105016,topic,editor
105016,topic,gdscript
105045,topic,3d
105045,topic,editor
105045,topic,input
105122,topic,2d
105122,topic,rendering
105203,topic,2d
105203,topic,editor
105236,topic,editor
105236,topic,gdscript
105243,topic,editor
105292,topic,3d
105292,topic,editor
105296,topic,tests
105308,topic,editor
105309,topic,editor
105350,topic,editor
105350,topic,gdscript
105449,topic,core
105450,topic,core
105523,topic,3d
105523,topic,editor
105550,topic,gui
105587,platform,linuxbsd
105587,topic,platforms
105701,topic,rendering
105791,topic,3d
105791,topic,editor
105793,topic,core
105963,topic,gui
106004,topic,editor
106016,topic,core
106016,topic,gdextension
106031,topic,dotnet
106031,topic,editor
106071,topic,editor
106099,topic,editor
106164,topic,editor
106219,topic,3d
106219,topic,editor
106237,topic,xr
106263,topic,gui
106290,topic,navigation
106299,topic,dotnet
106352,topic,3d
106352,topic,editor
106434,topic,buildsystem
106434,topic,codestyle
106434,topic,core
106532,topic,import
106556,topic,rendering
106560,platform,windows
106560,topic,platforms
106636,topic,core
106684,topic,3d
106684,topic,editor
106765,topic,dotnet
106780,topic,editor
106785,topic,3d
106785,topic,editor
106814,platform,macos
106814,topic,platforms
106814,topic,rendering
106837,topic,core
106867,topic,core
106891,topic,xr
106940,topic,rendering
106947,topic,editor
106997,topic,core
107052,topic,audio
107126,topic,core
107154,topic,3d
107154,topic,editor
107167,topic,export
107205,topic,gui
107205,topic,i18n
107234,topic,3d
107234,topic,rendering
107237,topic,editor
107264,topic,2d
107264,topic,editor
107273,topic,editor
107275,topic,editor
107303,platform,macos
107303,topic,gui
107303,topic,platforms
107312,topic,thirdparty
107343,topic,3d
107343,topic,editor
107384,topic,3d
107384,topic,rendering
107395,topic,editor
107400,topic,3d
107400,topic,rendering
107423,topic,animation
107435,platform,linuxbsd
107435,topic,platforms
107440,topic,gui
107452,topic,codestyle
107452,topic,core
107487,topic,input
107573,topic,2d
107573,topic,editor
107597,topic,editor
107652,topic,editor
107658,topic,3d
107658,topic,rendering
107671,topic,editor
107671,topic,gdextension
107671,topic,plugin
107672,topic,editor
107679,topic,audio
107687,topic,editor
107740,topic,3d
107740,topic,rendering
107765,topic,editor
107795,topic,editor
107795,topic,i18n
107836,topic,3d
107836,topic,import
107843,topic,2d
107843,topic,editor
107845,topic,gdextension
107855,topic,3d
107855,topic,editor
107855,topic,import
107856,topic,3d
107856,topic,editor
107856,topic,import
107861,topic,editor
107867,topic,gdscript
107887,topic,animation
107887,topic,editor
107890,topic,2d
107890,topic,editor
107902,topic,3d
107902,topic,rendering
107942,topic,editor
107947,topic,editor
107958,topic,3d
107958,topic,rendering
107959,topic,animation
107959,topic,editor
107969,topic,2d
107969,topic,editor
107999,topic,editor
107999,topic,i18n
108010,topic,2d
108065,topic,codestyle
108065,topic,editor
108073,topic,rendering
108076,topic,codestyle
108076,topic,core
108079,topic,editor
108111,topic,buildsystem
108111,topic,core
108114,topic,rendering
108125,topic,editor
108129,topic,editor
108135,topic,thirdparty
108168,topic,editor
108170,topic,tests
108180,topic,editor
108208,topic,editor
108213,topic,editor
108219,topic,3d
108219,topic,rendering
108224,topic,thirdparty
108227,topic,animation
108227,topic,core
108236,topic,codestyle
108236,topic,editor
108303,topic,3d
108303,topic,import
108304,topic,3d
108304,topic,import
108314,topic,codestyle
108320,topic,3d
108320,topic,import
108335,topic,gui
108340,topic,codestyle
108342,topic,editor
108351,topic,editor
108372,platform,macos
108372,topic,platforms
108379,topic,codestyle
108379,topic,editor
108391,topic,editor
108403,topic,editor
108403,topic,gui
108404,topic,editor
108412,topic,export
108422,platform,ios
108422,platform,macos
108422,topic,rendering
108457,topic,editor
108457,topic,i18n
108479,topic,editor
108487,topic,dotnet
108487,topic,editor
108489,topic,dotnet
108507,topic,core
108516,topic,codestyle
108528,topic,rendering
108534,topic,editor
108546,topic,3d
108546,topic,editor
108554,topic,editor
108596,platform,macos
108596,topic,platforms
108607,topic,editor
108607,topic,gdextension
108608,topic,3d
108608,topic,editor
108644,topic,xr
108647,topic,editor
108674,platform,android
108674,topic,buildsystem
108677,topic,editor
108682,topic,2d
108682,topic,rendering
108704,platform,linuxbsd
108704,topic,platforms
108705,topic,editor
108737,platform,android
108737,topic,editor
108737,topic,export
108741,topic,core
108741,topic,editor
108758,topic,3d
108758,topic,editor
108758,topic,physics
108767,topic,3d
108767,topic,codestyle
108767,topic,editor
108818,topic,core
108819,topic,rendering
108830,topic,core
108837,topic,core
108853,topic,3d
108853,topic,import
108862,topic,codestyle
108862,topic,i18n
108871,platform,windows
108871,topic,rendering
108875,topic,editor
108878,topic,editor
108882,topic,editor
108885,topic,dotnet
108900,topic,editor
108909,topic,editor
108909,topic,i18n
108909,topic,plugin
108932,topic,core
108954,topic,core
108981,topic,core
108987,topic,codestyle
108987,topic,editor
109004,topic,editor
109004,topic,rendering
109017,topic,editor
109021,topic,shaders
109043,topic,editor
109063,topic,input
109084,topic,3d
109084,topic,rendering
109101,topic,editor
109103,topic,3d
109103,topic,import
109104,topic,editor
109108,topic,animation
109108,topic,editor
109112,platform,ios
109112,platform,macos
109112,topic,platforms
109138,platform,macos
109138,topic,platforms
109142,topic,particles
109146,topic,buildsystem
109146,topic,export
109153,topic,editor
109153,topic,i18n
109182,platform,macos
109182,topic,platforms
109184,topic,3d
109184,topic,editor
109220,topic,3d
109220,topic,editor
109234,topic,editor
109237,topic,editor
109302,topic,xr
109306,topic,editor
109312,topic,buildsystem
109322,topic,gui
109331,topic,editor
109345,topic,gdscript
109352,topic,gui
109356,topic,editor
109356,topic,export
109358,topic,gui
109360,topic,2d
109360,topic,editor
109384,topic,editor
109421,topic,3d
109421,topic,import
109422,topic,animation
109422,topic,editor
109431,topic,rendering
109431,topic,xr
109433,topic,core
109446,topic,3d
109446,topic,import
109447,topic,3d
109447,topic,rendering
109458,topic,editor
109475,topic,3d
109475,topic,import
109490,topic,3d
109490,topic,editor
109503,topic,audio
109511,topic,editor
109514,topic,core
109516,topic,gui
109517,topic,core
109517,topic,editor
109520,platform,windows
109520,topic,editor
109520,topic,export
109525,topic,editor
109534,topic,animation
109534,topic,editor
109587,topic,editor
109596,topic,core
109596,topic,platforms
109596,topic,rendering
109605,topic,animation
109605,topic,editor
109637,topic,editor
109639,platform,windows
109639,topic,input
109639,topic,platforms
109649,topic,codestyle
109651,topic,thirdparty
109668,topic,3d
109668,topic,import
109680,topic,3d
109680,topic,editor
109701,topic,editor
109722,topic,3d
109725,topic,import
109727,topic,editor
109737,topic,3d
109737,topic,rendering
109743,topic,audio
109743,topic,editor
109775,topic,editor
109775,topic,shaders
109792,topic,animation
109792,topic,editor
109795,platform,macos
109795,topic,platforms
109800,topic,codestyle
109802,topic,editor
109803,topic,xr
109816,topic,editor
109839,topic,animation
109839,topic,editor
109842,topic,editor
109844,topic,audio
109845,topic,3d
109845,topic,editor
109863,topic,editor
109864,topic,multiplayer
109878,topic,3d
109878,topic,editor
109892,topic,core
109892,topic,gdextension
109911,topic,particles
109919,topic,editor
109938,topic,gui
109945,topic,3d
109945,topic,editor
109958,platform,macos
109958,topic,buildsystem
109971,topic,3d
109971,topic,rendering
109972,topic,3d
109972,topic,rendering
109975,platform,ios
109975,platform,visionos
109975,topic,xr
109976,topic,3d
109976,topic,editor
109980,platform,macos
109980,topic,editor
109980,topic,platforms
109986,topic,animation
109987,topic,editor
109998,topic,editor
109998,topic,shaders
109999,topic,editor
109999,topic,shaders
110004,topic,3d
110004,topic,rendering
110017,topic,editor
110032,topic,3d
110032,topic,physics
110060,topic,import
110075,platform,ios
110075,topic,export
110077,topic,rendering
110078,platform,macos
110078,topic,platforms
110080,topic,editor
110080,topic,gui
110083,topic,2d
110083,topic,rendering
110120,topic,3d
110120,topic,animation
110127,platform,android
110127,topic,input
110129,topic,animation
110129,topic,editor
110131,topic,animation
110131,topic,editor
110151,topic,gui
110162,topic,input
110192,platform,ios
110192,topic,platforms
110218,topic,gui
110219,platform,macos
110219,topic,editor
110219,topic,platforms
110245,topic,gui
110248,topic,codestyle
110254,topic,core
110256,topic,gui
110271,topic,core
110287,topic,particles
110287,topic,shaders
110307,topic,editor
110308,topic,core
110308,topic,import
110310,topic,gui
110323,topic,editor
110324,topic,buildsystem
110328,topic,2d
110328,topic,editor
110331,topic,3d
110331,topic,physics
110336,topic,3d
110336,topic,animation
110340,topic,gui
110354,topic,core
110369,topic,animation
110369,topic,editor
110375,topic,platforms
110376,topic,3d
110376,topic,animation
110376,topic,editor
110378,topic,editor
110378,topic,gui
110378,topic,i18n
110385,topic,codestyle
110385,topic,gui
110388,topic,editor
110400,topic,animation
110402,topic,core
110408,topic,gui
110422,topic,editor
110428,topic,3d
110428,topic,editor
110432,topic,editor
110433,topic,editor
110464,topic,core
110469,platform,windows
110469,topic,buildsystem
110478,topic,core
110481,platform,linuxbsd
110481,topic,platforms
110485,platform,macos
110485,topic,editor
110485,topic,export
110487,topic,animation
110487,topic,editor
110500,platform,macos
110500,topic,input
110500,topic,thirdparty
110502,topic,animation
110502,topic,editor
110502,topic,import
110506,topic,3d
110506,topic,animation
110508,topic,animation
110517,topic,editor
110517,topic,gdscript
110517,topic,network
110523,topic,gdscript
110524,platform,windows
110524,topic,gui
110525,topic,audio
110542,topic,editor
110542,topic,gui
110543,topic,gui
110544,platform,web
110544,topic,platforms
110581,topic,gui
110593,topic,editor
110615,topic,editor
110623,topic,animation
110623,topic,editor
110641,topic,editor
110647,topic,editor
110650,topic,core
110671,topic,rendering
110672,topic,rendering
110676,topic,animation
110676,topic,editor
110684,topic,3d
110684,topic,rendering
110690,topic,editor
110709,topic,core
110709,topic,gdscript
110720,platform,android
110720,topic,xr
110731,topic,editor
110738,topic,editor
110748,topic,core
110759,topic,editor
110761,topic,editor
110761,topic,gdscript
110767,topic,animation
110778,topic,xr
110796,topic,editor
110799,topic,buildsystem
110799,topic,dotnet
110817,topic,gui
110823,topic,input
110829,platform,android
110829,topic,tests
110847,topic,gui
110853,topic,3d
110853,topic,rendering
110855,topic,editor
110863,topic,gdextension
110866,topic,animation
110866,topic,editor
110871,topic,codestyle
110871,topic,gui
110884,topic,3d
110884,topic,rendering
110893,topic,gui
110893,topic,input
110895,topic,gui
110895,topic,input
110904,topic,editor
110904,topic,gui
110910,topic,editor
110911,topic,3d
110911,topic,rendering
110915,topic,rendering
110923,topic,core
110923,topic,editor
110923,topic,gdextension
110925,topic,3d
110925,topic,import
110926,platform,android
110932,topic,core
110933,platform,android
110933,platform,ios
110933,topic,gui
110933,topic,input
110933,topic,platforms
110937,topic,3d
110937,topic,editor
110937,topic,rendering
110942,topic,editor
110942,topic,gui
110943,platform,linuxbsd
110943,platform,macos
110943,topic,platforms
110949,topic,3d
110949,topic,codestyle
110949,topic,import
110956,topic,3d
110956,topic,rendering
110965,topic,3d
110965,topic,physics
110965,topic,thirdparty
110968,topic,buildsystem
110968,topic,codestyle
110972,topic,editor
110982,topic,animation
110989,topic,2d
110989,topic,editor
110990,platform,linuxbsd
110990,topic,gui
110990,topic,platforms
111000,topic,editor
111001,topic,buildsystem
111001,topic,gui
111011,topic,editor
111012,topic,editor
111015,topic,buildsystem
111015,topic,export
111016,topic,3d
111016,topic,editor
111017,topic,editor
111025,topic,editor
111045,topic,3d
111045,topic,rendering
111046,topic,buildsystem
111047,topic,core
111047,topic,gui
111051,topic,editor
111052,topic,buildsystem
111058,platform,linuxbsd
111058,platform,macos
111058,topic,platforms
111062,topic,editor
111062,topic,export
111065,topic,editor
111066,topic,codestyle
111066,topic,core
111068,topic,editor
111086,topic,core
111095,topic,editor
111095,topic,gui
111111,topic,editor
111111,topic,gui
111114,platform,linuxbsd
111114,platform,macos
111114,topic,platforms
111116,topic,gui
111117,topic,gui
111118,topic,editor
111125,topic,3d
111125,topic,rendering
111129,topic,3d
111129,topic,particles
111135,platform,android
111135,topic,plugin
111136,topic,editor
111140,topic,editor
111156,topic,editor
111156,topic,gui
111162,topic,editor
111163,topic,core
111165,topic,core
111166,topic,editor
111168,topic,editor
111172,topic,gdscript
111178,topic,animation
111183,topic,rendering
111184,topic,3d
111184,topic,animation
111185,topic,xr
111190,topic,gui
111190,topic,input
111192,topic,input
111195,topic,2d
111195,topic,rendering
111198,topic,2d
111198,topic,rendering
111204,platform,android
111204,topic,editor
111206,topic,xr
111210,topic,3d
111210,topic,rendering
111210,topic,shaders
111211,platform,linuxbsd
111211,topic,buildsystem
111212,topic,editor
111212,topic,gui
111221,topic,core
111222,topic,buildsystem
111223,topic,buildsystem
111224,topic,buildsystem
111226,topic,gui
111227,topic,rendering
111227,topic,shaders
111230,topic,gui
111234,topic,rendering
111240,topic,rendering
111242,topic,buildsystem
111244,topic,buildsystem
111244,topic,core
111248,topic,editor
111248,topic,gui
111249,topic,codestyle
111250,topic,gui
111251,topic,animation
111253,topic,buildsystem
111254,topic,buildsystem
111254,topic,core
111258,topic,gui
111260,topic,rendering
111262,topic,core
111266,topic,gdscript
111270,topic,codestyle
111270,topic,core
111273,topic,editor
111274,topic,codestyle
111274,topic,core
111277,topic,shaders
111284,topic,editor
111284,topic,i18n
111285,topic,editor
111285,topic,i18n
111288,platform,macos
111288,topic,platforms
111289,topic,gdextension
111290,topic,editor
111290,topic,gdscript
111292,topic,gui
111294,topic,editor
111294,topic,export
111296,platform,android
111296,topic,editor
111297,topic,codestyle
111297,topic,core
111298,topic,gdscript
111298,topic,i18n
111299,platform,ios
111299,platform,macos
111299,topic,buildsystem
111300,topic,network
111301,platform,macos
111301,topic,buildsystem
111302,topic,editor
111303,topic,rendering
111304,topic,core
111305,topic,editor
111305,topic,input
111307,topic,xr
111309,topic,editor
111313,platform,macos
111313,topic,editor
111313,topic,platforms
111316,platform,windows
111316,topic,export
111316,topic,platforms
111318,topic,core
111321,topic,rendering
111323,topic,core
111325,topic,animation
111326,platform,windows
111326,topic,platforms
111327,topic,core
111329,topic,rendering
111331,topic,buildsystem
111331,topic,thirdparty
111333,topic,codestyle
111333,topic,rendering
111337,topic,core
111339,topic,core
111341,topic,3d
111341,topic,import
111342,topic,core
111345,topic,tests
111346,topic,buildsystem
111346,topic,thirdparty
111347,topic,buildsystem
111347,topic,core
111355,topic,gui
111356,topic,rendering
111358,topic,codestyle
111358,topic,core
111361,topic,codestyle
111361,topic,core
111367,topic,3d
111367,topic,animation
111368,platform,windows
111368,topic,buildsystem
111369,topic,editor
111369,topic,gui
111375,topic,editor
111378,topic,3d
111378,topic,animation
111383,topic,core
111384,topic,2d
111384,topic,rendering
111386,topic,gui
111387,topic,core
111388,topic,core
111388,topic,editor
111389,topic,3d
111389,topic,import
111393,topic,editor
111396,topic,buildsystem
111398,topic,animation
111398,topic,editor
111402,topic,buildsystem
111403,topic,rendering
111405,topic,buildsystem
111405,topic,core
111408,topic,3d
111408,topic,physics
111411,topic,buildsystem
111419,topic,editor
111424,topic,core
111425,platform,macos
111425,topic,platforms
111427,topic,animation
111431,topic,core
111432,topic,buildsystem
111432,topic,gdextension
111434,topic,xr
111437,topic,3d
111437,topic,rendering
111438,topic,rendering
111439,topic,gui
111443,topic,3d
111443,topic,rendering
111444,topic,3d
111444,topic,rendering
111445,topic,thirdparty
111448,topic,editor
111449,topic,editor
111452,topic,rendering
111454,topic,editor
111455,topic,audio
111455,topic,gui
111456,topic,editor
111460,topic,gui
111460,topic,input
111461,topic,gui
111464,topic,3d
111464,topic,rendering
111466,topic,3d
111466,topic,rendering
111469,topic,editor
111470,topic,buildsystem
111471,topic,2d
111471,topic,editor
111472,topic,buildsystem
111472,topic,editor
111472,topic,platforms
111473,topic,editor
111473,topic,i18n
111476,topic,2d
111478,topic,editor
111478,topic,gdscript
111481,topic,buildsystem
111484,topic,gui
111485,topic,codestyle
111487,topic,buildsystem
111490,topic,codestyle
111490,topic,gdscript
111491,topic,3d
111491,topic,editor
111493,platform,linuxbsd
111493,topic,platforms
111496,topic,core
111498,topic,core
111499,topic,editor
111503,topic,input
111504,topic,3d
111507,topic,3d
111507,topic,import
111509,topic,3d
111509,topic,editor
111516,topic,gui
111516,topic,thirdparty
111517,topic,animation
111518,topic,editor
111522,topic,core
111522,topic,tests
111523,topic,dotnet
111524,topic,dotnet
111527,topic,editor
111528,topic,editor
111529,topic,gui
111535,topic,gui
111538,topic,xr
111542,topic,editor
111547,topic,editor
111547,topic,gui
111552,topic,gui
111561,topic,core
111566,platform,windows
111566,topic,buildsystem
111569,topic,thirdparty
111570,topic,dotnet
111572,topic,thirdparty
111573,topic,buildsystem
111573,topic,codestyle
111573,topic,core
111577,topic,3d
111577,topic,rendering
111578,topic,3d
111578,topic,rendering
111580,platform,linuxbsd
111580,topic,platforms
111581,topic,core
111584,topic,core
111586,topic,editor
111586,topic,gui
111589,topic,codestyle
111596,topic,3d
111596,topic,rendering
111597,topic,gui
111600,topic,3d
111600,topic,editor
111601,topic,buildsystem
111606,topic,editor
111612,topic,3d
111612,topic,import
111613,topic,3d
111613,topic,import
111614,topic,buildsystem
111615,topic,3d
111615,topic,import
111617,topic,core
111620,topic,buildsystem
111621,topic,buildsystem
111622,topic,editor
111624,topic,editor
111633,topic,buildsystem
111633,topic,core
111637,topic,buildsystem
111637,topic,core
111639,platform,linuxbsd
111639,topic,platforms
111641,topic,editor
111648,topic,editor
111648,topic,gui
111649,topic,codestyle
111651,topic,2d
111652,topic,3d
111652,topic,rendering
111657,platform,macos
111657,topic,platforms
111658,topic,rendering
111661,topic,core
111663,topic,buildsystem
111663,topic,xr
111674,platform,windows
111674,topic,export
111679,topic,input
111681,topic,input
111684,topic,gdscript
111687,topic,2d
111687,topic,editor
111688,platform,android
111688,topic,export
111691,platform,macos
111691,topic,audio
111691,topic,platforms
111696,topic,buildsystem
111700,topic,editor
111703,topic,shaders
111707,topic,input
111711,platform,macos
111711,topic,gui
111714,topic,input
111715,topic,codestyle
111732,platform,android
111732,topic,editor
111733,topic,rendering
111742,topic,editor
111744,topic,gui
111745,topic,rendering
111747,topic,input
111748,topic,3d
111748,topic,editor
111748,topic,rendering
111755,topic,editor
111758,platform,ios
111758,platform,macos
111758,topic,editor
111758,topic,export
111761,topic,core
111762,topic,rendering
111766,topic,gui
111767,topic,buildsystem
111767,topic,core
111767,topic,thirdparty
111771,topic,core
111772,topic,core
111773,topic,editor
111780,topic,editor
111780,topic,gui
111791,topic,editor
111795,platform,linuxbsd
111795,topic,input
111795,topic,platforms
111797,topic,gui
111799,platform,macos
111799,topic,buildsystem
111800,topic,buildsystem
111800,topic,codestyle
111801,topic,gui
111803,topic,animation
111803,topic,editor
111805,topic,editor
111806,topic,3d
111806,topic,editor
111806,topic,rendering
111810,topic,gui
111811,topic,editor
111815,topic,3d
111815,topic,animation
111816,platform,android
111816,topic,buildsystem
111816,topic,tests
111819,topic,gui
111820,topic,editor
111821,topic,editor
111834,platform,windows
111834,topic,rendering
111834,topic,thirdparty
111837,topic,editor
111839,topic,gui
111841,topic,core
111841,topic,rendering
111845,topic,network
111845,topic,thirdparty
111847,topic,editor
111858,topic,core
111859,topic,gui
111865,topic,gui
111870,platform,android
111870,topic,xr
111871,platform,android
111871,topic,xr
111874,platform,linuxbsd
111874,topic,platforms
111878,topic,editor
111878,topic,gdscript
111883,topic,rendering
111888,topic,3d
111888,topic,editor
111888,topic,import
111897,topic,rendering
111901,topic,editor
111909,topic,core
111912,platform,windows
111912,topic,rendering
111913,topic,editor
111918,platform,windows
111918,topic,buildsystem
111919,topic,editor
111921,topic,gui
111926,topic,gui
111934,topic,editor
111935,topic,animation
111935,topic,editor
111941,topic,editor
111952,topic,animation
111952,topic,editor
111954,platform,windows
111954,topic,rendering
111957,topic,rendering
111960,topic,3d
111960,topic,editor
111960,topic,physics
111964,topic,gui
111965,topic,core
111967,topic,audio
111967,topic,core
111967,topic,import
111969,topic,editor
111975,topic,gui
111976,platform,macos
111976,topic,export
111976,topic,platforms
111976,topic,rendering
111983,topic,multiplayer
111988,topic,rendering
111998,topic,3d
111998,topic,rendering
112002,topic,3d
112002,topic,physics
112004,platform,linuxbsd
112004,topic,buildsystem
112005,platform,linuxbsd
112005,topic,buildsystem
112011,topic,core
112011,topic,export
112015,topic,editor
112016,topic,editor
112019,topic,editor
112019,topic,gui
112023,topic,dotnet
112026,topic,core
112026,topic,i18n
112029,platform,linuxbsd
112029,topic,buildsystem
112030,platform,linuxbsd
112030,topic,buildsystem
112031,topic,gui
112033,topic,core
112034,platform,macos
112034,topic,buildsystem
112035,topic,core
112036,platform,android
112036,topic,export
112041,topic,buildsystem
112041,topic,codestyle
112041,topic,core
112041,topic,tests
112046,topic,3d
112046,topic,editor
112047,topic,animation
112048,topic,editor
112048,topic,plugin
112052,topic,editor
112054,topic,animation
112058,topic,shaders
112064,topic,editor
112069,topic,editor
112070,topic,editor
112073,topic,i18n
112076,topic,core
112084,topic,editor
112087,topic,editor
112092,topic,gui
112092,topic,i18n
112094,platform,ios
112094,platform,macos
112094,topic,platforms
112095,topic,gui
112100,topic,editor
112100,topic,shaders
112103,topic,core
112104,topic,core
112113,topic,core
112115,topic,editor
112115,topic,gui
112116,platform,windows
112116,topic,buildsystem
112124,topic,editor
112124,topic,shaders
112128,topic,editor
112128,topic,gdscript
112129,topic,core
112131,topic,2d
112131,topic,rendering
112132,topic,buildsystem
112132,topic,core
112133,topic,buildsystem
112133,topic,core
112134,topic,buildsystem
112134,topic,core
112135,topic,buildsystem
112135,topic,core
112137,topic,3d
112137,topic,import
112141,topic,editor
112142,platform,linuxbsd
112142,topic,platforms
112145,topic,2d
112148,topic,animation
112148,topic,editor
112149,topic,editor
112149,topic,i18n
112152,topic,rendering
112156,topic,editor
112168,topic,editor
112168,topic,gui
112170,platform,android
112170,topic,audio
112170,topic,platforms
112173,topic,editor
112174,topic,editor
112176,topic,editor
112178,topic,3d
112178,topic,rendering
112184,topic,particles
112185,platform,ios
112185,platform,macos
112185,topic,buildsystem
112187,topic,editor
112190,topic,editor
112191,platform,windows
112191,topic,rendering
112192,platform,android
112192,topic,platforms
112193,topic,editor
112196,topic,3d
112196,topic,rendering
112201,topic,editor
112208,topic,assetlib
112208,topic,editor
112210,topic,editor
112212,topic,2d
112212,topic,rendering
112215,platform,android
112215,topic,core
112215,topic,platforms
112219,topic,editor
112220,topic,gui
112227,topic,rendering
112227,topic,xr
112231,topic,animation
112231,topic,editor
112233,topic,editor
112236,platform,macos
112236,topic,editor
112236,topic,platforms
112239,topic,gui
112241,topic,2d
112241,topic,editor
112242,topic,editor
112243,topic,editor
112245,topic,gui
112246,platform,android
112246,topic,editor
112249,topic,editor
112251,topic,gui
112255,topic,gui
112259,topic,core
112259,topic,tests
112260,topic,editor
112261,topic,core
112264,topic,editor
112267,topic,3d
112267,topic,animation
112268,topic,editor
112269,topic,editor
112271,topic,2d
112271,topic,editor
112272,topic,rendering
112277,topic,gui
112279,platform,linuxbsd
112279,topic,platforms
112285,topic,3d
112285,topic,editor
112287,platform,linuxbsd
112287,topic,platforms
112287,topic,thirdparty
112290,topic,core
112290,topic,gdextension
112291,topic,editor
112295,topic,gui
112296,topic,editor
112297,platform,windows
112297,topic,platforms
112298,topic,editor
112299,topic,editor
112301,topic,3d
112307,topic,core
112313,topic,editor
112316,topic,editor
112317,topic,editor
112317,topic,i18n
112322,topic,editor
112333,topic,editor
112334,topic,editor
112337,topic,import
112339,topic,editor
112343,topic,editor
112344,platform,windows
112344,topic,rendering
112349,topic,2d
112349,topic,editor
112350,topic,editor
112351,topic,gdextension
112352,topic,2d
112352,topic,rendering
112360,topic,editor
112361,topic,editor
112361,topic,export
112361,topic,rendering
112363,topic,3d
112363,topic,physics
112368,topic,editor
112371,topic,gui
112375,topic,editor
112377,topic,gui
112378,topic,editor
112379,topic,platforms
112381,topic,buildsystem
112381,topic,codestyle
112382,topic,editor
112382,topic,gui
112383,platform,macos
112383,topic,input
112383,topic,platforms
112384,platform,windows
112384,topic,rendering
112386,topic,editor
112396,topic,gui
112398,platform,android
112398,topic,buildsystem
112398,topic,platforms
112401,topic,core
112401,topic,editor
112402,topic,3d
112404,platform,ios
112404,topic,audio
112408,topic,thirdparty
112410,topic,thirdparty
112411,topic,thirdparty
112415,topic,editor
112415,topic,i18n
112421,topic,thirdparty
112421,topic,xr
112426,topic,editor
112428,topic,gui
112435,topic,gui
112436,topic,gui
112436,topic,platforms
112437,platform,android
112437,topic,buildsystem
112441,topic,gui
112443,topic,editor
112443,topic,gui
112444,topic,editor
112444,topic,gui
112446,topic,core
112447,topic,particles
112448,topic,editor
112450,topic,animation
112459,topic,core
112465,platform,linuxbsd
112465,topic,export
112465,topic,rendering
112470,topic,codestyle
112470,topic,core
112471,topic,rendering
112475,topic,gui
112481,platform,android
112481,topic,2d
112481,topic,rendering
112483,topic,3d
112483,topic,physics
112491,topic,gui
112494,topic,3d
112494,topic,rendering
112496,platform,windows
112496,topic,platforms
112497,platform,windows
112497,topic,platforms
112497,topic,rendering
112499,topic,editor
112504,topic,editor
112506,topic,core
112506,topic,rendering
112507,platform,android
112507,topic,platforms
112514,topic,particles
112524,topic,3d
112524,topic,animation
112526,topic,editor
112534,platform,windows
112534,topic,platforms
112537,topic,3d
112537,topic,editor
112537,topic,rendering
112538,topic,shaders
112539,topic,core
112539,topic,gdextension
112541,topic,core
112541,topic,rendering
112545,topic,gui
112547,topic,editor
112551,topic,shaders
112556,platform,android
112556,topic,editor
112559,topic,editor
112562,topic,core
112563,topic,animation
112563,topic,import
112571,topic,animation
112573,topic,3d
112573,topic,animation
112575,topic,editor
112575,topic,gdscript
112577,topic,i18n
112585,platform,android
112585,topic,platforms
112587,topic,editor
112590,topic,editor
112590,topic,gui
112593,topic,3d
112594,topic,buildsystem
112597,topic,editor
112600,topic,editor
112602,topic,gui
112604,topic,gui
112607,topic,3d
112607,topic,editor
112615,topic,editor
112617,topic,gui
112621,topic,editor
112623,topic,3d
112623,topic,physics
112625,topic,gui
112627,topic,editor
112629,platform,linuxbsd
112629,topic,platforms
112630,topic,core
112636,topic,gui
112638,topic,editor
112657,topic,core
112659,topic,editor
112660,topic,core
112661,topic,gui
112661,topic,i18n
112663,topic,editor
112665,topic,editor
112665,topic,gui
112666,topic,3d
112666,topic,editor
112673,topic,editor
112673,topic,gui
112676,topic,gui
112679,platform,android
112679,topic,platforms
112685,topic,buildsystem
112685,topic,core
112686,topic,network
112687,topic,gui
112690,topic,editor
112691,topic,editor
112692,topic,animation
112698,topic,editor
112698,topic,export
112702,topic,core
112704,topic,editor
112710,topic,animation
112710,topic,editor
112712,topic,gui
112716,topic,core
112717,topic,editor
112719,topic,editor
112720,platform,windows
112720,topic,platforms
112725,topic,core
112728,topic,editor
112729,topic,editor
112732,topic,rendering
112733,topic,editor
112736,topic,editor
112739,topic,2d
112739,topic,editor
112745,topic,gui
112746,topic,editor
112755,topic,3d
112755,topic,rendering
112759,topic,editor
112760,platform,android
112760,topic,input
112760,topic,platforms
112762,platform,android
112762,topic,input
112764,topic,export
112766,platform,android
112766,topic,editor
112769,topic,2d
112769,topic,editor
112770,topic,editor
112776,platform,android
112776,topic,editor
112776,topic,platforms
112777,platform,android
112777,topic,editor
112777,topic,xr
112784,platform,ios
112784,topic,gdextension
112785,topic,buildsystem
112785,topic,codestyle
112787,topic,codestyle
112790,topic,2d
112791,topic,gui
112792,topic,editor
112792,topic,gui
112793,topic,i18n
112796,topic,editor
112797,topic,gui
112798,topic,dotnet
112800,topic,rendering
112801,topic,shaders
112803,topic,editor
112803,topic,export
112803,topic,shaders
112805,topic,gui
112807,topic,3d
112807,topic,rendering
112810,topic,2d
112813,topic,export
112819,platform,android
112823,topic,buildsystem
112823,topic,core
112824,topic,editor
112825,topic,editor
112828,topic,2d
112830,topic,gui
112831,topic,editor
112844,topic,core
112850,topic,buildsystem
112852,topic,3d
112852,topic,import
112853,topic,core
112856,topic,animation
112856,topic,buildsystem
112857,topic,editor
112858,topic,gui
112859,topic,editor
112861,topic,3d
112861,topic,editor
112867,topic,3d
112867,topic,animation
112874,topic,buildsystem
112874,topic,dotnet
112881,platform,android
112881,topic,editor
112882,topic,gui
112884,platform,windows
112884,topic,xr
112887,topic,import
112888,topic,rendering
112888,topic,xr
112889,platform,android
112889,topic,xr
112890,topic,xr
112893,topic,xr
112895,topic,editor
112897,topic,dotnet
112899,topic,core
112899,topic,i18n
112903,topic,editor
112904,topic,editor
112911,topic,rendering
112912,topic,editor
112914,topic,rendering
112916,topic,3d
112916,topic,rendering
112919,topic,editor
112922,topic,editor
112923,topic,gdscript
112924,topic,buildsystem
112925,topic,editor
112925,topic,gdextension
112927,topic,rendering
112928,platform,android
112928,topic,editor
112928,topic,xr
112930,topic,2d
112930,topic,rendering
112932,topic,3d
112932,topic,rendering
112935,topic,gui
112940,topic,gui
112941,topic,gui
112945,topic,editor
112945,topic,gui
112953,topic,editor
112961,topic,dotnet
112961,topic,editor
112967,topic,gui
112969,topic,core
112972,topic,editor
112978,topic,gui
112978,topic,rendering
112985,topic,editor
112989,platform,windows
112989,topic,rendering
112991,topic,gui
112992,topic,assetlib
112992,topic,editor
112993,topic,editor
112993,topic,gui
112994,topic,rendering
112994,topic,xr
112995,topic,input
112996,topic,editor
112997,topic,editor
112998,topic,gui
112999,topic,editor
113000,platform,windows
113000,topic,rendering
113010,topic,rendering
113013,platform,windows
113013,topic,platforms
113014,topic,editor
113017,topic,assetlib
113017,topic,editor
113023,platform,linuxbsd
113023,topic,core
113026,topic,editor
113028,topic,input
113029,topic,buildsystem
113030,topic,buildsystem
113031,topic,editor
113031,topic,gdscript
113034,topic,editor
113039,topic,animation
113041,platform,linuxbsd
113041,topic,platforms
113044,topic,core
113051,topic,editor
113055,topic,3d
113055,topic,animation
113059,topic,codestyle
113059,topic,editor
113060,topic,codestyle
113060,topic,editor
113061,topic,core
113062,topic,xr
113064,topic,core
113065,topic,editor
113068,platform,linuxbsd
113068,topic,platforms
113070,topic,editor
113074,topic,gui
113075,topic,editor
113078,topic,core
113080,topic,editor
113084,topic,editor
113084,topic,gui
113088,topic,core
113096,topic,xr
113099,topic,editor
113099,topic,gdscript
113101,topic,gdscript
113106,platform,windows
113106,topic,rendering
113108,topic,editor
113112,platform,windows
113112,topic,buildsystem
113114,topic,core
113115,topic,dotnet
113115,topic,editor
113117,topic,core
113120,topic,buildsystem
113126,topic,gdextension
113128,topic,2d
113128,topic,editor
113129,topic,3d
113129,topic,import
113130,topic,rendering
113132,topic,core
113133,topic,editor
113134,topic,editor
113134,topic,gui
113135,platform,linuxbsd
113135,topic,platforms
113138,platform,linuxbsd
113138,topic,platforms
113140,topic,animation
113145,platform,windows
113145,topic,core
113150,topic,core
113151,topic,export
113159,platform,android
113159,topic,platforms
113160,topic,editor
113161,platform,android
113161,topic,xr
113164,topic,gui
113167,topic,editor
113172,topic,3d
113172,topic,import
113176,topic,animation
113178,topic,gui
113179,topic,core
113181,topic,editor
113181,topic,shaders
113185,topic,import
113186,platform,macos
113186,topic,platforms
113187,topic,animation
113190,topic,buildsystem
113191,platform,android
113191,topic,xr
113193,topic,editor
113194,topic,rendering
113195,platform,linuxbsd
113195,topic,buildsystem
113199,topic,codestyle
113199,topic,editor
113202,topic,3d
113202,topic,import
113204,topic,core
113206,topic,3d
113206,topic,editor
113206,topic,import
113209,platform,android
113209,topic,platforms
113211,topic,core
113213,platform,windows
113213,topic,platforms
113213,topic,rendering
113218,topic,core
113220,topic,rendering
113221,topic,editor
113225,platform,windows
113225,topic,buildsystem
113225,topic,platforms
113228,topic,gdscript
113230,topic,gui
113232,topic,editor
113234,topic,buildsystem
113235,platform,linuxbsd
113235,topic,platforms
113236,topic,rendering
113237,topic,editor
113241,topic,editor
113244,platform,windows
113244,topic,rendering
113245,topic,3d
113245,topic,import
113246,topic,editor
113247,topic,3d
113247,topic,import
113251,topic,buildsystem
113252,topic,editor
113252,topic,gui
113253,platform,web
113253,topic,buildsystem
113255,topic,editor
113256,platform,linuxbsd
113256,topic,platforms
113257,topic,editor
113262,topic,editor
113267,platform,macos
113267,topic,platforms
113269,topic,editor
113275,topic,editor
113277,platform,windows
113277,topic,rendering
113279,topic,core
113279,topic,gdscript
113282,topic,core
113282,topic,gdextension
113284,topic,3d
113284,topic,animation
113285,topic,3d
113285,topic,animation
113288,topic,audio
113293,topic,editor
113296,topic,editor
113297,topic,core
113297,topic,platforms
113298,topic,editor
113300,platform,macos
113300,topic,editor
113302,platform,linuxbsd
113302,topic,platforms
113306,topic,editor
113320,topic,gui
113322,topic,core
113334,topic,3d
113334,topic,rendering
113338,topic,editor
113339,topic,editor
113341,platform,linuxbsd
113341,topic,platforms
113342,platform,ios
113342,platform,macos
113342,platform,visionos
113342,topic,core
113346,platform,linuxbsd
113346,topic,codestyle
113346,topic,platforms
113351,topic,editor
113352,topic,editor
113353,topic,editor
113365,topic,editor
113366,topic,editor
113367,platform,android
113367,topic,core
113372,topic,rendering
113380,topic,gui
113383,platform,android
113383,topic,editor
113383,topic,export
113385,topic,gui
113387,topic,editor
113387,topic,xr
113388,platform,android
113388,topic,buildsystem
113389,platform,android
113389,topic,editor
113389,topic,export
113390,topic,gui
113392,topic,editor
113393,topic,editor
113395,topic,editor
113396,topic,editor
113398,topic,editor
113403,topic,buildsystem
113407,topic,editor
113413,topic,3d
113413,topic,rendering
113415,topic,animation
113415,topic,editor
113416,topic,animation
113416,topic,editor
113418,topic,input
113420,topic,editor
113429,topic,3d
113429,topic,import
113429,topic,rendering
113430,topic,editor
113432,topic,rendering
113433,topic,editor
113447,topic,core
113450,topic,editor
113455,platform,ios
113455,topic,platforms
113457,topic,editor
113458,topic,3d
113458,topic,editor
113459,topic,gui
113460,topic,xr
113461,platform,web
113461,topic,core
113461,topic,gui
113461,topic,platforms
113464,topic,editor
113467,topic,rendering
113467,topic,xr
113469,platform,android
113469,topic,buildsystem
113470,topic,buildsystem
113471,topic,2d
113471,topic,buildsystem
113471,topic,navigation
113473,topic,editor
113473,topic,gui
113475,topic,editor
113475,topic,gui
113477,topic,editor
113479,topic,animation
113479,topic,editor
113486,topic,rendering
113489,topic,buildsystem
113489,topic,gdextension
113492,topic,editor
113493,topic,gdextension
113494,topic,editor
113500,topic,animation
113500,topic,editor
113503,topic,editor
113503,topic,gui
113507,topic,rendering
113509,topic,particles
113510,topic,editor
113511,topic,editor
113511,topic,gdextension
113512,platform,android
113512,platform,linuxbsd
113512,platform,macos
113512,platform,web
113512,platform,windows
113512,topic,editor
113512,topic,gui
113512,topic,platforms
113514,topic,core
113514,topic,gdextension
113521,topic,editor
113522,topic,editor
113524,topic,gdextension
113525,topic,core
113526,topic,core
113527,topic,buildsystem
113527,topic,editor
113531,topic,gui
113533,topic,gui
113537,platform,linuxbsd
113537,topic,input
113541,topic,editor
113541,topic,gui
113543,platform,linuxbsd
113543,platform,windows
113543,topic,gui
113543,topic,platforms
113546,topic,editor
113547,platform,macos
113547,topic,platforms
113550,topic,gui
113552,topic,3d
113552,topic,editor
113553,topic,core
113553,topic,input
113554,topic,editor
113557,topic,core
113557,topic,tests
113562,topic,editor
113564,topic,editor
113572,topic,editor
113572,topic,gui
113573,topic,editor
113573,topic,gui
113574,topic,editor
113574,topic,gui
113575,topic,core
113578,topic,editor
113578,topic,export
113580,topic,gdscript
113581,topic,gui
113582,topic,rendering
113582,topic,thirdparty
113585,topic,rendering
113586,topic,core
113587,topic,editor
113591,topic,gui
113594,topic,2d
113594,topic,editor
113598,topic,editor
113599,topic,rendering
113600,topic,gdscript
113601,topic,editor
113605,topic,3d
113605,topic,animation
113608,topic,gui
113609,topic,3d
113609,topic,rendering
113611,topic,editor
113612,topic,editor
113615,topic,editor
113616,topic,editor
113618,platform,windows
113618,topic,rendering
113619,topic,editor
113622,topic,3d
113622,topic,physics
113626,topic,editor
113630,topic,editor
113631,topic,3d
113631,topic,editor
113632,topic,core
113633,topic,editor
113637,topic,editor
113639,platform,android
113639,topic,buildsystem
113639,topic,xr
113642,topic,editor
113643,topic,editor
113645,platform,ios
113645,platform,macos
113645,platform,visionos
113645,topic,editor
113645,topic,export
113648,topic,gui
113649,topic,editor
113650,topic,editor
113650,topic,shaders
113656,platform,linuxbsd
113656,topic,platforms
113660,topic,rendering
113664,topic,animation
113664,topic,editor
113666,platform,android
113666,topic,editor
113688,topic,editor
113688,topic,i18n
113690,topic,editor
113692,topic,editor
113697,topic,gdextension
113701,topic,editor
113703,topic,editor
113703,topic,shaders
113706,topic,codestyle
113706,topic,editor
113708,topic,rendering
113708,topic,thirdparty
113709,topic,codestyle
113711,topic,editor
113713,topic,buildsystem
113713,topic,xr
113714,platform,linuxbsd
113714,topic,platforms
113723,topic,buildsystem
113728,topic,shaders
113730,topic,codestyle
113730,topic,core
113733,platform,linuxbsd
113733,topic,platforms
113740,topic,editor
113741,platform,windows
113741,topic,rendering
113742,topic,gui
113743,topic,buildsystem
113743,topic,gdextension
113743,topic,tests
113744,platform,windows
113744,topic,rendering
113746,topic,gui
113748,topic,editor
113753,topic,editor
113754,topic,gdextension
113755,topic,gui
113757,platform,macos
113757,topic,platforms
113761,platform,android
113761,topic,buildsystem
113762,topic,editor
113765,topic,editor
113767,topic,editor
113772,topic,editor
113773,topic,editor
113774,topic,editor
113775,topic,editor
113776,topic,editor
113781,topic,rendering
113785,topic,xr
113786,topic,animation
113786,topic,editor
113788,topic,xr
113789,topic,editor
113790,topic,editor
113794,topic,gui
113800,platform,macos
113800,topic,editor
113800,topic,gui
113801,topic,editor
113802,topic,core
113804,topic,editor
113807,topic,core
113808,topic,gui
113812,topic,core
113813,platform,macos
113813,topic,core
113814,platform,windows
113814,topic,buildsystem
113815,topic,editor
113816,topic,editor
113818,topic,editor
113820,topic,xr
113822,topic,editor
113824,topic,xr
113828,topic,editor
113830,topic,editor
113835,topic,editor
113837,platform,linuxbsd
113837,topic,platforms
113842,topic,rendering
113844,topic,rendering
113848,topic,core
113851,topic,buildsystem
113851,topic,gdextension
113856,topic,2d
113857,platform,windows
113857,topic,buildsystem
113859,topic,editor
113861,topic,rendering
113870,topic,2d
113870,topic,editor
113871,topic,editor
113873,topic,input
113878,platform,android
113878,topic,platforms
113878,topic,tests
113879,topic,gui
113886,platform,linuxbsd
113886,topic,input
113886,topic,platforms
113890,topic,editor
113893,platform,windows
113893,topic,rendering
113895,topic,3d
113895,topic,editor
113896,topic,editor
113903,topic,animation
113903,topic,editor
113905,topic,core
113908,topic,gui
113912,topic,editor
113915,topic,editor
113916,topic,editor
113917,topic,editor
113920,platform,android
113920,topic,export
113922,topic,editor
113923,topic,navigation
113924,topic,gui
113926,topic,buildsystem
113933,topic,thirdparty
113934,topic,core
113935,topic,thirdparty
113936,topic,thirdparty
113938,topic,editor
113939,topic,editor
113940,platform,linuxbsd
113940,topic,platforms
113944,topic,editor
113945,topic,thirdparty
113946,platform,linuxbsd
113946,topic,platforms
113947,platform,linuxbsd
113947,topic,platforms
113949,platform,linuxbsd
113949,topic,platforms
113950,platform,linuxbsd
113950,topic,platforms
113954,topic,gui
113956,topic,rendering
113957,topic,editor
113960,topic,thirdparty
113961,topic,thirdparty
113962,topic,3d
113963,topic,thirdparty
113964,topic,thirdparty
113965,topic,thirdparty
113966,platform,macos
113966,topic,platforms
113967,topic,thirdparty
113968,topic,thirdparty
113969,platform,android
113969,topic,platforms
113970,topic,physics
113974,topic,editor
113974,topic,shaders
113977,platform,linuxbsd
113977,topic,platforms
113979,topic,3d
113979,topic,xr
113982,topic,thirdparty
113983,topic,thirdparty
113985,topic,editor
113985,topic,gui
113986,topic,editor
113987,topic,editor
113987,topic,i18n
113988,topic,navigation
113990,topic,thirdparty
114001,platform,linuxbsd
114001,topic,buildsystem
114015,topic,3d
114015,topic,import
114026,topic,thirdparty
114026,topic,xr
114027,topic,gui
114032,platform,android
114032,topic,editor
114033,topic,3d
114033,topic,import
114035,topic,editor
114035,topic,gui
114037,topic,gui
114039,topic,gui
114040,platform,windows
114040,topic,rendering
114043,platform,windows
114043,topic,rendering
114045,topic,editor
114047,topic,buildsystem
114051,topic,codestyle
114053,topic,core
114053,topic,dotnet
114053,topic,gdextension
114054,topic,editor
114056,topic,animation
114056,topic,editor
114057,topic,xr
114062,topic,animation
114063,topic,shaders
114072,topic,buildsystem
114073,topic,rendering
114075,topic,rendering
114075,topic,thirdparty
114076,platform,windows
114076,topic,rendering
114079,topic,editor
114080,topic,3d
114080,topic,audio
114081,topic,thirdparty
114082,platform,linuxbsd
114082,topic,platforms
114084,topic,editor
114086,topic,editor
114091,topic,editor
114097,topic,editor
114098,platform,ios
114098,topic,export
114100,platform,windows
114100,topic,rendering
114102,topic,gui
114105,topic,buildsystem
114115,topic,editor
114115,topic,gui
114120,topic,editor
114120,topic,gui
114122,topic,gui
114129,topic,audio
114131,topic,core
114132,topic,xr
114133,topic,editor
114141,topic,editor
114142,platform,windows
114142,topic,buildsystem
114146,platform,windows
114146,topic,rendering
114152,topic,editor
114152,topic,i18n
114155,topic,animation
114155,topic,editor
114158,topic,3d
114158,topic,codestyle
114158,topic,rendering
114159,topic,editor
114162,topic,editor
114163,topic,editor
114164,topic,editor
114164,topic,export
114165,topic,codestyle
114167,platform,macos
114167,topic,editor
114168,topic,editor
114168,topic,gdscript
114169,topic,editor
114175,topic,rendering
114175,topic,xr
114176,topic,animation
114177,topic,gui
114178,topic,editor
114178,topic,gui
114180,topic,rendering
114180,topic,xr
114181,topic,xr
114183,topic,gui
114185,topic,editor
114185,topic,gdscript
114186,topic,editor
114186,topic,gdscript
114187,topic,gui
114189,topic,gui
114190,topic,editor
114194,platform,windows
114194,topic,rendering
114196,topic,core
114198,topic,3d
114198,topic,physics
114200,topic,gui
114202,topic,editor
114205,topic,editor
114207,platform,android
114207,topic,platforms
114210,topic,core
114210,topic,editor
114211,topic,rendering
114212,topic,platforms
114222,platform,windows
114222,topic,buildsystem
114227,topic,rendering
114227,topic,xr
114231,topic,editor
114234,topic,editor
114236,topic,editor
114236,topic,gui
114237,platform,android
114237,topic,editor
114240,topic,animation
114240,topic,editor
114247,topic,editor
114247,topic,plugin
114249,topic,editor
114252,topic,editor
114259,topic,gui
114261,topic,editor
114266,topic,editor
114269,topic,gdscript
114279,topic,rendering
114281,topic,3d
114281,topic,rendering
114283,topic,gui
114290,topic,editor
114290,topic,gui
114300,topic,editor
114313,topic,rendering
114314,topic,rendering
114315,topic,editor
114316,platform,ios
114316,topic,input
114323,topic,gui
114324,topic,xr
114325,topic,editor
114327,platform,macos
114327,topic,buildsystem
114328,topic,core
114328,topic,editor
114330,topic,editor
114334,platform,android
114334,topic,input
114335,topic,3d
114335,topic,editor
114336,topic,3d
114336,topic,rendering
114348,topic,editor
114354,topic,import
114355,topic,audio
114356,topic,import
114356,topic,rendering
114360,topic,editor
114363,platform,android
114363,topic,input
114364,topic,editor
114366,topic,editor
114368,topic,gui
114369,topic,editor
114382,platform,android
114382,topic,export
114384,platform,android
114384,topic,export
114385,topic,codestyle
114392,topic,editor
114392,topic,gui
114394,topic,editor
114394,topic,gui
114395,topic,3d
114395,topic,animation
114398,topic,gui
114400,platform,macos
114400,topic,platforms
114401,topic,editor
114401,topic,gdscript
114404,topic,gui
114405,topic,editor
114405,topic,i18n
114406,topic,editor
114406,topic,i18n
114408,topic,3d
114408,topic,editor
114410,platform,web
114410,topic,editor
114410,topic,import
114412,topic,gui
114412,topic,import
114416,topic,rendering
114419,topic,rendering
114425,topic,editor
114431,topic,3d
114431,topic,animation
114431,topic,editor
114438,topic,gui
114439,topic,editor
114442,topic,codestyle
114442,topic,editor
114442,topic,gdscript
114444,topic,gui
114445,topic,gui
114448,topic,codestyle
114449,topic,gui
114453,topic,buildsystem
114454,topic,codestyle
114454,topic,editor
114457,topic,editor
114458,topic,animation
114463,platform,android
114463,topic,platforms
114463,topic,rendering
114464,topic,3d
114464,topic,import
114465,platform,android
114465,topic,editor
114465,topic,xr
114467,topic,gui
114476,topic,rendering
114482,topic,animation
114482,topic,editor
114483,platform,android
114483,topic,export
114483,topic,gdextension
114484,platform,macos
114484,topic,rendering
114487,topic,animation
114495,platform,macos
114495,topic,platforms
114497,topic,editor
114499,topic,editor
114501,topic,editor
114501,topic,gui
114505,platform,android
114505,topic,platforms
114506,topic,gui
114507,topic,editor
114509,topic,dotnet
114519,topic,gui
114521,platform,linuxbsd
114521,topic,platforms
114525,platform,windows
114525,topic,platforms
114527,topic,codestyle
114527,topic,gdscript
114533,topic,codestyle
114533,topic,editor
114533,topic,gdscript
114534,topic,codestyle
114534,topic,editor
114534,topic,gdscript
114535,topic,3d
114535,topic,editor
114537,platform,android
114537,topic,export
114541,topic,editor
114543,topic,3d
114543,topic,animation
114543,topic,import
114556,topic,animation
114557,topic,3d
114557,topic,rendering
114558,topic,core
114559,topic,editor
114559,topic,gdscript
114560,topic,codestyle
114563,topic,core
114568,topic,core
114569,topic,editor
114571,topic,editor
114572,topic,gui
114574,platform,linuxbsd
114574,topic,platforms
114578,topic,editor
114579,topic,editor
114580,topic,animation
114580,topic,editor
114581,topic,3d
114581,topic,import
114582,topic,animation
114582,topic,editor
114593,topic,editor
114596,topic,thirdparty
114598,topic,editor
114598,topic,gdscript
114603,topic,animation
114603,topic,editor
114604,topic,2d
114604,topic,editor
114615,topic,rendering
114620,topic,editor
114620,topic,gdscript
114621,topic,editor
114622,topic,editor
114622,topic,shaders
114626,topic,gdextension
114630,topic,xr
114634,topic,editor
114635,topic,editor
114636,topic,editor
114645,topic,rendering
114647,topic,i18n
114648,topic,animation
114648,topic,editor
114653,topic,2d
114653,topic,editor
114655,topic,gdscript
114657,topic,3d
114657,topic,rendering
114659,topic,3d
114659,topic,import
114662,topic,tests
114664,topic,tests
114665,topic,editor
114668,topic,3d
114668,topic,editor
114671,platform,android
114671,topic,export
114671,topic,platforms
114678,topic,3d
114678,topic,rendering
114680,topic,editor
114682,topic,editor
114683,topic,codestyle
114683,topic,gdscript
114684,topic,gdextension
114688,topic,core
114695,topic,gdscript
114697,topic,xr
114698,topic,gui
114700,topic,editor
114703,topic,gui
114705,platform,web
114705,topic,editor
114705,topic,platforms
114709,topic,gui
114714,topic,3d
114714,topic,editor
114717,topic,3d
114717,topic,editor
114722,topic,gui
114727,topic,rendering
114731,topic,xr
114732,topic,editor
114733,topic,codestyle
114734,topic,editor
114740,topic,editor
114741,topic,gui
114742,topic,2d
114742,topic,navigation
114744,topic,gui
114746,topic,rendering
114751,topic,gui
114752,topic,3d
114752,topic,animation
114752,topic,editor
114753,topic,editor
114756,platform,linuxbsd
114756,topic,buildsystem
114756,topic,platforms
114759,topic,editor
114760,topic,gui
114762,topic,platforms
114765,platform,linuxbsd
114765,topic,rendering
114766,topic,thirdparty
114767,topic,rendering
114768,topic,buildsystem
114768,topic,core
114768,topic,thirdparty
114770,topic,editor
114772,topic,gui
114773,topic,shaders
114778,topic,rendering
114781,platform,macos
114781,topic,platforms
114783,topic,gui
114784,topic,xr
114785,topic,rendering
114789,topic,gui
114790,topic,core
114791,topic,editor
114791,topic,gdscript
114793,topic,editor
114797,topic,editor
114801,topic,gdscript
114802,topic,editor
114804,topic,rendering
114806,topic,gui
114807,topic,editor
114808,topic,core
114808,topic,gdscript
114813,topic,editor
114814,topic,core
114814,topic,gdextension
114820,platform,linuxbsd
114820,topic,platforms
114821,platform,ios
114821,platform,visionos
114821,topic,codestyle
114821,topic,rendering
114827,topic,core
114827,topic,network
114829,topic,editor
114834,topic,network
114838,platform,macos
114838,topic,editor
114839,topic,buildsystem
114839,topic,thirdparty
114844,topic,animation
114844,topic,editor
114847,topic,gui
114847,topic,input
114849,topic,3d
114849,topic,editor
114851,topic,input
114852,topic,editor
114855,topic,editor
114861,topic,buildsystem
114861,topic,editor
114862,topic,editor
114866,topic,editor
114867,topic,audio
114868,topic,dotnet
114870,topic,gui
114871,topic,gui
114874,topic,editor
114874,topic,gui
114876,topic,editor
114879,topic,editor
114881,topic,editor
114882,topic,editor
114882,topic,gui
114885,platform,macos
114885,topic,editor
114886,topic,editor
114890,topic,rendering
114893,topic,core
114893,topic,gdextension
114895,topic,input
114897,topic,animation
114897,topic,codestyle
114901,topic,editor
114902,topic,editor
114904,platform,visionos
114904,topic,buildsystem
114907,topic,rendering
114908,topic,rendering
114916,topic,editor
114917,topic,codestyle
114917,topic,editor
114921,topic,editor
114922,platform,android
114922,topic,rendering
114927,topic,editor
114928,topic,editor
114929,topic,editor
114930,topic,editor
114930,topic,export
114931,topic,xr
114932,topic,editor
114934,topic,editor
114935,topic,animation
114935,topic,editor
114938,topic,editor
114938,topic,gui
114941,platform,android
114941,topic,plugin
114943,topic,buildsystem
114943,topic,editor
114947,platform,linuxbsd
114947,topic,export
114950,topic,editor
114951,topic,buildsystem
114951,topic,gdscript
114952,topic,gui
114956,topic,editor
114957,topic,2d
114957,topic,rendering
114962,topic,editor
114963,platform,macos
114963,topic,core
114966,topic,audio
114968,topic,editor
114970,topic,editor
114971,topic,editor
114978,platform,macos
114978,topic,editor
114982,topic,rendering
114994,topic,editor
115002,topic,3d
115002,topic,editor
115003,platform,android
115003,topic,rendering
115006,topic,gui
115008,topic,editor
115008,topic,i18n
115010,platform,windows
115010,topic,buildsystem
115013,topic,editor
115021,topic,core
115022,topic,xr
115026,topic,3d
115026,topic,rendering
115029,topic,editor
115034,topic,editor
115034,topic,gui
115037,topic,3d
115038,topic,editor
115039,topic,2d
115039,topic,editor
115041,topic,editor
115045,topic,editor
115049,topic,rendering
115066,topic,editor
115067,topic,editor
115070,topic,editor
115074,topic,gui
115083,topic,editor
115084,topic,editor
115089,topic,3d
115089,topic,physics
115089,topic,thirdparty
115090,platform,linuxbsd
115090,topic,input
115090,topic,platforms
115093,topic,core
115101,topic,editor
115108,topic,3d
115108,topic,rendering
115111,topic,gui
115114,topic,input
115114,topic,thirdparty
115116,topic,editor
115118,platform,macos
115118,topic,gui
115119,topic,input
115121,topic,core
115124,topic,3d
115124,topic,rendering
115125,topic,animation
115128,topic,editor
115129,topic,editor
115132,topic,buildsystem
115137,topic,editor
115143,platform,web
115143,topic,editor
115145,topic,editor
115147,topic,rendering
115147,topic,xr
115148,topic,xr
115151,topic,editor
115152,topic,rendering
115157,topic,editor
115157,topic,gdextension
115158,topic,editor
115161,topic,editor
115163,topic,rendering
115166,platform,windows
115166,topic,rendering
115166,topic,thirdparty
115172,topic,editor
115175,topic,animation
115177,topic,3d
115177,topic,rendering
115181,topic,gui
115184,topic,editor
115189,topic,3d
115189,topic,rendering
115190,topic,xr
115192,topic,core
115192,topic,gdextension
115193,topic,editor
115193,topic,shaders
115194,topic,editor
115196,topic,editor
115197,topic,editor
115198,topic,gdextension
115199,topic,dotnet
115199,topic,gdextension
115200,topic,thirdparty
115202,topic,editor
115202,topic,plugin
115208,topic,editor
115215,topic,input
115218,topic,input
115222,topic,editor
115228,topic,gui
115228,topic,thirdparty
115229,topic,editor
115230,topic,editor
115231,topic,core
115234,topic,buildsystem
115242,platform,linuxbsd
115242,topic,platforms
115245,topic,editor
115248,topic,editor
115249,platform,linuxbsd
115249,topic,platforms
115253,topic,editor
115254,topic,xr
115257,platform,android
115257,topic,platforms
115266,topic,editor
115267,topic,editor
115274,topic,editor
115275,topic,codestyle
115275,topic,editor
115278,topic,gdscript
115282,topic,editor
115289,topic,3d
115289,topic,editor
115289,topic,input
115290,topic,3d
115290,topic,editor
115292,topic,rendering
115292,topic,xr
115293,topic,2d
115293,topic,core
115294,platform,windows
115294,topic,platforms
115295,topic,gui
115297,topic,codestyle
115298,topic,3d
115298,topic,editor
115299,topic,3d
115299,topic,rendering
115302,topic,gdscript
115303,topic,3d
115303,topic,animation
115305,topic,3d
115305,topic,physics
115305,topic,thirdparty
115309,topic,core
115314,topic,editor
115315,topic,editor
115316,topic,editor
115325,topic,shaders
115326,topic,shaders
115327,topic,3d
115327,topic,physics
115330,topic,editor
115330,topic,gui
115340,topic,gui
115340,topic,i18n
115346,topic,codestyle
115346,topic,editor
115347,topic,editor
115348,topic,editor
115351,topic,editor
115353,topic,3d
115353,topic,editor
115358,topic,3d
115358,topic,animation
115359,topic,buildsystem
115360,topic,buildsystem
115360,topic,input
115364,topic,3d
115364,topic,physics
115372,topic,editor
115372,topic,import
115373,platform,windows
115373,topic,gui
115377,topic,core
115378,topic,gui
115379,topic,gui
115383,platform,ios
115383,topic,buildsystem
115389,topic,buildsystem
115390,topic,editor
115392,topic,editor
115392,topic,gui
115394,topic,gui
115396,topic,core
115399,topic,editor
115399,topic,gui
115401,topic,gdextension
115410,topic,editor
115412,topic,editor
115422,topic,editor
115426,topic,3d
115426,topic,rendering
115430,platform,windows
115430,topic,platforms
115434,platform,android
115434,platform,ios
115434,topic,platforms
115437,platform,linuxbsd
115437,topic,buildsystem
115447,topic,3d
115447,topic,editor
115450,topic,assetlib
115450,topic,buildsystem
115452,topic,buildsystem
115452,topic,rendering
115461,topic,gdscript
115462,topic,editor
115473,topic,core
115474,topic,buildsystem
115474,topic,core
115482,topic,editor
115498,platform,android
115498,topic,platforms
115502,platform,ios
115502,topic,buildsystem
115502,topic,export
115502,topic,platforms
115504,topic,rendering
115509,topic,editor
115510,platform,macos
115510,topic,input
115510,topic,platforms
115510,topic,thirdparty
115515,platform,android
115515,topic,platforms
115520,topic,3d
115520,topic,codestyle
115520,topic,rendering
115528,topic,3d
115528,topic,import
115530,topic,rendering
115532,topic,editor
115532,topic,gdscript
115533,topic,editor
115535,topic,3d
115535,topic,rendering
115543,topic,3d
115543,topic,editor
115545,topic,gui
115545,topic,input
115551,topic,core
115557,topic,core
115565,platform,linuxbsd
115565,topic,thirdparty
115566,platform,linuxbsd
115566,topic,platforms
115569,topic,gdextension
115570,topic,buildsystem
115574,topic,thirdparty
115575,topic,editor
115576,topic,animation
115576,topic,editor
115577,topic,buildsystem
115587,topic,editor
115587,topic,i18n
115594,topic,xr
115596,topic,gui
115601,topic,gui
115602,topic,xr
115603,topic,xr
115605,topic,xr
115606,topic,rendering
115607,topic,buildsystem
115608,topic,3d
115608,topic,editor
115609,topic,gui
115619,platform,macos
115619,topic,input
115619,topic,platforms
115620,topic,gui
115623,topic,buildsystem
115623,topic,codestyle
115632,topic,buildsystem
115633,topic,editor
115633,topic,input
115637,topic,gui
115639,topic,buildsystem
115644,topic,buildsystem
115646,topic,core
115649,topic,gdextension
115649,topic,gdscript
115653,topic,rendering
115666,platform,windows
115666,topic,platforms
115666,topic,rendering
115671,topic,editor
115671,topic,gdscript
115672,topic,editor
115672,topic,gdscript
115674,topic,import
115685,platform,android
115685,topic,plugin
115687,topic,gui
115689,topic,3d
115689,topic,animation
115690,topic,animation
115690,topic,import
115692,topic,editor
115692,topic,gdscript
115697,topic,gui
115699,topic,editor
115699,topic,plugin
115704,platform,macos
115704,topic,platforms
115705,topic,editor
115705,topic,gdscript
115708,topic,gdextension
115710,platform,android
115710,topic,core
115710,topic,platforms
115713,platform,android
115713,topic,tests
115714,topic,thirdparty
115718,platform,android
115718,topic,tests
115719,topic,editor
115726,platform,macos
115726,topic,editor
115728,topic,shaders
115729,topic,editor
115729,topic,gui
115732,topic,buildsystem
115738,topic,editor
115741,topic,dotnet
115749,topic,gui
115750,topic,editor
115751,platform,android
115751,topic,core
115751,topic,platforms
115752,topic,input
115752,topic,thirdparty
115757,topic,rendering
115758,topic,editor
115759,topic,dotnet
115760,topic,gui
115761,topic,editor
115763,topic,gdscript
115765,platform,ios
115765,platform,visionos
115765,topic,buildsystem
115765,topic,platforms
115767,topic,editor
115773,topic,buildsystem
115778,topic,editor
115784,topic,3d
115784,topic,editor
115788,topic,3d
115788,topic,import
115793,topic,editor
115794,topic,3d
115794,topic,editor
115796,topic,3d
115796,topic,editor
115797,topic,editor
115799,topic,3d
115799,topic,rendering
115799,topic,xr
115800,platform,android
115800,topic,platforms
115802,topic,gui
115808,topic,gui
115814,topic,editor
115819,topic,editor
115822,topic,editor
115822,topic,input
115823,platform,linuxbsd
115823,topic,platforms
115827,topic,editor
115827,topic,export
115829,topic,gdscript
115834,topic,editor
115839,topic,editor
115840,topic,editor
115842,topic,editor
115842,topic,gdscript
115845,topic,editor
115851,topic,editor
115851,topic,gdscript
115855,topic,3d
115855,topic,editor
115856,topic,3d
115856,topic,editor
115862,topic,editor
115865,topic,rendering
115868,platform,macos
115868,topic,platforms
115871,topic,3d
115871,topic,editor
115874,topic,rendering
115876,topic,editor
115876,topic,gui
115877,topic,3d
115877,topic,physics
115877,topic,thirdparty
115879,topic,buildsystem
115879,topic,thirdparty
115883,topic,core
115884,topic,thirdparty
115888,platform,android
115888,topic,plugin
115896,platform,linuxbsd
115896,platform,macos
115896,platform,windows
115896,topic,platforms
115900,topic,core
115900,topic,editor
115903,topic,editor
115904,topic,3d
115904,topic,rendering
115911,topic,3d
115911,topic,editor
115911,topic,plugin
115916,topic,buildsystem
115916,topic,codestyle
115917,topic,gui
115919,topic,animation
115921,topic,rendering
115921,topic,thirdparty
115923,topic,core
115927,platform,windows
115927,topic,platforms
115928,topic,editor
115931,topic,animation
115932,topic,editor
115933,platform,android
115933,topic,buildsystem
115933,topic,tests
115935,topic,buildsystem
115935,topic,codestyle
115938,topic,gdextension
115938,topic,gdscript
115946,topic,core
115949,topic,gui
115951,topic,gdextension
115952,topic,input
115954,topic,editor
115957,topic,3d
115957,topic,editor
115963,topic,buildsystem
115963,topic,rendering
115968,topic,animation
115968,topic,editor
115978,topic,editor
115980,topic,editor
115980,topic,gui
115980,topic,input
115992,topic,3d
115992,topic,editor
115993,topic,animation
115998,topic,editor
116000,topic,core
116006,topic,buildsystem
116012,topic,core
116014,topic,editor
116019,topic,3d
116019,topic,editor
116023,topic,3d
116023,topic,editor
116024,topic,thirdparty
116032,topic,gui
116041,topic,3d
116041,topic,physics
116046,topic,animation
116052,topic,buildsystem
116052,topic,codestyle
116057,topic,editor
116057,topic,gui
116063,topic,editor
116064,topic,core
116071,platform,windows
116071,topic,buildsystem
116071,topic,platforms
116075,topic,3d
116075,topic,editor
116078,topic,3d
116078,topic,editor
116080,topic,editor
116080,topic,import
116080,topic,plugin
116081,topic,editor
116082,topic,3d
116082,topic,rendering
116092,platform,macos
116092,topic,buildsystem
116097,topic,editor
116097,topic,i18n
116100,topic,editor
116100,topic,gui
116102,topic,core
116102,topic,platforms
116102,topic,thirdparty
116105,topic,core
116107,topic,rendering
116111,topic,3d
116111,topic,editor
116111,topic,physics
116117,topic,buildsystem
116117,topic,tests
116125,platform,linuxbsd
116125,topic,platforms
116130,topic,buildsystem
116140,topic,particles
116153,platform,android
116153,topic,editor
116154,topic,rendering
116155,topic,rendering
116155,topic,shaders
116156,topic,3d
116156,topic,editor
116157,topic,gui
116159,topic,3d
116159,topic,editor
116161,platform,android
116161,topic,editor
116161,topic,export
116161,topic,platforms
116164,topic,gui
116168,topic,gui
116171,topic,editor
116171,topic,import
116171,topic,plugin
116179,topic,editor
116187,topic,editor
116192,topic,core
116194,topic,3d
116194,topic,editor
116196,topic,gui
116197,topic,gui
116198,platform,windows
116198,topic,platforms
116201,topic,gui
116203,topic,rendering
116207,topic,xr
116209,topic,editor
116217,topic,rendering
116218,topic,editor
116219,topic,editor
116220,topic,rendering
116220,topic,xr
116225,platform,macos
116225,topic,rendering
116225,topic,thirdparty
116226,platform,android
116226,topic,xr
116227,topic,rendering
116236,platform,linuxbsd
116236,topic,platforms
116238,topic,3d
116238,topic,editor
116242,platform,macos
116242,topic,platforms
116244,topic,xr
116248,topic,editor
116256,topic,xr
116261,topic,core
116264,topic,animation
116265,topic,editor
116269,topic,3d
116269,topic,import
116270,topic,editor
116274,topic,input
116277,topic,gui
116280,topic,core
116283,topic,editor
116284,topic,core
116286,topic,core
116287,topic,core
116292,topic,3d
116292,topic,editor
116295,topic,animation
116295,topic,editor
116299,topic,audio
116300,topic,dotnet
116307,topic,import
116308,platform,linuxbsd
116308,topic,platforms
116309,platform,linuxbsd
116309,topic,platforms
116312,topic,editor
116326,topic,codestyle
116328,topic,editor
116330,topic,gui
116331,topic,core
116343,topic,editor
116345,topic,animation
116345,topic,editor
116349,platform,windows
116349,topic,platforms
116351,platform,windows
116351,topic,platforms
116354,platform,macos
116354,topic,platforms
116355,topic,rendering
116366,platform,linuxbsd
116366,topic,platforms
116368,topic,editor
116368,topic,gdscript
116369,topic,editor
116369,topic,gdscript
116371,topic,rendering
116371,topic,thirdparty
116376,platform,linuxbsd
116376,topic,platforms
116380,topic,editor
116380,topic,gui
116381,topic,core
116390,topic,gui
116394,topic,animation
116395,platform,ios
116395,topic,platforms
116400,topic,editor
116403,topic,editor
116403,topic,gdscript
116405,topic,gui
116405,topic,input
116406,topic,codestyle
116406,topic,core
116412,topic,editor
116413,topic,editor
116413,topic,shaders
116418,topic,input
116419,topic,rendering
116419,topic,thirdparty
116424,topic,rendering
116424,topic,xr
116427,topic,core
116428,topic,gui
116430,topic,2d
116430,topic,rendering
116434,topic,codestyle
116440,platform,windows
116440,topic,core
116440,topic,platforms
116450,topic,editor
116451,topic,animation
116451,topic,editor
116451,topic,i18n
116454,topic,buildsystem
116454,topic,core
116454,topic,rendering
116455,topic,codestyle
116457,topic,animation
116457,topic,editor
116463,topic,editor
116470,topic,editor
116475,topic,editor
116480,topic,editor
116486,topic,tests
116490,topic,codestyle
116490,topic,editor
116494,topic,gui
116496,topic,editor
116512,topic,buildsystem
116512,topic,codestyle
116512,topic,tests
116513,platform,linuxbsd
116513,topic,codestyle
116513,topic,platforms
116515,platform,android
116515,topic,editor
116519,topic,3d
116519,topic,rendering
116520,topic,editor
116524,platform,macos
116524,topic,platforms
116524,topic,thirdparty
116525,topic,editor
116526,topic,input
116527,topic,xr
116528,topic,buildsystem
116528,topic,codestyle
116529,topic,xr
116530,topic,editor
116530,topic,import
116531,topic,core
116532,topic,editor
116537,topic,editor
116539,topic,core
116541,topic,buildsystem
116541,topic,core
116542,topic,buildsystem
116542,topic,core
116543,topic,codestyle
116544,topic,buildsystem
116545,topic,editor
116546,topic,3d
116546,topic,editor
116548,platform,android
116548,topic,export
116550,topic,buildsystem
116552,topic,core
116553,platform,android
116553,topic,export
116555,topic,3d
116555,topic,editor
116557,topic,editor
116560,topic,editor
116562,topic,buildsystem
116562,topic,codestyle
116564,topic,editor
116565,topic,3d
116565,topic,editor
116568,topic,editor
116584,platform,android
116584,topic,platforms
116585,topic,editor
116586,topic,buildsystem
116588,topic,buildsystem
116588,topic,tests
116589,topic,editor
116589,topic,import
116601,topic,editor
116601,topic,gui
116617,topic,gui
116619,topic,editor
116619,topic,shaders
116620,topic,3d
116620,topic,particles
116622,topic,xr
116624,topic,editor
116624,topic,shaders
116625,topic,editor
116625,topic,input
116626,topic,editor
116628,topic,gui
116630,topic,2d
116630,topic,editor
116631,topic,particles
116631,topic,shaders
116633,platform,ios
116633,topic,platforms
116634,topic,3d
116634,topic,rendering
116640,topic,gui
116641,topic,editor
116646,topic,buildsystem
116647,topic,gui
116647,topic,rendering
116648,platform,linuxbsd
116648,topic,platforms
116651,topic,editor
116658,topic,editor
116661,topic,editor
116662,topic,codestyle
116670,topic,3d
116670,topic,editor
116676,topic,animation
116678,topic,gui
116681,topic,gui
116683,topic,3d
116683,topic,editor
116684,topic,core
116685,topic,3d
116685,topic,editor
116688,topic,editor
116688,topic,gui
116691,topic,2d
116691,topic,editor
116692,platform,linuxbsd
116692,topic,platforms
116693,platform,windows
116693,topic,buildsystem
116701,topic,gui
116711,topic,gdscript
116714,platform,ios
116714,topic,export
116714,topic,plugin
116719,topic,audio
116720,topic,rendering
116724,platform,macos
116724,topic,editor
116724,topic,platforms
116725,topic,gui
116731,topic,core
116734,topic,editor
116734,topic,gui
116737,topic,buildsystem
116737,topic,codestyle
116737,topic,core
116749,topic,3d
116751,topic,gui
116751,topic,rendering
116752,topic,3d
116752,topic,rendering
116756,topic,shaders
116763,topic,gui
116766,topic,3d
116766,topic,physics
116768,topic,3d
116768,topic,physics
116776,topic,core
116776,topic,editor
116776,topic,gdscript
116778,topic,3d
116778,topic,editor
116786,topic,editor
116789,topic,3d
116789,topic,import
116790,topic,editor
116791,topic,gui
116795,topic,buildsystem
116798,topic,tests
116813,topic,animation
116813,topic,editor
116814,topic,3d
116814,topic,editor
116818,topic,editor
116823,topic,editor
116824,topic,gui
116826,topic,buildsystem
116826,topic,codestyle
116826,topic,core
116830,topic,audio
116834,topic,editor
116839,topic,buildsystem
116839,topic,core
116843,topic,editor
116847,topic,editor
116848,topic,editor
116848,topic,plugin
116849,topic,3d
116849,topic,import
116850,topic,editor
116850,topic,gui
116852,topic,rendering
116857,platform,windows
116857,topic,xr
116863,topic,animation
116863,topic,editor
116868,topic,gui
116882,topic,editor
116888,topic,shaders
116899,topic,gdscript
116900,topic,editor
116905,topic,editor
116910,topic,3d
116910,topic,editor
116910,topic,plugin
116928,topic,gui
116939,platform,ios
116939,topic,export
116939,topic,plugin
116940,topic,editor
116946,topic,animation
116946,topic,editor
116953,topic,animation
116953,topic,editor
116955,platform,windows
116955,topic,buildsystem
116956,topic,editor
116960,topic,core
116962,topic,rendering
116963,topic,buildsystem
116970,topic,3d
116970,topic,editor
116971,topic,editor
116972,topic,3d
116972,topic,editor
116973,topic,3d
116973,topic,editor
116974,topic,editor
116974,topic,gui
116976,topic,buildsystem
116977,topic,editor
116981,topic,editor
116986,topic,gdscript
116991,topic,3d
116991,topic,editor
116992,topic,editor
116995,topic,3d
116995,topic,editor
117008,topic,editor
117010,platform,windows
117010,topic,gui
117010,topic,platforms
117011,topic,gui
117013,topic,buildsystem
117013,topic,editor
117016,topic,editor
117018,platform,web
117018,topic,buildsystem
117023,platform,visionos
117023,topic,buildsystem
117025,topic,editor
117025,topic,import
117030,topic,animation
117031,platform,web
117031,topic,buildsystem
117033,topic,editor
117033,topic,shaders
117036,topic,editor
117039,topic,core
117041,topic,core
117051,topic,editor
117053,topic,gdscript
117054,topic,buildsystem
117054,topic,codestyle
117056,topic,core
117057,topic,buildsystem
117057,topic,codestyle
117058,platform,macos
117058,topic,buildsystem
117059,topic,buildsystem
117060,platform,linuxbsd
117060,topic,buildsystem
117060,topic,platforms
117062,topic,buildsystem
117062,topic,codestyle
117067,platform,linuxbsd
117067,topic,platforms
117070,topic,editor
117070,topic,gdscript
117072,topic,editor
117074,topic,gui
117075,topic,3d
117075,topic,core
117080,topic,editor
117087,topic,buildsystem
117088,topic,gui
117088,topic,import
117089,topic,editor
117097,topic,buildsystem
117097,topic,codestyle
117098,topic,buildsystem
117101,topic,gui
117107,topic,3d
117107,topic,vfx
117109,platform,android
117109,topic,editor
117117,topic,buildsystem
117126,topic,editor
117128,topic,physics
117131,platform,android
117131,topic,platforms
117134,topic,editor
117134,topic,i18n
117135,topic,editor
117139,topic,2d
117139,topic,gui
117142,topic,rendering
117147,topic,editor
117148,topic,rendering
117149,topic,gui
117149,topic,thirdparty
117151,topic,core
117154,topic,gui
117156,topic,buildsystem
117157,topic,shaders
117160,topic,gdextension
117162,platform,macos
117162,topic,audio
117172,topic,gdscript
117173,topic,shaders
117178,topic,xr
117179,topic,3d
117179,topic,editor
117180,topic,animation
117180,topic,editor
117187,topic,editor
117189,topic,3d
117192,platform,macos
117192,topic,rendering
117194,topic,3d
117194,topic,physics
117198,platform,android
117198,topic,editor
117201,topic,gui
117203,topic,editor
117203,topic,gui
117206,topic,core
117208,topic,editor
117214,topic,3d
117214,topic,editor
117216,topic,editor
117217,topic,core
117219,topic,core
117220,topic,editor
117224,topic,buildsystem
117227,topic,buildsystem
117228,topic,editor
117232,topic,editor
117232,topic,gui
117235,topic,3d
117235,topic,editor
117242,topic,editor
117244,topic,editor
117244,topic,gui
117250,platform,windows
117250,topic,platforms
117253,platform,windows
117253,topic,platforms
117255,topic,buildsystem
117256,topic,2d
117256,topic,editor
117268,topic,physics
117270,topic,3d
117270,topic,rendering
117273,topic,animation
117273,topic,editor
117275,topic,animation
117277,topic,animation
117280,topic,core
117280,topic,gdscript
117282,topic,gui
117283,topic,gui
117286,topic,buildsystem
117286,topic,codestyle
117289,topic,3d
117289,topic,editor
117290,topic,animation
117290,topic,editor
117294,topic,rendering
117295,topic,buildsystem
117295,topic,codestyle
117301,topic,buildsystem
117301,topic,codestyle
117313,platform,linuxbsd
117313,platform,macos
117313,platform,windows
117313,topic,buildsystem
117319,platform,linuxbsd
117319,topic,buildsystem
117321,topic,animation
117321,topic,editor
117322,topic,gui
117328,topic,buildsystem
117328,topic,codestyle
117333,topic,editor
117333,topic,gdscript
117334,topic,2d
117334,topic,rendering
117335,platform,macos
117335,topic,platforms
117337,topic,editor
117337,topic,plugin
117340,topic,editor
117340,topic,plugin
117341,platform,android
117341,topic,editor
117341,topic,export
117353,topic,core
117355,platform,android
117355,topic,rendering
117357,topic,editor
117358,topic,editor
117358,topic,gui
117359,topic,buildsystem
117359,topic,codestyle
117361,topic,thirdparty
117363,platform,linuxbsd
117363,platform,macos
117363,topic,core
117366,topic,buildsystem
117366,topic,codestyle
117369,topic,editor
117369,topic,gui
117371,platform,macos
117371,topic,rendering
117373,topic,2d
117373,topic,editor
117375,topic,editor
117376,topic,3d
117376,topic,editor
117377,topic,animation
117377,topic,editor
117378,topic,3d
117378,topic,editor
117380,topic,3d
117380,topic,editor
117382,topic,editor
117385,platform,linuxbsd
117385,topic,platforms
117388,topic,core
117392,topic,editor
117393,topic,codestyle
117397,topic,3d
117397,topic,editor
117399,topic,xr
117401,topic,rendering
117402,topic,buildsystem
117402,topic,codestyle
117428,topic,buildsystem
117432,topic,animation
117432,topic,editor
117432,topic,gui
117433,topic,thirdparty
117434,topic,editor
117436,topic,editor
117438,topic,gdscript
117441,topic,gui
117442,topic,core
117445,platform,macos
117445,platform,windows
117445,topic,buildsystem
117448,topic,network
117451,topic,core
117454,platform,windows
117454,topic,buildsystem
117457,topic,animation
117461,platform,macos
117461,topic,buildsystem
117462,topic,audio
117462,topic,editor
117463,topic,editor
117464,topic,editor
117469,platform,ios
117469,topic,platforms
117471,topic,buildsystem
117474,topic,core
117477,topic,editor
117479,topic,gdextension
117480,topic,buildsystem
117480,topic,codestyle
117488,topic,gui
117491,topic,codestyle
117495,topic,animation
117495,topic,editor
117498,topic,animation
117498,topic,editor
117499,topic,editor
117502,topic,buildsystem
117504,topic,gui
117504,topic,input
117505,topic,codestyle
117508,topic,animation
117511,topic,core
117521,topic,3d
117521,topic,editor
117525,topic,3d
117525,topic,editor
117529,topic,core
117530,platform,linuxbsd
117530,topic,core
117532,topic,editor
117534,topic,2d
117534,topic,editor
117535,topic,buildsystem
117535,topic,codestyle
117537,topic,codestyle
117537,topic,rendering
117538,topic,animation
117545,topic,editor
117545,topic,gdscript
117555,platform,ios
117555,platform,visionos
117555,topic,buildsystem
117562,topic,animation
117562,topic,editor
117564,topic,thirdparty
117569,topic,3d
117569,topic,editor
117574,topic,2d
117574,topic,editor
117575,topic,core
117578,topic,buildsystem
117580,topic,gui
117582,topic,codestyle
117583,topic,core
117584,topic,buildsystem
117585,topic,buildsystem
117586,topic,buildsystem
117587,topic,buildsystem
117588,topic,buildsystem
117589,topic,buildsystem
117590,topic,buildsystem
117596,topic,buildsystem
117597,topic,buildsystem
117597,topic,core
117598,topic,buildsystem
117599,topic,core
117600,topic,editor
117606,topic,3d
117606,topic,editor
117611,topic,2d
117611,topic,animation
117612,topic,editor
117615,topic,editor
117616,topic,editor
117616,topic,gui
117617,topic,dotnet
117617,topic,editor
117619,topic,rendering
117619,topic,shaders
117619,topic,xr
117626,topic,editor
117633,topic,editor
117634,topic,animation
117634,topic,editor
117643,platform,android
117643,topic,editor
117647,topic,buildsystem
117648,topic,gui
117648,topic,input
117649,topic,animation
117649,topic,editor
117653,platform,android
117653,topic,input
117654,topic,buildsystem
117654,topic,codestyle
117655,topic,animation
117659,topic,editor
117666,topic,gdscript
117672,topic,shaders
117673,topic,editor
117674,topic,buildsystem
117675,topic,buildsystem
117678,topic,buildsystem
117682,platform,android
117682,topic,core
117682,topic,plugin
117683,topic,editor
117687,platform,android
117688,topic,editor
117690,topic,editor
117691,topic,dotnet
117692,topic,editor
117702,platform,linuxbsd
117702,topic,platforms
117707,topic,editor
117710,topic,editor
117710,topic,gdscript
117725,topic,2d
117725,topic,rendering
117726,topic,editor
117726,topic,shaders
117730,topic,editor
117733,topic,gui
117733,topic,i18n
117735,topic,editor
117735,topic,gdscript
117740,topic,core
117742,topic,editor
117742,topic,gdscript
117744,platform,macos
117744,topic,rendering
117748,platform,windows
117748,topic,platforms
117754,topic,editor
117755,topic,editor
117760,topic,animation
117760,topic,editor
117762,platform,web
117762,topic,editor
117763,platform,web
117763,topic,editor
117767,topic,editor
117768,topic,editor
117771,topic,3d
117771,topic,rendering
117773,topic,3d
117773,topic,rendering
117774,topic,buildsystem
117774,topic,codestyle
117776,topic,core
117785,platform,android
117785,topic,gui
117788,topic,2d
117788,topic,shaders
117790,topic,core
117792,topic,3d
117792,topic,editor
117800,topic,rendering
117801,topic,core
117805,topic,rendering
117808,topic,editor
117812,topic,3d
117812,topic,editor
117815,topic,buildsystem
117815,topic,editor
117818,topic,codestyle
117818,topic,gdscript
117819,platform,ios
117819,platform,macos
117819,platform,visionos
117819,topic,buildsystem
117820,platform,ios
117820,topic,buildsystem
117821,topic,gdscript
117821,topic,tests
117822,topic,i18n
117823,topic,3d
117823,topic,rendering
117827,topic,editor
117828,topic,3d
117828,topic,rendering
117830,topic,gui
117831,topic,gdscript
117835,topic,2d
117835,topic,editor
117837,platform,windows
117837,topic,platforms
117837,topic,rendering
117838,topic,editor
117846,topic,editor
117847,topic,editor
117847,topic,gdscript
117849,topic,editor
117850,topic,gdscript
117861,topic,particles
117867,topic,editor
117868,topic,xr
117869,topic,gui
117869,topic,input
117873,platform,linuxbsd
117873,topic,platforms
117874,topic,buildsystem
117878,topic,editor
117879,topic,buildsystem
117882,topic,editor
117883,topic,codestyle
117883,topic,editor
117883,topic,gdscript
117887,topic,3d
117887,topic,editor
117891,platform,macos
117891,topic,editor
117892,topic,editor
117893,topic,editor
117906,topic,editor
117909,topic,2d
117909,topic,particles
117913,platform,linuxbsd
117913,topic,rendering
117919,platform,windows
117919,topic,platforms
117922,topic,3d
117922,topic,editor
117923,topic,3d
117923,topic,editor
117924,topic,editor
117926,topic,editor
117926,topic,gui
117932,topic,gdscript
117938,platform,linuxbsd
117938,topic,platforms
117939,topic,gui
117944,topic,animation
117944,topic,editor
117945,topic,import
117946,topic,core
117946,topic,editor
117946,topic,gdscript
117947,topic,import
117949,topic,editor
117951,topic,animation
117951,topic,editor
117956,topic,editor
117956,topic,input
117958,topic,gui
117959,topic,3d
117959,topic,animation
117968,topic,editor
117983,topic,editor
117989,platform,ios
117989,platform,macos
117989,platform,visionos
117989,topic,buildsystem
117990,platform,ios
117990,platform,macos
117990,topic,buildsystem
117991,topic,gdscript
117995,topic,editor
117995,topic,i18n
117996,topic,editor
117996,topic,i18n
117998,topic,editor
117999,topic,import
118000,topic,editor
118001,topic,dotnet
118002,topic,gdscript
118008,topic,editor
118014,topic,gui
118015,topic,core
118024,platform,android
118024,topic,buildsystem
118024,topic,editor
118024,topic,tests
118027,topic,core
118032,topic,gdscript
118037,topic,editor
118041,topic,editor
118041,topic,gui
118044,topic,rendering
118045,topic,3d
118045,topic,rendering
118049,topic,buildsystem
118049,topic,codestyle
118054,platform,windows
118054,topic,platforms
118055,topic,network
118062,topic,particles
118063,topic,editor
118063,topic,gdextension
118064,topic,rendering
118070,topic,3d
118070,topic,rendering
118073,topic,rendering
118074,topic,editor
118076,platform,ios
118076,platform,linuxbsd
118076,platform,macos
118076,topic,platforms
118076,topic,rendering
118079,topic,editor
118079,topic,platforms
118079,topic,rendering
118080,topic,physics
118082,topic,shaders
118083,platform,macos
118083,topic,platforms
118083,topic,rendering
118089,topic,3d
118089,topic,editor
118090,topic,3d
118090,topic,editor
118096,platform,android
118096,topic,editor
118111,topic,gdscript
118114,topic,animation
118116,topic,editor
118117,topic,editor
118120,topic,editor
118126,topic,buildsystem
118128,topic,xr
118129,topic,buildsystem
118129,topic,codestyle
118135,topic,editor
118135,topic,gdscript
118137,topic,gui
118139,topic,editor
118140,topic,editor
118148,platform,linuxbsd
118148,topic,platforms
118152,topic,codestyle
118155,topic,3d
118155,topic,physics
118159,topic,animation
118163,topic,shaders
118165,platform,ios
118165,platform,macos
118165,topic,platforms
118168,topic,editor
118169,topic,dotnet
118169,topic,editor
118174,topic,audio
118174,topic,editor
118179,topic,editor
118186,topic,gdscript
118187,topic,editor
118190,platform,web
118190,topic,editor
118190,topic,export
118190,topic,platforms
118192,topic,editor
118197,topic,3d
118197,topic,physics
118198,topic,3d
118198,topic,rendering
118204,topic,editor
118204,topic,gui
118205,platform,linuxbsd
118205,topic,platforms
118208,topic,editor
118214,topic,core
118214,topic,gdextension
118217,topic,core
118217,topic,dotnet
118217,topic,gdscript
118220,topic,buildsystem
118220,topic,codestyle
118220,topic,tests
118221,topic,codestyle
118221,topic,editor
118221,topic,gdscript
118225,topic,editor
118226,topic,editor
118227,topic,3d
118227,topic,physics
118229,topic,core
118232,topic,tests
118236,topic,3d
118236,topic,physics
118239,topic,rendering
118240,topic,network
118242,topic,rendering
118244,platform,windows
118244,topic,buildsystem
118245,topic,editor
118245,topic,gdscript
118246,topic,editor
118246,topic,input
118247,topic,animation
118247,topic,editor
118257,topic,buildsystem
118259,topic,gui
118265,topic,3d
118265,topic,animation
118266,topic,audio
118266,topic,editor
118269,topic,editor
118270,topic,animation
118270,topic,editor
118273,topic,editor
118274,topic,gdscript
118277,topic,gui
118280,topic,3d
118283,platform,android
118283,topic,export
118283,topic,plugin
118285,topic,3d
118285,topic,physics
118287,platform,macos
118287,platform,windows
118287,topic,buildsystem
118291,topic,3d
118291,topic,physics
118294,topic,editor
118301,topic,editor
118305,topic,gui
118306,topic,gui
118309,topic,gui
118311,topic,gdscript
118311,topic,tests
118312,topic,editor
118314,topic,gdscript
118315,topic,2d
118315,topic,editor
118317,topic,rendering
118318,topic,rendering
118319,topic,codestyle
118319,topic,core
118320,topic,editor
118323,topic,gui
118339,platform,windows
118339,topic,platforms
118351,topic,editor
118351,topic,gui
118352,topic,editor
118353,topic,shaders
118355,topic,editor
118355,topic,rendering
118363,topic,editor
118363,topic,gui
118372,topic,core
118373,topic,shaders
118383,topic,animation
118383,topic,editor
118385,platform,linuxbsd
118385,topic,platforms
118387,topic,gui
118387,topic,input
118393,topic,3d
118393,topic,physics
118393,topic,thirdparty
118396,topic,rendering
118401,platform,android
118401,topic,buildsystem
118404,platform,linuxbsd
118404,topic,editor
118405,topic,rendering
118410,topic,buildsystem
118413,topic,editor
118415,topic,editor
118415,topic,shaders
118416,topic,editor
118417,platform,android
118417,topic,editor
118420,topic,physics
118421,topic,editor
118421,topic,gdscript
118446,topic,editor
118449,topic,3d
118449,topic,particles
118449,topic,rendering
118483,platform,linuxbsd
118483,topic,platforms
118486,topic,editor
118487,topic,export
118488,topic,gui
118489,topic,editor
118503,platform,android
118504,topic,core
118510,platform,macos
118510,topic,rendering
118511,topic,xr
118512,topic,buildsystem
118514,topic,platforms
118516,topic,dotnet
118519,topic,rendering
118522,topic,editor
118522,topic,import
118527,topic,editor
118533,topic,rendering
118535,topic,rendering
118536,topic,gui
118541,platform,ios
118541,topic,platforms
118541,topic,rendering
118542,topic,gui
118542,topic,input
118546,topic,import
118548,topic,core
118548,topic,gdextension
118552,topic,gdscript
118554,platform,linuxbsd
118554,topic,platforms
118559,platform,ios
118559,topic,editor
118559,topic,export
118561,topic,editor
118563,topic,buildsystem
118563,topic,gdextension
118564,platform,ios
118564,topic,export
118567,topic,import
118569,topic,editor
118569,topic,plugin
118570,topic,core
118575,topic,core
118577,topic,editor
118577,topic,gui
118580,topic,editor
118582,topic,core
118582,topic,gdextension
118583,topic,3d
118583,topic,editor
118585,topic,editor
118585,topic,plugin
118588,topic,core
118588,topic,gdextension
118590,topic,core
118590,topic,gdextension
118591,topic,editor
118597,topic,buildsystem
118598,topic,gdscript
118604,topic,3d
118604,topic,editor
118608,topic,gui
118609,topic,codestyle
118613,topic,editor
118614,topic,editor
118616,topic,gdscript
118617,topic,3d
118617,topic,rendering
118620,topic,codestyle
118620,topic,gui
118623,topic,gui
118629,topic,3d
118629,topic,rendering
118631,topic,editor
118633,topic,editor
118634,topic,editor
118642,platform,linuxbsd
118645,topic,codestyle
118648,topic,editor
118649,topic,editor
118651,topic,gui
118653,topic,input
118655,platform,android
118655,platform,ios
118655,topic,input
118656,topic,editor
118656,topic,plugin
118658,topic,audio
118658,topic,editor
118659,topic,3d
118659,topic,editor
118661,topic,editor
118664,topic,editor
118675,platform,windows
118675,topic,platforms
118676,platform,linuxbsd
118676,platform,macos
118676,platform,windows
118676,topic,platforms
118678,topic,core
118679,topic,core
118680,platform,linuxbsd
118680,platform,macos
118680,platform,windows
118680,topic,platforms
118687,platform,windows
118687,topic,buildsystem
118689,platform,android
118689,topic,editor
118690,topic,3d
118690,topic,editor
118690,topic,import
118695,topic,rendering
118704,topic,gui
118705,topic,editor
118710,topic,editor
118711,topic,editor
118712,topic,shaders
118722,topic,gui
118725,topic,codestyle
118725,topic,editor
118733,topic,gui
118738,topic,3d
118738,topic,editor
118742,platform,windows
118742,topic,buildsystem
118748,topic,editor
118749,topic,thirdparty
118750,topic,gdextension
118751,topic,editor
118752,topic,3d
118752,topic,editor
118752,topic,rendering
118756,topic,editor
118756,topic,gui
118757,topic,gdextension
118758,topic,3d
118758,topic,editor
118760,platform,windows
118760,topic,platforms
118767,platform,ios
118767,platform,macos
118767,platform,windows
118767,topic,editor
118767,topic,platforms
118770,platform,web
118770,topic,buildsystem
118771,platform,web
118771,topic,platforms
118773,topic,core
118773,topic,gdextension
118774,topic,thirdparty
118776,topic,thirdparty
118777,platform,web
118777,topic,buildsystem
118777,topic,platforms
118778,topic,thirdparty
118779,topic,thirdparty
118780,platform,web
118780,topic,buildsystem
118780,topic,xr
118783,topic,editor
118783,topic,shaders
118785,topic,thirdparty
118786,topic,thirdparty
118787,topic,editor
118787,topic,export
118787,topic,plugin
118789,topic,animation
118790,topic,3d
118790,topic,editor
118791,topic,animation
118793,topic,editor
118796,topic,buildsystem
118797,topic,editor
118798,platform,windows
118798,topic,platforms
118799,platform,macos
118799,topic,gui
118800,topic,editor
118805,platform,web
118805,topic,buildsystem
118805,topic,xr
118808,topic,gdscript
118809,topic,rendering
118812,topic,rendering
118813,topic,gdscript
118814,topic,editor
118815,topic,rendering
118824,topic,core
118836,topic,codestyle
118842,topic,gui
118846,topic,gui
118848,platform,windows
118848,topic,input
118848,topic,platforms
118849,topic,gui
118850,topic,rendering
118853,topic,editor
118855,topic,buildsystem
118856,topic,core
118857,topic,rendering
118860,platform,android
118860,topic,editor
118863,topic,rendering
118865,topic,editor
118865,topic,shaders
118867,topic,3d
118867,topic,navigation
118868,topic,editor
118869,topic,codestyle
118870,topic,audio
118876,topic,editor
118879,topic,editor
118883,topic,editor
118886,topic,gui
118887,topic,editor
118888,topic,editor
118890,topic,editor
118891,topic,editor
118893,platform,windows
118893,topic,input
118893,topic,platforms
118895,topic,editor
118896,topic,audio
118896,topic,editor
118898,topic,editor
118898,topic,export
118901,topic,rendering
118901,topic,xr
118906,topic,3d
118906,topic,animation
118909,topic,core
118909,topic,rendering
118909,topic,xr
118911,topic,editor
118915,topic,thirdparty
118916,topic,thirdparty
118917,topic,editor
118921,topic,import
118922,topic,animation
118924,topic,rendering
118926,topic,editor
118928,topic,editor
118942,platform,android
118942,topic,editor
118948,topic,3d
118948,topic,physics
118949,topic,animation
118952,topic,thirdparty
118954,topic,editor
118955,topic,editor
118957,topic,codestyle
118957,topic,gdscript
118962,topic,shaders
118963,platform,android
118963,topic,export
118968,topic,rendering
118973,topic,rendering
118975,topic,xr
118979,topic,editor
118979,topic,gdscript
118985,topic,3d
118985,topic,animation
118985,topic,editor
118993,topic,gui
118997,topic,3d
118997,topic,physics
119001,topic,animation
119001,topic,editor
119002,topic,gui
119007,topic,3d
119007,topic,editor
119008,topic,gui
119009,topic,editor
119013,topic,editor
119019,topic,rendering
119019,topic,xr
119022,topic,3d
119022,topic,navigation
119030,topic,3d
119030,topic,editor
119030,topic,import
119038,topic,3d
119038,topic,rendering
119047,topic,editor
119052,topic,2d
119052,topic,editor
119053,topic,rendering
119054,topic,rendering
119054,topic,xr
119056,topic,xr
119061,topic,animation
119061,topic,editor
119063,topic,animation
119069,topic,animation
119070,topic,animation
119071,topic,3d
119071,topic,import
119072,topic,gui
119076,topic,editor
119080,topic,gdscript
119083,topic,import
119084,topic,audio
119084,topic,editor
119084,topic,import
119086,topic,editor
119088,topic,editor
119089,topic,animation
119090,topic,editor
119091,platform,linuxbsd
119091,topic,rendering
119092,topic,core
119093,topic,core
119093,topic,editor
119096,platform,windows
119096,topic,buildsystem
119103,topic,editor
119108,topic,editor
119112,topic,audio
119112,topic,editor
119117,topic,gui
119123,topic,rendering
119124,topic,tests
119126,topic,assetlib
119126,topic,editor
119132,topic,gui
119132,topic,tests
119141,platform,linuxbsd
119141,topic,platforms
119142,platform,android
119142,platform,ios
119142,topic,input
119142,topic,platforms
119143,topic,3d
119143,topic,editor
119145,topic,rendering
119150,topic,buildsystem
119154,topic,editor
119156,platform,android
119156,topic,editor
119158,topic,xr
119161,topic,3d
119161,topic,import
119161,topic,thirdparty
119168,topic,core
119172,platform,android
119172,topic,editor
119172,topic,export
119173,topic,2d
119173,topic,editor
119174,topic,codestyle
119175,topic,editor
119176,topic,3d
119176,topic,editor
119182,topic,audio
119182,topic,import
119185,topic,rendering
119196,platform,macos
119196,topic,platforms
119199,topic,gui
119200,topic,editor
119204,topic,rendering
119210,topic,gdscript
119212,topic,rendering
119216,topic,gui
119218,topic,editor
119218,topic,input
119223,topic,3d
119223,topic,editor
119223,topic,rendering
119226,topic,xr
119230,topic,rendering
119231,topic,gui
119231,topic,input
119233,platform,android
119233,topic,plugin
119237,topic,rendering
119239,topic,editor
119241,topic,3d
119241,topic,editor
119244,topic,tests
119251,topic,gui
119252,platform,linuxbsd
119252,topic,platforms
119254,topic,gdextension
119258,topic,editor
119258,topic,i18n
119259,topic,rendering
119261,topic,tests
119264,topic,tests
119265,topic,codestyle
119273,platform,android
119273,topic,buildsystem
119273,topic,tests
119274,platform,linuxbsd
119274,topic,editor
119274,topic,export
119278,platform,windows
119278,topic,buildsystem
119281,topic,editor
119285,topic,editor
119289,topic,rendering
119291,topic,thirdparty
119295,platform,windows
119295,topic,buildsystem
119297,platform,android
119303,platform,linuxbsd
119303,topic,platforms
119304,topic,rendering
119305,platform,macos
119306,topic,animation
119306,topic,editor
119309,topic,editor
119310,topic,editor
119310,topic,shaders
119312,topic,gui
119313,topic,rendering
119314,topic,editor
119316,topic,animation
119316,topic,xr
119319,topic,3d
119319,topic,editor
119328,topic,gui
119329,topic,gui
119331,platform,linuxbsd
119331,topic,input
119331,topic,platforms
119332,topic,3d
119332,topic,physics
119336,topic,gui
119337,topic,rendering
119338,topic,editor
119338,topic,gui
119340,topic,rendering
119342,topic,rendering
119344,platform,linuxbsd
119344,topic,platforms
119347,topic,editor
119349,topic,3d
119349,topic,editor
119351,topic,core
119352,topic,gdscript
119361,topic,navigation
119362,topic,editor
119367,topic,editor
119367,topic,gui
119370,topic,navigation
119373,topic,core
119375,topic,rendering
119375,topic,shaders
119385,topic,editor
119389,topic,audio
119389,topic,thirdparty
119394,topic,core
119396,topic,gui
119399,topic,editor
119401,topic,rendering
119403,topic,input
119403,topic,thirdparty
119408,topic,2d
119408,topic,editor
119411,topic,gui
119412,topic,gui
119414,topic,3d
119414,topic,rendering
119418,topic,2d
119418,topic,editor
119419,topic,buildsystem
119420,topic,gui
119428,platform,android
119428,topic,plugin
119429,topic,core
119429,topic,gdextension
119433,platform,windows
119433,topic,buildsystem
119439,topic,gui
119443,topic,editor
119443,topic,i18n
119445,topic,buildsystem
119448,platform,linuxbsd
119448,topic,platforms
119450,topic,editor
119451,platform,ios
119451,platform,macos
119451,topic,rendering
119454,topic,editor
119455,platform,windows
119455,topic,buildsystem
119466,topic,editor
119469,topic,buildsystem
119475,topic,editor
119490,topic,gui
119494,topic,editor
119495,platform,android
119496,platform,android
119497,topic,editor
119502,topic,editor
119506,topic,editor
119507,topic,gui
119508,topic,editor
119509,topic,3d
119509,topic,animation
119509,topic,physics
119510,topic,platforms
119529,topic,codestyle
119529,topic,editor
119538,topic,gui
119541,topic,editor
119545,topic,editor
119545,topic,export
119547,platform,ios
119547,platform,macos
119547,topic,editor
119547,topic,platforms
119547,topic,plugin
119551,topic,3d
119554,topic,editor
119554,topic,export
119555,topic,editor
119558,topic,editor
119561,topic,3d
119561,topic,editor
119563,topic,i18n
119563,topic,import
119565,topic,core
119567,platform,macos
119567,topic,2d
119567,topic,rendering
119570,topic,editor
119570,topic,import
119573,topic,editor
119577,topic,thirdparty
119580,topic,editor
119581,topic,assetlib
119581,topic,editor
119583,topic,export
119584,platform,android
119584,topic,platforms
119586,topic,editor
119587,topic,3d
119587,topic,rendering
119588,topic,editor
119588,topic,gdscript
119590,topic,editor
119595,topic,3d
119596,topic,gui
119598,topic,import
119601,platform,android
119601,topic,platforms
119604,topic,shaders
119605,topic,3d
119605,topic,editor
119606,topic,editor
119606,topic,i18n
119608,topic,assetlib
119608,topic,editor
119614,topic,editor
119616,topic,editor
119617,topic,editor
119620,platform,ios
119620,topic,export
119620,topic,platforms
119624,topic,buildsystem
119625,topic,gui
119627,topic,editor
119630,topic,rendering
119630,topic,shaders
119630,topic,thirdparty
119631,topic,particles
119631,topic,rendering
119634,platform,android
119634,topic,platforms
119635,topic,assetlib
119635,topic,editor
119638,topic,editor
119639,platform,android
119639,topic,3d
119639,topic,rendering
119642,topic,editor
119648,topic,thirdparty
119651,topic,core
119659,topic,xr
119665,topic,shaders
119668,topic,import
119669,topic,editor
119679,topic,editor
119682,topic,3d
119692,topic,editor
119692,topic,gui
119701,topic,gui
119704,topic,audio
119706,platform,android
119706,platform,ios
119706,topic,gui
119706,topic,input
119710,topic,editor
119711,topic,editor
119717,topic,editor
119719,topic,assetlib
119719,topic,editor
119720,topic,particles
119721,topic,editor
119736,topic,gui
119737,topic,gui
119741,topic,editor
119741,topic,gui
119745,topic,rendering
119745,topic,thirdparty
119746,topic,dotnet
119750,platform,ios
119750,topic,platforms
119750,topic,thirdparty
119751,topic,assetlib
119751,topic,editor
119755,topic,gdscript
119756,platform,macos
119756,topic,editor
119757,topic,core
119761,topic,gui
119771,platform,android
119771,topic,editor
119771,topic,export
119773,platform,ios
119773,topic,platforms
119775,topic,import
119781,topic,buildsystem
119784,topic,3d
119784,topic,rendering
119789,topic,gui
119790,topic,editor
119792,topic,rendering
119792,topic,xr
119797,topic,editor
119798,platform,android
119798,topic,input
119798,topic,platforms
119806,topic,editor
119806,topic,export
119807,topic,core
119807,topic,editor
119807,topic,i18n
119808,topic,buildsystem
119810,platform,macos
119810,topic,gui
119813,topic,editor
119816,topic,editor
119819,topic,editor
119820,topic,gui
119823,topic,editor
119830,topic,import
119834,topic,core
119842,platform,windows
119842,topic,platforms
119854,topic,editor
119871,topic,animation
119872,topic,2d
119872,topic,editor
119875,topic,audio
119875,topic,editor
119876,topic,editor
119880,topic,2d
119880,topic,editor
119880,topic,i18n
119883,topic,3d
119883,topic,editor
119890,topic,editor
119893,topic,editor
119905,topic,shaders
119908,topic,editor
119909,topic,editor
119910,topic,editor
119919,topic,editor
119930,topic,2d
119931,topic,codestyle
119931,topic,gdscript
119932,topic,gdscript
119936,topic,gdscript
119938,topic,editor
119940,topic,codestyle
119940,topic,gdscript
119941,topic,rendering
119945,topic,buildsystem
119950,topic,editor
119950,topic,gui
119958,topic,editor
119959,topic,core
119959,topic,network
119964,topic,animation
119964,topic,editor
119965,topic,editor
119966,platform,macos
119966,topic,buildsystem
119967,topic,editor
119968,topic,editor
119968,topic,gui
119968,topic,shaders
119970,topic,3d
119970,topic,rendering
119971,platform,windows
119971,topic,platforms
119971,topic,rendering
119975,topic,audio
119976,topic,3d
119976,topic,physics
119977,topic,audio
119978,topic,editor
119980,topic,animation
119982,topic,3d
119982,topic,physics
119987,topic,gui
119989,topic,shaders
119990,topic,gui
119992,topic,editor
119994,topic,rendering
119995,topic,editor
119997,topic,rendering
119998,topic,rendering
119998,topic,xr
119999,topic,editor
120001,platform,android
120001,topic,editor
120002,topic,gui
120004,topic,core
120006,topic,editor
120006,topic,input
120007,platform,windows
120007,topic,buildsystem
120009,topic,import
120009,topic,rendering
120012,topic,editor
120012,topic,i18n
120016,topic,thirdparty
120018,topic,thirdparty
120021,topic,core
120025,platform,windows
120025,topic,thirdparty
120028,topic,gdscript
120030,topic,rendering
120031,topic,import
120036,topic,audio
120040,topic,3d
120040,topic,import
120053,topic,editor
120055,topic,gui
120056,topic,editor
120059,topic,animation
120062,topic,codestyle
120063,topic,3d
120063,topic,editor
120069,topic,core
120071,topic,rendering
120072,topic,core
120077,topic,core
120085,topic,2d
120085,topic,editor
120086,topic,editor
120086,topic,gui
120087,platform,windows
120087,topic,platforms
120088,topic,rendering
120093,topic,editor
120102,topic,gui
120104,topic,gui
120106,topic,animation
120111,topic,core
120116,topic,gui
120120,topic,assetlib
120120,topic,editor
120122,topic,editor
120125,topic,editor
120126,topic,rendering
120127,topic,3d
120127,topic,buildsystem
120128,topic,core
120139,topic,editor
120139,topic,gdscript
120141,topic,gui
120154,topic,core
120158,topic,assetlib
120158,topic,editor
120159,topic,gui
120164,topic,assetlib
120164,topic,editor
120180,topic,gui
120181,topic,editor
120185,topic,gui
120191,topic,gdscript
120207,topic,gui
120208,topic,editor
120208,topic,gdscript
120212,topic,editor
120212,topic,gdscript
120213,topic,2d
120213,topic,editor
120230,topic,rendering
120231,topic,rendering
120239,topic,assetlib
120239,topic,editor
120241,topic,animation
120242,topic,audio
120243,topic,3d
120243,topic,physics
120249,topic,navigation
120250,topic,core
120254,topic,3d
120254,topic,rendering
120258,topic,3d
120258,topic,physics
120261,topic,editor
120263,topic,3d
120263,topic,editor
120265,topic,audio
120265,topic,editor
120267,topic,3d
120267,topic,physics
120271,topic,audio
120271,topic,editor
120277,topic,audio
120277,topic,editor
120280,topic,gui
120285,topic,editor
120286,topic,gui
120298,topic,3d
120298,topic,physics
120300,topic,xr
120303,topic,3d
120303,topic,import
120304,topic,audio
120305,topic,rendering
120305,topic,xr
120311,topic,buildsystem
120316,topic,gui
120316,topic,input
120320,topic,editor
120327,platform,windows
120327,topic,input
120327,topic,platforms
120344,platform,android
120344,topic,rendering
120346,topic,editor
120346,topic,gui
120350,topic,assetlib
120350,topic,editor
120351,topic,gui
120352,topic,audio
120354,topic,core
120360,topic,editor
120362,platform,linuxbsd
120362,topic,buildsystem
120363,platform,android
120363,topic,rendering
120366,topic,editor
120369,topic,network
120371,topic,network
120373,topic,thirdparty
120376,topic,editor
120388,topic,3d
120388,topic,import
120389,topic,editor
120389,topic,gui
120393,topic,rendering
120394,topic,core
120395,topic,dotnet
120399,topic,input
120400,topic,rendering
120403,topic,animation
120403,topic,editor
120411,topic,editor
120418,topic,gui
120433,topic,rendering
120433,topic,shaders
120435,topic,assetlib
120443,topic,rendering
120449,topic,gui
120453,topic,editor
120453,topic,gdscript
120456,topic,gui
120456,topic,input
120464,topic,editor
120466,topic,3d
120466,topic,import
120469,topic,editor
120478,topic,animation
120481,topic,editor
120487,topic,core
120487,topic,editor
120487,topic,gdscript
120488,topic,gui
120500,topic,gui
120517,topic,2d
120517,topic,editor
120530,topic,i18n
120533,platform,macos
120533,topic,platforms
120538,topic,gui
120545,platform,ios
120545,platform,macos
120545,platform,visionos
120545,topic,platforms
120545,topic,shaders
120548,topic,2d
120548,topic,editor
120549,topic,editor
120549,topic,i18n
120554,topic,editor
120555,topic,rendering
120556,topic,gui
120556,topic,rendering
120558,platform,web
120558,topic,xr
120568,platform,linuxbsd
120568,topic,buildsystem
120578,topic,input
120584,platform,macos
120584,topic,platforms
120589,platform,ios
120589,platform,macos
120589,topic,rendering
120590,topic,editor
120591,topic,platforms
120592,topic,editor
120593,topic,editor
120595,topic,3d
120595,topic,editor
120602,topic,editor
120602,topic,import
120607,topic,3d
120607,topic,animation
120609,topic,3d
120609,topic,animation
120610,topic,3d
120610,topic,animation
120612,platform,android
120612,topic,export
120612,topic,platforms
120620,topic,2d
120620,topic,editor
120626,topic,thirdparty
120626,topic,xr
120627,platform,uwp
120627,platform,windows
120627,topic,buildsystem
120627,topic,input
120631,topic,gui
120640,topic,gui
120643,topic,buildsystem
120643,topic,gdextension
120644,topic,editor
120647,platform,linuxbsd
120647,topic,platforms
120651,topic,3d
120651,topic,import
120655,topic,3d
120655,topic,editor
120672,topic,editor
120674,topic,assetlib
120674,topic,editor
120684,topic,3d
120685,topic,3d
120685,topic,core
120686,platform,ios
120686,topic,platforms
120687,topic,editor
120695,topic,editor
120695,topic,input
120696,topic,editor
120711,topic,3d
120711,topic,rendering
120714,topic,gui
120715,topic,shaders
120721,topic,editor
120721,topic,export
120723,platform,android
120723,topic,editor
120723,topic,input
120725,topic,buildsystem
120725,topic,core
120725,topic,network
120725,topic,thirdparty
120726,topic,editor
120726,topic,gdscript
120728,topic,input
120731,topic,gui
120732,topic,core
120733,topic,core
120736,topic,editor
120737,topic,editor
120744,topic,editor
120746,topic,core
120749,topic,gdextension
120760,topic,editor
120762,topic,core
120763,platform,windows
120763,topic,input
120763,topic,platforms
120764,topic,particles
120768,topic,gui
120774,topic,rendering
120775,topic,thirdparty
120776,topic,editor
120777,topic,3d
120777,topic,rendering
120782,topic,gui
120784,topic,editor
120784,topic,import
120785,topic,editor
120786,topic,3d
120786,topic,particles
120786,topic,vfx
120787,topic,core
120791,topic,editor
120792,topic,editor
120794,topic,3d
120794,topic,export
120794,topic,rendering
120795,topic,editor
120796,topic,core
120796,topic,gdextension
120800,platform,android
120800,topic,platforms
120805,topic,3d
120805,topic,editor
120807,topic,core
120810,topic,core
120812,topic,core
120814,topic,editor
120815,topic,core
120823,topic,editor
120825,topic,core
120826,topic,editor
120826,topic,physics
120829,topic,3d
120831,platform,linuxbsd
120831,topic,codestyle
120831,topic,platforms
120834,topic,buildsystem
120834,topic,codestyle
120834,topic,thirdparty
120836,topic,buildsystem
120836,topic,codestyle
120836,topic,thirdparty
120838,topic,buildsystem
120838,topic,codestyle
120838,topic,thirdparty
120840,topic,audio
120845,topic,core
120847,topic,core
120847,topic,tests
120849,topic,core
120853,platform,ios
120853,topic,platforms
120858,topic,rendering
120859,topic,rendering
120861,topic,gui
120864,topic,gui
120864,topic,input
120865,topic,editor
120869,topic,editor
120870,topic,3d
120870,topic,editor
120870,topic,import
120874,topic,editor
120876,topic,3d
120876,topic,rendering
120876,topic,xr
120882,topic,editor
120883,platform,android
120883,topic,platforms
120886,topic,editor
120890,topic,3d
120890,topic,editor
120891,topic,gdscript
120895,topic,3d
120895,topic,physics
120896,platform,android
120896,topic,platforms
120898,platform,linuxbsd
120898,topic,platforms
120902,topic,rendering
120903,topic,core
120903,topic,tests
120907,topic,buildsystem
120907,topic,codestyle
120912,platform,android
120912,topic,editor
120913,topic,gui
120930,topic,editor
120936,platform,linuxbsd
120936,topic,buildsystem
120938,topic,core
120938,topic,editor
120939,topic,editor
120939,topic,navigation
120942,topic,core
120944,topic,audio
120944,topic,codestyle
120947,topic,audio
120955,topic,buildsystem
120958,topic,editor
120962,topic,gui
120962,topic,input
120968,topic,export
120968,topic,platforms
120968,topic,shaders
120971,topic,gdscript
120974,topic,thirdparty
120976,topic,gdscript
120978,topic,core
120982,topic,codestyle
120982,topic,core
120983,topic,codestyle
120983,topic,physics
120984,topic,gui
120985,topic,core
120985,topic,gdextension
121000,topic,editor
121009,topic,core
121012,topic,3d
121012,topic,rendering
121013,topic,editor
121013,topic,plugin
121014,topic,gui
121019,topic,editor
121026,topic,physics
121030,platform,ios
121030,platform,macos
121030,topic,buildsystem
121036,topic,editor
121041,topic,editor
121041,topic,gui
121043,topic,editor
121050,topic,network
121053,topic,animation
121053,topic,editor
121054,topic,rendering
121055,topic,network
121055,topic,thirdparty
121058,platform,android
121058,topic,editor
121059,platform,android
121059,topic,buildsystem
121059,topic,tests
121063,topic,animation
121063,topic,editor
121064,topic,codestyle
121064,topic,gdscript
121065,topic,3d
121065,topic,editor
121071,topic,rendering
121076,topic,core
121080,topic,2d
121080,topic,editor
121090,platform,linuxbsd
121090,topic,platforms
121100,topic,2d
121100,topic,physics
121101,topic,gui
121107,topic,network
121107,topic,thirdparty
121108,topic,network
121108,topic,thirdparty
121109,topic,network
121109,topic,thirdparty
121110,topic,network
121110,topic,thirdparty
121111,topic,2d
121111,topic,editor
121112,topic,assetlib
121112,topic,editor
121118,topic,3d
121118,topic,import
121120,topic,editor
121121,topic,editor
121121,topic,gui
121122,topic,3d
121122,topic,physics
121123,topic,xr
121128,topic,gui
121129,platform,ios
121129,platform,macos
121129,topic,buildsystem
121131,topic,2d
121131,topic,editor
121131,topic,input
121133,topic,editor
121133,topic,gdscript
121134,platform,android
121134,topic,editor
121138,topic,rendering
121140,topic,editor
121141,topic,gdscript
121142,topic,2d
121142,topic,physics
121146,platform,android
121147,topic,rendering
121148,platform,linuxbsd
121148,topic,platforms
121149,topic,editor
121155,platform,android
121155,topic,platforms
121157,topic,gdscript
121160,topic,codestyle
121160,topic,core
121161,platform,android
121161,topic,core
121161,topic,platforms
121163,topic,shaders
121164,topic,codestyle
121164,topic,gdscript
121165,topic,rendering
121168,topic,3d
121168,topic,buildsystem
121171,topic,gdscript
121177,topic,editor
121180,topic,editor
121182,topic,core
121192,platform,windows
121192,topic,platforms
121200,topic,editor
121212,topic,editor
121222,topic,import
121223,topic,import
121224,topic,editor
121225,platform,macos
121225,topic,platforms
121226,topic,gui
121227,topic,2d
121227,topic,editor
121232,topic,editor
121233,topic,core
121237,topic,core
121243,topic,editor
121251,topic,editor
121255,topic,buildsystem
121259,topic,3d
121259,topic,core
121260,topic,thirdparty
121262,topic,codestyle
121265,topic,animation
121274,topic,codestyle
121277,topic,core
121278,topic,editor
121283,topic,3d
121291,topic,editor
121296,topic,3d
121296,topic,import
121304,topic,3d
121304,topic,import
121311,topic,gui
121313,topic,core
121315,topic,core
121317,topic,codestyle
121317,topic,core
121318,topic,animation
121318,topic,editor
121319,topic,core
121319,topic,editor
121319,topic,gdscript
121320,topic,import
121322,topic,gdscript
121326,topic,buildsystem
121326,topic,core
121327,topic,buildsystem
121327,topic,codestyle
121327,topic,core
121333,topic,editor
121334,topic,dotnet
121337,topic,editor
121337,topic,gdscript
121339,topic,buildsystem
121339,topic,codestyle
121342,topic,core
121348,platform,linuxbsd
121348,topic,platforms
121357,topic,gui
121358,topic,gui
121360,topic,3d
121360,topic,import
121363,topic,rendering
121364,topic,editor
121367,topic,editor
121371,topic,gdscript
121374,topic,2d
121377,topic,editor
121385,topic,editor
121387,platform,android
121387,topic,editor
121391,topic,3d
121391,topic,animation
121392,platform,ios
121392,platform,macos
121392,topic,rendering
121393,topic,thirdparty
121394,topic,3d
121394,topic,animation
121395,topic,3d
121395,topic,animation
121398,topic,codestyle
121398,topic,gdscript
121403,topic,editor
121404,platform,ios
121404,platform,macos
121404,topic,rendering
121408,topic,core
121408,topic,tests
121409,topic,shaders
121411,topic,assetlib
121411,topic,editor
121416,topic,core
121417,topic,codestyle
121417,topic,core
121420,topic,gui
121423,topic,assetlib
121423,topic,editor
121425,topic,codestyle
121425,topic,core
121426,topic,core
121427,topic,editor
121431,topic,core
121432,topic,editor
121432,topic,gui
121437,topic,core
121439,topic,core
121446,topic,2d
121446,topic,physics
121447,topic,codestyle
121448,topic,codestyle
121453,topic,rendering
121459,topic,editor
121463,topic,core
121465,topic,core
121466,topic,editor
121466,topic,gdscript
121470,topic,assetlib
121470,topic,editor
121472,topic,codestyle
121473,topic,codestyle
121475,topic,2d
121475,topic,editor
121477,topic,3d
121477,topic,editor
121478,topic,3d
121478,topic,editor
121480,topic,editor
121480,topic,gui
121483,topic,physics
121487,topic,input
121488,topic,xr
121489,topic,editor
121495,topic,editor
121497,topic,3d
121497,topic,buildsystem
121497,topic,navigation
121498,topic,navigation
121501,topic,core
121504,topic,core
121505,topic,editor
121505,topic,gui
121507,topic,3d
121507,topic,editor
121509,topic,editor
121512,topic,shaders
121514,topic,2d
121514,topic,editor
121519,topic,2d
121519,topic,editor
121521,topic,core
121523,topic,core
121525,topic,core
121526,topic,core
121527,topic,core
121528,topic,core
121530,topic,rendering
121532,topic,editor
121533,topic,core
121534,topic,editor
121535,topic,animation
121535,topic,editor
121536,topic,gui
121546,topic,gui
121547,topic,audio
121547,topic,codestyle
121548,topic,2d
121548,topic,buildsystem
121548,topic,codestyle
121549,platform,windows
121549,topic,platforms
121550,topic,editor
121553,topic,animation
121553,topic,editor
121557,topic,editor
121557,topic,import
121560,topic,editor
121560,topic,gdscript
121564,topic,core
121565,topic,buildsystem
121565,topic,core
121565,topic,dotnet
121567,topic,codestyle
121567,topic,core
121567,topic,dotnet
121567,topic,editor
121567,topic,gdscript
121571,platform,linuxbsd
121571,topic,input
121571,topic,platforms
121575,topic,gdextension
121577,topic,gdscript
121577,topic,tests
121588,topic,gui
121593,topic,editor
121597,topic,codestyle
121597,topic,core
121598,topic,editor
121602,topic,core
121603,topic,buildsystem
121604,topic,buildsystem
121605,topic,i18n
121606,topic,buildsystem
121610,platform,macos
121610,topic,3d
121610,topic,platforms
121610,topic,rendering
121617,topic,codestyle
121617,topic,core
121622,topic,editor
121628,topic,core
121629,topic,core
121632,topic,codestyle
121632,topic,core
121633,platform,windows
121633,topic,buildsystem
121633,topic,platforms
121633,topic,thirdparty
121634,topic,gdscript
121636,topic,2d
121636,topic,buildsystem
121638,topic,codestyle
121638,topic,core
121642,topic,gdextension
121647,platform,linuxbsd
121647,topic,buildsystem
121651,topic,3d
121651,topic,editor
121655,topic,2d
121655,topic,animation
121655,topic,editor
121658,topic,editor
121658,topic,input
121661,topic,shaders
121666,topic,editor
121668,platform,windows
121668,topic,buildsystem
121670,platform,android
121670,topic,rendering
121673,topic,gdscript
121675,topic,editor
121676,topic,rendering
121677,topic,gdscript
121679,topic,gui
121684,topic,gdscript
121685,topic,editor
121691,topic,editor
121692,topic,editor
121699,topic,editor
121701,platform,android
121701,topic,rendering
121703,topic,editor
121709,topic,codestyle
121709,topic,editor
121711,platform,windows
121711,topic,platforms
121714,topic,editor
121715,topic,editor
121718,topic,rendering
121719,topic,buildsystem
121732,topic,editor
121733,topic,gdextension
121734,topic,buildsystem
121734,topic,gdextension
121740,topic,gdscript
121746,topic,codestyle
121749,topic,buildsystem
121750,topic,buildsystem
121751,topic,buildsystem
121752,topic,buildsystem
121758,topic,editor
121759,platform,android
121759,topic,network
121759,topic,platforms
121759,topic,thirdparty
121762,topic,gdscript
121764,platform,android
121764,platform,ios
121764,platform,linuxbsd
121764,platform,macos
121764,platform,visionos
121764,platform,web
121764,topic,core
121764,topic,platforms
121766,topic,editor
121767,topic,buildsystem
121770,topic,network
121773,topic,gui
121775,topic,3d
121775,topic,rendering
121781,topic,buildsystem
121784,topic,editor
121785,topic,shaders
121786,topic,core
121789,topic,gdscript
121795,topic,editor
121810,platform,linuxbsd
121810,topic,platforms
121815,topic,xr
121819,topic,buildsystem
121823,platform,android
121823,topic,platforms
121826,topic,editor
121829,topic,rendering
121833,topic,gdscript
121834,topic,core
121835,topic,rendering
121839,topic,gdscript
121844,topic,platforms
121849,platform,android
121849,topic,editor
121849,topic,export
121852,topic,3d
121852,topic,rendering
121858,platform,windows
121858,topic,platforms
121859,topic,buildsystem
121859,topic,codestyle
121859,topic,rendering
121859,topic,shaders
121872,topic,editor
121872,topic,i18n
121874,platform,android
121874,topic,editor
121879,topic,core
121879,topic,editor
121881,topic,gui
121882,topic,audio
121882,topic,editor
121887,topic,gdscript
121887,topic,tests
121889,topic,core
121891,topic,rendering
121892,platform,android
121892,topic,editor
121893,topic,gdscript
121893,topic,tests
121894,topic,core
121894,topic,network
121894,topic,platforms
121894,topic,thirdparty
121895,topic,platforms
121905,platform,macos
121905,topic,buildsystem
121906,platform,android
121906,topic,buildsystem
121908,topic,editor
121911,topic,gui
121913,topic,editor
121913,topic,gui
121916,topic,editor
121917,platform,android
121920,topic,core
121922,topic,gdscript
121922,topic,tests
121923,topic,core
121924,topic,tests
121926,topic,core
121928,topic,core
121937,topic,rendering
121940,topic,core
121940,topic,rendering
121942,topic,network
121942,topic,thirdparty
121943,topic,network
121943,topic,thirdparty
121944,topic,network
121944,topic,thirdparty
121946,topic,codestyle
121946,topic,gdscript
121948,topic,editor
121951,topic,editor
121955,topic,core
121957,platform,android
121957,topic,editor
121958,topic,rendering
121959,topic,editor
121961,topic,editor
121961,topic,i18n
121971,topic,gui
121972,topic,2d
121972,topic,editor
121973,topic,buildsystem
121974,topic,buildsystem
121974,topic,physics
121979,topic,buildsystem
121979,topic,export
121979,topic,rendering
121981,topic,editor
121986,topic,buildsystem
121986,topic,codestyle
121988,topic,gui
121990,topic,editor
121990,topic,i18n
121994,topic,editor
121995,platform,macos
121995,topic,rendering
121999,topic,gui
122006,topic,3d
122006,topic,particles
122006,topic,rendering
122012,topic,buildsystem
122012,topic,codestyle
122012,topic,gdscript
122033,topic,editor
122033,topic,shaders
122034,platform,android
122034,topic,editor
122051,topic,rendering
122056,platform,web
122056,topic,editor
122057,topic,input
122057,topic,platforms
122064,topic,rendering
122069,platform,windows
122069,topic,platforms
122076,platform,ios
122076,topic,platforms
122085,topic,gui
122089,topic,core
122097,topic,audio
122097,topic,codestyle
122098,topic,xr
122101,topic,gdscript
122101,topic,i18n
122103,topic,editor
122107,topic,editor
122109,platform,linuxbsd
122109,topic,platforms
122110,platform,web
122110,topic,editor
122117,topic,audio
122120,topic,codestyle
122122,topic,rendering
122123,topic,editor
122124,topic,codestyle
122128,topic,buildsystem
122128,topic,codestyle
122131,topic,3d
122131,topic,rendering
122144,topic,2d
122144,topic,editor
122147,topic,xr
122149,topic,gui
122155,topic,rendering
122157,platform,android
122157,topic,buildsystem
122160,topic,audio
122160,topic,editor
122162,topic,core
122164,topic,buildsystem
122166,topic,core
122166,topic,gdscript
122175,topic,editor
122178,topic,3d
122178,topic,rendering
122186,platform,android
122186,topic,buildsystem
122186,topic,editor
122188,topic,editor
122188,topic,export
122194,topic,3d
122194,topic,editor
122195,topic,editor
122198,topic,gui
122199,topic,gui
122201,topic,editor
122203,topic,gui
122208,topic,gdscript
122213,topic,core
122222,topic,gui
122224,topic,core
122234,platform,android
122234,topic,export
122236,topic,3d
122236,topic,rendering
122245,topic,editor
122246,topic,editor
122248,platform,visionos
122248,topic,xr
122253,topic,2d
122253,topic,editor
122254,topic,editor
122255,topic,gui
122255,topic,input
122260,topic,editor
122261,platform,windows
122261,topic,platforms
122263,topic,editor
122267,topic,buildsystem
122268,topic,3d
122268,topic,rendering
122270,topic,editor
122271,topic,rendering
122272,topic,editor
122274,topic,core
122277,topic,editor
122279,topic,core
122279,topic,editor
122279,topic,gdscript
122280,topic,core
122281,topic,editor
122281,topic,gdscript
122282,topic,core
122282,topic,editor
122282,topic,gdscript
122286,topic,editor
122294,topic,gui
122301,topic,core
122301,topic,editor
122301,topic,gdscript
122308,topic,core
122308,topic,editor
122308,topic,gdscript
122308,topic,shaders
122313,topic,editor
122313,topic,gdscript
122315,topic,3d
122315,topic,import
122316,topic,core
122317,topic,core
122324,platform,ios
122324,topic,editor
122324,topic,export
122325,topic,core
122328,topic,thirdparty
122330,topic,buildsystem
122330,topic,core
122333,platform,android
122334,topic,editor
122343,topic,buildsystem
122343,topic,codestyle
122345,topic,rendering
122347,topic,codestyle
122347,topic,editor
122352,topic,core
122352,topic,tests
122358,platform,android
122358,topic,editor
122358,topic,xr
122371,topic,core
122380,topic,editor
122380,topic,i18n
122381,topic,editor
122381,topic,export
122384,topic,assetlib
122384,topic,editor
122390,platform,android
122390,topic,buildsystem
122395,topic,editor
122402,topic,gui
122403,platform,android
122403,topic,platforms
122405,platform,linuxbsd
122405,platform,windows
122405,topic,buildsystem
122412,platform,web
122412,topic,buildsystem
122412,topic,thirdparty
122420,topic,editor
122421,topic,editor
122422,topic,gdscript
122423,topic,editor
122424,topic,editor
122429,topic,xr
122441,topic,3d
122441,topic,rendering
122442,topic,editor
122442,topic,i18n
122447,topic,editor
122448,topic,tests
122464,topic,editor
122465,topic,codestyle
122465,topic,gdscript
122467,topic,audio
122467,topic,core
122482,topic,editor
122483,topic,editor
122487,platform,android
122487,topic,editor
122487,topic,xr
122492,topic,import
122496,topic,core
122505,topic,editor
122506,topic,thirdparty
122507,topic,thirdparty
122508,topic,core
122510,topic,2d
122510,topic,editor
122512,topic,rendering
122512,topic,xr
122515,platform,visionos
122515,topic,xr
122523,platform,macos
122523,topic,buildsystem
122525,platform,macos
122525,topic,platforms
122526,topic,core
122533,topic,gdscript
122538,platform,web
122538,topic,buildsystem
122540,topic,core
122548,topic,rendering
122558,platform,ios
122558,platform,visionos
122558,topic,export
122558,topic,platforms
122559,platform,visionos
122559,topic,export
122561,platform,macos
122567,platform,visionos
122567,topic,xr
122569,platform,windows
122569,topic,input
122569,topic,platforms
122570,platform,visionos
122573,platform,visionos
122573,topic,xr
122574,topic,editor
122575,topic,core
122578,topic,core
122579,topic,editor
122579,topic,import
122588,topic,thirdparty
122589,topic,thirdparty
122593,topic,buildsystem
122594,topic,buildsystem
122596,topic,core
122602,topic,audio
122603,topic,editor
122607,platform,visionos
122607,topic,xr
122609,topic,editor
122611,platform,visionos
122611,topic,platforms
122613,topic,buildsystem
122618,topic,editor
122619,platform,macos
122620,topic,gui
122624,topic,editor
122634,topic,gdscript
122634,topic,tests
122635,topic,2d
122635,topic,editor
122639,platform,ios
122639,topic,buildsystem
122646,topic,gdscript
122647,platform,web
122653,topic,rendering
122656,topic,core
122659,topic,editor
122667,topic,animation
122667,topic,editor
122669,topic,3d
122669,topic,editor
122670,topic,editor
122675,platform,macos
122675,topic,rendering
122676,platform,windows
122676,topic,import
122685,platform,macos
122690,topic,core
122693,topic,rendering
122703,topic,import
122706,topic,codestyle
122706,topic,gdscript
122709,topic,editor
122711,topic,gdscript
122717,platform,macos
122717,topic,platforms
122719,topic,editor
122725,topic,gui
122729,topic,3d
122729,topic,animation
122736,topic,editor
122736,topic,i18n
122739,topic,codestyle
122739,topic,editor
122745,topic,physics
122751,topic,core
122755,topic,gui
122756,topic,gdscript
122759,topic,editor
122760,topic,editor
122767,topic,animation
122767,topic,editor
122768,topic,codestyle
122768,topic,gui
122771,topic,editor
122772,topic,editor
122772,topic,gdscript
122773,topic,core
122774,platform,android
122774,topic,dotnet
122774,topic,export
122776,topic,buildsystem
122782,platform,visionos
122782,topic,xr
122784,topic,codestyle
122785,topic,editor
122786,topic,editor
122789,topic,buildsystem
122789,topic,gdscript
122799,platform,macos
122799,topic,input
122799,topic,platforms
122802,topic,editor
122804,platform,linuxbsd
122804,topic,buildsystem
122806,topic,buildsystem
122809,topic,editor
122820,topic,editor
122822,topic,gui
122825,platform,windows
122825,topic,input
122825,topic,platforms
122826,platform,macos
122826,topic,input
122826,topic,platforms
122829,topic,editor
122831,topic,editor
122839,topic,buildsystem
122840,topic,core
122841,topic,rendering
122848,topic,2d
122848,topic,editor
122849,topic,3d
122849,topic,editor
122849,topic,physics
122851,topic,codestyle
122851,topic,core
122855,topic,gdscript
122857,topic,editor
122863,topic,codestyle
122863,topic,core
122864,topic,rendering
122864,topic,shaders
122865,platform,android
122865,topic,input
122866,topic,dotnet
122873,topic,particles
122873,topic,rendering
122878,topic,editor
122879,topic,animation
122883,topic,3d
122883,topic,editor
122884,platform,android
122884,topic,editor
122888,topic,3d
122888,topic,animation
122893,topic,editor
122895,topic,3d
122895,topic,editor
122900,platform,android
122900,topic,editor
122903,topic,editor
122914,topic,rendering
122914,topic,shaders
122916,platform,android
122916,topic,core
122916,topic,platforms
122919,topic,editor
122919,topic,i18n
122922,topic,buildsystem
122922,topic,core
122924,topic,editor
122931,topic,rendering
122931,topic,shaders
122935,topic,editor
122935,topic,gdextension
122936,topic,shaders
122938,topic,editor
122940,topic,import
122940,topic,rendering
122943,topic,editor
122945,topic,editor
122947,topic,editor
122950,topic,buildsystem
122950,topic,editor
122959,topic,rendering
122960,platform,android
122960,platform,ios
122960,topic,gui
122960,topic,input
122963,topic,core
122964,topic,editor
122968,platform,android
122968,topic,editor
122971,topic,import
122972,topic,dotnet
122981,topic,2d
122981,topic,editor
122987,topic,buildsystem
122993,topic,gdscript
122996,topic,3d
122996,topic,physics
122997,topic,gui
122998,topic,rendering
123001,platform,linuxbsd
123001,topic,buildsystem
123001,topic,platforms
123012,topic,audio
123012,topic,editor
123014,topic,network
123016,platform,android
123016,topic,platforms
123019,topic,editor
123024,topic,editor
123028,topic,editor
123030,topic,import
123030,topic,rendering
123032,topic,rendering
123034,topic,audio
123034,topic,editor
123035,platform,web
123035,topic,editor
123035,topic,platforms
123036,topic,codestyle
123036,topic,gdscript
123037,topic,editor
123037,topic,gdscript
123039,platform,android
123039,topic,editor
123044,platform,android
123044,topic,export
123047,topic,codestyle
123047,topic,core
123049,topic,editor
123058,topic,editor
123063,platform,ios
123063,platform,macos
123063,platform,visionos
123065,topic,editor
123069,topic,editor
123069,topic,gui
123071,platform,windows
123071,topic,codestyle
123072,platform,macos
123072,topic,input
123072,topic,platforms
123073,topic,editor
123075,topic,assetlib
123075,topic,editor
123079,platform,android
123079,topic,export
123082,platform,ios
123082,topic,rendering
123085,topic,2d
123085,topic,editor
123087,topic,gui
123090,topic,3d
123090,topic,editor
123092,topic,animation
123092,topic,editor
123094,topic,animation
123094,topic,editor
123096,topic,editor
123099,topic,core
123103,topic,dotnet
123106,topic,editor
123112,platform,macos
123112,topic,buildsystem
123114,topic,gui
123115,topic,gui
123117,topic,rendering
123118,topic,editor
123118,topic,gui
123120,topic,3d
123120,topic,editor
123123,topic,thirdparty
123123,topic,xr
123124,topic,xr
123133,topic,3d
123133,topic,editor
123138,topic,editor
123142,topic,rendering
123144,topic,thirdparty
123148,topic,3d
123156,topic,editor
123159,topic,gui
123161,topic,editor
123163,topic,editor
123165,topic,editor
123188,topic,editor
123192,topic,gui
123196,topic,editor
123199,topic,editor
123199,topic,gdscript
123209,topic,audio
123215,topic,animation
123215,topic,editor
123216,topic,dotnet
123224,topic,editor
123226,topic,editor
123230,topic,editor
123232,topic,gdscript
123234,platform,android
123234,topic,export
123234,topic,platforms
123241,topic,core
123243,topic,editor
123245,topic,gui
123248,topic,gdscript
123252,topic,gdextension
123267,topic,editor
123271,topic,gui
123274,platform,windows
123274,topic,input
123274,topic,platforms
123276,topic,codestyle
123276,topic,core
123278,topic,buildsystem
123280,topic,editor
123280,topic,gui
123290,topic,editor
123290,topic,gdscript
123291,topic,core
123293,topic,editor
123297,topic,editor
123300,platform,android
123300,topic,platforms
123300,topic,rendering
123301,topic,editor
123302,platform,linuxbsd
123302,topic,platforms
123303,topic,physics
123306,platform,web
123306,topic,buildsystem
123314,platform,android
123314,topic,editor
123316,topic,core
123316,topic,gdscript
123318,platform,android
123318,topic,platforms
123319,topic,shaders
123320,topic,editor
123327,platform,web
123327,topic,editor
123327,topic,platforms
123328,topic,editor
123329,topic,tests
123332,topic,tests
123334,topic,codestyle
123338,topic,editor
123338,topic,gui
123344,topic,gui
123349,topic,buildsystem
123349,topic,codestyle
123357,topic,editor
123357,topic,gdscript
123366,topic,editor
123366,topic,i18n
123367,platform,android
123367,topic,editor
123367,topic,xr
123371,topic,codestyle
123371,topic,gdscript
123373,topic,editor
123379,topic,core
123379,topic,editor
123381,topic,i18n
123397,topic,editor
123402,topic,editor
123403,topic,editor
123404,topic,gui
123410,topic,2d
123410,topic,editor
123411,topic,3d
123411,topic,editor
123415,topic,gui
123418,topic,xr
123426,topic,codestyle
123426,topic,core
123431,topic,core
123433,topic,editor
123433,topic,gui
123435,topic,editor
123439,platform,ios
123439,platform,macos
123439,platform,visionos
123439,topic,rendering
123447,topic,gui
123448,topic,dotnet
123452,topic,gui
123466,topic,editor
123474,platform,android
123474,topic,editor
123474,topic,platforms
123474,topic,xr
123475,topic,3d
123475,topic,import
123483,topic,editor
123485,platform,web
123485,topic,editor
123490,topic,core
123491,topic,editor
123497,topic,codestyle
123497,topic,core
123497,topic,gdscript
123500,topic,thirdparty
123501,topic,core
123506,topic,3d
123506,topic,rendering
123518,topic,editor
123519,topic,core
123520,topic,3d
123520,topic,editor
123520,topic,import
123522,topic,xr
123525,platform,web
123525,topic,editor
123525,topic,platforms
123527,topic,xr
123531,topic,core
123532,topic,editor
123538,topic,editor
123543,platform,web
123543,topic,editor
123543,topic,export
123543,topic,input
123545,topic,import
123545,topic,rendering
123546,topic,core
123549,platform,android
123549,topic,core
123549,topic,platforms
123556,platform,android
123556,topic,rendering
123559,topic,editor
123559,topic,physics
123561,topic,particles
123562,platform,web
123562,topic,audio
123564,topic,editor
123571,topic,animation
123571,topic,editor
123574,platform,android
123574,topic,export
123574,topic,platforms
123576,platform,android
123576,platform,ios
123576,topic,gui
123576,topic,input
123580,platform,linuxbsd
123580,topic,platforms
123581,topic,core
123585,platform,android
123585,topic,export
123589,platform,android
123589,topic,platforms
123600,topic,core
123602,topic,gui
123604,topic,editor
123612,topic,codestyle
123612,topic,editor
123617,topic,core
123619,topic,editor
123629,topic,gui
123636,topic,editor
123637,topic,editor
123642,platform,web
123642,topic,xr
123644,topic,editor
123644,topic,i18n
123652,topic,rendering
123656,topic,rendering
123672,topic,input
123693,topic,editor
123698,topic,editor
123699,topic,xr
123701,topic,gdscript
123705,topic,editor
123717,topic,gdextension
123718,topic,dotnet
123724,topic,editor
123725,topic,editor
123725,topic,gui
123728,topic,editor
123730,topic,editor
123733,topic,3d
123733,topic,rendering
123734,topic,editor
123736,topic,xr
123738,topic,dotnet
123739,topic,dotnet
123739,topic,editor
123748,topic,rendering
123752,topic,core
123759,topic,editor
123773,topic,editor
123773,topic,shaders
123777,topic,3d
123777,topic,editor
123788,topic,core
123789,topic,editor
123790,topic,3d
123790,topic,physics
123795,topic,rendering
123809,topic,core
123810,topic,core
123810,topic,gdscript
123813,topic,core
123815,topic,gui
123818,topic,gui
123822,topic,gdscript
123823,topic,3d
123823,topic,buildsystem
123824,topic,editor
123825,topic,editor
123825,topic,i18n
123832,topic,2d
123832,topic,editor
123835,topic,animation
123865,topic,editor
123867,topic,audio
123867,topic,gui
123869,topic,dotnet
123870,topic,thirdparty
123880,topic,editor
123882,topic,rendering
123899,platform,ios
123899,topic,platforms
123899,topic,thirdparty
123903,platform,ios
123903,topic,platforms
123903,topic,thirdparty
123908,topic,xr
123933,topic,editor
123934,topic,dotnet
123939,topic,dotnet
123940,topic,import
123942,topic,3d
123942,topic,animation
123945,topic,xr
123951,platform,android
123951,topic,export
123952,topic,buildsystem
123952,topic,physics
123954,topic,gui
123960,topic,core
123962,topic,buildsystem
123962,topic,codestyle
123967,topic,editor
123968,topic,core
123969,topic,buildsystem
123975,topic,gui
123976,topic,dotnet
123984,topic,core
123985,topic,3d
123985,topic,import
123987,topic,gui
123990,platform,web
123990,topic,rendering
123990,topic,xr
123991,platform,web
123991,topic,rendering
123991,topic,xr
124009,topic,3d
124009,topic,rendering
124014,platform,windows
124014,topic,buildsystem
124014,topic,thirdparty
124017,platform,linuxbsd
124017,topic,platforms
124017,topic,thirdparty
124019,topic,buildsystem
124025,topic,core
124027,topic,core
124028,topic,editor
124033,topic,core
124039,topic,core
124042,topic,core
124042,topic,input
124042,topic,platforms
124043,topic,core
124044,topic,core
124047,topic,3d
124047,topic,rendering
124048,topic,editor
124051,topic,editor
124080,topic,3d
124080,topic,physics
124087,topic,physics
