pr_number,change_kind
39708,enhancement
39708,usability
47054,enhancement
53679,enhancement
57121,enhancement
58749,enhancement
58749,usability
62419,enhancement
64487,bug
64596,enhancement
65229,enhancement
65229,usability
68449,bug
70646,enhancement
73688,enhancement
75811,enhancement
75811,usability
76267,enhancement
76267,usability
76563,discussion
76563,enhancement
76596,enhancement
77292,enhancement
77292,usability
78598,bug
79712,enhancement
79731,enhancement
79997,documentation
79997,enhancement
81530,bug
82212,enhancement
82212,usability
84804,enhancement
85762,enhancement
86079,discussion
86079,enhancement
86468,enhancement
86468,usability
86929,enhancement
86930,enhancement
87081,enhancement
87087,enhancement
88647,enhancement
88647,usability
89325,bug
89325,regression
89367,enhancement
89367,usability
89748,enhancement
89983,enhancement
90401,enhancement
90401,performance
90411,enhancement
90439,bug
90439,enhancement
90439,usability
91124,enhancement
91124,usability
91199,bug
91261,bug
91556,bug
91556,usability
91617,bug
91634,bug
91703,enhancement
91970,documentation
91970,enhancement
92002,enhancement
92080,enhancement
92080,usability
92102,enhancement
92102,usability
92282,enhancement
92390,enhancement
92390,usability
92429,feature proposal
92649,enhancement
92984,enhancement
92984,usability
93296,feature proposal
93298,bug
93304,enhancement
93325,bug
93436,bug
93463,enhancement
93478,bug
93713,enhancement
93713,usability
93724,bug
93724,usability
93889,enhancement
94013,enhancement
94047,enhancement
94062,bug
94096,bug
94488,bug
94496,enhancement
94542,bug
94873,bug
94929,enhancement
95075,bug
95136,bug
95817,enhancement
95949,bug
95949,regression
95949,usability
96063,bug
96458,enhancement
96547,enhancement
96748,enhancement
96750,documentation
96750,enhancement
96825,enhancement
96897,feature proposal
97321,enhancement
97321,usability
97366,bug
97616,enhancement
97620,bug
97753,bug
97758,enhancement
97871,bug
98122,bug
98396,bug
98417,bug
98417,enhancement
98417,usability
98428,bug
98667,enhancement
98936,bug
99119,enhancement
99404,enhancement
99404,usability
99499,enhancement
99569,enhancement
99569,usability
99640,enhancement
99725,enhancement
99725,usability
99899,enhancement
99946,bug
99949,enhancement
100197,bug
100197,regression
100219,enhancement
100923,enhancement
100986,bug
101040,bug
101092,enhancement
101105,enhancement
101129,enhancement
101129,usability
101165,enhancement
101168,enhancement
101168,usability
101177,enhancement
101209,bug
101209,regression
101209,usability
101247,enhancement
101247,performance
101255,enhancement
101342,bug
101407,bug
101407,crash
101468,enhancement
101501,bug
101501,documentation
101673,bug
101673,enhancement
101769,enhancement
101769,performance
101787,enhancement
102020,enhancement
102021,enhancement
102055,enhancement
102064,enhancement
102085,enhancement
102085,usability
102193,feature proposal
102193,usability
102232,feature proposal
102378,feature proposal
102394,feature proposal
102734,enhancement
102787,enhancement
102789,enhancement
102858,enhancement
102888,enhancement
102889,enhancement
102923,enhancement
102937,bug
102937,usability
102963,enhancement
102987,enhancement
102992,enhancement
102992,usability
103005,enhancement
103100,enhancement
103113,documentation
103113,enhancement
103216,enhancement
103257,enhancement
103257,usability
103340,enhancement
103352,enhancement
103478,enhancement
103478,usability
103672,bug
103672,documentation
103742,enhancement
103749,bug
103953,bug
103998,enhancement
104014,bug
104112,bug
104112,documentation
104280,enhancement
104280,performance
104289,enhancement
104340,bug
104371,enhancement
104371,usability
104433,enhancement
104433,performance
104456,enhancement
104456,usability
104481,documentation
104481,enhancement
104496,bug
104496,usability
104628,enhancement
104628,usability
104676,enhancement
104736,enhancement
104793,enhancement
104802,bug
104802,regression
104802,usability
104839,bug
104851,discussion
104851,feature proposal
104851,performance
104860,enhancement
104951,enhancement
105016,discussion
105016,enhancement
105045,bug
105122,bug
105203,bug
105236,bug
105243,enhancement
105243,usability
105292,enhancement
105296,enhancement
105308,enhancement
105308,performance
105309,enhancement
105309,usability
105350,enhancement
105366,documentation
105366,enhancement
105449,enhancement
105450,enhancement
105523,enhancement
105523,usability
105550,enhancement
105587,bug
105587,regression
105701,enhancement
105791,enhancement
105791,usability
105793,discussion
105793,enhancement
105963,bug
105963,regression
106004,enhancement
106016,enhancement
106016,performance
106031,enhancement
106071,enhancement
106099,bug
106164,enhancement
106219,bug
106237,enhancement
106263,enhancement
106290,enhancement
106299,enhancement
106299,performance
106347,documentation
106347,enhancement
106352,bug
106352,discussion
106352,enhancement
106434,enhancement
106434,performance
106532,bug
106556,enhancement
106560,enhancement
106636,bug
106684,enhancement
106684,usability
106765,enhancement
106768,documentation
106768,enhancement
106780,enhancement
106780,usability
106785,enhancement
106785,usability
106814,enhancement
106837,bug
106837,enhancement
106867,bug
106867,enhancement
106891,enhancement
106940,enhancement
106940,performance
106947,enhancement
106997,bug
107052,discussion
107052,enhancement
107126,enhancement
107154,enhancement
107154,usability
107167,bug
107167,discussion
107205,enhancement
107234,bug
107237,enhancement
107237,usability
107264,enhancement
107273,enhancement
107275,enhancement
107303,feature proposal
107312,enhancement
107326,documentation
107326,enhancement
107343,enhancement
107384,enhancement
107395,enhancement
107400,enhancement
107400,performance
107423,enhancement
107435,enhancement
107440,enhancement
107452,enhancement
107487,bug
107536,bug
107536,documentation
107536,enhancement
107573,enhancement
107586,documentation
107586,enhancement
107597,enhancement
107597,usability
107652,enhancement
107652,usability
107658,bug
107671,enhancement
107672,enhancement
107679,enhancement
107679,performance
107687,bug
107740,enhancement
107765,enhancement
107795,enhancement
107836,enhancement
107843,enhancement
107845,enhancement
107855,enhancement
107856,discussion
107856,enhancement
107861,enhancement
107867,bug
107887,enhancement
107890,enhancement
107890,usability
107902,enhancement
107902,performance
107942,enhancement
107947,enhancement
107958,bug
107959,enhancement
107969,enhancement
107969,performance
107999,enhancement
108010,enhancement
108065,enhancement
108073,bug
108076,enhancement
108079,enhancement
108079,usability
108111,enhancement
108114,enhancement
108125,enhancement
108125,usability
108129,enhancement
108135,bug
108168,enhancement
108170,enhancement
108180,enhancement
108208,enhancement
108213,bug
108219,enhancement
108224,enhancement
108227,bug
108236,enhancement
108303,bug
108304,bug
108314,enhancement
108320,enhancement
108335,enhancement
108340,enhancement
108342,enhancement
108342,usability
108351,enhancement
108351,usability
108372,bug
108372,crash
108379,enhancement
108391,enhancement
108391,usability
108403,enhancement
108403,usability
108404,bug
108412,enhancement
108417,bug
108417,documentation
108422,bug
108457,enhancement
108479,enhancement
108487,bug
108489,bug
108507,enhancement
108507,performance
108516,enhancement
108528,enhancement
108534,enhancement
108546,enhancement
108554,enhancement
108596,bug
108603,documentation
108603,enhancement
108607,enhancement
108608,enhancement
108644,enhancement
108647,enhancement
108674,enhancement
108677,enhancement
108682,bug
108704,bug
108705,enhancement
108705,performance
108737,feature proposal
108741,enhancement
108758,enhancement
108767,enhancement
108818,enhancement
108819,enhancement
108830,enhancement
108837,bug
108853,bug
108853,enhancement
108862,enhancement
108871,bug
108875,bug
108878,enhancement
108878,usability
108882,enhancement
108885,enhancement
108900,enhancement
108900,usability
108909,enhancement
108932,enhancement
108932,performance
108954,bug
108954,crash
108981,enhancement
108981,performance
108987,enhancement
109004,feature proposal
109017,enhancement
109021,bug
109043,enhancement
109063,bug
109063,crash
109084,enhancement
109101,enhancement
109103,enhancement
109104,bug
109104,enhancement
109108,bug
109112,bug
109138,bug
109142,enhancement
109146,enhancement
109153,enhancement
109174,documentation
109174,enhancement
109182,enhancement
109184,bug
109220,bug
109220,performance
109234,enhancement
109237,enhancement
109302,enhancement
109306,enhancement
109312,bug
109312,enhancement
109322,enhancement
109331,discussion
109331,enhancement
109345,bug
109352,enhancement
109356,enhancement
109358,enhancement
109360,enhancement
109384,enhancement
109384,usability
109421,enhancement
109422,enhancement
109431,bug
109431,crash
109433,enhancement
109446,enhancement
109447,enhancement
109458,enhancement
109475,enhancement
109490,enhancement
109503,enhancement
109511,enhancement
109511,performance
109514,bug
109514,performance
109516,enhancement
109516,performance
109517,enhancement
109517,performance
109520,enhancement
109525,enhancement
109525,usability
109534,enhancement
109587,enhancement
109596,enhancement
109605,enhancement
109605,usability
109637,enhancement
109639,bug
109639,performance
109649,enhancement
109651,enhancement
109668,bug
109668,crash
109680,enhancement
109680,usability
109701,enhancement
109701,usability
109722,bug
109722,enhancement
109725,enhancement
109727,enhancement
109737,enhancement
109743,bug
109743,usability
109753,documentation
109753,enhancement
109775,enhancement
109792,enhancement
109795,bug
109795,regression
109800,enhancement
109802,enhancement
109803,enhancement
109816,enhancement
109839,enhancement
109842,enhancement
109844,enhancement
109845,enhancement
109863,enhancement
109864,bug
109878,bug
109892,enhancement
109907,bug
109907,documentation
109911,bug
109919,enhancement
109938,enhancement
109945,enhancement
109945,usability
109958,enhancement
109971,bug
109972,enhancement
109975,enhancement
109976,enhancement
109980,enhancement
109986,feature proposal
109987,enhancement
109998,enhancement
109999,enhancement
110004,bug
110017,bug
110017,crash
110032,bug
110060,enhancement
110060,performance
110075,bug
110077,enhancement
110077,performance
110078,bug
110080,bug
110080,enhancement
110080,regression
110083,bug
110120,enhancement
110127,bug
110129,enhancement
110131,enhancement
110151,enhancement
110162,bug
110162,crash
110192,bug
110192,enhancement
110218,enhancement
110219,bug
110245,feature proposal
110245,usability
110248,enhancement
110254,enhancement
110256,bug
110271,enhancement
110271,performance
110287,bug
110307,enhancement
110307,usability
110308,bug
110310,bug
110310,crash
110323,enhancement
110323,usability
110324,enhancement
110328,enhancement
110328,usability
110331,enhancement
110336,feature proposal
110340,enhancement
110354,bug
110369,enhancement
110369,usability
110375,bug
110375,enhancement
110376,enhancement
110378,enhancement
110385,enhancement
110388,enhancement
110400,enhancement
110400,performance
110402,enhancement
110402,performance
110408,bug
110422,bug
110428,bug
110432,bug
110433,enhancement
110435,documentation
110435,enhancement
110464,bug
110469,bug
110478,enhancement
110478,performance
110481,bug
110485,bug
110485,crash
110487,bug
110500,enhancement
110502,bug
110506,bug
110508,enhancement
110517,bug
110523,bug
110524,bug
110525,bug
110533,documentation
110533,enhancement
110542,enhancement
110543,enhancement
110544,bug
110572,documentation
110572,enhancement
110575,documentation
110575,enhancement
110581,bug
110593,bug
110615,enhancement
110615,usability
110623,bug
110623,enhancement
110623,usability
110641,enhancement
110647,enhancement
110647,usability
110650,enhancement
110650,performance
110671,enhancement
110672,bug
110676,bug
110684,bug
110690,enhancement
110690,usability
110705,documentation
110705,enhancement
110709,enhancement
110709,performance
110720,bug
110731,bug
110738,bug
110738,regression
110748,enhancement
110759,enhancement
110759,performance
110761,bug
110767,enhancement
110778,enhancement
110796,enhancement
110796,usability
110799,enhancement
110817,bug
110823,enhancement
110829,enhancement
110847,bug
110853,bug
110853,crash
110855,enhancement
110863,feature proposal
110866,bug
110866,enhancement
110866,usability
110871,enhancement
110881,bug
110881,documentation
110884,bug
110893,enhancement
110893,usability
110895,enhancement
110904,enhancement
110904,usability
110910,bug
110911,bug
110915,bug
110923,enhancement
110925,bug
110926,enhancement
110932,enhancement
110933,enhancement
110937,enhancement
110942,bug
110943,bug
110949,enhancement
110956,bug
110965,enhancement
110968,enhancement
110972,bug
110982,bug
110982,regression
110989,bug
110990,bug
111000,enhancement
111000,usability
111001,bug
111011,bug
111011,enhancement
111011,usability
111012,enhancement
111012,usability
111015,enhancement
111016,enhancement
111017,enhancement
111017,usability
111025,bug
111045,bug
111046,enhancement
111047,enhancement
111051,bug
111051,enhancement
111052,enhancement
111058,bug
111058,regression
111062,enhancement
111065,enhancement
111065,usability
111068,bug
111078,enhancement
111086,enhancement
111095,enhancement
111102,documentation
111102,enhancement
111111,enhancement
111114,bug
111114,crash
111116,enhancement
111117,bug
111118,enhancement
111118,usability
111125,bug
111125,regression
111129,enhancement
111129,performance
111135,enhancement
111136,bug
111136,regression
111139,documentation
111139,enhancement
111140,enhancement
111140,usability
111156,enhancement
111162,enhancement
111163,enhancement
111163,performance
111165,enhancement
111165,performance
111166,bug
111168,enhancement
111172,enhancement
111178,enhancement
111183,enhancement
111183,performance
111184,enhancement
111185,enhancement
111190,bug
111192,bug
111195,enhancement
111195,performance
111198,enhancement
111198,performance
111204,enhancement
111206,enhancement
111210,enhancement
111210,performance
111211,enhancement
111212,enhancement
111216,bug
111216,documentation
111221,enhancement
111221,performance
111222,bug
111223,enhancement
111223,performance
111224,enhancement
111226,enhancement
111226,usability
111227,bug
111227,regression
111230,bug
111234,bug
111240,bug
111242,bug
111242,regression
111244,enhancement
111244,performance
111248,bug
111249,enhancement
111250,bug
111251,bug
111251,documentation
111253,bug
111254,enhancement
111254,performance
111258,bug
111260,bug
111262,enhancement
111266,bug
111267,documentation
111267,enhancement
111270,enhancement
111273,bug
111273,usability
111274,enhancement
111277,bug
111284,enhancement
111285,enhancement
111288,bug
111289,enhancement
111290,bug
111290,regression
111292,bug
111292,crash
111294,enhancement
111296,enhancement
111297,enhancement
111297,performance
111298,bug
111299,bug
111300,bug
111300,regression
111301,bug
111302,bug
111302,documentation
111303,bug
111304,enhancement
111304,performance
111305,bug
111305,usability
111307,bug
111309,enhancement
111310,bug
111310,documentation
111313,bug
111316,bug
111316,regression
111318,enhancement
111321,bug
111323,discussion
111323,enhancement
111325,bug
111326,bug
111326,enhancement
111327,enhancement
111327,performance
111329,bug
111331,bug
111331,regression
111332,documentation
111332,enhancement
111333,enhancement
111334,documentation
111334,enhancement
111337,enhancement
111337,performance
111339,enhancement
111339,performance
111341,enhancement
111342,enhancement
111345,bug
111345,regression
111346,bug
111346,enhancement
111347,enhancement
111347,performance
111355,bug
111355,regression
111356,bug
111358,enhancement
111361,enhancement
111367,enhancement
111368,bug
111368,regression
111369,bug
111369,regression
111375,documentation
111375,enhancement
111375,usability
111378,enhancement
111378,performance
111383,enhancement
111384,bug
111386,bug
111386,regression
111387,bug
111388,bug
111388,enhancement
111388,regression
111389,bug
111389,crash
111393,bug
111396,bug
111398,bug
111402,enhancement
111402,performance
111403,bug
111403,regression
111405,enhancement
111405,performance
111408,bug
111408,crash
111411,enhancement
111419,enhancement
111425,enhancement
111426,bug
111426,documentation
111427,bug
111427,crash
111431,enhancement
111432,bug
111434,bug
111437,bug
111438,bug
111438,regression
111439,bug
111443,bug
111443,crash
111444,bug
111444,crash
111445,enhancement
111448,enhancement
111448,usability
111449,enhancement
111449,usability
111452,enhancement
111452,performance
111454,bug
111454,regression
111455,enhancement
111456,bug
111459,documentation
111459,enhancement
111460,enhancement
111461,enhancement
111464,bug
111464,enhancement
111466,bug
111466,regression
111469,enhancement
111469,usability
111470,enhancement
111471,enhancement
111472,bug
111472,enhancement
111473,bug
111476,bug
111478,bug
111478,regression
111481,enhancement
111481,performance
111484,enhancement
111485,enhancement
111487,bug
111487,regression
111490,enhancement
111491,enhancement
111493,bug
111496,bug
111498,bug
111499,enhancement
111503,bug
111503,regression
111504,bug
111504,discussion
111507,bug
111509,enhancement
111509,usability
111516,enhancement
111517,bug
111518,enhancement
111522,bug
111523,bug
111524,enhancement
111527,bug
111528,enhancement
111529,bug
111535,bug
111538,enhancement
111542,enhancement
111547,enhancement
111547,usability
111552,bug
111556,bug
111556,documentation
111561,bug
111566,bug
111569,enhancement
111570,bug
111572,enhancement
111573,enhancement
111573,performance
111577,bug
111578,bug
111580,bug
111581,enhancement
111584,bug
111586,bug
111589,enhancement
111591,bug
111591,documentation
111596,bug
111597,enhancement
111597,performance
111600,enhancement
111601,bug
111601,regression
111606,bug
111612,enhancement
111613,bug
111614,enhancement
111615,bug
111617,bug
111617,crash
111617,regression
111620,enhancement
111620,performance
111621,bug
111622,bug
111624,enhancement
111633,enhancement
111633,performance
111637,enhancement
111637,performance
111639,bug
111641,bug
111648,bug
111648,usability
111649,enhancement
111651,bug
111652,bug
111652,performance
111652,regression
111657,bug
111658,bug
111661,enhancement
111661,usability
111663,bug
111663,regression
111672,bug
111672,documentation
111674,bug
111679,enhancement
111681,enhancement
111684,bug
111687,bug
111688,bug
111688,enhancement
111688,regression
111691,bug
111691,regression
111696,bug
111700,enhancement
111703,enhancement
111707,feature proposal
111711,bug
111714,enhancement
111715,enhancement
111732,enhancement
111733,bug
111742,enhancement
111744,enhancement
111745,bug
111747,bug
111748,documentation
111748,enhancement
111755,bug
111758,bug
111761,bug
111762,bug
111762,performance
111766,enhancement
111766,performance
111767,enhancement
111767,performance
111771,bug
111772,bug
111773,enhancement
111774,documentation
111774,enhancement
111780,bug
111780,usability
111782,bug
111782,documentation
111791,bug
111791,regression
111795,bug
111797,bug
111797,regression
111799,enhancement
111800,enhancement
111801,bug
111803,bug
111804,documentation
111804,enhancement
111805,enhancement
111806,enhancement
111810,bug
111810,crash
111811,bug
111815,enhancement
111816,enhancement
111817,bug
111817,documentation
111819,enhancement
111820,bug
111821,enhancement
111830,documentation
111830,enhancement
111834,bug
111834,regression
111837,bug
111837,enhancement
111839,bug
111841,bug
111845,bug
111847,bug
111852,bug
111852,documentation
111858,discussion
111858,enhancement
111858,usability
111859,bug
111863,bug
111863,documentation
111865,bug
111870,enhancement
111871,bug
111871,enhancement
111874,bug
111878,bug
111883,bug
111888,enhancement
111896,documentation
111896,enhancement
111897,enhancement
111901,enhancement
111901,usability
111909,enhancement
111912,bug
111913,bug
111913,enhancement
111918,bug
111919,enhancement
111921,bug
111921,regression
111926,enhancement
111934,bug
111934,crash
111935,enhancement
111941,enhancement
111941,usability
111952,enhancement
111952,usability
111954,bug
111954,enhancement
111957,bug
111957,regression
111960,bug
111960,crash
111962,documentation
111962,enhancement
111963,documentation
111963,enhancement
111964,bug
111964,regression
111965,discussion
111965,enhancement
111967,bug
111967,enhancement
111969,enhancement
111975,enhancement
111976,bug
111983,bug
111988,bug
111998,bug
112002,enhancement
112004,enhancement
112005,enhancement
112006,documentation
112006,enhancement
112011,enhancement
112015,bug
112016,bug
112016,regression
112019,bug
112019,enhancement
112023,bug
112026,enhancement
112029,enhancement
112030,enhancement
112031,bug
112033,bug
112033,regression
112034,bug
112035,enhancement
112036,enhancement
112041,enhancement
112046,bug
112047,bug
112047,regression
112048,bug
112052,bug
112052,regression
112054,enhancement
112058,bug
112063,bug
112063,documentation
112064,enhancement
112066,documentation
112066,enhancement
112069,enhancement
112070,bug
112073,enhancement
112076,bug
112076,regression
112084,enhancement
112084,usability
112087,enhancement
112092,enhancement
112094,bug
112094,crash
112095,bug
112100,enhancement
112103,bug
112104,bug
112107,documentation
112107,enhancement
112113,bug
112115,feature proposal
112115,usability
112116,enhancement
112120,documentation
112120,enhancement
112123,documentation
112123,enhancement
112124,bug
112124,enhancement
112128,bug
112129,enhancement
112129,performance
112131,bug
112131,regression
112132,bug
112133,bug
112134,bug
112135,bug
112137,enhancement
112140,documentation
112140,enhancement
112141,bug
112141,documentation
112142,bug
112145,bug
112148,bug
112148,usability
112149,feature proposal
112152,bug
112152,performance
112152,regression
112156,bug
112168,bug
112170,bug
112170,crash
112173,bug
112174,enhancement
112174,usability
112176,enhancement
112178,bug
112180,documentation
112180,enhancement
112184,enhancement
112185,bug
112185,regression
112187,enhancement
112190,bug
112191,bug
112192,bug
112193,enhancement
112196,enhancement
112201,bug
112208,bug
112208,regression
112210,bug
112212,bug
112215,enhancement
112219,enhancement
112220,enhancement
112227,bug
112231,enhancement
112233,enhancement
112233,usability
112236,bug
112239,bug
112239,regression
112241,bug
112241,crash
112242,bug
112243,bug
112245,bug
112246,enhancement
112249,bug
112249,regression
112251,bug
112255,bug
112259,enhancement
112260,bug
112261,documentation
112261,enhancement
112264,bug
112264,regression
112267,bug
112267,enhancement
112268,bug
112268,regression
112269,bug
112271,bug
112272,bug
112272,regression
112277,bug
112277,usability
112279,enhancement
112285,bug
112287,enhancement
112290,enhancement
112291,bug
112295,bug
112295,regression
112296,bug
112297,bug
112298,bug
112298,regression
112298,usability
112299,enhancement
112301,bug
112307,enhancement
112313,enhancement
112316,enhancement
112317,bug
112318,documentation
112318,enhancement
112322,bug
112333,bug
112334,bug
112337,bug
112339,bug
112339,crash
112339,regression
112343,enhancement
112343,usability
112344,bug
112349,bug
112349,crash
112349,regression
112350,enhancement
112351,bug
112351,enhancement
112352,enhancement
112360,enhancement
112361,bug
112363,bug
112368,enhancement
112368,performance
112371,enhancement
112375,enhancement
112375,usability
112377,bug
112378,bug
112378,crash
112378,regression
112379,enhancement
112379,usability
112381,enhancement
112382,bug
112383,bug
112384,bug
112384,enhancement
112386,bug
112386,regression
112396,enhancement
112398,bug
112401,bug
112401,crash
112402,bug
112404,bug
112404,crash
112408,enhancement
112410,enhancement
112411,enhancement
112415,enhancement
112421,enhancement
112426,enhancement
112428,bug
112428,regression
112435,bug
112435,regression
112436,enhancement
112437,bug
112441,enhancement
112443,bug
112444,enhancement
112446,bug
112447,enhancement
112448,enhancement
112450,bug
112451,bug
112451,documentation
112459,discussion
112459,enhancement
112465,bug
112466,bug
112466,documentation
112470,enhancement
112471,bug
112471,regression
112475,bug
112481,bug
112481,performance
112481,regression
112483,bug
112486,bug
112486,documentation
112487,documentation
112487,enhancement
112491,enhancement
112494,bug
112494,regression
112496,bug
112497,bug
112499,bug
112504,enhancement
112504,usability
112506,bug
112506,enhancement
112506,performance
112507,bug
112514,bug
112514,regression
112524,enhancement
112526,enhancement
112534,bug
112537,bug
112538,enhancement
112539,enhancement
112541,bug
112545,bug
112545,enhancement
112547,bug
112547,regression
112551,bug
112556,bug
112559,enhancement
112562,enhancement
112563,bug
112571,bug
112571,regression
112573,bug
112575,enhancement
112577,enhancement
112585,bug
112587,bug
112587,crash
112590,enhancement
112590,usability
112593,bug
112594,enhancement
112597,bug
112600,enhancement
112602,bug
112604,bug
112607,bug
112607,regression
112615,bug
112617,enhancement
112621,bug
112621,usability
112623,bug
112625,bug
112627,bug
112627,regression
112627,usability
112629,bug
112630,enhancement
112630,performance
112636,bug
112636,regression
112638,bug
112642,bug
112642,documentation
112642,enhancement
112657,enhancement
112657,performance
112659,bug
112660,enhancement
112661,bug
112663,bug
112665,bug
112666,bug
112673,bug
112676,bug
112679,enhancement
112685,bug
112685,crash
112686,bug
112687,bug
112690,enhancement
112690,usability
112691,enhancement
112692,bug
112693,documentation
112693,enhancement
112698,bug
112702,enhancement
112702,performance
112704,enhancement
112708,bug
112708,documentation
112710,bug
112710,regression
112712,bug
112714,bug
112714,documentation
112716,bug
112716,regression
112717,bug
112719,bug
112720,bug
112720,regression
112725,documentation
112725,enhancement
112728,bug
112729,enhancement
112732,bug
112733,enhancement
112733,usability
112736,enhancement
112736,usability
112739,bug
112739,crash
112739,regression
112745,bug
112746,feature proposal
112746,usability
112755,bug
112759,bug
112759,enhancement
112760,bug
112760,crash
112762,enhancement
112764,enhancement
112766,enhancement
112766,usability
112769,bug
112770,documentation
112770,enhancement
112776,enhancement
112777,enhancement
112784,bug
112785,enhancement
112787,enhancement
112790,bug
112791,bug
112792,bug
112793,enhancement
112796,enhancement
112796,usability
112797,enhancement
112798,bug
112800,bug
112800,regression
112801,bug
112803,bug
112805,bug
112807,bug
112810,bug
112810,regression
112813,bug
112819,enhancement
112823,bug
112824,bug
112824,regression
112825,bug
112828,bug
112830,bug
112831,bug
112831,regression
112844,enhancement
112850,enhancement
112850,usability
112852,bug
112853,enhancement
112856,bug
112856,regression
112857,bug
112857,crash
112858,enhancement
112859,bug
112859,crash
112861,bug
112867,enhancement
112874,bug
112874,regression
112881,bug
112881,regression
112882,bug
112882,regression
112884,enhancement
112887,enhancement
112888,enhancement
112889,enhancement
112890,enhancement
112893,enhancement
112895,bug
112895,regression
112897,bug
112899,enhancement
112903,bug
112903,regression
112904,bug
112904,regression
112907,documentation
112907,enhancement
112911,bug
112911,crash
112912,bug
112914,bug
112914,regression
112916,bug
112916,regression
112919,enhancement
112919,usability
112922,bug
112923,bug
112923,regression
112924,enhancement
112925,enhancement
112927,bug
112928,bug
112930,bug
112930,regression
112932,bug
112935,bug
112935,regression
112940,bug
112940,regression
112941,bug
112941,regression
112945,bug
112952,bug
112952,documentation
112953,bug
112961,bug
112962,bug
112962,documentation
112967,bug
112969,bug
112972,bug
112978,bug
112978,regression
112985,enhancement
112986,bug
112986,documentation
112989,bug
112990,documentation
112990,enhancement
112991,enhancement
112992,enhancement
112993,enhancement
112993,usability
112994,bug
112994,regression
112995,bug
112996,enhancement
112996,usability
112997,bug
112997,regression
112998,bug
112999,enhancement
112999,usability
113000,bug
113010,enhancement
113010,performance
113013,bug
113013,performance
113014,enhancement
113014,usability
113017,bug
113017,regression
113023,bug
113026,bug
113026,enhancement
113026,usability
113028,bug
113029,bug
113030,bug
113031,bug
113034,enhancement
113039,bug
113039,crash
113041,enhancement
113044,bug
113044,regression
113051,enhancement
113051,usability
113055,bug
113055,regression
113059,bug
113060,enhancement
113061,bug
113062,enhancement
113064,bug
113065,bug
113065,enhancement
113065,regression
113068,enhancement
113070,bug
113073,bug
113073,documentation
113074,enhancement
113075,bug
113075,regression
113078,bug
113078,regression
113080,bug
113084,bug
113088,bug
113096,enhancement
113099,bug
113101,bug
113106,bug
113108,enhancement
113112,enhancement
113114,bug
113115,enhancement
113117,bug
113120,bug
113122,documentation
113122,enhancement
113126,bug
113126,regression
113128,enhancement
113129,enhancement
113130,bug
113130,regression
113132,enhancement
113132,performance
113133,enhancement
113134,enhancement
113135,bug
113138,bug
113140,bug
113145,bug
113145,crash
113145,regression
113150,bug
113151,bug
113151,regression
113159,bug
113159,regression
113160,bug
113160,regression
113161,bug
113161,regression
113164,bug
113164,crash
113164,regression
113167,bug
113167,regression
113172,bug
113172,regression
113176,bug
113178,enhancement
113179,bug
113179,crash
113179,regression
113181,enhancement
113185,bug
113185,enhancement
113186,bug
113187,bug
113187,regression
113190,enhancement
113191,bug
113191,regression
113193,bug
113194,bug
113195,bug
113197,documentation
113197,enhancement
113199,enhancement
113202,enhancement
113204,bug
113206,enhancement
113209,bug
113209,crash
113211,bug
113213,enhancement
113218,enhancement
113220,bug
113221,enhancement
113225,enhancement
113228,bug
113228,enhancement
113230,enhancement
113232,bug
113232,regression
113234,bug
113234,regression
113235,bug
113235,regression
113236,bug
113236,regression
113237,bug
113237,regression
113241,bug
113241,enhancement
113241,regression
113244,enhancement
113244,performance
113245,bug
113246,bug
113246,usability
113247,enhancement
113251,bug
113252,enhancement
113253,enhancement
113255,enhancement
113256,bug
113256,enhancement
113257,enhancement
113261,bug
113261,documentation
113261,enhancement
113262,bug
113262,usability
113267,bug
113268,bug
113268,documentation
113269,enhancement
113275,enhancement
113277,bug
113279,enhancement
113279,performance
113282,enhancement
113284,enhancement
113285,bug
113288,enhancement
113293,bug
113296,bug
113297,enhancement
113298,bug
113300,bug
113302,bug
113306,bug
113320,bug
113322,bug
113322,regression
113334,bug
113338,enhancement
113339,bug
113341,enhancement
113342,enhancement
113346,enhancement
113351,enhancement
113352,enhancement
113352,usability
113353,bug
113353,crash
113353,regression
113365,enhancement
113366,bug
113367,enhancement
113372,bug
113380,bug
113381,bug
113381,documentation
113383,bug
113385,enhancement
113387,enhancement
113388,bug
113388,regression
113389,bug
113390,bug
113392,enhancement
113393,bug
113393,regression
113395,bug
113395,crash
113395,regression
113396,enhancement
113398,bug
113403,enhancement
113407,bug
113407,regression
113413,bug
113415,enhancement
113415,usability
113416,enhancement
113416,usability
113418,enhancement
113420,enhancement
113429,enhancement
113429,performance
113430,enhancement
113432,bug
113433,enhancement
113447,enhancement
113447,performance
113450,enhancement
113455,bug
113457,enhancement
113458,enhancement
113458,usability
113459,bug
113460,bug
113460,regression
113461,bug
113464,enhancement
113464,regression
113467,bug
113467,regression
113469,enhancement
113470,enhancement
113471,bug
113471,regression
113473,bug
113475,bug
113477,bug
113477,crash
113479,enhancement
113479,usability
113486,bug
113489,enhancement
113492,bug
113493,bug
113494,bug
113494,regression
113500,bug
113500,regression
113503,bug
113503,regression
113507,bug
113507,regression
113509,bug
113510,bug
113510,regression
113511,bug
113511,regression
113512,enhancement
113514,enhancement
113514,performance
113521,bug
113521,enhancement
113521,regression
113521,usability
113522,enhancement
113522,usability
113524,bug
113524,regression
113525,bug
113525,regression
113526,bug
113526,crash
113527,bug
113527,regression
113531,bug
113533,bug
113537,bug
113537,regression
113541,bug
113541,regression
113543,enhancement
113546,bug
113547,bug
113550,bug
113552,bug
113552,enhancement
113553,enhancement
113554,bug
113554,regression
113557,bug
113562,enhancement
113564,bug
113564,regression
113572,bug
113572,regression
113573,bug
113573,crash
113573,regression
113574,bug
113574,enhancement
113575,bug
113578,bug
113578,regression
113580,bug
113580,regression
113581,bug
113581,regression
113582,bug
113585,bug
113586,enhancement
113587,enhancement
113587,usability
113591,bug
113594,bug
113598,bug
113599,bug
113600,bug
113600,regression
113601,bug
113605,enhancement
113605,performance
113608,bug
113609,bug
113611,bug
113612,bug
113612,regression
113615,bug
113615,crash
113615,enhancement
113615,usability
113616,enhancement
113618,enhancement
113618,performance
113619,bug
113622,bug
113622,regression
113626,bug
113626,usability
113630,bug
113631,bug
113631,crash
113632,enhancement
113633,bug
113637,bug
113639,enhancement
113642,bug
113642,crash
113643,enhancement
113645,bug
113648,bug
113649,bug
113649,regression
113650,bug
113650,regression
113656,bug
113656,enhancement
113660,bug
113660,regression
113664,bug
113666,enhancement
113666,regression
113666,usability
113688,bug
113690,enhancement
113692,bug
113697,enhancement
113701,bug
113701,regression
113703,bug
113706,enhancement
113708,bug
113708,crash
113709,bug
113711,bug
113713,bug
113714,bug
113714,regression
113723,bug
113728,bug
113730,enhancement
113733,enhancement
113740,bug
113741,bug
113741,regression
113742,bug
113742,regression
113743,enhancement
113744,bug
113746,bug
113746,regression
113748,enhancement
113748,usability
113753,bug
113754,enhancement
113755,bug
113757,bug
113761,enhancement
113762,enhancement
113765,enhancement
113767,enhancement
113772,enhancement
113773,bug
113774,bug
113775,bug
113775,regression
113776,bug
113781,enhancement
113781,performance
113782,bug
113782,documentation
113785,enhancement
113786,bug
113788,bug
113789,bug
113789,regression
113790,bug
113790,usability
113794,bug
113794,crash
113800,bug
113801,bug
113801,regression
113802,bug
113804,bug
113807,bug
113807,enhancement
113808,enhancement
113812,bug
113813,bug
113814,bug
113815,bug
113816,enhancement
113818,bug
113818,regression
113820,bug
113822,bug
113822,regression
113824,enhancement
113828,bug
113828,usability
113830,bug
113830,crash
113835,bug
113837,bug
113842,bug
113844,bug
113844,regression
113848,bug
113851,bug
113856,bug
113857,bug
113859,bug
113861,bug
113870,bug
113870,regression
113871,bug
113873,enhancement
113875,documentation
113875,enhancement
113878,bug
113879,enhancement
113886,enhancement
113888,documentation
113888,enhancement
113890,bug
113890,regression
113893,bug
113895,bug
113895,crash
113896,bug
113903,bug
113903,regression
113905,bug
113908,bug
113908,regression
113912,bug
113915,bug
113916,bug
113916,regression
113916,usability
113917,enhancement
113920,enhancement
113922,bug
113922,regression
113922,usability
113923,enhancement
113923,usability
113924,bug
113924,regression
113926,enhancement
113927,documentation
113927,enhancement
113933,bug
113934,bug
113935,enhancement
113936,enhancement
113938,bug
113939,bug
113939,regression
113940,enhancement
113944,bug
113945,enhancement
113946,bug
113946,enhancement
113947,bug
113947,enhancement
113949,enhancement
113950,bug
113950,enhancement
113954,enhancement
113954,usability
113956,bug
113957,enhancement
113960,enhancement
113961,bug
113962,bug
113962,regression
113963,enhancement
113964,enhancement
113965,enhancement
113966,bug
113966,regression
113967,bug
113967,enhancement
113968,enhancement
113969,bug
113970,feature proposal
113970,performance
113974,bug
113974,regression
113977,bug
113977,enhancement
113979,enhancement
113979,usability
113982,enhancement
113983,enhancement
113985,bug
113985,regression
113986,bug
113986,crash
113986,regression
113987,enhancement
113988,bug
113990,enhancement
114001,bug
114015,bug
114026,enhancement
114027,bug
114027,regression
114032,bug
114032,regression
114033,bug
114035,bug
114035,regression
114037,bug
114039,bug
114040,bug
114043,enhancement
114045,enhancement
114047,bug
114047,regression
114051,enhancement
114053,bug
114053,documentation
114054,bug
114054,enhancement
114054,regression
114056,bug
114056,regression
114057,enhancement
114057,usability
114062,bug
114062,crash
114063,bug
114072,bug
114073,bug
114073,crash
114075,enhancement
114076,enhancement
114076,performance
114079,bug
114080,bug
114081,enhancement
114082,bug
114084,enhancement
114086,bug
114087,documentation
114087,enhancement
114091,bug
114091,regression
114097,enhancement
114097,usability
114098,bug
114098,enhancement
114100,enhancement
114102,enhancement
114105,enhancement
114115,bug
114115,regression
114116,documentation
114116,enhancement
114120,bug
114120,regression
114122,bug
114122,regression
114129,bug
114129,enhancement
114131,bug
114132,bug
114133,bug
114141,bug
114141,usability
114142,enhancement
114146,bug
114152,enhancement
114155,enhancement
114155,usability
114158,enhancement
114159,enhancement
114162,enhancement
114163,bug
114164,bug
114165,enhancement
114167,bug
114167,regression
114168,enhancement
114169,bug
114169,regression
114175,bug
114175,regression
114176,bug
114177,bug
114177,regression
114178,enhancement
114180,bug
114180,crash
114181,bug
114183,bug
114183,regression
114185,enhancement
114186,enhancement
114187,bug
114187,crash
114189,bug
114189,regression
114190,bug
114194,bug
114196,bug
114196,crash
114198,enhancement
114200,bug
114202,bug
114205,enhancement
114205,usability
114207,bug
114210,bug
114211,bug
114212,bug
114222,bug
114225,documentation
114225,enhancement
114227,bug
114227,regression
114231,bug
114231,usability
114234,enhancement
114236,enhancement
114237,bug
114240,bug
114240,regression
114243,documentation
114243,enhancement
114247,bug
114247,crash
114249,bug
114252,bug
114252,regression
114253,documentation
114253,enhancement
114259,enhancement
114259,usability
114261,bug
114261,usability
114262,documentation
114262,enhancement
114266,bug
114266,usability
114269,bug
114269,documentation
114279,bug
114279,regression
114281,bug
114281,regression
114283,enhancement
114290,bug
114290,regression
114290,usability
114291,documentation
114291,enhancement
114300,enhancement
114313,bug
114314,bug
114315,bug
114316,enhancement
114323,enhancement
114324,enhancement
114325,bug
114325,regression
114327,enhancement
114328,bug
114330,bug
114334,bug
114335,bug
114335,regression
114336,enhancement
114348,enhancement
114354,bug
114354,crash
114355,bug
114356,bug
114360,enhancement
114363,bug
114364,bug
114366,enhancement
114368,bug
114369,enhancement
114369,usability
114372,documentation
114372,enhancement
114375,documentation
114375,enhancement
114382,bug
114384,bug
114385,enhancement
114392,enhancement
114392,usability
114394,enhancement
114395,enhancement
114398,bug
114400,bug
114400,enhancement
114401,crash
114401,regression
114404,bug
114405,bug
114406,enhancement
114408,bug
114410,bug
114412,bug
114416,bug
114416,crash
114419,bug
114419,regression
114425,bug
114425,crash
114431,bug
114438,bug
114438,regression
114439,bug
114439,crash
114442,enhancement
114444,bug
114444,usability
114445,bug
114445,usability
114448,enhancement
114449,enhancement
114449,usability
114453,bug
114453,regression
114454,enhancement
114457,bug
114458,bug
114463,bug
114464,enhancement
114465,bug
114467,bug
114476,bug
114482,bug
114482,regression
114483,bug
114484,enhancement
114487,bug
114488,enhancement
114495,bug
114497,bug
114499,bug
114501,enhancement
114505,enhancement
114506,enhancement
114507,bug
114507,crash
114507,regression
114509,bug
114519,bug
114521,bug
114525,bug
114527,enhancement
114533,enhancement
114534,enhancement
114535,bug
114537,bug
114541,bug
114541,regression
114543,bug
114551,documentation
114551,enhancement
114556,enhancement
114557,bug
114558,bug
114559,bug
114559,performance
114560,enhancement
114563,documentation
114563,enhancement
114568,enhancement
114569,bug
114569,enhancement
114571,enhancement
114571,usability
114572,bug
114572,regression
114574,bug
114574,enhancement
114578,bug
114579,bug
114579,regression
114580,documentation
114580,enhancement
114581,bug
114582,enhancement
114582,usability
114593,bug
114593,crash
114596,enhancement
114598,bug
114598,enhancement
114603,bug
114603,regression
114604,bug
114615,bug
114620,bug
114621,bug
114621,regression
114622,bug
114626,bug
114630,enhancement
114634,bug
114634,enhancement
114634,regression
114635,bug
114636,bug
114636,crash
114638,documentation
114638,enhancement
114645,bug
114645,regression
114647,bug
114653,bug
114655,bug
114657,bug
114659,bug
114659,regression
114662,bug
114664,bug
114665,bug
114665,enhancement
114668,bug
114668,crash
114671,feature proposal
114678,enhancement
114678,performance
114680,bug
114680,regression
114682,bug
114683,enhancement
114684,enhancement
114688,documentation
114688,enhancement
114695,bug
114695,regression
114697,bug
114697,regression
114698,enhancement
114700,enhancement
114703,bug
114705,bug
114706,bug
114706,documentation
114709,bug
114712,documentation
114712,enhancement
114714,enhancement
114717,discussion
114717,enhancement
114717,usability
114722,bug
114722,usability
114727,bug
114727,regression
114731,bug
114732,bug
114733,enhancement
114734,enhancement
114740,bug
114741,bug
114741,regression
114742,bug
114744,bug
114744,regression
114746,bug
114746,crash
114751,enhancement
114752,bug
114752,regression
114753,enhancement
114756,enhancement
114759,bug
114760,bug
114762,bug
114765,bug
114765,crash
114765,regression
114766,bug
114767,bug
114768,bug
114770,enhancement
114772,bug
114772,regression
114773,bug
114773,regression
114774,documentation
114774,enhancement
114778,bug
114778,regression
114781,bug
114781,regression
114783,bug
114784,enhancement
114785,bug
114789,bug
114789,usability
114790,bug
114791,bug
114791,crash
114791,regression
114793,bug
114793,usability
114796,documentation
114796,enhancement
114797,bug
114797,regression
114801,bug
114802,bug
114802,usability
114804,bug
114804,regression
114806,bug
114806,regression
114807,bug
114807,enhancement
114808,bug
114808,regression
114813,enhancement
114813,usability
114814,bug
114820,bug
114821,enhancement
114827,bug
114829,bug
114829,regression
114829,usability
114834,bug
114838,bug
114839,bug
114844,bug
114844,regression
114847,bug
114849,enhancement
114851,enhancement
114852,bug
114852,regression
114855,bug
114861,enhancement
114862,enhancement
114866,enhancement
114866,usability
114867,bug
114868,bug
114870,bug
114870,regression
114871,bug
114874,bug
114874,usability
114876,enhancement
114876,usability
114879,bug
114881,bug
114882,bug
114885,bug
114885,regression
114886,bug
114890,bug
114890,regression
114893,bug
114895,enhancement
114897,enhancement
114898,documentation
114898,enhancement
114901,bug
114901,regression
114902,bug
114902,regression
114904,bug
114907,bug
114907,regression
114908,bug
114908,regression
114916,enhancement
114917,enhancement
114918,documentation
114918,enhancement
114921,bug
114922,bug
114927,bug
114927,enhancement
114928,bug
114929,bug
114930,enhancement
114931,bug
114932,bug
114932,regression
114934,bug
114934,regression
114935,bug
114935,regression
114938,bug
114941,bug
114943,bug
114947,bug
114950,bug
114951,bug
114952,bug
114956,bug
114956,usability
114957,bug
114960,bug
114960,documentation
114962,bug
114963,bug
114963,regression
114966,bug
114968,bug
114970,bug
114971,enhancement
114971,usability
114978,bug
114978,regression
114979,bug
114979,documentation
114982,bug
114990,documentation
114990,enhancement
114994,bug
114994,regression
115002,bug
115003,feature proposal
115006,bug
115008,enhancement
115010,bug
115010,regression
115013,bug
115021,bug
115022,bug
115026,bug
115029,bug
115029,regression
115034,bug
115037,bug
115038,enhancement
115039,enhancement
115039,usability
115041,bug
115041,regression
115045,bug
115045,usability
115049,bug
115049,performance
115053,documentation
115053,enhancement
115066,bug
115067,bug
115067,regression
115070,bug
115074,bug
115074,regression
115083,bug
115084,bug
115084,regression
115089,bug
115090,bug
115090,regression
115093,enhancement
115093,performance
115101,enhancement
115108,enhancement
115111,enhancement
115111,usability
115114,enhancement
115116,bug
115118,bug
115118,regression
115119,enhancement
115121,enhancement
115124,bug
115125,bug
115128,bug
115128,regression
115129,bug
115129,usability
115132,enhancement
115137,enhancement
115143,enhancement
115145,bug
115145,regression
115145,usability
115147,bug
115147,enhancement
115148,bug
115148,regression
115151,bug
115152,bug
115152,regression
115157,enhancement
115158,enhancement
115161,bug
115161,regression
115163,bug
115163,regression
115166,bug
115172,bug
115175,bug
115175,regression
115177,enhancement
115177,performance
115181,bug
115181,discussion
115181,documentation
115181,enhancement
115184,bug
115189,enhancement
115190,enhancement
115192,enhancement
115193,bug
115194,bug
115196,bug
115197,bug
115198,bug
115198,crash
115199,bug
115200,enhancement
115202,bug
115203,documentation
115203,enhancement
115208,bug
115208,regression
115215,bug
115218,bug
115222,bug
115228,enhancement
115229,enhancement
115230,bug
115231,bug
115231,regression
115234,enhancement
115242,bug
115242,regression
115245,bug
115248,bug
115249,bug
115249,regression
115253,documentation
115253,enhancement
115254,enhancement
115257,bug
115266,bug
115266,usability
115267,bug
115267,usability
115274,bug
115275,enhancement
115278,bug
115282,bug
115289,bug
115290,bug
115292,bug
115293,bug
115293,regression
115294,bug
115295,bug
115296,bug
115296,documentation
115297,enhancement
115298,bug
115298,regression
115299,bug
115299,crash
115299,regression
115302,bug
115303,documentation
115303,enhancement
115305,bug
115308,documentation
115308,enhancement
115309,enhancement
115309,performance
115314,bug
115314,regression
115315,bug
115316,bug
115325,bug
115325,enhancement
115326,bug
115326,enhancement
115327,bug
115330,bug
115330,regression
115340,enhancement
115346,enhancement
115347,bug
115348,bug
115348,regression
115351,enhancement
115351,usability
115353,bug
115358,enhancement
115358,usability
115359,enhancement
115360,enhancement
115360,performance
115364,bug
115364,regression
115372,enhancement
115373,bug
115373,crash
115377,bug
115377,discussion
115378,bug
115379,enhancement
115383,enhancement
115389,enhancement
115390,bug
115392,bug
115394,enhancement
115396,enhancement
115396,performance
115399,bug
115401,enhancement
115410,bug
115412,bug
115422,bug
115422,regression
115426,enhancement
115430,bug
115430,regression
115434,bug
115434,enhancement
115437,bug
115447,bug
115450,bug
115452,enhancement
115452,performance
115461,bug
115462,enhancement
115466,documentation
115466,enhancement
115473,bug
115473,enhancement
115474,enhancement
115482,bug
115482,enhancement
115498,enhancement
115502,enhancement
115504,bug
115509,bug
115509,regression
115510,bug
115514,documentation
115514,enhancement
115515,bug
115515,crash
115515,regression
115520,enhancement
115528,bug
115530,bug
115530,regression
115532,bug
115533,bug
115535,bug
115543,bug
115543,enhancement
115545,enhancement
115549,bug
115549,documentation
115551,enhancement
115557,bug
115557,regression
115565,bug
115565,crash
115566,enhancement
115569,bug
115569,regression
115570,enhancement
115570,performance
115574,enhancement
115575,bug
115575,regression
115576,bug
115577,enhancement
115577,performance
115587,bug
115594,bug
115594,documentation
115596,bug
115601,bug
115602,bug
115603,bug
115605,enhancement
115606,bug
115606,regression
115607,enhancement
115607,performance
115608,bug
115608,regression
115609,bug
115619,bug
115620,bug
115623,enhancement
115632,enhancement
115633,bug
115637,bug
115639,enhancement
115639,performance
115644,bug
115644,regression
115646,enhancement
115649,enhancement
115653,enhancement
115659,documentation
115659,enhancement
115666,enhancement
115671,bug
115671,regression
115672,bug
115672,regression
115674,enhancement
115681,bug
115681,documentation
115685,bug
115685,regression
115687,bug
115689,bug
115690,bug
115692,bug
115697,enhancement
115699,bug
115702,documentation
115702,enhancement
115704,bug
115705,enhancement
115708,bug
115710,bug
115713,bug
115714,bug
115718,bug
115719,enhancement
115719,usability
115726,bug
115728,bug
115729,bug
115729,regression
115732,enhancement
115732,performance
115738,bug
115741,enhancement
115741,performance
115749,bug
115749,enhancement
115749,performance
115750,enhancement
115751,bug
115752,enhancement
115757,bug
115757,performance
115757,regression
115758,enhancement
115759,bug
115759,crash
115759,regression
115760,bug
115760,regression
115761,bug
115763,bug
115763,crash
115765,enhancement
115767,enhancement
115773,enhancement
115778,bug
115778,regression
115784,bug
115788,enhancement
115793,bug
115793,crash
115793,regression
115794,enhancement
115794,usability
115796,enhancement
115797,bug
115799,feature proposal
115800,bug
115802,bug
115808,bug
115814,bug
115814,regression
115819,enhancement
115820,documentation
115820,enhancement
115822,bug
115823,bug
115827,bug
115829,bug
115834,bug
115834,regression
115839,bug
115839,usability
115840,bug
115840,crash
115840,regression
115842,enhancement
115845,bug
115851,enhancement
115851,performance
115855,bug
115855,enhancement
115856,enhancement
115862,bug
115862,regression
115865,bug
115868,bug
115868,regression
115870,bug
115870,crash
115870,regression
115871,bug
115874,bug
115874,crash
115874,regression
115876,bug
115876,usability
115877,enhancement
115879,enhancement
115883,enhancement
115884,enhancement
115888,enhancement
115895,bug
115895,crash
115895,documentation
115896,enhancement
115900,enhancement
115903,bug
115904,bug
115911,enhancement
115916,enhancement
115917,bug
115917,regression
115919,bug
115919,crash
115921,bug
115921,regression
115923,bug
115923,regression
115927,bug
115928,bug
115931,bug
115931,crash
115932,enhancement
115932,usability
115933,bug
115935,bug
115938,bug
115946,enhancement
115949,bug
115951,bug
115951,regression
115952,enhancement
115954,bug
115957,enhancement
115961,bug
115961,crash
115961,regression
115963,enhancement
115963,performance
115968,bug
115968,crash
115978,enhancement
115980,bug
115992,bug
115993,bug
115993,crash
115998,enhancement
116000,bug
116006,enhancement
116012,bug
116014,bug
116014,crash
116014,regression
116019,enhancement
116023,bug
116024,enhancement
116032,bug
116041,bug
116041,regression
116046,bug
116052,discussion
116052,enhancement
116057,bug
116063,bug
116063,performance
116063,regression
116064,bug
116071,bug
116075,bug
116078,bug
116080,bug
116081,enhancement
116081,usability
116082,bug
116088,bug
116088,documentation
116092,enhancement
116097,enhancement
116100,bug
116102,bug
116105,bug
116106,bug
116106,documentation
116107,bug
116107,regression
116111,bug
116111,regression
116117,enhancement
116125,enhancement
116129,documentation
116129,enhancement
116130,enhancement
116140,bug
116140,regression
116142,bug
116142,crash
116142,regression
116153,enhancement
116153,usability
116154,bug
116154,regression
116155,bug
116155,regression
116156,enhancement
116156,usability
116157,bug
116159,bug
116161,enhancement
116164,enhancement
116168,bug
116171,bug
116171,regression
116179,enhancement
116187,enhancement
116192,bug
116194,bug
116194,regression
116196,bug
116197,bug
116197,regression
116198,bug
116199,documentation
116199,enhancement
116201,bug
116203,bug
116205,documentation
116205,enhancement
116207,enhancement
116209,bug
116209,regression
116217,bug
116218,bug
116218,regression
116219,enhancement
116219,usability
116220,enhancement
116225,bug
116225,regression
116226,bug
116227,bug
116236,bug
116236,regression
116238,bug
116238,regression
116241,bug
116241,documentation
116242,bug
116244,feature proposal
116248,enhancement
116256,bug
116261,feature proposal
116263,documentation
116263,enhancement
116264,bug
116264,crash
116265,bug
116265,usability
116269,enhancement
116270,enhancement
116270,usability
116274,enhancement
116277,enhancement
116280,enhancement
116283,bug
116283,regression
116284,performance
116286,bug
116287,bug
116292,enhancement
116295,bug
116299,bug
116299,crash
116300,enhancement
116300,performance
116307,enhancement
116308,enhancement
116309,bug
116312,enhancement
116326,enhancement
116328,bug
116328,usability
116330,bug
116331,bug
116331,regression
116343,bug
116343,regression
116345,enhancement
116345,usability
116349,enhancement
116351,enhancement
116354,bug
116354,crash
116355,enhancement
116355,performance
116366,bug
116368,bug
116369,bug
116371,bug
116373,documentation
116373,enhancement
116376,bug
116376,regression
116380,bug
116380,regression
116381,enhancement
116381,performance
116389,documentation
116389,enhancement
116390,bug
116394,enhancement
116394,performance
116395,bug
116395,regression
116400,bug
116400,regression
116403,bug
116405,enhancement
116406,enhancement
116412,bug
116413,bug
116413,usability
116418,enhancement
116419,bug
116424,feature proposal
116427,enhancement
116428,enhancement
116430,enhancement
116434,enhancement
116440,bug
116440,regression
116450,enhancement
116451,enhancement
116454,enhancement
116454,performance
116455,enhancement
116457,enhancement
116461,documentation
116461,enhancement
116463,bug
116463,regression
116463,usability
116470,enhancement
116470,usability
116475,discussion
116475,enhancement
116475,usability
116480,bug
116486,bug
116490,bug
116494,bug
116496,bug
116504,documentation
116504,enhancement
116512,bug
116512,enhancement
116513,enhancement
116515,bug
116519,bug
116520,enhancement
116520,usability
116524,enhancement
116525,bug
116525,usability
116526,bug
116526,regression
116527,bug
116528,enhancement
116529,enhancement
116530,bug
116531,enhancement
116532,enhancement
116532,usability
116537,bug
116537,regression
116539,enhancement
116541,enhancement
116541,performance
116542,enhancement
116543,enhancement
116544,enhancement
116545,enhancement
116546,bug
116547,bug
116547,crash
116547,regression
116548,enhancement
116550,enhancement
116552,enhancement
116553,enhancement
116555,bug
116555,enhancement
116557,enhancement
116557,usability
116560,enhancement
116560,usability
116562,enhancement
116564,bug
116564,regression
116565,enhancement
116565,usability
116568,bug
116584,bug
116585,bug
116585,usability
116586,bug
116586,regression
116588,bug
116588,regression
116589,bug
116596,enhancement
116597,documentation
116597,enhancement
116601,bug
116617,bug
116617,crash
116617,usability
116619,enhancement
116620,enhancement
116622,bug
116624,enhancement
116624,usability
116625,enhancement
116626,bug
116628,bug
116630,bug
116631,bug
116633,bug
116633,regression
116634,bug
116634,crash
116640,enhancement
116640,usability
116641,bug
116641,regression
116641,usability
116645,documentation
116645,enhancement
116646,enhancement
116647,bug
116647,regression
116648,bug
116651,bug
116658,bug
116661,bug
116662,enhancement
116670,bug
116670,crash
116676,bug
116676,crash
116676,regression
116678,bug
116681,enhancement
116683,bug
116684,enhancement
116685,enhancement
116688,bug
116691,bug
116692,bug
116693,enhancement
116701,enhancement
116711,bug
116714,enhancement
116719,bug
116720,bug
116720,regression
116724,bug
116724,crash
116725,bug
116731,enhancement
116734,enhancement
116734,usability
116737,enhancement
116737,performance
116749,enhancement
116751,enhancement
116751,performance
116752,enhancement
116756,bug
116763,enhancement
116766,enhancement
116766,performance
116768,enhancement
116773,documentation
116773,enhancement
116776,bug
116777,documentation
116777,enhancement
116778,bug
116786,enhancement
116789,enhancement
116790,bug
116791,enhancement
116791,usability
116793,documentation
116793,enhancement
116795,enhancement
116798,enhancement
116800,bug
116800,documentation
116802,documentation
116802,enhancement
116805,documentation
116805,enhancement
116813,enhancement
116813,usability
116814,bug
116818,bug
116823,bug
116824,enhancement
116826,enhancement
116826,performance
116827,enhancement
116830,bug
116834,bug
116834,regression
116839,enhancement
116843,bug
116843,regression
116847,bug
116847,regression
116848,bug
116848,crash
116849,enhancement
116850,bug
116850,regression
116852,bug
116857,bug
116857,regression
116863,bug
116863,crash
116863,regression
116868,enhancement
116868,usability
116882,bug
116888,bug
116899,enhancement
116900,enhancement
116905,bug
116908,documentation
116908,enhancement
116910,bug
116928,bug
116939,enhancement
116940,enhancement
116946,bug
116953,bug
116953,crash
116955,bug
116956,enhancement
116956,usability
116960,bug
116960,crash
116960,regression
116962,enhancement
116963,enhancement
116966,documentation
116966,enhancement
116970,bug
116970,regression
116971,bug
116972,bug
116973,enhancement
116974,enhancement
116976,enhancement
116976,performance
116977,bug
116981,bug
116986,bug
116986,enhancement
116991,enhancement
116992,bug
116993,documentation
116993,enhancement
116995,bug
117008,bug
117008,regression
117010,enhancement
117010,usability
117011,bug
117013,bug
117016,bug
117016,crash
117016,enhancement
117018,bug
117023,bug
117025,bug
117030,bug
117031,bug
117033,bug
117036,bug
117039,bug
117041,bug
117051,bug
117053,bug
117053,crash
117053,regression
117054,enhancement
117056,enhancement
117057,enhancement
117057,performance
117058,bug
117059,enhancement
117059,performance
117060,bug
117062,enhancement
117062,performance
117067,bug
117070,bug
117072,enhancement
117072,usability
117074,bug
117075,enhancement
117080,bug
117087,enhancement
117087,performance
117088,bug
117089,enhancement
117097,enhancement
117098,enhancement
117098,performance
117101,bug
117101,performance
117107,enhancement
117109,feature proposal
117110,bug
117110,crash
117110,regression
117117,bug
117117,regression
117126,bug
117126,regression
117128,bug
117128,crash
117128,regression
117131,bug
117131,crash
117134,bug
117135,bug
117135,regression
117135,usability
117139,bug
117142,bug
117147,bug
117147,regression
117148,enhancement
117149,enhancement
117151,bug
117154,bug
117156,bug
117157,bug
117158,documentation
117158,enhancement
117160,enhancement
117162,bug
117162,performance
117172,bug
117172,regression
117173,bug
117173,enhancement
117178,enhancement
117179,bug
117179,regression
117180,bug
117187,bug
117187,usability
117189,bug
117189,regression
117192,bug
117192,crash
117192,regression
117194,bug
117198,enhancement
117198,usability
117201,bug
117201,regression
117201,usability
117203,bug
117206,enhancement
117208,enhancement
117208,usability
117214,bug
117216,enhancement
117216,usability
117217,bug
117219,bug
117219,crash
117219,regression
117220,bug
117220,regression
117224,bug
117224,regression
117227,bug
117227,documentation
117228,enhancement
117228,usability
117232,bug
117232,regression
117235,enhancement
117235,usability
117242,bug
117244,bug
117244,usability
117250,bug
117253,bug
117255,bug
117255,regression
117256,bug
117268,bug
117268,regression
117270,bug
117273,bug
117273,usability
117275,enhancement
117277,enhancement
117277,performance
117280,bug
117281,documentation
117281,enhancement
117282,bug
117282,usability
117283,bug
117283,usability
117286,enhancement
117289,bug
117290,bug
117290,regression
117294,bug
117295,enhancement
117301,enhancement
117313,enhancement
117313,usability
117319,bug
117319,regression
117321,enhancement
117322,bug
117322,crash
117322,regression
117322,usability
117328,enhancement
117333,enhancement
117334,bug
117334,performance
117335,bug
117337,bug
117337,regression
117340,bug
117341,enhancement
117353,bug
117353,crash
117355,enhancement
117357,enhancement
117357,usability
117358,enhancement
117358,usability
117359,enhancement
117361,bug
117361,crash
117361,enhancement
117363,documentation
117363,enhancement
117366,enhancement
117369,bug
117371,bug
117371,crash
117373,bug
117375,bug
117375,regression
117376,enhancement
117376,usability
117377,enhancement
117377,usability
117378,bug
117380,enhancement
117380,usability
117382,enhancement
117382,performance
117385,bug
117385,crash
117388,bug
117392,bug
117392,regression
117393,enhancement
117397,bug
117399,enhancement
117401,bug
117402,enhancement
117428,enhancement
117432,enhancement
117432,usability
117433,bug
117433,enhancement
117434,bug
117436,enhancement
117438,enhancement
117438,performance
117441,bug
117441,enhancement
117442,enhancement
117445,enhancement
117448,enhancement
117451,enhancement
117454,bug
117457,bug
117457,crash
117457,regression
117461,bug
117462,enhancement
117463,enhancement
117463,usability
117464,enhancement
117464,usability
117469,bug
117471,enhancement
117474,enhancement
117477,bug
117477,enhancement
117479,bug
117480,enhancement
117485,documentation
117485,enhancement
117488,bug
117491,discussion
117491,enhancement
117495,bug
117495,regression
117498,enhancement
117499,enhancement
117499,usability
117502,enhancement
117504,discussion
117504,documentation
117504,enhancement
117505,enhancement
117508,bug
117508,regression
117511,bug
117511,crash
117521,bug
117525,enhancement
117529,bug
117530,bug
117532,enhancement
117532,usability
117534,bug
117534,usability
117535,discussion
117535,enhancement
117537,enhancement
117538,bug
117538,regression
117545,bug
117555,enhancement
117562,bug
117564,bug
117565,bug
117566,bug
117566,crash
117566,regression
117569,enhancement
117574,bug
117575,enhancement
117575,performance
117578,enhancement
117580,bug
117580,regression
117582,enhancement
117583,enhancement
117584,enhancement
117585,enhancement
117586,enhancement
117587,enhancement
117588,enhancement
117589,enhancement
117590,enhancement
117596,bug
117596,documentation
117597,enhancement
117598,enhancement
117599,enhancement
117599,performance
117600,enhancement
117600,usability
117606,bug
117611,enhancement
117612,bug
117612,usability
117615,enhancement
117616,bug
117617,bug
117617,regression
117619,bug
117626,bug
117626,usability
117633,enhancement
117633,usability
117634,bug
117634,regression
117643,bug
117643,crash
117643,regression
117647,bug
117648,bug
117649,bug
117653,bug
117654,enhancement
117655,bug
117659,enhancement
117666,discussion
117666,enhancement
117666,performance
117672,bug
117673,bug
117674,enhancement
117675,enhancement
117678,enhancement
117682,bug
117682,regression
117683,bug
117687,enhancement
117688,enhancement
117688,usability
117690,bug
117691,enhancement
117692,enhancement
117692,usability
117701,documentation
117701,enhancement
117702,bug
117702,crash
117702,regression
117707,enhancement
117707,usability
117709,documentation
117709,enhancement
117710,bug
117725,bug
117725,crash
117726,enhancement
117726,usability
117730,bug
117733,bug
117733,enhancement
117735,bug
117740,bug
117742,bug
117744,bug
117744,crash
117744,regression
117748,bug
117754,enhancement
117754,usability
117755,bug
117760,enhancement
117760,usability
117762,bug
117763,bug
117767,enhancement
117767,usability
117768,bug
117768,regression
117771,bug
117773,bug
117774,enhancement
117774,performance
117776,bug
117776,crash
117785,enhancement
117785,usability
117788,bug
117790,bug
117790,crash
117792,enhancement
117792,usability
117800,bug
117801,enhancement
117805,bug
117808,bug
117808,usability
117812,enhancement
117815,bug
117818,enhancement
117819,bug
117820,bug
117820,regression
117821,bug
117821,crash
117822,enhancement
117823,bug
117827,bug
117828,bug
117830,bug
117831,enhancement
117831,performance
117835,enhancement
117835,usability
117837,enhancement
117837,performance
117838,bug
117843,documentation
117843,enhancement
117846,bug
117846,enhancement
117846,usability
117847,enhancement
117849,bug
117849,usability
117850,enhancement
117850,performance
117861,bug
117867,bug
117867,usability
117868,bug
117868,enhancement
117869,bug
117873,bug
117873,enhancement
117874,bug
117878,bug
117878,regression
117879,bug
117882,enhancement
117883,enhancement
117887,enhancement
117887,usability
117891,bug
117892,bug
117893,enhancement
117906,bug
117906,regression
117907,documentation
117907,enhancement
117909,bug
117909,regression
117913,bug
117919,bug
117919,regression
117922,enhancement
117923,bug
117924,bug
117924,regression
117926,bug
117932,bug
117932,crash
117933,documentation
117933,enhancement
117938,enhancement
117938,performance
117939,bug
117939,regression
117944,bug
117944,regression
117945,enhancement
117946,enhancement
117947,enhancement
117949,enhancement
117949,usability
117951,bug
117951,regression
117956,bug
117956,crash
117956,regression
117958,enhancement
117959,bug
117959,crash
117961,documentation
117961,enhancement
117968,enhancement
117983,enhancement
117983,usability
117989,bug
117990,bug
117991,bug
117995,enhancement
117996,bug
117998,bug
117999,bug
118000,bug
118001,enhancement
118002,enhancement
118008,enhancement
118008,usability
118014,bug
118014,regression
118015,enhancement
118024,enhancement
118027,enhancement
118032,bug
118035,bug
118035,crash
118035,regression
118037,bug
118037,regression
118041,bug
118044,enhancement
118045,enhancement
118049,enhancement
118054,bug
118054,performance
118054,regression
118055,bug
118055,regression
118060,bug
118060,documentation
118062,bug
118062,regression
118063,enhancement
118064,bug
118070,enhancement
118073,enhancement
118074,bug
118074,regression
118074,usability
118076,enhancement
118079,enhancement
118079,usability
118080,bug
118082,bug
118083,enhancement
118089,bug
118089,regression
118090,bug
118090,regression
118096,bug
118102,documentation
118102,enhancement
118111,bug
118114,bug
118114,regression
118116,bug
118116,regression
118117,enhancement
118120,enhancement
118126,bug
118128,enhancement
118129,enhancement
118135,bug
118135,usability
118137,bug
118139,enhancement
118139,usability
118140,bug
118148,bug
118152,bug
118155,bug
118159,bug
118163,bug
118165,enhancement
118168,bug
118169,enhancement
118174,enhancement
118179,bug
118186,enhancement
118186,performance
118187,enhancement
118187,usability
118190,bug
118190,regression
118192,enhancement
118192,usability
118197,bug
118198,bug
118204,bug
118205,bug
118205,enhancement
118208,bug
118214,enhancement
118217,enhancement
118220,enhancement
118221,enhancement
118225,bug
118225,regression
118225,usability
118226,enhancement
118227,enhancement
118227,performance
118229,bug
118232,enhancement
118236,enhancement
118236,performance
118239,bug
118240,bug
118240,regression
118242,bug
118244,bug
118245,bug
118245,usability
118246,bug
118247,bug
118257,bug
118257,enhancement
118259,bug
118259,regression
118265,bug
118266,enhancement
118266,usability
118269,bug
118270,bug
118273,bug
118273,usability
118274,enhancement
118277,bug
118277,regression
118280,enhancement
118280,performance
118280,usability
118283,enhancement
118285,bug
118287,bug
118287,regression
118291,bug
118291,regression
118294,bug
118301,enhancement
118305,bug
118305,crash
118305,regression
118306,bug
118309,enhancement
118311,enhancement
118312,bug
118314,bug
118314,enhancement
118315,enhancement
118315,usability
118317,bug
118317,regression
118318,bug
118319,enhancement
118320,bug
118320,regression
118323,bug
118333,documentation
118333,enhancement
118339,bug
118339,enhancement
118339,performance
118351,enhancement
118351,usability
118352,bug
118352,regression
118353,enhancement
118355,enhancement
118363,bug
118364,documentation
118364,enhancement
118365,documentation
118365,enhancement
118372,enhancement
118373,bug
118373,regression
118377,documentation
118377,enhancement
118383,enhancement
118383,performance
118385,bug
118387,bug
118393,bug
118393,crash
118396,bug
118396,regression
118401,enhancement
118401,performance
118404,bug
118404,crash
118405,bug
118410,documentation
118410,enhancement
118413,enhancement
118413,usability
118415,bug
118415,enhancement
118416,bug
118417,enhancement
118420,bug
118421,bug
118421,regression
118446,bug
118446,regression
118449,bug
118449,performance
118483,bug
118486,bug
118486,crash
118487,bug
118487,regression
118488,bug
118489,bug
118494,bug
118503,enhancement
118503,performance
118504,bug
118510,bug
118510,crash
118510,regression
118511,enhancement
118512,enhancement
118514,enhancement
118516,bug
118516,regression
118519,bug
118522,bug
118527,bug
118531,bug
118531,crash
118531,regression
118533,bug
118533,regression
118535,bug
118536,bug
118536,crash
118536,regression
118541,enhancement
118542,bug
118542,regression
118546,bug
118548,bug
118552,enhancement
118554,bug
118559,bug
118561,bug
118561,crash
118563,bug
118563,enhancement
118564,bug
118567,bug
118569,enhancement
118570,enhancement
118575,enhancement
118575,performance
118577,enhancement
118577,usability
118580,bug
118582,enhancement
118582,performance
118583,enhancement
118585,bug
118588,enhancement
118590,enhancement
118591,bug
118591,crash
118591,regression
118597,enhancement
118598,enhancement
118604,bug
118604,regression
118608,bug
118608,regression
118609,enhancement
118613,bug
118613,regression
118614,bug
118614,regression
118616,bug
118617,bug
118620,enhancement
118623,bug
118629,bug
118631,enhancement
118631,usability
118633,bug
118634,enhancement
118634,usability
118642,enhancement
118645,enhancement
118648,bug
118649,enhancement
118651,bug
118651,regression
118653,bug
118653,regression
118655,enhancement
118655,usability
118656,bug
118658,bug
118658,regression
118659,bug
118659,regression
118661,bug
118661,regression
118664,enhancement
118664,usability
118665,documentation
118665,enhancement
118675,bug
118676,bug
118676,enhancement
118678,bug
118678,crash
118679,bug
118679,regression
118680,bug
118687,bug
118688,discussion
118688,documentation
118688,feature proposal
118689,bug
118690,bug
118692,documentation
118692,enhancement
118695,bug
118695,regression
118704,enhancement
118705,bug
118705,regression
118710,enhancement
118710,usability
118711,enhancement
118711,usability
118712,bug
118722,bug
118722,regression
118725,enhancement
118733,bug
118738,bug
118742,bug
118748,bug
118749,bug
118750,enhancement
118751,enhancement
118752,bug
118756,bug
118757,bug
118758,bug
118760,bug
118767,enhancement
118770,bug
118771,bug
118773,bug
118773,regression
118774,bug
118776,bug
118777,bug
118778,enhancement
118779,bug
118779,enhancement
118780,enhancement
118783,bug
118785,enhancement
118786,bug
118786,enhancement
118787,bug
118789,enhancement
118790,enhancement
118791,bug
118791,regression
118793,bug
118796,enhancement
118796,performance
118797,bug
118797,regression
118798,bug
118799,bug
118800,bug
118805,bug
118808,enhancement
118808,performance
118809,bug
118812,bug
118813,enhancement
118813,performance
118814,bug
118815,enhancement
118824,bug
118824,crash
118836,enhancement
118842,bug
118842,regression
118846,bug
118848,bug
118849,bug
118850,bug
118850,crash
118853,bug
118853,regression
118855,discussion
118855,enhancement
118856,enhancement
118856,performance
118857,bug
118863,bug
118865,enhancement
118865,usability
118867,enhancement
118867,performance
118868,bug
118869,enhancement
118870,enhancement
118876,bug
118878,bug
118878,documentation
118879,bug
118883,enhancement
118886,bug
118887,bug
118888,bug
118890,bug
118890,regression
118890,usability
118891,bug
118893,bug
118895,bug
118895,regression
118896,bug
118896,regression
118898,enhancement
118901,bug
118901,crash
118901,regression
118906,bug
118906,regression
118909,bug
118911,bug
118915,enhancement
118916,enhancement
118917,bug
118917,enhancement
118921,bug
118922,enhancement
118922,performance
118924,enhancement
118926,bug
118926,performance
118926,regression
118928,bug
118948,bug
118949,bug
118949,regression
118952,bug
118954,enhancement
118954,regression
118954,usability
118955,bug
118957,enhancement
118962,bug
118963,bug
118968,bug
118968,enhancement
118968,regression
118971,bug
118971,documentation
118973,enhancement
118975,enhancement
118979,bug
118979,crash
118979,regression
118985,bug
118985,regression
118993,bug
118993,regression
118997,enhancement
119001,bug
119001,enhancement
119002,bug
119002,regression
119004,bug
119004,crash
119004,regression
119007,bug
119008,bug
119009,bug
119009,regression
119013,bug
119019,bug
119019,regression
119022,bug
119030,bug
119038,bug
119040,documentation
119040,enhancement
119047,bug
119052,enhancement
119053,bug
119054,bug
119054,regression
119056,enhancement
119061,bug
119061,regression
119063,bug
119069,bug
119070,bug
119070,regression
119071,bug
119072,bug
119076,bug
119080,enhancement
119080,performance
119083,bug
119083,regression
119084,bug
119084,enhancement
119086,enhancement
119086,usability
119088,bug
119089,bug
119089,regression
119090,bug
119090,usability
119091,bug
119092,bug
119093,enhancement
119096,enhancement
119099,bug
119099,documentation
119103,enhancement
119106,documentation
119106,enhancement
119108,bug
119108,crash
119112,bug
119117,bug
119123,enhancement
119123,performance
119124,enhancement
119126,bug
119130,documentation
119130,enhancement
119132,enhancement
119133,documentation
119133,enhancement
119141,enhancement
119142,enhancement
119143,enhancement
119145,enhancement
119150,enhancement
119150,performance
119154,bug
119154,regression
119154,usability
119156,enhancement
119158,bug
119161,enhancement
119161,performance
119168,enhancement
119172,enhancement
119173,bug
119174,enhancement
119175,bug
119175,regression
119176,bug
119182,bug
119185,bug
119185,enhancement
119196,enhancement
119199,bug
119200,bug
119200,usability
119204,bug
119204,regression
119210,bug
119210,regression
119212,bug
119216,enhancement
119218,bug
119218,regression
119222,documentation
119222,enhancement
119223,bug
119223,enhancement
119226,bug
119226,regression
119230,enhancement
119231,bug
119233,bug
119233,regression
119237,enhancement
119239,enhancement
119241,bug
119244,enhancement
119251,bug
119251,regression
119252,bug
119254,enhancement
119258,bug
119259,bug
119261,enhancement
119264,enhancement
119265,enhancement
119273,enhancement
119274,bug
119278,bug
119281,enhancement
119285,bug
119289,enhancement
119290,bug
119290,regression
119291,bug
119295,bug
119297,bug
119303,bug
119303,crash
119304,bug
119304,regression
119305,enhancement
119306,bug
119309,bug
119309,usability
119310,bug
119312,bug
119312,regression
119313,bug
119314,bug
119314,usability
119316,bug
119319,enhancement
119319,usability
119328,bug
119328,usability
119329,bug
119329,regression
119331,bug
119332,enhancement
119336,bug
119336,regression
119337,bug
119338,bug
119340,bug
119342,bug
119344,bug
119344,regression
119347,enhancement
119347,usability
119349,bug
119351,documentation
119351,enhancement
119352,bug
119352,regression
119361,enhancement
119362,bug
119367,bug
119367,usability
119370,enhancement
119373,bug
119375,bug
119375,crash
119385,enhancement
119385,usability
119387,documentation
119387,enhancement
119389,enhancement
119394,bug
119394,regression
119396,bug
119396,usability
119399,enhancement
119399,usability
119401,bug
119403,bug
119408,enhancement
119411,bug
119411,crash
119412,bug
119414,bug
119418,bug
119418,enhancement
119419,enhancement
119420,bug
119420,regression
119422,documentation
119422,enhancement
119428,bug
119428,regression
119429,bug
119429,crash
119433,enhancement
119439,bug
119439,regression
119443,enhancement
119445,bug
119448,bug
119450,enhancement
119451,bug
119451,crash
119454,documentation
119454,enhancement
119455,enhancement
119463,bug
119463,regression
119464,documentation
119464,enhancement
119466,discussion
119466,enhancement
119469,enhancement
119475,bug
119475,regression
119490,enhancement
119494,bug
119495,bug
119495,regression
119496,bug
119497,bug
119502,bug
119502,regression
119506,bug
119507,bug
119508,bug
119509,enhancement
119510,bug
119529,enhancement
119538,bug
119541,bug
119541,crash
119545,bug
119545,regression
119547,bug
119547,regression
119551,bug
119551,performance
119551,regression
119554,bug
119555,bug
119558,bug
119561,bug
119561,regression
119563,bug
119565,bug
119567,bug
119570,bug
119573,bug
119575,bug
119575,regression
119577,bug
119580,bug
119581,enhancement
119583,bug
119584,enhancement
119586,enhancement
119586,usability
119587,bug
119588,enhancement
119588,usability
119590,enhancement
119595,bug
119596,bug
119598,bug
119601,bug
119604,bug
119605,enhancement
119605,usability
119606,enhancement
119608,bug
119612,documentation
119612,enhancement
119614,bug
119616,documentation
119616,enhancement
119617,bug
119619,documentation
119619,enhancement
119620,bug
119624,enhancement
119625,bug
119627,enhancement
119627,usability
119630,bug
119630,crash
119630,regression
119631,bug
119634,bug
119635,enhancement
119638,bug
119638,usability
119639,bug
119642,bug
119642,regression
119644,documentation
119644,enhancement
119648,bug
119648,regression
119651,documentation
119651,enhancement
119659,bug
119665,bug
119668,bug
119669,enhancement
119669,usability
119679,bug
119679,regression
119682,enhancement
119689,bug
119689,documentation
119692,enhancement
119701,bug
119704,bug
119706,enhancement
119711,bug
119717,bug
119719,enhancement
119719,usability
119720,bug
119721,bug
119722,documentation
119722,enhancement
119736,bug
119737,bug
119741,bug
119741,crash
119741,regression
119745,bug
119745,regression
119746,enhancement
119750,enhancement
119750,usability
119751,enhancement
119755,bug
119755,regression
119756,bug
119757,bug
119761,bug
119771,enhancement
119773,bug
119775,bug
119775,crash
119781,enhancement
119784,bug
119789,enhancement
119790,bug
119792,bug
119797,bug
119798,bug
119806,enhancement
119807,enhancement
119808,bug
119808,regression
119810,enhancement
119813,enhancement
119813,usability
119816,enhancement
119819,bug
119819,regression
119820,bug
119823,bug
119829,documentation
119829,enhancement
119830,enhancement
119831,bug
119831,usability
119834,documentation
119834,enhancement
119842,enhancement
119854,bug
119871,bug
119871,regression
119872,bug
119872,regression
119875,enhancement
119875,performance
119876,bug
119880,bug
119880,enhancement
119883,bug
119890,enhancement
119890,usability
119893,bug
119905,bug
119908,bug
119908,documentation
119908,usability
119909,bug
119909,usability
119910,bug
119910,usability
119919,bug
119930,bug
119930,crash
119931,enhancement
119932,bug
119936,bug
119936,regression
119938,enhancement
119940,enhancement
119941,bug
119945,enhancement
119950,bug
119958,bug
119958,regression
119959,enhancement
119964,bug
119965,bug
119966,bug
119967,enhancement
119967,usability
119968,bug
119970,bug
119970,performance
119970,regression
119971,bug
119975,bug
119975,crash
119976,enhancement
119977,bug
119978,enhancement
119978,usability
119980,bug
119980,regression
119982,bug
119983,documentation
119983,enhancement
119987,bug
119987,regression
119989,bug
119989,performance
119990,enhancement
119992,bug
119992,crash
119994,bug
119995,bug
119997,bug
119998,bug
119999,bug
119999,regression
120001,enhancement
120002,bug
120004,bug
120006,enhancement
120007,bug
120009,bug
120012,bug
120016,bug
120018,enhancement
120021,enhancement
120025,enhancement
120028,bug
120028,regression
120030,bug
120030,enhancement
120031,enhancement
120034,documentation
120034,enhancement
120036,enhancement
120036,performance
120040,enhancement
120053,enhancement
120053,usability
120055,enhancement
120056,enhancement
120056,usability
120059,bug
120059,regression
120062,enhancement
120063,bug
120069,bug
120069,regression
120071,bug
120072,bug
120077,bug
120085,bug
120085,regression
120086,bug
120087,bug
120088,enhancement
120088,performance
120092,documentation
120092,enhancement
120093,enhancement
120093,usability
120102,bug
120102,regression
120104,bug
120104,regression
120106,bug
120106,crash
120106,regression
120108,documentation
120108,enhancement
120111,bug
120116,bug
120116,regression
120117,documentation
120117,enhancement
120120,bug
120122,enhancement
120125,enhancement
120125,usability
120126,bug
120127,bug
120127,regression
120128,bug
120128,performance
120139,bug
120141,enhancement
120154,enhancement
120158,enhancement
120159,enhancement
120164,bug
120164,crash
120179,documentation
120179,enhancement
120180,bug
120181,bug
120185,bug
120191,enhancement
120191,usability
120198,documentation
120198,enhancement
120207,bug
120208,bug
120208,usability
120212,bug
120212,usability
120213,bug
120230,bug
120231,enhancement
120239,bug
120241,bug
120241,regression
120242,enhancement
120243,bug
120243,regression
120249,bug
120249,performance
120250,bug
120250,regression
120252,documentation
120252,enhancement
120254,bug
120258,bug
120258,regression
120261,bug
120261,regression
120263,enhancement
120263,usability
120265,enhancement
120267,bug
120271,enhancement
120277,enhancement
120280,bug
120280,regression
120285,bug
120285,usability
120286,bug
120298,bug
120298,regression
120300,bug
120300,crash
120300,regression
120303,enhancement
120304,enhancement
120305,bug
120311,bug
120311,regression
120313,documentation
120313,enhancement
120316,bug
120316,usability
120320,enhancement
120320,usability
120327,bug
120344,bug
120346,enhancement
120350,bug
120351,bug
120352,bug
120352,regression
120354,bug
120354,regression
120360,bug
120360,regression
120360,usability
120362,bug
120362,regression
120363,bug
120363,regression
120366,bug
120366,regression
120369,bug
120369,regression
120371,bug
120373,bug
120373,enhancement
120376,bug
120388,bug
120389,bug
120393,enhancement
120394,bug
120394,regression
120395,enhancement
120399,discussion
120399,enhancement
120400,bug
120403,bug
120403,crash
120403,performance
120403,regression
120411,enhancement
120411,usability
120418,bug
120418,regression
120433,bug
120435,bug
120435,crash
120435,regression
120443,bug
120443,regression
120449,bug
120453,bug
120456,bug
120456,regression
120464,enhancement
120466,bug
120469,bug
120478,bug
120481,bug
120487,enhancement
120488,bug
120488,regression
120500,bug
120517,bug
120517,regression
120517,usability
120530,bug
120530,regression
120533,bug
120533,regression
120538,bug
120538,crash
120544,documentation
120544,enhancement
120545,bug
120545,crash
120545,regression
120548,bug
120548,crash
120548,regression
120549,bug
120549,usability
120554,bug
120555,bug
120555,regression
120556,enhancement
120556,performance
120558,enhancement
120568,bug
120577,bug
120577,crash
120577,regression
120578,enhancement
120584,bug
120584,crash
120584,regression
120589,bug
120589,crash
120589,regression
120590,bug
120591,bug
120591,crash
120591,regression
120592,bug
120592,usability
120593,bug
120595,bug
120599,bug
120599,documentation
120599,enhancement
120602,bug
120607,enhancement
120609,enhancement
120610,enhancement
120612,enhancement
120620,bug
120626,enhancement
120627,bug
120631,bug
120631,enhancement
120631,usability
120640,bug
120640,regression
120643,bug
120644,bug
120647,bug
120647,crash
120647,enhancement
120651,bug
120651,regression
120655,bug
120659,documentation
120659,enhancement
120672,bug
120672,regression
120674,enhancement
120676,documentation
120676,enhancement
120684,bug
120684,regression
120685,bug
120686,enhancement
120687,bug
120687,crash
120695,bug
120696,bug
120696,crash
120696,regression
120711,bug
120714,bug
120715,bug
120721,bug
120723,bug
120725,enhancement
120726,enhancement
120728,bug
120728,regression
120731,bug
120732,enhancement
120733,bug
120736,enhancement
120736,usability
120737,bug
120737,regression
120737,usability
120741,bug
120741,documentation
120744,bug
120744,regression
120746,bug
120746,crash
120746,enhancement
120749,bug
120749,enhancement
120760,bug
120762,bug
120763,bug
120764,bug
120764,enhancement
120768,enhancement
120773,bug
120773,crash
120773,regression
120774,bug
120775,enhancement
120776,bug
120776,enhancement
120777,enhancement
120777,performance
120782,enhancement
120784,enhancement
120784,usability
120785,bug
120785,crash
120786,enhancement
120787,enhancement
120789,documentation
120789,enhancement
120791,bug
120792,bug
120792,crash
120794,bug
120794,regression
120795,enhancement
120796,bug
120796,crash
120800,bug
120805,enhancement
120805,usability
120807,bug
120810,bug
120810,enhancement
120812,enhancement
120814,enhancement
120814,usability
120815,bug
120815,enhancement
120823,bug
120825,enhancement
120826,bug
120826,crash
120829,enhancement
120831,enhancement
120834,enhancement
120836,enhancement
120838,enhancement
120840,enhancement
120840,performance
120844,documentation
120844,enhancement
120845,enhancement
120845,performance
120847,enhancement
120849,bug
120853,enhancement
120858,bug
120858,crash
120859,bug
120861,enhancement
120861,usability
120864,bug
120864,regression
120865,bug
120865,regression
120865,usability
120869,enhancement
120870,bug
120870,regression
120874,bug
120874,crash
120876,bug
120876,regression
120882,enhancement
120882,usability
120883,enhancement
120886,bug
120886,regression
120887,documentation
120887,enhancement
120890,bug
120891,bug
120895,bug
120895,crash
120896,enhancement
120898,bug
120902,bug
120903,enhancement
120907,bug
120912,enhancement
120912,performance
120913,bug
120913,regression
120917,bug
120917,crash
120917,regression
120928,documentation
120928,enhancement
120930,enhancement
120930,usability
120936,bug
120936,regression
120938,bug
120938,crash
120938,regression
120939,bug
120940,documentation
120940,enhancement
120942,enhancement
120942,performance
120944,enhancement
120947,enhancement
120947,performance
120955,bug
120958,enhancement
120958,performance
120962,bug
120962,regression
120968,bug
120971,enhancement
120974,enhancement
120976,bug
120976,crash
120978,enhancement
120982,enhancement
120983,enhancement
120984,bug
120985,bug
121000,bug
121009,bug
121012,bug
121013,bug
121013,regression
121014,bug
121019,bug
121026,bug
121026,regression
121030,enhancement
121036,bug
121041,bug
121043,enhancement
121043,usability
121049,bug
121049,documentation
121050,bug
121053,enhancement
121054,bug
121055,bug
121058,bug
121058,crash
121058,regression
121063,enhancement
121063,usability
121064,enhancement
121065,enhancement
121065,usability
121071,enhancement
121076,feature proposal
121080,enhancement
121080,usability
121090,bug
121100,bug
121101,bug
121107,bug
121108,bug
121109,bug
121110,bug
121111,bug
121112,enhancement
121118,bug
121120,bug
121120,crash
121121,enhancement
121121,usability
121122,enhancement
121123,enhancement
121128,bug
121129,bug
121131,bug
121133,bug
121134,enhancement
121135,bug
121135,documentation
121138,bug
121139,bug
121139,documentation
121139,regression
121140,bug
121141,regression
121142,enhancement
121146,bug
121147,usability
121148,enhancement
121149,bug
121150,documentation
121150,enhancement
121155,crash
121157,enhancement
121160,enhancement
121161,bug
121163,bug
121164,enhancement
121165,bug
121168,bug
121171,bug
121171,enhancement
121177,enhancement
121177,usability
121180,bug
121182,bug
121192,bug
121200,enhancement
121212,bug
121222,bug
121223,bug
121224,bug
121225,bug
121226,bug
121227,enhancement
121227,usability
121232,bug
121233,bug
121233,documentation
121237,bug
121243,bug
121251,bug
121251,regression
121255,enhancement
121259,bug
121260,enhancement
121262,enhancement
121265,bug
121265,crash
121274,enhancement
121277,bug
121278,enhancement
121283,bug
121291,enhancement
121296,bug
121296,crash
121304,bug
121304,crash
121311,bug
121313,bug
121313,crash
121315,bug
121317,bug
121318,bug
121318,regression
121319,enhancement
121320,bug
121322,bug
121322,enhancement
121326,bug
121327,enhancement
121331,bug
121331,crash
121331,regression
121333,bug
121333,usability
121334,enhancement
121334,performance
121337,enhancement
121339,enhancement
121342,enhancement
121342,performance
121348,bug
121357,bug
121357,crash
121358,bug
121358,crash
121360,bug
121360,crash
121363,bug
121363,regression
121364,enhancement
121364,usability
121367,bug
121371,bug
121374,enhancement
121377,bug
121385,bug
121387,enhancement
121391,bug
121392,enhancement
121393,enhancement
121394,bug
121394,enhancement
121395,bug
121395,documentation
121398,enhancement
121403,bug
121403,regression
121404,bug
121404,crash
121408,enhancement
121409,bug
121409,crash
121411,enhancement
121416,enhancement
121417,enhancement
121420,bug
121420,regression
121423,enhancement
121425,enhancement
121426,enhancement
121427,enhancement
121431,bug
121431,regression
121432,bug
121437,enhancement
121437,performance
121439,enhancement
121439,performance
121446,bug
121446,performance
121447,enhancement
121448,enhancement
121453,bug
121459,bug
121459,performance
121463,bug
121463,enhancement
121465,documentation
121465,enhancement
121466,bug
121466,regression
121470,bug
121472,enhancement
121473,enhancement
121475,bug
121477,bug
121478,enhancement
121478,usability
121480,enhancement
121483,enhancement
121487,enhancement
121488,enhancement
121489,enhancement
121495,bug
121495,regression
121497,bug
121498,enhancement
121501,bug
121504,bug
121505,enhancement
121507,bug
121509,bug
121509,crash
121512,bug
121514,bug
121514,enhancement
121519,bug
121521,bug
121523,enhancement
121525,bug
121525,crash
121526,performance
121527,enhancement
121527,performance
121528,enhancement
121528,performance
121530,bug
121532,bug
121532,regression
121533,enhancement
121533,performance
121534,enhancement
121534,usability
121535,enhancement
121536,enhancement
121546,bug
121547,enhancement
121548,enhancement
121549,bug
121550,bug
121552,bug
121552,documentation
121553,enhancement
121553,usability
121557,bug
121560,bug
121560,crash
121564,documentation
121564,enhancement
121565,bug
121567,enhancement
121571,bug
121575,discussion
121575,enhancement
121577,enhancement
121588,bug
121593,bug
121597,enhancement
121598,bug
121598,usability
121602,enhancement
121602,performance
121603,bug
121603,regression
121604,bug
121604,regression
121605,enhancement
121606,enhancement
121610,bug
121617,discussion
121617,enhancement
121622,bug
121622,regression
121628,bug
121629,enhancement
121629,performance
121632,enhancement
121633,enhancement
121634,bug
121634,regression
121636,bug
121636,regression
121638,enhancement
121642,bug
121647,bug
121647,regression
121651,bug
121655,bug
121658,bug
121661,bug
121666,bug
121666,regression
121668,enhancement
121670,bug
121670,crash
121671,documentation
121671,enhancement
121673,bug
121673,documentation
121675,enhancement
121675,usability
121676,bug
121677,enhancement
121679,bug
121684,enhancement
121685,bug
121685,usability
121691,enhancement
121692,enhancement
121699,enhancement
121701,bug
121703,bug
121709,discussion
121709,enhancement
121711,enhancement
121714,bug
121715,enhancement
121718,bug
121719,bug
121722,bug
121722,crash
121722,regression
121732,bug
121733,bug
121734,bug
121740,bug
121740,crash
121746,bug
121749,bug
121750,bug
121751,bug
121752,bug
121758,enhancement
121758,usability
121759,bug
121759,regression
121762,bug
121762,crash
121762,regression
121764,enhancement
121766,bug
121767,enhancement
121770,bug
121770,regression
121771,bug
121771,crash
121771,regression
121773,bug
121775,bug
121775,regression
121781,enhancement
121784,bug
121785,bug
121786,bug
121789,bug
121795,bug
121795,regression
121798,documentation
121798,enhancement
121810,bug
121812,documentation
121812,enhancement
121815,bug
121819,bug
121823,bug
121825,documentation
121825,enhancement
121826,bug
121829,bug
121833,discussion
121833,enhancement
121834,enhancement
121834,performance
121835,enhancement
121835,performance
121839,bug
121844,enhancement
121849,enhancement
121849,usability
121852,bug
121858,bug
121858,crash
121859,bug
121872,enhancement
121874,bug
121874,regression
121879,enhancement
121879,performance
121881,bug
121882,enhancement
121886,documentation
121886,enhancement
121887,enhancement
121889,enhancement
121889,performance
121891,bug
121891,crash
121892,bug
121892,enhancement
121892,usability
121893,enhancement
121894,bug
121894,enhancement
121895,enhancement
121905,enhancement
121906,enhancement
121908,bug
121908,regression
121911,bug
121913,enhancement
121916,bug
121916,crash
121916,regression
121917,bug
121917,regression
121920,bug
121922,bug
121922,regression
121923,enhancement
121923,performance
121924,bug
121926,bug
121926,crash
121928,bug
121937,enhancement
121940,bug
121940,crash
121942,bug
121942,regression
121943,bug
121943,regression
121944,bug
121944,regression
121946,enhancement
121947,bug
121947,crash
121947,regression
121948,bug
121951,bug
121955,bug
121957,enhancement
121958,bug
121959,bug
121961,enhancement
121961,usability
121971,bug
121972,bug
121973,enhancement
121974,bug
121974,regression
121979,enhancement
121981,bug
121986,bug
121988,bug
121990,bug
121991,bug
121991,documentation
121994,bug
121995,bug
121995,crash
121999,bug
122006,bug
122012,enhancement
122033,bug
122033,usability
122034,bug
122051,bug
122056,bug
122056,regression
122057,bug
122064,bug
122069,enhancement
122072,documentation
122072,enhancement
122076,bug
122085,bug
122089,bug
122094,enhancement
122097,enhancement
122098,bug
122101,enhancement
122103,bug
122103,enhancement
122103,usability
122104,bug
122104,documentation
122107,bug
122109,enhancement
122110,enhancement
122117,bug
122120,enhancement
122122,bug
122122,crash
122123,bug
122124,enhancement
122128,enhancement
122130,bug
122130,documentation
122131,bug
122139,bug
122139,documentation
122144,bug
122147,enhancement
122149,enhancement
122155,bug
122157,enhancement
122160,bug
122162,enhancement
122164,bug
122164,regression
122166,enhancement
122175,bug
122175,crash
122175,regression
122178,bug
122186,bug
122186,regression
122188,enhancement
122188,usability
122194,bug
122195,enhancement
122198,enhancement
122198,performance
122199,enhancement
122199,performance
122201,bug
122203,bug
122203,regression
122208,enhancement
122213,enhancement
122222,enhancement
122222,performance
122224,enhancement
122224,performance
122234,bug
122236,bug
122245,bug
122246,bug
122248,enhancement
122253,bug
122253,performance
122254,bug
122254,crash
122255,bug
122260,bug
122261,bug
122261,crash
122261,regression
122263,enhancement
122267,enhancement
122268,bug
122268,regression
122270,enhancement
122271,bug
122272,enhancement
122274,bug
122277,enhancement
122279,enhancement
122280,bug
122280,crash
122281,enhancement
122282,enhancement
122286,bug
122294,bug
122301,enhancement
122307,documentation
122307,enhancement
122308,enhancement
122313,bug
122315,bug
122315,regression
122316,enhancement
122317,enhancement
122318,bug
122318,discussion
122318,documentation
122324,bug
122325,bug
122328,enhancement
122330,bug
122330,regression
122333,bug
122333,crash
122334,bug
122334,crash
122343,discussion
122343,enhancement
122344,bug
122344,crash
122344,regression
122345,enhancement
122345,performance
122347,enhancement
122352,enhancement
122356,bug
122356,documentation
122358,enhancement
122358,usability
122371,bug
122380,enhancement
122381,bug
122383,bug
122383,documentation
122384,bug
122384,regression
122390,enhancement
122395,bug
122395,performance
122395,regression
122402,bug
122402,enhancement
122402,regression
122403,bug
122403,enhancement
122405,bug
122412,bug
122412,enhancement
122412,regression
122420,bug
122421,enhancement
122422,enhancement
122423,bug
122423,enhancement
122423,usability
122424,bug
122424,regression
122429,bug
122441,bug
122442,bug
122447,bug
122448,bug
122448,crash
122464,bug
122464,usability
122465,enhancement
122467,bug
122467,regression
122482,enhancement
122482,usability
122483,enhancement
122487,enhancement
122488,enhancement
122492,bug
122496,bug
122505,bug
122506,bug
122507,bug
122508,enhancement
122510,feature proposal
122510,usability
122512,bug
122512,enhancement
122523,bug
122525,bug
122526,enhancement
122533,bug
122533,crash
122538,enhancement
122540,bug
122545,enhancement
122548,bug
122550,documentation
122550,enhancement
122558,enhancement
122559,enhancement
122561,enhancement
122569,bug
122569,regression
122573,enhancement
122574,bug
122574,enhancement
122575,enhancement
122578,bug
122578,crash
122579,bug
122588,enhancement
122589,enhancement
122593,bug
122593,regression
122594,bug
122594,regression
122596,enhancement
122596,performance
122602,bug
122603,bug
122603,regression
122607,bug
122609,bug
122611,enhancement
122613,bug
122613,enhancement
122618,bug
122619,enhancement
122620,bug
122620,regression
122624,bug
122634,bug
122635,bug
122639,bug
122646,bug
122647,bug
122653,bug
122653,crash
122656,enhancement
122659,enhancement
122659,usability
122667,bug
122669,bug
122669,usability
122670,bug
122670,regression
122676,bug
122685,enhancement
122690,enhancement
122693,enhancement
122693,performance
122700,enhancement
122703,enhancement
122703,performance
122706,enhancement
122709,bug
122711,enhancement
122717,bug
122719,enhancement
122719,performance
122725,bug
122729,enhancement
122736,bug
122739,enhancement
122745,enhancement
122745,performance
122751,enhancement
122751,performance
122755,bug
122756,enhancement
122759,bug
122760,bug
122760,regression
122760,usability
122767,bug
122768,enhancement
122771,bug
122772,bug
122773,bug
122774,bug
122776,enhancement
122782,enhancement
122784,enhancement
122785,bug
122785,regression
122786,bug
122789,bug
122799,bug
122802,enhancement
122804,bug
122806,bug
122806,regression
122809,enhancement
122820,bug
122822,enhancement
122825,bug
122825,regression
122826,bug
122829,bug
122831,bug
122839,bug
122840,enhancement
122841,bug
122848,enhancement
122849,enhancement
122851,enhancement
122855,enhancement
122857,bug
122858,bug
122858,documentation
122863,enhancement
122864,bug
122865,feature proposal
122866,documentation
122866,enhancement
122873,bug
122877,bug
122877,documentation
122878,bug
122878,regression
122878,usability
122879,bug
122879,regression
122883,bug
122884,bug
122884,regression
122888,enhancement
122893,bug
122893,crash
122893,regression
122895,bug
122896,documentation
122896,enhancement
122900,enhancement
122900,usability
122903,bug
122903,regression
122912,documentation
122912,enhancement
122914,bug
122914,regression
122916,bug
122919,bug
122919,enhancement
122922,enhancement
122924,bug
122924,regression
122931,enhancement
122935,bug
122936,feature proposal
122938,enhancement
122940,enhancement
122943,bug
122945,bug
122945,regression
122947,bug
122947,regression
122947,usability
122950,bug
122950,regression
122959,bug
122960,enhancement
122960,usability
122963,bug
122964,bug
122964,regression
122968,bug
122971,bug
122971,regression
122972,bug
122972,documentation
122981,enhancement
122987,bug
122987,documentation
122993,enhancement
122996,enhancement
122997,bug
122997,regression
122998,bug
123001,bug
123012,enhancement
123012,performance
123014,bug
123016,enhancement
123019,bug
123019,crash
123019,regression
123023,documentation
123023,enhancement
123024,bug
123028,bug
123028,crash
123028,regression
123030,bug
123032,documentation
123032,enhancement
123034,enhancement
123034,performance
123035,bug
123036,enhancement
123037,bug
123037,crash
123037,regression
123039,enhancement
123044,enhancement
123047,enhancement
123049,bug
123049,regression
123053,documentation
123053,enhancement
123058,bug
123058,regression
123063,bug
123065,bug
123065,regression
123069,enhancement
123071,bug
123072,bug
123073,bug
123074,documentation
123074,enhancement
123075,bug
123079,enhancement
123082,bug
123085,enhancement
123085,usability
123087,enhancement
123090,bug
123092,bug
123094,enhancement
123096,bug
123099,bug
123099,crash
123099,regression
123103,enhancement
123106,enhancement
123108,documentation
123108,enhancement
123112,enhancement
123114,bug
123115,bug
123117,bug
123118,bug
123118,regression
123120,enhancement
123123,enhancement
123124,enhancement
123133,bug
123138,bug
123138,regression
123142,enhancement
123142,performance
123144,enhancement
123148,bug
123156,bug
123156,regression
123159,bug
123161,bug
123163,enhancement
123165,bug
123165,regression
123188,bug
123188,regression
123192,bug
123195,documentation
123195,enhancement
123196,bug
123196,regression
123198,documentation
123198,enhancement
123199,bug
123209,bug
123215,enhancement
123216,bug
123216,documentation
123224,bug
123224,regression
123226,bug
123226,regression
123226,usability
123230,bug
123232,discussion
123232,enhancement
123234,enhancement
123241,enhancement
123243,bug
123245,bug
123248,enhancement
123252,enhancement
123267,bug
123271,enhancement
123274,bug
123274,regression
123276,enhancement
123278,enhancement
123280,bug
123290,bug
123291,bug
123291,crash
123291,regression
123293,enhancement
123293,usability
123297,enhancement
123300,bug
123301,bug
123301,crash
123301,regression
123302,bug
123303,enhancement
123306,enhancement
123314,enhancement
123316,enhancement
123318,bug
123319,enhancement
123319,performance
123320,enhancement
123320,performance
123327,enhancement
123328,bug
123328,regression
123329,enhancement
123332,bug
123334,enhancement
123338,bug
123338,regression
123344,bug
123349,enhancement
123357,bug
123366,bug
123367,enhancement
123371,enhancement
123373,bug
123373,usability
123379,enhancement
123381,enhancement
123397,bug
123402,enhancement
123403,bug
123403,crash
123403,regression
123404,bug
123410,bug
123411,enhancement
123415,bug
123415,regression
123418,bug
123418,regression
123426,enhancement
123431,bug
123433,bug
123435,bug
123435,regression
123439,bug
123439,crash
123439,regression
123447,bug
123447,regression
123448,bug
123452,bug
123452,regression
123466,bug
123474,bug
123475,enhancement
123477,documentation
123477,enhancement
123483,bug
123485,bug
123485,enhancement
123490,enhancement
123490,performance
123491,bug
123491,enhancement
123497,enhancement
123497,performance
123500,bug
123500,regression
123501,enhancement
123506,bug
123516,bug
123516,documentation
123518,bug
123518,regression
123519,enhancement
123520,enhancement
123522,bug
123523,documentation
123523,enhancement
123525,enhancement
123527,bug
123531,enhancement
123531,performance
123532,bug
123532,regression
123538,bug
123538,regression
123543,bug
123545,bug
123545,regression
123546,bug
123546,crash
123549,bug
123549,crash
123556,bug
123556,crash
123559,bug
123561,bug
123561,regression
123562,bug
123564,bug
123564,regression
123571,bug
123571,regression
123574,enhancement
123576,enhancement
123576,usability
123580,bug
123581,bug
123585,bug
123589,bug
123591,bug
123591,documentation
123600,enhancement
123602,bug
123604,bug
123604,regression
123612,enhancement
123613,bug
123613,crash
123613,regression
123617,bug
123619,enhancement
123619,usability
123629,bug
123636,bug
123636,enhancement
123637,bug
123642,enhancement
123644,bug
123652,bug
123656,bug
123656,regression
123672,bug
123693,bug
123693,regression
123698,bug
123698,regression
123699,enhancement
123701,enhancement
123701,performance
123705,bug
123705,regression
123717,enhancement
123718,bug
123724,bug
123725,bug
123728,enhancement
123728,performance
123730,bug
123730,regression
123733,bug
123734,bug
123734,regression
123736,bug
123738,enhancement
123739,bug
123739,performance
123748,bug
123748,regression
123752,bug
123759,enhancement
123759,usability
123773,enhancement
123773,usability
123777,bug
123788,enhancement
123788,performance
123789,bug
123789,performance
123790,bug
123795,bug
123795,crash
123796,documentation
123796,enhancement
123809,enhancement
123809,performance
123810,enhancement
123810,performance
123813,bug
123815,bug
123818,bug
123818,regression
123822,bug
123822,regression
123823,bug
123823,regression
123824,enhancement
123825,bug
123832,bug
123832,usability
123835,enhancement
123840,documentation
123840,enhancement
123849,documentation
123849,enhancement
123865,bug
123865,regression
123867,enhancement
123869,bug
123870,enhancement
123880,bug
123880,regression
123882,bug
123882,regression
123899,bug
123899,regression
123903,bug
123908,bug
123933,bug
123933,regression
123934,bug
123937,bug
123937,documentation
123939,bug
123939,regression
123940,enhancement
123942,bug
123945,bug
123951,bug
123951,regression
123952,bug
123952,regression
123954,bug
123960,enhancement
123960,performance
123962,bug
123967,bug
123967,crash
123967,regression
123968,enhancement
123968,performance
123969,enhancement
123969,performance
123975,bug
123975,regression
123976,bug
123976,regression
123984,enhancement
123984,performance
123985,bug
123987,bug
123990,bug
123991,bug
124009,bug
124014,bug
124014,regression
124017,bug
124017,regression
124019,enhancement
124025,enhancement
124025,performance
124027,enhancement
124027,performance
124028,bug
124032,documentation
124032,enhancement
124033,bug
124033,performance
124039,enhancement
124039,performance
124042,bug
124043,enhancement
124043,performance
124044,enhancement
124044,performance
124047,bug
124048,bug
124048,crash
124051,bug
124080,bug
124080,regression
124087,bug
124087,regression
124094,bug
124094,crash
124094,regression
124097,bug
124097,crash
124097,regression
