pr_number,created_at,merged_at,base_branch,author_type,author_association,milestone,merge_commit_sha
39708,2020-06-20T13:31:11Z,2026-06-19T17:12:22Z,master,human,MEMBER,4.8,de831fbe91cce80f2340c7ff094ca644ec0300bf
47054,2021-03-16T10:58:29Z,2026-08-26T19:39:28Z,master,human,MEMBER,4.8,edb1254d2de66e1596d62a96ce152cec9717ff89
53679,2021-10-11T15:56:59Z,2025-11-18T01:37:45Z,master,human,MEMBER,4.6,98ee65eafdea40e1f7f65f81363481abd48b1cb5
57121,2022-01-24T13:54:38Z,2025-11-13T23:47:53Z,master,human,MEMBER,4.6,6a3d1f1fa14f28556ed1f1d621f633cd36cff78f
58749,2022-03-04T14:09:33Z,2025-11-25T15:56:48Z,master,human,MEMBER,4.6,e1aebc6f95012ce27e6e9743ff504d5ecf95cb15
62419,2022-06-26T01:41:37Z,2026-03-16T16:42:19Z,master,human,MEMBER,4.7,07447e93c3a858eb95edf632cb9590e5aa54660a
64487,2022-08-16T08:44:20Z,2025-12-02T18:00:32Z,master,human,CONTRIBUTOR,4.6,dec0b22f7d25f07df837dda45b8e9c1871722b08
64596,2022-08-19T01:10:26Z,2026-04-09T22:48:10Z,master,human,MEMBER,4.7,c42e294ffa217d30012685b721fa201017b4b3f0
65229,2022-09-02T05:59:07Z,2026-06-24T15:21:15Z,master,human,CONTRIBUTOR,4.8,7b594b5963a7bf594466fa822a740de2b886a5c6
68449,2022-11-09T13:03:21Z,2026-02-20T14:55:49Z,3.x,human,CONTRIBUTOR,3.7,ff2730aaa41c10d0f183ff6d4820e356aa14416e
70646,2022-12-27T23:04:36Z,2025-10-13T17:37:07Z,master,human,MEMBER,4.6,e560ea47d4d281f88ece0e3dc24d4a550956e6f4
73688,2023-02-21T17:04:49Z,2025-10-09T16:52:59Z,master,human,MEMBER,4.6,aa88eb2a759c2f67228cf22d0b0f8fdf336fa1fb
75811,2023-04-08T07:28:31Z,2026-06-25T13:37:19Z,master,human,MEMBER,4.8,c8f70181b5293895a15e25e339ecbff4027c0a67
76267,2023-04-19T21:11:11Z,2025-10-09T16:52:59Z,master,human,MEMBER,4.6,894d6ba13f2f4e0cfb6b5f34c78be673659c7839
76563,2023-04-28T22:41:46Z,2026-06-26T13:55:23Z,master,human,MEMBER,4.8,2443cfd55d3c9a4645d271e57b35f5951f20f5a1
76596,2023-04-29T22:13:07Z,2026-02-20T02:31:50Z,master,human,MEMBER,4.7,230e6bfc3b59a3363d25d65a2febf0610d750688
77292,2023-05-20T23:17:51Z,2025-11-20T22:50:15Z,master,human,MEMBER,4.6,09bc1ca32745b4336440dccda33a6ca3fe176e97
78598,2023-06-23T04:10:28Z,2025-11-20T17:16:51Z,master,human,CONTRIBUTOR,4.6,2edc43df8e72c9ae650d521c4a310b75c99cb9a9
79712,2023-07-20T15:07:24Z,2026-02-17T20:11:14Z,master,human,MEMBER,4.7,c23593837e48cd913d8f30f41a5231d7c5cc0aad
79731,2023-07-20T23:58:52Z,2026-04-02T17:33:56Z,master,human,MEMBER,4.7,872cfabf3d0bfde16de02abb1788d06724f7b527
79997,2023-07-28T18:56:40Z,2026-03-16T11:12:03Z,master,human,CONTRIBUTOR,4.7,fee124bf61aca07bdb2fcb896f28b543c42c163f
81530,2023-09-11T00:36:30Z,2025-12-02T18:00:32Z,master,human,CONTRIBUTOR,4.6,1b4f116db14123b4cfab655de40d2e4f81aea517
82212,2023-09-23T21:04:11Z,2025-11-12T17:36:39Z,master,human,MEMBER,4.6,df3e70bf420130c11ed03d16a3fb06b152f73faa
84804,2023-11-12T17:34:17Z,2025-10-09T14:32:50Z,3.x,human,MEMBER,3.7,f41edf2a03923f5afcb2da29886d8e4d4c6a7f46
85762,2023-12-04T21:55:18Z,2025-10-22T18:49:49Z,master,human,MEMBER,4.6,c53a181ceaa427358bb8b4e7a0c1c8f30c1e6503
86079,2023-12-12T15:37:01Z,2025-11-24T22:18:30Z,master,human,CONTRIBUTOR,4.6,369afc7b46d87dd28fc70976fc66875e76e36101
86468,2023-12-23T11:41:30Z,2025-10-13T17:37:06Z,master,human,MEMBER,4.6,5e7f7735a4c2aeaca7e3cc836e02a79a430692f8
86929,2024-01-07T15:51:14Z,2026-07-15T17:00:29Z,master,human,MEMBER,4.8,393ca16256889e585b340666f13a15993b7c6587
86930,2024-01-07T16:04:29Z,2025-11-24T22:18:30Z,master,human,CONTRIBUTOR,4.6,6d8ec7e7ce753082f350aeb8ce23dad42f4c34ab
87081,2024-01-11T16:27:33Z,2026-03-06T14:16:44Z,master,human,CONTRIBUTOR,4.7,2759cbdc6cecedb07f3847091a1dfc8cab263228
87087,2024-01-11T20:44:21Z,2026-07-31T17:53:17Z,master,human,CONTRIBUTOR,4.8,533b9b781917fc60c37bf89b00f561d36a5ff561
88647,2024-02-21T19:46:00Z,2026-07-22T01:26:40Z,master,human,MEMBER,4.8,90486772e9f5deddc12e025cb8ee35d37a8d78f8
89325,2024-03-09T19:16:26Z,2026-04-30T16:00:58Z,master,human,MEMBER,4.7,f1ea87c4bd4879d70e06af7d22e717983801920b
89367,2024-03-10T21:52:15Z,2025-10-09T16:52:59Z,master,human,MEMBER,4.6,3f3a8562fbecfe2b25c03227054e73ebea509f61
89748,2024-03-21T14:04:39Z,2026-02-17T20:11:02Z,master,human,MEMBER,4.7,7b089a98d9fc204e0ef2ffdf7e0d66c72ca7e7ad
89983,2024-03-28T15:14:32Z,2025-12-02T13:28:33Z,master,human,MEMBER,4.6,df0e6d39065d5b1fe243ede6ce6e5b3ceaf83be9
90401,2024-04-08T18:50:40Z,2025-10-24T16:29:54Z,master,human,MEMBER,4.6,fbf1c72f152fb88205805eac1720485710157560
90411,2024-04-09T02:53:24Z,2025-11-25T13:17:03Z,master,human,CONTRIBUTOR,4.6,258ee89997d5de18fa4a4058e0bfb3b0e6449e06
90439,2024-04-09T16:42:48Z,2025-12-05T08:46:34Z,master,human,CONTRIBUTOR,4.6,724054c1abb702fd5daaac3d7ec71e6b351f12b5
91124,2024-04-24T20:41:35Z,2026-03-05T12:53:40Z,master,human,MEMBER,4.7,b12b7bc622308c272fec74af2602229f4da0f743
91199,2024-04-26T04:11:42Z,2026-01-09T14:01:03Z,master,human,CONTRIBUTOR,4.6,42e3baaf4bcb61c6a2da5e492489f748d081137f
91261,2024-04-27T21:38:36Z,2026-02-25T17:31:53Z,master,human,CONTRIBUTOR,4.7,923c751af4e35fe8ef5f24d72333a561030f7382
91556,2024-05-04T11:58:32Z,2025-12-04T03:06:59Z,master,human,CONTRIBUTOR,4.6,05c33ece53f298b01f1e8e3820dff78d282f3091
91617,2024-05-06T14:23:40Z,2025-11-25T15:56:48Z,master,human,MEMBER,4.6,231adb0f0c374f2c4aa81469e2c49d97be668662
91634,2024-05-06T20:48:03Z,2025-11-22T00:42:38Z,master,human,CONTRIBUTOR,4.6,3619c68856582a2f3669f9b40dcdc0fab9f986c2
91703,2024-05-08T10:43:50Z,2025-12-02T18:00:32Z,master,human,CONTRIBUTOR,4.6,82e4493edb8f0dab6fb27fbbb7b4f896ef5c880c
91970,2024-05-15T04:07:54Z,2026-02-26T14:20:55Z,master,human,CONTRIBUTOR,4.7,9426643d5f680bc301050bac3440e2a746d36b2a
92002,2024-05-16T00:08:02Z,2026-07-05T16:00:27Z,master,human,CONTRIBUTOR,4.8,ae1aaa5f9dd3dcf935af741b5c126eaad8acc797
92080,2024-05-18T14:12:27Z,2026-03-06T18:44:28Z,master,human,CONTRIBUTOR,4.7,48897bb5df535cd650242f0aaf7d6446204bc0cc
92102,2024-05-19T02:28:27Z,2026-07-20T16:05:07Z,master,human,CONTRIBUTOR,4.8,57f2ed2188178e64863cb76f2aed2bb2bea08c1a
92282,2024-05-23T14:52:22Z,2026-02-12T14:25:36Z,master,human,MEMBER,4.7,553315ced85f89602f8b882da43ef92f170655bf
92390,2024-05-26T17:40:21Z,2025-11-13T23:47:52Z,master,human,MEMBER,4.6,d59cf3e6c2c3b481599c725c31fd3ff07e037ac1
92429,2024-05-27T13:37:16Z,2026-03-12T14:13:34Z,master,human,CONTRIBUTOR,4.7,020df5d45265ed8462db1c3e8fee1adaf48c1181
92649,2024-06-01T15:04:46Z,2025-12-03T14:05:59Z,master,human,CONTRIBUTOR,4.6,0cc6b6e91a272b4502644623153b75a5e4fd7135
92984,2024-06-10T15:39:35Z,2026-03-04T17:23:56Z,master,human,MEMBER,4.7,371282b28e6947ae0bbc53c94a1a02ba7c191ccd
93296,2024-06-18T10:07:36Z,2025-10-07T22:20:06Z,master,human,CONTRIBUTOR,4.6,5626f0bf0bfe6ea9fd827a3a5c16b95acd8dcb76
93298,2024-06-18T10:18:26Z,2026-02-20T01:26:13Z,master,human,CONTRIBUTOR,4.7,4d4f588a58faedf7003db913676d5384f1bfd4bd
93304,2024-06-18T11:51:28Z,2026-07-25T14:38:01Z,master,human,CONTRIBUTOR,4.8,91ec0be9e5e0c356592c53931ea097cbaa674092
93325,2024-06-18T21:10:08Z,2026-06-18T20:20:26Z,master,human,CONTRIBUTOR,4.8,e9b080715c79154a397cd40702d63a36d5ae7316
93436,2024-06-21T16:37:21Z,2025-11-20T22:50:15Z,master,human,MEMBER,4.6,45ce9f09d28007a6655ff826975bbd68ffc9669f
93463,2024-06-22T11:38:42Z,2025-11-24T22:18:30Z,master,human,CONTRIBUTOR,4.6,b962544a3edb7bf57f55fd518a1253fba1471e93
93478,2024-06-22T17:14:28Z,2026-02-04T00:09:29Z,master,human,CONTRIBUTOR,4.7,92884a7140b419a2aa8c6b061a313ef3f1434815
93713,2024-06-28T18:45:24Z,2025-10-14T15:38:08Z,master,human,MEMBER,4.6,9554c2bc56dad8d512b7099168cd698b4320c015
93724,2024-06-29T00:25:05Z,2025-12-18T14:05:25Z,master,human,MEMBER,4.6,679e910fa8fa12186ddec5e604815db28a123c67
93889,2024-07-03T09:56:55Z,2025-11-17T17:03:40Z,master,human,CONTRIBUTOR,4.6,b651fc3204c9f722d61284c7b2fb1e89822f8981
94013,2024-07-06T22:18:46Z,2025-11-06T14:16:40Z,master,human,MEMBER,4.6,cb3af5afff15669a684ba4f04b9aa5c70dfd09ad
94047,2024-07-07T18:22:50Z,2025-10-16T17:54:06Z,master,human,MEMBER,4.6,60710df3b6fffb5a9a9479f80a0e9d8f05069946
94062,2024-07-08T07:44:32Z,2026-02-05T15:38:26Z,master,human,CONTRIBUTOR,4.7,071b605cdd61bc5cafd69a3ced0669c7c20a5462
94096,2024-07-08T20:25:20Z,2026-06-26T13:55:22Z,master,human,CONTRIBUTOR,4.8,f01f9fbb0e47cfbcf510b24134a2ae4913587dd3
94488,2024-07-17T22:59:52Z,2025-10-22T00:16:39Z,master,human,MEMBER,4.6,201eed71294ba727834ba8e758e1664a532e0299
94496,2024-07-18T07:12:07Z,2026-02-12T14:25:36Z,master,human,CONTRIBUTOR,4.7,fde9658a3e91bd718bdd9ce92a2ecfa777fbe0fa
94542,2024-07-19T16:47:06Z,2025-11-19T17:08:18Z,master,human,MEMBER,4.6,75e0559d4b3d81e8a7e680d2d4bf72da203f2637
94873,2024-07-28T11:42:15Z,2025-11-19T17:08:21Z,master,human,CONTRIBUTOR,4.6,dfc38d2a3f7c840c2960e380d1a52ad970881c78
94929,2024-07-29T21:07:28Z,2025-11-10T14:34:48Z,master,human,CONTRIBUTOR,4.6,3d6ad3f8065c7b6abb8595cfb77b6fa0ceb91b68
95075,2024-08-02T16:27:38Z,2025-10-28T17:24:50Z,master,human,MEMBER,4.6,d0626c8679b4e1c23b5ef041415fc005d9a04567
95136,2024-08-04T16:02:06Z,2026-08-04T16:52:40Z,master,human,MEMBER,4.8,dd82d82b8d8d029efb8d1b0e2a1927778590f338
95817,2024-08-19T19:26:17Z,2025-11-24T16:27:58Z,master,human,CONTRIBUTOR,4.6,1fc27cc1a9c4f184b761750660c09ba3a8e78d9c
95949,2024-08-22T14:24:04Z,2026-05-11T16:12:55Z,master,human,CONTRIBUTOR,4.7,0985e32fb5ac29c73f6dc121feea6c7fc2c438a7
96063,2024-08-25T09:49:08Z,2026-08-19T22:21:39Z,master,human,MEMBER,4.8,73ce254d0ff3a157567196df708af2a7d2564637
96458,2024-09-02T05:55:06Z,2026-07-09T17:48:40Z,master,human,MEMBER,4.8,91cf19a868418e76bbb20837ad8630ff1895e2dc
96547,2024-09-04T04:44:22Z,2025-12-11T00:17:04Z,master,human,CONTRIBUTOR,4.6,6139cef625f638cc2c35aa96358a388ee443a53c
96748,2024-09-09T09:57:44Z,2026-04-13T16:47:46Z,master,human,MEMBER,4.7,87898da27f58a359f3f68135b3cd600baa67ff8f
96750,2024-09-09T10:14:49Z,2026-04-28T14:14:32Z,master,human,CONTRIBUTOR,4.7,a7863ab81c607afb2aebf6ca552a258b647fa713
96825,2024-09-10T21:21:46Z,2025-12-17T02:40:15Z,master,human,MEMBER,4.6,48109bab646e343b13a0250d28d8269a88e68b7b
96897,2024-09-12T06:34:59Z,2025-12-01T10:55:34Z,master,human,CONTRIBUTOR,4.6,dcd071bc4b70346572c2698ca0c3a1b33eb1f445
97321,2024-09-22T09:57:10Z,2026-03-16T11:12:02Z,master,human,CONTRIBUTOR,4.7,a38db1581270378ebd11307b3d4cdede5aa2b731
97366,2024-09-23T15:01:31Z,2026-07-09T17:48:43Z,master,human,CONTRIBUTOR,4.8,6e09af94bf9f2a580e5ae041fbf70bd7ef04ee01
97616,2024-09-29T11:09:02Z,2025-11-25T15:56:49Z,master,human,CONTRIBUTOR,4.6,89435a9e052e48d9a46b455a0dab9a1353dad91b
97620,2024-09-29T15:57:24Z,2025-12-01T10:55:34Z,master,human,CONTRIBUTOR,4.6,1575e3da9069e89edf556e6af4c165ff77ed3d25
97753,2024-10-03T00:37:02Z,2025-10-28T17:24:50Z,master,human,CONTRIBUTOR,4.6,daf15172eb10b3718f0c869e35c420fc04f8ec0f
97758,2024-10-03T08:02:24Z,2025-11-14T20:28:29Z,master,human,CONTRIBUTOR,4.6,90413dacb457b613fe78cab8991c66ba75c2040b
97871,2024-10-06T08:04:56Z,2025-10-28T17:24:52Z,master,human,CONTRIBUTOR,4.6,f1f3f068439bf947b75811e5d1262b7b8df8dd3a
98122,2024-10-12T18:21:33Z,2025-12-02T13:28:31Z,master,human,CONTRIBUTOR,4.6,44bc2da147e320127c07100066cd9d61399b4696
98396,2024-10-21T21:30:55Z,2026-06-18T18:19:40Z,master,human,MEMBER,4.8,ed3bf90c653409fa0d389b35b60f643abe87c659
98417,2024-10-22T13:31:52Z,2026-08-10T16:14:38Z,master,human,MEMBER,4.8,cac45733812bac41e85575373df736cc2e4a09a1
98428,2024-10-22T17:58:54Z,2025-11-20T22:50:15Z,master,human,CONTRIBUTOR,4.6,b79fe2e0205fd7ab70a155d16f00c0ca2a7a7a5b
98667,2024-10-30T10:37:57Z,2026-02-04T17:12:20Z,master,human,MEMBER,4.7,3fff558dfcd8968bcd6941983e570fc642a80d11
98936,2024-11-07T19:52:23Z,2025-11-20T22:50:15Z,master,human,NONE,4.6,e9718d4bed782246ab7fcd8c692e3eb25747a30d
99119,2024-11-12T12:20:59Z,2026-01-27T21:28:26Z,master,human,CONTRIBUTOR,4.7,04a2ae7ed43dce48fc70d0e9993d05cc9cd0a595
99404,2024-11-18T19:27:09Z,2026-08-25T17:19:09Z,master,human,MEMBER,4.8,de86f75c1833d38ab01185e3a1391a7a6d58412c
99499,2024-11-21T15:44:41Z,2026-03-02T22:00:15Z,master,human,MEMBER,4.7,778cf54dabd8a9e25b698a87036ab8604183f303
99569,2024-11-23T02:02:12Z,2026-01-27T21:28:27Z,master,human,CONTRIBUTOR,4.7,9f0e14ab2ff2557d067a9b510b17b2638d3ee53d
99640,2024-11-24T17:58:04Z,2025-11-24T16:27:58Z,master,human,CONTRIBUTOR,4.6,48887b3f2e03b9daff231e8689af6c7afa065e24
99725,2024-11-26T22:24:37Z,2026-07-15T17:00:28Z,master,human,MEMBER,4.8,d783217f3cfc4ac4fd6c50b9290b55314d1bc589
99899,2024-12-01T16:41:29Z,2026-04-06T18:07:08Z,master,human,CONTRIBUTOR,4.7,761eb2d47cfeb9350f4af77b948f243e2337dbd8
99946,2024-12-03T02:10:06Z,2026-06-19T20:16:55Z,master,human,CONTRIBUTOR,4.8,eda7b27fdd0b714c5945174e53dda06b3e773f75
99949,2024-12-03T03:29:36Z,2026-02-20T23:33:24Z,master,human,MEMBER,4.7,4d6dc336d52790077945c45172e731688a0c373f
100197,2024-12-09T10:16:40Z,2025-11-05T01:54:10Z,master,human,CONTRIBUTOR,4.6,939c7d5890f05a32a6e8cdd2e70653e6e93f9d05
100219,2024-12-09T21:58:40Z,2026-01-28T18:33:11Z,master,human,CONTRIBUTOR,4.7,9207487bd6746684273b4d9309085e74444d7f68
100923,2024-12-30T07:33:45Z,2026-01-29T00:03:46Z,master,human,CONTRIBUTOR,4.7,dd210a10714371a7d34d3b3d5d7cae8a82dd5efe
100986,2024-12-31T21:24:31Z,2026-08-04T16:52:33Z,master,human,CONTRIBUTOR,4.8,2d9238ec906c9d32348d4ef8a9343367a369735d
101040,2025-01-02T18:47:18Z,2025-11-21T10:28:43Z,2.1,human,MEMBER,2.1,44184ed0c32b598603a828808e7464149cbc4154
101092,2025-01-03T20:01:44Z,2025-10-21T20:16:35Z,master,human,MEMBER,4.6,1bae99a65dc04cb25e4c2cd2af1ac004fc6469ac
101105,2025-01-03T22:38:01Z,2025-11-21T10:31:57Z,1.0,human,MEMBER,,708c8181befb6c0f617afde7cadb9ecaa48d264e
101129,2025-01-04T15:22:27Z,2025-11-14T02:56:30Z,master,human,CONTRIBUTOR,4.6,0aeab540b782eb25f3db403d1fdf9fb452004ab8
101165,2025-01-05T22:45:43Z,2025-11-13T23:47:52Z,master,human,CONTRIBUTOR,4.6,8950c6527b49e6e9158c5085096ec88bfc488f81
101168,2025-01-06T00:23:34Z,2025-11-19T17:08:19Z,master,human,CONTRIBUTOR,4.6,11ba422b660b137425aa24e79f73a92c8c95d121
101177,2025-01-06T11:24:41Z,2025-11-21T10:32:07Z,1.1,human,MEMBER,,eb26ca7ae1a61cebaf6c693fb4a53572f0287d7f
101209,2025-01-07T04:44:30Z,2026-01-16T12:27:59Z,master,human,CONTRIBUTOR,4.6,abb90e592a45f62a40d93db2a971c3f22fd876f0
101247,2025-01-07T21:40:26Z,2025-11-20T17:16:51Z,master,human,MEMBER,4.6,8deb2218292cc7b8de15616a13a0e76cf8edc04f
101255,2025-01-08T00:58:47Z,2025-11-21T20:52:42Z,master,human,CONTRIBUTOR,4.6,efa1056a3ab4780c62e77876fd89a2e3c997e424
101342,2025-01-09T13:14:12Z,2025-11-19T17:08:22Z,master,human,MEMBER,4.6,7716a4cba0e4d96e170488bd4f332d22395f7bdb
101407,2025-01-10T21:16:50Z,2025-11-25T13:17:03Z,master,human,CONTRIBUTOR,4.6,22a28e07cc1cf6c510784c81ba30b7f572c152f1
101468,2025-01-12T19:19:03Z,2026-02-20T02:31:49Z,master,human,MEMBER,4.7,f65f5c0548393bdf9d411dec45cdbad466865f86
101501,2025-01-13T17:32:21Z,2026-04-01T23:14:18Z,master,human,CONTRIBUTOR,4.7,2d94df2bd05e56f8a4f0b5d959526837f3fd2336
101673,2025-01-17T11:29:14Z,2026-08-18T12:10:40Z,master,human,CONTRIBUTOR,4.8,4aefa6e4b41134077fe25ae3dba0d6b036fc2e2e
101769,2025-01-18T19:54:50Z,2026-02-19T16:24:56Z,master,human,MEMBER,4.7,16b7047677a51c6af906a8fe648b8d0c7085471c
101787,2025-01-19T04:02:58Z,2025-11-24T16:27:58Z,master,human,CONTRIBUTOR,4.6,06f7cc9e02edefc1b0ee631c782860ac3aa84e60
102020,2025-01-25T13:22:04Z,2025-10-21T20:16:35Z,master,human,CONTRIBUTOR,4.6,920fd5cb4da142f64b41f6120775dc8481b3b1fe
102021,2025-01-25T13:28:56Z,2025-10-21T20:16:35Z,master,human,CONTRIBUTOR,4.6,506abd4903dbf36bdbc95096330320027c35fef5
102055,2025-01-26T11:52:16Z,2025-10-21T20:16:35Z,master,human,CONTRIBUTOR,4.6,6e76eb3a5ddc6bb5d2e329db0bc3b410437d4cad
102064,2025-01-26T18:56:14Z,2025-10-23T20:37:11Z,master,human,CONTRIBUTOR,4.6,1c41e93979a9945ec2de27c9162ffdea0cd4a010
102085,2025-01-27T12:34:10Z,2026-02-05T15:38:26Z,master,human,CONTRIBUTOR,4.7,bbfc894451b6cd4733322fc006a42e3453dfaf1a
102193,2025-01-30T14:07:25Z,2025-11-20T22:50:15Z,master,human,CONTRIBUTOR,4.6,80d1459a59d6980bbc971a9c675aef9edec2ad2a
102232,2025-01-31T08:20:08Z,2025-11-25T15:56:49Z,master,human,MEMBER,4.6,158f13aebf68fcccfe4bb3588f3fd0d1bce77ab2
102378,2025-02-03T19:57:00Z,2026-02-26T14:20:55Z,master,human,CONTRIBUTOR,4.7,a6aa38ff8932f83408f0ce1702b73c88d3922be6
102394,2025-02-04T05:44:18Z,2026-03-23T12:12:47Z,master,human,CONTRIBUTOR,4.7,00fd52aa3bbfccba3c085746223500321c0c1841
102734,2025-02-11T23:29:44Z,2026-06-29T20:19:15Z,master,human,MEMBER,4.8,22211098245be2fca67720218e018d7dfcdb8252
102787,2025-02-12T21:37:32Z,2026-02-16T21:10:19Z,master,human,CONTRIBUTOR,4.7,14ef1c49f0405c0e6ce0ee3d20b08689fd993ea2
102789,2025-02-12T22:02:02Z,2025-12-16T10:35:38Z,master,human,MEMBER,4.6,9b5e8f9483fd5432160280f3080798777baf2bbb
102858,2025-02-14T14:28:35Z,2026-02-17T15:35:25Z,master,human,CONTRIBUTOR,4.7,dc6222782f09a7be5bbf17a0942fd28ea8854926
102888,2025-02-15T09:45:38Z,2025-10-14T15:38:07Z,master,human,CONTRIBUTOR,4.6,9659dc13bd22f2a863651da7f3ac74a43e0e51bf
102889,2025-02-15T11:55:14Z,2025-11-14T20:28:29Z,master,human,CONTRIBUTOR,4.6,d6027422212a107f581f64e6876454d9a17d9a81
102923,2025-02-16T17:57:06Z,2026-06-29T20:19:15Z,master,human,CONTRIBUTOR,4.8,fdbe8dbd372d39313eea33d89d28397d27428a1a
102937,2025-02-17T05:39:40Z,2026-03-23T21:45:26Z,master,human,CONTRIBUTOR,4.7,5ececde0ce8415a27cf066c92bce3ede961a427b
102963,2025-02-17T15:59:23Z,2026-09-28T23:26:16Z,master,human,MEMBER,4.8,4688d69f4423e3fb9ce8ab096cd08a5ce3a09fa1
102987,2025-02-18T09:58:24Z,2026-03-16T16:42:19Z,master,human,CONTRIBUTOR,4.7,5d0a32157593c9dd374b3796589f14b21b8212d8
102992,2025-02-18T13:28:03Z,2026-02-23T18:06:08Z,master,human,CONTRIBUTOR,4.7,4af7648288835c8e6cf2c6039ef6bb649b7f87df
103005,2025-02-18T17:48:10Z,2026-02-25T15:34:16Z,master,human,CONTRIBUTOR,4.7,36dac9c6c97270b0d00560acde6a9793158deb71
103100,2025-02-20T22:17:08Z,2026-09-02T14:42:29Z,master,human,MEMBER,4.8,70b7e6c1990e8f9ad71c3b86bb4b0db9a34ccbe1
103113,2025-02-21T06:17:00Z,2025-10-31T14:33:33Z,master,human,CONTRIBUTOR,4.6,bbcdc41082b82dce3ccaa9f49d43be79f966e457
103216,2025-02-23T11:40:44Z,2026-09-02T14:42:29Z,master,human,MEMBER,4.8,7727206eb1d40e9e636b59b27d27fba20f0f50f8
103257,2025-02-24T18:45:41Z,2025-10-29T18:21:35Z,master,human,CONTRIBUTOR,4.6,534591047ee3af8ae828dddd6e206638413f6826
103340,2025-02-27T00:43:05Z,2025-11-18T01:37:45Z,master,human,MEMBER,4.6,accfebb1ad62a0bb26fd520690307ac30711154a
103352,2025-02-27T09:53:16Z,2025-12-03T02:43:24Z,master,human,CONTRIBUTOR,4.6,5947dff88abddafa03ef92f53b02489278153315
103478,2025-03-02T20:34:19Z,2025-10-22T00:16:39Z,master,human,MEMBER,4.6,81910428e6df4657c88a0b4822251510f08ff43b
103672,2025-03-06T02:50:16Z,2025-11-24T22:18:32Z,master,human,CONTRIBUTOR,4.6,ca692bee19b203a59b647cb04afa1d6bf05877f6
103742,2025-03-07T02:49:32Z,2025-10-30T15:52:50Z,master,human,CONTRIBUTOR,4.6,e4c9950f622a3a750f13b21e8757165bc25ad352
103749,2025-03-07T06:21:47Z,2025-11-19T17:08:21Z,master,human,CONTRIBUTOR,4.6,2135cb1707630f1a2e1ebf7489f9316551888e82
103953,2025-03-11T03:45:53Z,2025-11-20T17:16:51Z,master,human,CONTRIBUTOR,4.6,2c0309958728603d745b8f4d45d232f9aa00c1d0
103998,2025-03-11T22:54:52Z,2026-08-31T14:12:30Z,master,human,MEMBER,4.8,d360d3a934fef4571637596dfcc373dda9d1e99e
104014,2025-03-12T08:23:48Z,2026-06-18T20:20:24Z,master,human,CONTRIBUTOR,4.8,685c3eedb79437ef73959b524213a09dbef24c22
104112,2025-03-14T10:02:33Z,2025-11-07T16:37:19Z,master,human,MEMBER,4.6,f989dd39919afd7714f45905762a1bedf551e4f2
104280,2025-03-17T17:13:40Z,2025-11-17T17:03:40Z,master,human,MEMBER,4.6,910133fda6bbc1d09d2ed5a5ffa5acb7aa93717a
104289,2025-03-17T20:35:08Z,2026-08-31T14:12:30Z,master,human,CONTRIBUTOR,4.8,e257d3e01b6990941d4c494ee938aa77c1cc802e
104340,2025-03-18T23:36:16Z,2025-12-15T14:06:21Z,master,human,MEMBER,4.6,c62d8b681a4903029699c8f2c8271d965f31a38c
104371,2025-03-19T16:17:10Z,2025-12-02T13:28:32Z,master,human,CONTRIBUTOR,4.6,85d5df058bbf717f23382e0184cd24774a8b23c4
104433,2025-03-21T12:46:00Z,2026-01-28T18:33:13Z,master,human,CONTRIBUTOR,4.7,3c341ffcab13a34a82a7882236a968d298d354d8
104456,2025-03-21T18:38:13Z,2026-08-27T17:33:12Z,master,human,MEMBER,4.8,5200ebdde43bb93edf9b363e8a3f542d30221280
104481,2025-03-22T11:37:14Z,2026-05-22T16:09:10Z,master,human,MEMBER,4.7,a75108ba0106ea37b832b1fec86f98301f98e835
104496,2025-03-22T23:45:16Z,2025-12-03T09:36:56Z,master,human,CONTRIBUTOR,4.6,46cfb80f2183c571c18674dc7f739397ac8c854e
104628,2025-03-25T23:30:55Z,2026-02-19T16:24:56Z,master,human,MEMBER,4.7,9a3a7f9abf4633f38d7aeaf48d59e94e04625123
104676,2025-03-27T02:09:08Z,2025-11-11T16:41:04Z,master,human,CONTRIBUTOR,4.6,b83343f23d9632bca9a09fac13b6840cf855df53
104736,2025-03-28T20:15:52Z,2026-02-10T14:32:47Z,master,human,CONTRIBUTOR,4.7,c44b01cd1f34e296a72349a3a2530e3d5bc79e4f
104793,2025-03-30T08:40:01Z,2025-10-30T15:52:50Z,master,human,CONTRIBUTOR,4.6,4725a4bac957772308dc05967cbb8c3bfe887640
104802,2025-03-30T14:49:12Z,2025-11-18T20:03:52Z,master,human,CONTRIBUTOR,4.6,76835d28ca6a45023590f7152544990e4bc8030f
104839,2025-03-31T12:35:38Z,2026-08-10T16:14:38Z,master,human,CONTRIBUTOR,4.8,fe0548ffeef63c556765355dd55903b75ddac316
104851,2025-03-31T17:00:13Z,2025-11-12T17:36:39Z,master,human,MEMBER,4.6,04bc282ae7ba4a48d90c74a9f30623971b0b40f2
104860,2025-03-31T20:55:11Z,2026-03-09T10:53:24Z,master,human,MEMBER,4.7,ef8a050a76ed4d818f1525d93fa09687dd0cc944
104951,2025-04-03T02:59:16Z,2025-10-24T16:29:54Z,master,human,CONTRIBUTOR,4.6,1c9eec6f90f2a49fa38aebeb24ebca1bd39e7008
105016,2025-04-04T11:41:08Z,2026-02-16T16:24:54Z,master,human,MEMBER,4.7,c9c44461747759f5e9f214a01cd256ae373b515b
105045,2025-04-05T06:31:33Z,2026-02-16T21:10:17Z,master,human,CONTRIBUTOR,4.7,7eedf1846f06f2de8842170f6b7eccf845e716d0
105122,2025-04-07T16:27:37Z,2026-04-01T23:14:16Z,master,human,MEMBER,4.7,8c3a9f9afce2d3d24cf5dfa20f93fb6dacf13075
105203,2025-04-09T16:40:11Z,2025-11-10T23:52:49Z,master,human,CONTRIBUTOR,4.6,734fe458bad633ec4fcbe29df46f565c43f2beca
105236,2025-04-10T12:11:12Z,2025-12-17T02:40:16Z,master,human,MEMBER,4.6,d9f938775dd3057d6a3d3cc4f153e3c6b17cc7ff
105243,2025-04-10T15:00:14Z,2026-06-25T13:37:19Z,master,human,MEMBER,4.8,6fde0543ee7344486a0fc2c5abbcce6d62ed72d7
105292,2025-04-11T20:48:34Z,2025-11-13T18:36:38Z,master,human,CONTRIBUTOR,4.6,e75336e0d077ec98b049562b2f09aa3432391b0c
105296,2025-04-12T03:37:56Z,2026-03-23T21:45:26Z,master,human,CONTRIBUTOR,4.7,70c965168265e979ebaaa347e8ad08dfad0e2e42
105308,2025-04-12T10:06:39Z,2026-02-25T15:34:13Z,master,human,MEMBER,4.7,dfd842b8cd8116725e7248818d7a22f588bc53d7
105309,2025-04-12T10:28:11Z,2026-08-12T17:20:27Z,master,human,MEMBER,4.8,8ec85d168c9225879b631ec4cc4588a650db32e5
105350,2025-04-13T15:11:25Z,2026-02-24T15:34:27Z,master,human,MEMBER,4.7,b063ada54aace62fdb024fa80fe8a894b067c989
105366,2025-04-13T21:05:09Z,2025-12-18T22:36:09Z,master,human,MEMBER,4.6,1a176ede06f7d4aec3c478dfc57055e0b41ac120
105449,2025-04-16T04:47:00Z,2025-10-10T15:37:55Z,master,human,MEMBER,4.6,dd3b17de8809063ff02d4a7f1d0fa520530d972d
105450,2025-04-16T04:58:54Z,2025-10-20T23:15:21Z,master,human,MEMBER,4.6,06c0985fee59ef45c6c559055eeb9e22e1994dd4
105523,2025-04-18T13:03:45Z,2026-01-27T21:28:26Z,master,human,MEMBER,4.7,b2198da15498ce8676498c79940d4bf8abb3cee8
105550,2025-04-18T23:41:36Z,2026-09-22T15:21:22Z,master,human,MEMBER,4.8,e199b750adbdc84980aa9200fa2daa81f7dcd477
105587,2025-04-20T15:24:49Z,2025-10-07T11:27:06Z,master,human,MEMBER,4.6,a6e44be2dc41ca4ce29e7e64984c93fede26c2aa
105701,2025-04-24T06:34:54Z,2026-01-30T15:49:00Z,master,human,CONTRIBUTOR,4.7,fd6e80d4e97ccd4ab4146db018df91c20e07ab4e
105791,2025-04-26T14:59:29Z,2026-03-09T20:20:52Z,master,human,CONTRIBUTOR,4.7,88cd7ab37813ce89d49c199bc05edb660e7dacb6
105793,2025-04-26T15:25:26Z,2025-10-06T14:13:04Z,master,human,MEMBER,4.6,dd6ffaabdc9e5fd0c74c606b7292336023c95342
105963,2025-04-30T21:49:53Z,2026-06-18T15:25:25Z,master,human,CONTRIBUTOR,4.8,e9327acbe5e0f6cab01633b2f19d01a64a7acd75
106004,2025-05-02T01:24:16Z,2026-02-17T15:35:25Z,master,human,CONTRIBUTOR,4.7,41d060630af86d0897bbb1517f1c13d607f2b779
106016,2025-05-02T11:56:38Z,2025-12-03T22:55:55Z,master,human,MEMBER,4.6,662db6eb591cebe2bec4cf728e5313d7f02e6cf3
106031,2025-05-02T18:17:51Z,2025-10-30T15:52:51Z,master,human,CONTRIBUTOR,4.6,1c7f1b2234ae0742bc37266c4c24fccdb0370220
106071,2025-05-04T11:38:09Z,2025-11-14T20:28:29Z,master,human,CONTRIBUTOR,4.6,22fcb577c0954c85e8bebac0cc0fcf3b085af07b
106099,2025-05-05T17:57:38Z,2025-11-07T16:37:19Z,master,human,CONTRIBUTOR,4.6,f3c44f00a996b61b93b54672d232cff953eb50c5
106164,2025-05-08T06:43:19Z,2025-11-07T16:37:19Z,master,human,CONTRIBUTOR,4.6,522fa8d9bcaecce7080d8802cf1ea4728b759552
106219,2025-05-09T20:57:57Z,2026-02-19T16:24:55Z,master,human,CONTRIBUTOR,4.7,e0b9d1f3ffb35bf82d2db936f13b120477c47e05
106237,2025-05-10T10:35:23Z,2025-10-24T16:29:54Z,master,human,CONTRIBUTOR,4.6,abb68b85fd1a5006e9e8c9d9e29362cf306e074d
106263,2025-05-11T02:30:27Z,2025-10-14T00:35:28Z,master,human,CONTRIBUTOR,4.6,8ce4f80dd9205d604fcc66936ee9a57533971509
106290,2025-05-11T19:29:43Z,2025-10-30T15:52:50Z,master,human,CONTRIBUTOR,4.6,879bd6eb9408fc9a7a5c753776aad1969383bfb4
106299,2025-05-12T07:04:42Z,2025-10-30T15:52:50Z,master,human,CONTRIBUTOR,4.6,8ab907181c1bf90448f276beba967d458e1db2f9
106347,2025-05-13T10:39:02Z,2026-04-13T20:53:20Z,master,human,MEMBER,4.7,6cdadfc0612ba0405ea08a0fdd9ee3e58b767c9d
106352,2025-05-13T13:22:51Z,2026-02-05T20:52:36Z,master,human,MEMBER,4.7,22d03aed44abf4dcde0e40f25bacc46dafaab9a4
106434,2025-05-15T10:02:08Z,2025-10-06T14:13:04Z,master,human,MEMBER,4.6,686b56fae9121c5ec4435b824e921db17389969b
106532,2025-05-17T17:01:25Z,2025-11-17T17:03:40Z,master,human,CONTRIBUTOR,4.6,d999f873bae12f86c403b14298d6827f794f0931
106556,2025-05-18T11:00:15Z,2026-07-26T18:07:08Z,3.x,human,MEMBER,3.7,fb465d85a301d3ee05af1de5ddcb3aacb4811d75
106560,2025-05-18T12:49:37Z,2026-02-16T16:24:54Z,master,human,CONTRIBUTOR,4.7,2f06af10e6c057a3c6f4b352b9979e15dd7c8d8e
106636,2025-05-20T13:44:58Z,2025-10-10T15:37:54Z,master,human,MEMBER,4.6,d4a87d9bb3f434e49d969b0c0ce3ee61eb8f679e
106684,2025-05-21T15:32:52Z,2025-10-30T15:52:50Z,master,human,CONTRIBUTOR,4.6,fd89a17d2f491933a991b0e6afc6d17d30264bb0
106765,2025-05-24T05:53:14Z,2026-04-01T23:14:16Z,master,human,CONTRIBUTOR,4.7,618e55b48bfb2e695572b5859a1f42d4e734ab0c
106768,2025-05-24T08:35:33Z,2025-12-08T18:01:22Z,master,human,CONTRIBUTOR,4.6,8e2feb7b734060d38cf8506ffe3638e1eacedf9a
106780,2025-05-24T19:54:29Z,2025-11-17T17:03:40Z,master,human,CONTRIBUTOR,4.6,fc15c8f63ff1ad88d9f981f39080429a1ad562e3
106785,2025-05-24T22:28:20Z,2026-03-31T15:53:20Z,master,human,CONTRIBUTOR,4.7,c708da3a2d4baeb2a9272020dbd9b4d6828b5b79
106814,2025-05-26T06:11:22Z,2026-03-02T11:43:29Z,master,human,CONTRIBUTOR,4.7,f1ce0e6510025c45f914ef040bb5788faa3c02e0
106837,2025-05-26T18:53:22Z,2025-10-06T12:23:33Z,master,human,MEMBER,4.6,ef5cd9960439596036ed5d4f2214e92fb9e89f05
106867,2025-05-27T12:33:35Z,2026-03-16T16:42:19Z,master,human,MEMBER,4.7,40184ac402b274ef8761cd5a86817e6193400dc9
106891,2025-05-28T05:09:15Z,2025-11-20T22:50:15Z,master,human,CONTRIBUTOR,4.6,b0a03edce0dc69fbc46e93dae9cd0c82265f5929
106940,2025-05-29T20:41:52Z,2025-12-03T17:49:47Z,master,human,CONTRIBUTOR,4.6,8105ff7ac735f83be221296a6bb9b22caa7d9253
106947,2025-05-30T00:59:13Z,2025-10-21T20:16:35Z,master,human,CONTRIBUTOR,4.6,fe9cdea92c8d76bb2ccdcd83f41a22dd129e036f
106997,2025-05-31T16:24:38Z,2025-10-10T15:37:55Z,master,human,MEMBER,4.6,89ce203427985ae9edf0a8192868518b1e009a72
107052,2025-06-02T15:09:17Z,2026-04-15T10:45:29Z,master,human,CONTRIBUTOR,4.7,b7ab3a6da0914abc50af799e0cf4b663155494fd
107126,2025-06-04T20:12:20Z,2026-06-22T13:34:29Z,master,human,CONTRIBUTOR,4.8,19cf57431d15824824ec67aecc81c6b2e1132aa3
107154,2025-06-05T15:12:19Z,2025-11-18T01:37:45Z,master,human,MEMBER,4.6,9e6fefd96eb3cb17eb3f90f00fb5743fc0666898
107167,2025-06-05T16:58:57Z,2025-12-03T09:36:56Z,master,human,MEMBER,4.6,b603be2211d6a67e5d5a88af645670fc52d6f04e
107205,2025-06-06T09:47:43Z,2026-09-03T17:51:13Z,master,human,MEMBER,4.8,56f78f15554630c73cb53b7d2ba8cecbd21b9b6b
107234,2025-06-06T21:13:58Z,2026-02-03T14:18:41Z,master,human,CONTRIBUTOR,4.7,c4e9378020af2164ba37cc387af5967eb081cbe4
107237,2025-06-06T21:39:17Z,2025-11-18T01:37:45Z,master,human,MEMBER,4.6,ee60dce3b89b7e1c75bdc315b35d9caa17c53c4b
107264,2025-06-07T19:52:46Z,2025-11-14T20:28:29Z,master,human,CONTRIBUTOR,4.6,527cb4123ecde01fe4bbc654079eb149fabf640e
107273,2025-06-08T06:30:11Z,2025-10-06T14:13:04Z,master,human,CONTRIBUTOR,4.6,3b04c8464c1dec48b1b2837a7a7292175156f0c8
107275,2025-06-08T08:04:42Z,2025-10-24T16:29:54Z,master,human,CONTRIBUTOR,4.6,c2ca5bdd237929646f6a6e0643d0883b623fb98c
107303,2025-06-09T06:41:01Z,2025-10-22T18:49:49Z,master,human,CONTRIBUTOR,4.6,38e20331c8325e7c92a590af6cec670e5c8d2990
107312,2025-06-09T10:08:29Z,2026-04-07T23:25:49Z,master,human,CONTRIBUTOR,4.7,aef4950b92463d4686ac33a67310111f80a4b1bb
107326,2025-06-09T14:28:58Z,2026-01-01T16:15:51Z,master,human,MEMBER,4.6,e364215bea84b1ee5da7234083c682283f65f08e
107343,2025-06-10T03:15:08Z,2025-11-24T22:18:30Z,master,human,CONTRIBUTOR,4.6,fb91141cd12a79f6912b9e1174c893f5f542cb1e
107384,2025-06-10T23:12:56Z,2025-10-07T17:03:01Z,master,human,CONTRIBUTOR,4.6,cb164a38f2bcb1074c9f3ce0a0eadd2a24ed6003
107395,2025-06-11T08:53:15Z,2025-10-14T00:35:29Z,master,human,CONTRIBUTOR,4.6,58894136b7384cfcb55a8cecdfedefde6d36226e
107400,2025-06-11T11:16:16Z,2025-11-10T14:34:47Z,master,human,CONTRIBUTOR,4.6,4c5f6691f083c8defae21f85c9287da8e4a05afd
107423,2025-06-11T20:28:11Z,2025-11-24T16:27:58Z,master,human,MEMBER,4.6,a56260773b178abf59c324a67b6843c09cd3b6b4
107435,2025-06-12T02:45:09Z,2025-11-20T17:16:51Z,master,human,MEMBER,4.6,688a6d02b2e37161625331cd749f1e2e85a1313f
107440,2025-06-12T06:52:46Z,2025-11-13T23:47:52Z,master,human,CONTRIBUTOR,4.6,b52e3f7e6bc8a9de55aab6b69e6f3f57e9ca3d3a
107452,2025-06-12T12:07:09Z,2026-02-17T15:35:25Z,master,human,MEMBER,4.7,fa56f71ddd161baccadbc975176e7b7e7d7a29b6
107487,2025-06-13T11:53:10Z,2025-10-22T00:16:39Z,master,human,CONTRIBUTOR,4.6,9cd297b6f2a0ee660b8f1a6b385582cccf3a9d10
107536,2025-06-14T15:14:28Z,2025-11-26T22:49:25Z,master,human,MEMBER,4.6,d57a59838eee892ad55c50c1c3385f2eea2f4434
107573,2025-06-15T21:37:43Z,2025-10-10T15:37:54Z,master,human,CONTRIBUTOR,4.6,edcbdc5706e711e0ffd24f5f02aa1f216ebd4eb4
107586,2025-06-16T09:53:32Z,2026-01-13T10:14:37Z,master,human,MEMBER,4.6,ae12dea1bba059f09fd06400bf04acca23d94872
107597,2025-06-16T15:04:47Z,2026-02-06T14:23:24Z,master,human,CONTRIBUTOR,4.7,526bb56115a11424ce80b5a112585188cbc86eae
107652,2025-06-18T02:23:36Z,2025-11-17T17:03:40Z,master,human,CONTRIBUTOR,4.6,f00cf63b42975e44c573b589037b45c40a5f84a9
107658,2025-06-18T08:22:25Z,2026-09-15T22:57:11Z,master,human,CONTRIBUTOR,4.8,75212c8ad9ef6d726d2c5f454379b2b4158e6e17
107671,2025-06-18T16:08:54Z,2025-10-20T23:15:21Z,master,human,CONTRIBUTOR,4.6,d6c5c4eeb56bf83bb562376c71ec3623f8baebfe
107672,2025-06-18T16:40:28Z,2025-10-27T15:06:22Z,master,human,CONTRIBUTOR,4.6,40e3ac84bc7620194ae8f81ff4995af3105637fc
107679,2025-06-18T19:45:29Z,2026-05-06T20:00:02Z,master,human,CONTRIBUTOR,4.7,11edbdfb983c9d4a0b84d89f2f30ed852152decb
107687,2025-06-18T23:55:48Z,2025-12-08T18:01:22Z,master,human,MEMBER,4.6,003266b51fe638d51dc801fa93590e047a6352cb
107740,2025-06-19T22:08:46Z,2025-10-06T14:13:03Z,master,human,CONTRIBUTOR,4.6,12aa435bbb00df87f5aad58fbc85bb0d1673e7a1
107765,2025-06-20T13:12:40Z,2025-11-17T17:03:40Z,master,human,MEMBER,4.6,109008bb8091955d9644da470f9ab71c4167c8cb
107795,2025-06-21T07:34:17Z,2025-11-14T20:28:29Z,master,human,MEMBER,4.6,814138ec69d2aabdb688bf02b8c398c563a90f3f
107836,2025-06-22T07:23:06Z,2025-10-14T00:35:28Z,master,human,MEMBER,4.6,e825169957e4ec67bc0baa6168af02b337399f6f
107843,2025-06-22T12:42:23Z,2025-10-22T18:49:49Z,master,human,CONTRIBUTOR,4.6,73b0ea37b16de8ef70370514cee88af637a70ee3
107845,2025-06-22T13:29:41Z,2025-11-24T16:27:58Z,master,human,CONTRIBUTOR,4.6,02335fa12600ce5d2b30adedc94c6e6318b2dc7f
107855,2025-06-22T15:05:18Z,2025-11-01T18:11:38Z,master,human,MEMBER,4.6,d23401b2be1946c1386558a18c4c9be6c73d8746
107856,2025-06-22T15:13:38Z,2026-04-13T20:53:20Z,master,human,MEMBER,4.7,29d756e073938168051ab0effa6cdeeb2243b459
107861,2025-06-22T16:18:48Z,2026-07-08T15:14:31Z,master,human,CONTRIBUTOR,4.8,47841094f166b0e6f525cb373a8d46805a4d7eb4
107867,2025-06-22T22:30:00Z,2026-03-30T18:51:46Z,master,human,CONTRIBUTOR,4.7,8804261d63882729cb8875e2e41ce8fe7e005124
107887,2025-06-23T09:35:43Z,2025-10-29T18:21:35Z,master,human,CONTRIBUTOR,4.6,95977711ed70bfd818afda77ee9e15af78a5d704
107890,2025-06-23T11:30:45Z,2025-11-14T23:20:33Z,master,human,CONTRIBUTOR,4.6,d5c0a11da0a701ccdd827c0640ed1bd07d034f84
107902,2025-06-23T17:35:28Z,2025-12-03T02:43:24Z,master,human,CONTRIBUTOR,4.6,62affe05b8f76c94e4b2c43801476f70b9a4aca3
107942,2025-06-24T15:39:59Z,2025-11-14T20:28:28Z,master,human,MEMBER,4.6,e18b1de88dcfdb00b0b8dcc362fe682624b40c04
107947,2025-06-24T18:35:26Z,2025-10-30T15:52:50Z,master,human,CONTRIBUTOR,4.6,638366b4e0fbd6bff886419d10f070e875d907fc
107958,2025-06-25T00:45:39Z,2026-07-10T19:10:33Z,master,human,CONTRIBUTOR,4.8,1b5ecdea21877b31ed6e5f1b35169dacaf7e83b7
107959,2025-06-25T02:04:26Z,2025-11-14T20:28:29Z,master,human,CONTRIBUTOR,4.6,6c63a1fd8bb525c7d8d5aaada2fd4df9dc5529b3
107969,2025-06-25T11:49:05Z,2025-11-14T20:28:28Z,master,human,CONTRIBUTOR,4.6,c287d61402c2a3be5c2bcdf4150475de3435c614
107999,2025-06-26T08:42:40Z,2025-10-15T21:36:29Z,master,human,MEMBER,4.6,20430236e749306e1968656ffdc7f78e502a0ccc
108010,2025-06-26T14:10:20Z,2025-11-14T20:28:28Z,master,human,CONTRIBUTOR,4.6,d1a90109b41adaecb2cfda95e9e89af6cf72ff39
108065,2025-06-28T00:45:43Z,2025-10-14T00:35:28Z,master,human,CONTRIBUTOR,4.6,25685055356d3c364068f1cc4143ffd4169e2254
108073,2025-06-28T11:03:55Z,2026-04-02T17:33:56Z,master,human,CONTRIBUTOR,4.7,c05358c1d6693ee0f07f993c19bd448f2dc62c00
108076,2025-06-28T12:28:52Z,2025-10-30T15:52:50Z,master,human,MEMBER,4.6,eaa80e62a842d72952e71587e2d00aca421afa1d
108079,2025-06-28T13:56:15Z,2025-11-14T20:28:28Z,master,human,CONTRIBUTOR,4.6,26fd075621f0826d6c3053939f491fd7ba538b7f
108111,2025-06-29T15:41:50Z,2026-02-18T18:11:04Z,master,human,CONTRIBUTOR,4.7,15558cb886447cf9b651c7ae83455f27eb3767ca
108114,2025-06-29T16:37:37Z,2025-10-24T16:29:54Z,master,human,MEMBER,4.6,822fd083c43e4f6f2401d72e0537316610dabaf0
108125,2025-06-30T00:05:16Z,2025-11-18T01:37:45Z,master,human,MEMBER,4.6,376a19e0bdf7c34e6e119bd6f91128b50f5bd886
108129,2025-06-30T03:34:36Z,2025-11-14T20:28:28Z,master,human,MEMBER,4.6,83aa53b5e167478ced4b04dc292b4095f6d60a21
108135,2025-06-30T10:10:05Z,2025-11-26T22:49:25Z,master,human,CONTRIBUTOR,4.6,f305da3c9eb7483c5b572ef29ba41d9028424d01
108168,2025-07-01T15:41:59Z,2025-11-14T20:28:29Z,master,human,CONTRIBUTOR,4.6,23338d2d9841429d3a77bc47c545a9eae94445d6
108170,2025-07-01T18:46:37Z,2025-11-17T17:03:40Z,master,human,MEMBER,4.6,42f06f6d4dac85cdf3ce5317cbcad8caa4b0a0bd
108180,2025-07-02T01:26:04Z,2025-11-24T16:27:58Z,master,human,CONTRIBUTOR,4.6,d5d061e1c2dda17e72ddc8b4434af415ac651f9e
108208,2025-07-02T16:28:24Z,2026-02-16T16:24:54Z,master,human,MEMBER,4.7,e1c8e6cfb690b868fa330cfa6463d727150b649e
108213,2025-07-02T18:32:41Z,2025-12-08T18:01:22Z,master,human,MEMBER,4.6,5f73d8501be73697abf2e5977cb8dda1921cb13e
108219,2025-07-02T20:16:19Z,2026-04-14T12:16:32Z,master,human,CONTRIBUTOR,4.7,7ce1853014faeab5357146ccb1f6d16260698fc6
108224,2025-07-02T22:19:54Z,2025-12-01T10:55:34Z,master,human,CONTRIBUTOR,4.6,a6f4154082613826509594e1e43d1691c650f27a
108227,2025-07-03T03:57:24Z,2025-10-07T17:03:01Z,master,human,CONTRIBUTOR,4.6,a1974604fe0c3fb79ff43fc984e73bc471ceb211
108236,2025-07-03T14:01:22Z,2025-11-04T22:37:42Z,master,human,MEMBER,4.6,e172334ee4285d14f7bc304de359da65aa85c209
108303,2025-07-05T07:21:24Z,2025-11-21T20:32:17Z,4.4,human,MEMBER,4.4,319995e5b6d6ac47826cc5f39b64beef2dd6bbd1
108304,2025-07-05T07:25:27Z,2025-11-21T20:32:53Z,4.3,human,MEMBER,4.3,c6c91cfcadb64e701a407e4eae903529ff96dcfd
108314,2025-07-05T16:16:47Z,2025-11-10T23:52:49Z,master,human,MEMBER,4.6,e33c4237006133c32d7306182204ee76ae6f5733
108320,2025-07-05T22:32:42Z,2025-10-21T15:27:52Z,master,human,MEMBER,4.6,563036185fce0adce8c204a6dc990a3792110123
108335,2025-07-06T10:22:05Z,2025-11-18T20:03:52Z,master,human,CONTRIBUTOR,4.6,1e1e9d8d1e425d2a1f99876a996f102271c54d60
108340,2025-07-06T13:58:36Z,2025-11-18T01:37:45Z,master,human,MEMBER,4.6,f14c18966014fae64780a64d95b72e1c1a5bad46
108342,2025-07-06T15:00:17Z,2025-11-07T16:37:19Z,master,human,MEMBER,4.6,7df702bf80c9c7a8c3ecfbbe468d7a0c52c08dfa
108351,2025-07-06T18:36:41Z,2026-03-14T11:21:12Z,master,human,MEMBER,4.7,df3d955fd4b9a331f3c63b7cc308410a64f74c1f
108372,2025-07-07T08:44:20Z,2025-12-18T22:36:08Z,master,human,MEMBER,4.6,dda53d761ae990071b695caf7db5071775fcd43e
108379,2025-07-07T14:09:19Z,2025-11-14T20:28:28Z,master,human,MEMBER,4.6,5389f835c229ea73b562d651e83a7280563a0af3
108391,2025-07-07T22:29:17Z,2025-11-14T20:28:29Z,master,human,MEMBER,4.6,1932a5c07fb018d7bf361c9811a010833d44300a
108403,2025-07-08T12:06:49Z,2026-06-25T13:37:19Z,master,human,MEMBER,4.8,da10119a395924bc9f4a60a0ac1088a25e75482d
108404,2025-07-08T12:21:11Z,2025-12-21T09:50:05Z,master,human,MEMBER,4.6,834c3c0da6dbf2ea2802f25dbdbaeb38d5e7dcb9
108412,2025-07-08T15:24:38Z,2025-10-23T16:09:33Z,master,human,CONTRIBUTOR,4.6,0caf8057a79bd48fdc4c17156600f1b94f320ffa
108417,2025-07-08T20:21:53Z,2025-11-26T22:49:26Z,master,human,CONTRIBUTOR,4.6,f35f42827921bdb2ea28cf207f6f68b1c337091b
108422,2025-07-08T21:54:08Z,2025-10-15T21:36:29Z,master,human,CONTRIBUTOR,4.6,71031e4adb2cfff71e457faf38a9d0eb3a539bb0
108457,2025-07-09T21:24:09Z,2025-11-18T01:37:45Z,master,human,MEMBER,4.6,eaa0a00b8d20d19bfc4b9ab99c335324511d9e29
108479,2025-07-10T13:17:58Z,2025-11-14T20:28:28Z,master,human,MEMBER,4.6,356fd8fc6221a6cdd73cee1b25f50512bc5fa5b4
108487,2025-07-10T17:30:31Z,2025-10-20T23:15:21Z,master,human,MEMBER,4.6,3f4c15283ea3d5abfd2ebd72d812841493ab3dfc
108489,2025-07-10T17:59:16Z,2025-10-20T23:15:21Z,master,human,MEMBER,4.6,414a4977d8aae09195287caf338ce6925842209e
108507,2025-07-11T03:45:33Z,2025-11-14T20:28:29Z,master,human,CONTRIBUTOR,4.6,7d5034c50a65a65be0a8a90c0e4387287ebbc73c
108516,2025-07-11T13:09:15Z,2025-11-14T20:28:28Z,master,human,MEMBER,4.6,c6fe923e3375c1364a63c39a0e825beb405a0924
108528,2025-07-11T18:36:12Z,2025-10-23T20:37:11Z,master,human,CONTRIBUTOR,4.6,90d407e6aef1d13d4b7b2db2ffc58dc91e41bf4c
108534,2025-07-11T20:44:21Z,2025-10-21T20:16:35Z,master,human,CONTRIBUTOR,4.6,10506f88d2bfb7fe8e9bfd9f8c4dac55f32bc12b
108546,2025-07-12T13:08:02Z,2025-11-24T22:18:30Z,master,human,CONTRIBUTOR,4.6,5144ee81cd98151c352690b287976048cd328973
108554,2025-07-12T17:18:09Z,2025-11-14T20:28:28Z,master,human,CONTRIBUTOR,4.6,e474bc5ce38bc3e4d247ca390325ce6b98231dbb
108596,2025-07-14T07:05:25Z,2025-12-18T22:36:08Z,master,human,MEMBER,4.6,c5247f68a4384458c7ab305cd162ce2a807ff421
108603,2025-07-14T12:21:16Z,2026-07-29T17:25:31Z,master,human,CONTRIBUTOR,4.8,5902d3f370db5905444a01139722a40cb29bb1c4
108607,2025-07-14T15:29:08Z,2025-10-31T14:33:33Z,master,human,CONTRIBUTOR,4.6,72a1b5a2e5632ad352f7f7dffd748a38931d9143
108608,2025-07-14T16:57:31Z,2025-11-18T01:37:45Z,master,human,CONTRIBUTOR,4.6,d9333131d0881e173da6db82bd77e367417190f4
108644,2025-07-15T20:41:05Z,2025-10-06T14:13:04Z,master,human,CONTRIBUTOR,4.6,788745e5b8f40ab95bf069a46a47089b7e88c2f1
108647,2025-07-15T21:01:03Z,2025-11-21T20:52:42Z,master,human,MEMBER,4.6,884bf2f3320f475319733ee637091d8d81bd8645
108674,2025-07-16T16:47:04Z,2025-12-18T14:05:25Z,master,human,MEMBER,4.6,cc1f229f5dc86d7416de0eda994e18b1333a4748
108677,2025-07-16T17:54:27Z,2025-12-18T14:05:25Z,master,human,MEMBER,4.6,0095f6fa7fe1440dbc7dfb2940c6c0646c350e3e
108682,2025-07-16T20:00:56Z,2025-11-27T09:01:48Z,master,human,CONTRIBUTOR,4.6,e4d2f1d630b5057d4f7779215c04266ceb52098a
108704,2025-07-17T11:43:16Z,2025-11-24T22:18:30Z,master,human,CONTRIBUTOR,4.6,e1b3387513f0fe31f19c574fd97ff342579487d7
108705,2025-07-17T12:26:25Z,2025-11-14T20:28:28Z,master,human,CONTRIBUTOR,4.6,af30016c75298675b854151b72b04a6c64cfd1f4
108737,2025-07-18T06:47:48Z,2025-10-24T16:29:53Z,master,human,MEMBER,4.6,9d2b619f51fcc495e16687a1833962f8c65a4b79
108741,2025-07-18T08:32:11Z,2025-11-13T23:47:53Z,master,human,CONTRIBUTOR,4.6,55bedbfaf5bd8a0c87a370fe5d3d0c5d4ad1d17e
108758,2025-07-18T20:53:24Z,2025-12-18T14:05:25Z,master,human,MEMBER,4.6,babde91d7d4eb3a8c181ef29eaef99530bc8159d
108767,2025-07-19T05:14:18Z,2026-06-23T19:55:12Z,master,human,MEMBER,4.8,b6ea080444cf0eeeeea1e305d8029e15c60665cf
108818,2025-07-21T06:19:57Z,2025-10-08T19:07:23Z,master,human,MEMBER,4.6,0091d30e3e84f1202069bbd349152e6b2749138d
108819,2025-07-21T06:22:08Z,2026-06-24T15:21:14Z,master,human,CONTRIBUTOR,4.8,0014747933d38f6d7897f62504264688d9c6ec9a
108830,2025-07-21T13:26:17Z,2026-01-26T21:04:54Z,master,human,MEMBER,4.7,105ec00722827275c881599ff21601821bb2ddc6
108837,2025-07-21T16:05:02Z,2025-10-10T15:37:54Z,master,human,MEMBER,4.6,21e5b41642259cdf4fb725247f0af0f40a735ee6
108853,2025-07-22T02:18:47Z,2025-11-13T18:36:38Z,master,human,MEMBER,4.6,12cdb66e33648455ad2c33725fbac33843cfeca6
108862,2025-07-22T10:08:25Z,2025-10-15T21:36:29Z,master,human,MEMBER,4.6,49219de4027ac4d4121225843e976a59e37576cc
108871,2025-07-22T14:50:18Z,2025-11-25T13:17:03Z,master,human,CONTRIBUTOR,4.6,2f37fcb94bc5fd3070bb27c5021c45dcb95128b1
108875,2025-07-22T17:00:33Z,2026-02-23T18:06:09Z,master,human,CONTRIBUTOR,4.7,9196d6b372c0847f735ce704cdbe6d2100a6c324
108878,2025-07-22T20:56:22Z,2026-07-28T14:42:11Z,master,human,CONTRIBUTOR,4.8,9d8c6378e1ce837f01035110f8abb248e88de21c
108882,2025-07-22T21:34:07Z,2025-12-18T14:05:25Z,master,human,MEMBER,4.6,acf4f6b15d714888b0bc089237759ff67e1babf6
108885,2025-07-22T23:16:26Z,2025-11-05T01:54:10Z,master,human,MEMBER,4.6,98014e504e446665e83eac5548e606ce8206af51
108900,2025-07-23T11:25:07Z,2026-06-19T20:16:55Z,master,human,MEMBER,4.8,8158cfe761a11acb8f4f61d310113c976323cbb5
108909,2025-07-23T19:59:53Z,2026-03-16T16:42:19Z,master,human,MEMBER,4.7,8e2028b64c6824fb20e6bf682c629e6f0fbaa336
108932,2025-07-24T14:10:26Z,2025-11-17T17:03:40Z,master,human,CONTRIBUTOR,4.6,359ef8fc2b771b8cde320a8eb443220fe635c89d
108954,2025-07-24T22:01:27Z,2026-01-08T14:19:49Z,master,human,MEMBER,4.6,2b394f4aab241ab90dc90c5669620214a7e790f1
108981,2025-07-25T19:17:33Z,2025-11-13T23:47:53Z,master,human,CONTRIBUTOR,4.6,9a9e64a6eed9cba48dab4a0c5f0815fd9f99c7ba
108987,2025-07-26T06:50:19Z,2025-11-13T23:47:52Z,master,human,MEMBER,4.6,65beea65d877ea3def7ff9bb43c01aacb176b1bb
109004,2025-07-26T18:41:56Z,2026-02-27T14:53:46Z,master,human,CONTRIBUTOR,4.7,60b00753d66076a14d124e0e24b60da0b3b4e8df
109017,2025-07-27T08:39:13Z,2025-11-05T01:54:10Z,master,human,CONTRIBUTOR,4.6,f99eeb96164ef36fe84e2c374615aaab7efddb9f
109021,2025-07-27T12:26:01Z,2025-10-10T15:37:54Z,master,human,MEMBER,4.6,3e1af9a12ab6d30c7b5743d19478a53f50a591c3
109043,2025-07-28T07:16:55Z,2025-10-20T23:15:21Z,master,human,CONTRIBUTOR,4.6,464ddd4ea708f8f1174d1cd275b163ed7556f9b9
109063,2025-07-28T21:06:15Z,2025-11-18T20:03:52Z,master,human,MEMBER,4.6,5cb2bfc1b38c05667b9b79031a9a453e4f3d37d4
109084,2025-07-29T15:03:02Z,2025-10-09T16:52:59Z,master,human,CONTRIBUTOR,4.6,91a179847437c3bc58501aa337ce3bbe94b6df6b
109101,2025-07-29T23:02:57Z,2025-11-13T23:47:53Z,master,human,CONTRIBUTOR,4.6,d03fc3be9532c635bf515dd07bf9140a0a5c6f30
109103,2025-07-30T00:29:14Z,2025-11-14T20:28:28Z,master,human,MEMBER,4.6,0d66b2a9cfba6482f4cdb59d9c31955d817b62e3
109104,2025-07-30T00:39:11Z,2026-08-07T19:42:16Z,master,human,CONTRIBUTOR,4.8,8379a89a1981623110308b355647d0046429c230
109108,2025-07-30T05:06:30Z,2026-01-27T15:09:24Z,master,human,MEMBER,4.7,173d02243491244ed387dd4848f777b7fdf69e5f
109112,2025-07-30T06:48:22Z,2025-12-18T22:36:10Z,master,human,MEMBER,4.6,624d77d67a372575eae6b12c5ed4ff23830ec0ca
109138,2025-07-30T21:08:22Z,2025-12-18T14:05:25Z,master,human,MEMBER,4.6,22fac0ef50c2a5297d49348f64e67d6e06aa9e0c
109142,2025-07-30T22:34:33Z,2026-04-01T23:14:16Z,master,human,CONTRIBUTOR,4.7,eda3dc13b99a7617a86e7b1cdc335d3cfe3dacb5
109146,2025-07-30T23:07:30Z,2026-02-16T16:24:54Z,master,human,MEMBER,4.7,54d418ee7267df61fddb718a14ab0ec685c8dd9c
109153,2025-07-31T07:04:05Z,2025-11-17T17:03:40Z,master,human,MEMBER,4.6,8a04e33056b56b31ac294cc1da36543ff358e8f5
109174,2025-07-31T18:42:41Z,2025-10-23T16:09:33Z,master,human,CONTRIBUTOR,4.6,fe4cc92681d73a915379d2ebc605d7b99e8f9d96
109182,2025-08-01T05:42:03Z,2026-01-28T18:33:12Z,master,human,MEMBER,4.7,0cd4a62f3b6349e5060f9fe95e473c670d7d2e22
109184,2025-08-01T06:14:46Z,2026-02-24T15:34:28Z,master,human,CONTRIBUTOR,4.7,1b5011d08bc03a2fc7550a14b014a30e8c2051db
109220,2025-08-01T23:34:08Z,2025-10-22T18:49:49Z,master,human,CONTRIBUTOR,4.6,e92cc976bd03d2cd1c8e82b1957a5ffa82a48eb6
109234,2025-08-02T12:37:02Z,2025-12-02T18:00:31Z,master,human,CONTRIBUTOR,4.6,b3de23f4e7027a9b732ee29579e6eeaa503cd04a
109237,2025-08-02T14:07:44Z,2025-11-10T14:34:48Z,master,human,CONTRIBUTOR,4.6,ac8991c3c33d295d8ce975b7ffbc15a0522c1b53
109302,2025-08-04T12:33:19Z,2025-11-27T09:01:48Z,master,human,CONTRIBUTOR,4.6,44005f96d16e45a68303704a85cdbc85ddd6e5c5
109306,2025-08-04T16:23:13Z,2025-11-10T23:52:49Z,master,human,MEMBER,4.6,41bba306e014c588c0432f4f847242733f926841
109312,2025-08-04T18:58:32Z,2026-07-07T18:12:02Z,master,human,CONTRIBUTOR,4.8,d886a0fda9f6a98f6f3920311cb33ab4d86dbcc9
109322,2025-08-05T03:57:26Z,2025-11-13T23:47:53Z,master,human,CONTRIBUTOR,4.6,e53cbad0b1517125434ad8cac0bc0ef293267e93
109331,2025-08-05T12:29:29Z,2025-11-14T02:56:30Z,master,human,CONTRIBUTOR,4.6,a04dd90f4305d8c73e332080216255991d3a93fc
109345,2025-08-05T22:47:27Z,2025-12-04T03:06:59Z,master,human,MEMBER,4.6,f6b3803900dc26fb49b401831c807a23929d527f
109352,2025-08-06T11:06:50Z,2026-06-24T15:21:14Z,master,human,CONTRIBUTOR,4.8,242cf2e191c6014722d7cc90f2b74b842f5dc83a
109356,2025-08-06T13:57:04Z,2025-10-23T20:37:11Z,master,human,MEMBER,4.6,79c3bf447a9d240ea765997f670c9783e2a84b67
109358,2025-08-06T15:04:00Z,2025-10-24T16:29:53Z,master,human,CONTRIBUTOR,4.6,9ee26400015c79ccaec428336b23fa2235a7dde9
109360,2025-08-06T15:22:02Z,2026-02-23T18:06:07Z,master,human,CONTRIBUTOR,4.7,953e6e8116ac2deb1fc97d92fa08d94bb5c074e4
109384,2025-08-07T07:53:11Z,2025-11-13T23:47:52Z,master,human,CONTRIBUTOR,4.6,e658d2ae838b949a97ce95f0555f9f6f5877245a
109421,2025-08-08T10:29:18Z,2025-10-14T00:35:28Z,master,human,MEMBER,4.6,21a6488c7ffe0d86ddf5a828bac68caf63a18f70
109422,2025-08-08T11:02:40Z,2025-11-01T18:11:38Z,master,human,CONTRIBUTOR,4.6,9e2045018f90eb4cb66ad2162219163aa2a48cfa
109431,2025-08-08T14:47:58Z,2025-10-17T14:11:25Z,master,human,CONTRIBUTOR,4.6,6ae1caecaf6a013134ca4ea98865caf6ae3624cc
109433,2025-08-08T16:02:02Z,2025-10-31T14:33:33Z,master,human,MEMBER,4.6,ae9732139a9ec9b1b6b231ea64ff4b3f66610e81
109446,2025-08-08T21:39:11Z,2025-11-11T22:19:24Z,master,human,MEMBER,4.6,3c871084f90f9f88c3f6c7bd003bcc2fc20ad9c6
109447,2025-08-08T22:15:27Z,2025-11-01T18:11:38Z,master,human,CONTRIBUTOR,4.6,85e47d6facd9477c6d85d287166f6fb59fbac2e3
109458,2025-08-09T11:38:47Z,2025-11-04T22:37:41Z,master,human,CONTRIBUTOR,4.6,dc0aa56865ffaa7a406f0db18ac90a4794a06e5b
109475,2025-08-09T22:42:05Z,2025-10-21T15:27:52Z,master,human,CONTRIBUTOR,4.6,8f7cb0712a8dc043a752c8b408bb672823387152
109490,2025-08-10T14:01:17Z,2025-10-23T20:37:11Z,master,human,CONTRIBUTOR,4.6,80f4674ff353ae02bb6cade3ee785056ec11aa11
109503,2025-08-10T21:08:41Z,2026-06-22T13:34:29Z,master,human,CONTRIBUTOR,4.8,fff80311bb008639d59a57387ec79bb91bd45f63
109511,2025-08-11T05:35:41Z,2025-10-27T15:06:22Z,master,human,CONTRIBUTOR,4.6,ae8c92987e3459c9cb4be763745b86c8a7744579
109514,2025-08-11T05:36:40Z,2026-07-29T17:25:31Z,master,human,CONTRIBUTOR,4.8,81ceeb5c93c97fb66fe7b6bd35f6b9535c8bcdcf
109516,2025-08-11T05:37:01Z,2025-10-23T16:09:33Z,master,human,CONTRIBUTOR,4.6,f38812f620243ec280190c89b0b4a0fa31ab5e69
109517,2025-08-11T05:37:07Z,2025-10-30T15:52:50Z,master,human,CONTRIBUTOR,4.6,416ba9a1c6c2c998f61c2d262ad85d57869757b9
109520,2025-08-11T11:47:44Z,2025-10-28T08:43:12Z,3.x,human,MEMBER,3.7,cfff242da28190b0a6e2834f618a61d95483bfec
109525,2025-08-11T13:57:54Z,2025-11-10T14:34:48Z,master,human,MEMBER,4.6,5f6229022f38b70dcc2fb4ebbed6fc29123ae7bb
109534,2025-08-11T23:03:28Z,2025-10-20T23:15:21Z,master,human,CONTRIBUTOR,4.6,505c732c300556a8bd7d4515f815f1803c0cbe0a
109587,2025-08-13T19:57:46Z,2025-11-14T02:56:30Z,master,human,CONTRIBUTOR,4.6,0066308830fd905e406aa2dafea68f1d71032b47
109596,2025-08-14T01:19:28Z,2025-10-22T00:16:39Z,master,human,CONTRIBUTOR,4.6,3f34e38703e3054120510db0208f0ace58779a81
109605,2025-08-14T09:18:39Z,2025-10-17T14:11:26Z,master,human,CONTRIBUTOR,4.6,4a7ca086a302978e0f389831eae129170fac8366
109637,2025-08-15T13:40:26Z,2025-10-24T16:29:53Z,master,human,CONTRIBUTOR,4.6,620a4f17a89cf8a1a2be146ab15677f1491b3287
109639,2025-08-15T15:15:56Z,2026-07-24T14:25:35Z,master,human,MEMBER,4.8,f460a42dcdd066936dd80796e6a2555554250e9d
109649,2025-08-15T20:06:58Z,2025-11-10T23:52:49Z,master,human,CONTRIBUTOR,4.6,af256ff210d79bc1019c05c7149e583c1a91cc36
109651,2025-08-15T20:54:56Z,2025-12-15T14:06:21Z,master,human,CONTRIBUTOR,4.6,36f07362d474c845e7a059ed3caef501e8032b24
109668,2025-08-16T09:05:47Z,2025-10-29T22:05:48Z,4.3,human,MEMBER,4.3,d1dd2647a4ef08c9b0e5ae951931a3e031c25ad7
109680,2025-08-16T20:47:12Z,2026-03-12T14:13:30Z,master,human,CONTRIBUTOR,4.7,fcb7c06646a1c5e34c98549c566b909bef07deac
109701,2025-08-17T17:34:48Z,2025-11-10T23:52:49Z,master,human,CONTRIBUTOR,4.6,42cb93559a3110eeb6eefacbaad440ec9ed3485c
109722,2025-08-18T05:15:52Z,2026-06-23T12:02:18Z,master,human,CONTRIBUTOR,4.8,8cc54b6f7ba8c21d136789677d594035dfc8fbc5
109725,2025-08-18T09:51:50Z,2025-10-21T20:16:35Z,master,human,CONTRIBUTOR,4.6,331d57d4975bac2160fd112fc3c1a5cd97f9088d
109727,2025-08-18T10:42:43Z,2025-10-23T20:37:11Z,master,human,CONTRIBUTOR,4.6,084d5d407e62efcd5be9de44148c5dedce3b9386
109737,2025-08-18T14:23:56Z,2026-08-20T15:54:57Z,master,human,CONTRIBUTOR,4.8,06dc8ed6916b2bf265e1541ceaff30f1ded6398b
109743,2025-08-18T16:38:54Z,2026-03-16T11:12:04Z,master,human,CONTRIBUTOR,4.7,25b625678c35728bb7076b8eed2cc961f6fdad92
109753,2025-08-18T20:24:57Z,2025-10-22T18:49:49Z,master,human,CONTRIBUTOR,4.6,4e7511968f175741ad36ef93d470cbc05c5834b9
109775,2025-08-19T14:52:24Z,2025-10-23T20:37:11Z,master,human,MEMBER,4.6,638c1d7bf97db55174166205cf93d4ccf5ef60e5
109792,2025-08-20T00:43:42Z,2025-10-17T14:11:25Z,master,human,CONTRIBUTOR,4.6,d5942cf5fdfcbc479612d1a81f8672ead134f783
109795,2025-08-20T07:08:44Z,2025-10-07T11:27:06Z,master,human,MEMBER,4.6,546ead2abdcff5aa1f0cc1d8ab22569d05fef287
109800,2025-08-20T10:36:31Z,2026-06-24T15:21:14Z,master,human,MEMBER,4.8,9fae54aeb9286e90abbd50f473f590e0c3636544
109802,2025-08-20T13:25:10Z,2025-10-23T20:37:11Z,master,human,CONTRIBUTOR,4.6,c3d1abb89af9f40eed684ef1d9c2a7849ce91b3b
109803,2025-08-20T14:13:44Z,2025-11-13T18:36:38Z,master,human,CONTRIBUTOR,4.6,0cd901bb94cdefb6951769a0f68eb562081d765f
109816,2025-08-21T03:12:11Z,2025-10-13T17:37:06Z,master,human,CONTRIBUTOR,4.6,bb4d0638c4ee6dc652374b1476ccb6441f19fa4e
109839,2025-08-21T19:24:34Z,2025-10-17T14:11:25Z,master,human,CONTRIBUTOR,4.6,8aebfb7776cb647e0cf292d80a128bc672d41bd4
109842,2025-08-21T21:39:12Z,2025-11-10T14:34:48Z,master,human,MEMBER,4.6,ff5132ec428871fa058b93281c102873d8734fd1
109844,2025-08-21T23:19:42Z,2025-10-27T15:06:21Z,master,human,CONTRIBUTOR,4.6,bf90fc8c9c56e70cbf3df04d32dbac242d9d20e3
109845,2025-08-21T23:25:41Z,2025-11-04T22:37:41Z,master,human,CONTRIBUTOR,4.6,0b7627b964efb0282aa2bd4a7bdc21e96f6b7192
109863,2025-08-22T11:53:27Z,2026-06-25T13:37:19Z,master,human,MEMBER,4.8,0a58981fd0f04ceccfee730012130d28d3d1de97
109864,2025-08-22T12:18:39Z,2026-06-18T15:25:23Z,master,human,CONTRIBUTOR,4.8,55b4c5002994642a7264f55fc306c50ae53c56a5
109878,2025-08-22T17:53:38Z,2025-12-04T12:37:48Z,master,human,CONTRIBUTOR,4.6,ff610712f5b4c6f073989262d1b4ba16320c1c4c
109892,2025-08-22T23:31:14Z,2026-03-23T21:45:26Z,master,human,CONTRIBUTOR,4.7,1951485a0719e97b36571ae1967b989f242c4a4d
109907,2025-08-23T12:57:01Z,2025-12-04T12:37:47Z,master,human,CONTRIBUTOR,4.6,fa2be879986791558a3a25e8c00d53cd3c756ec0
109911,2025-08-23T16:41:40Z,2026-04-08T14:35:09Z,master,human,CONTRIBUTOR,4.7,b6f86739b66d9154b850bf50f3ccb9be541eadd5
109919,2025-08-23T20:55:17Z,2025-10-31T14:33:33Z,master,human,MEMBER,4.6,08705259f222077b394d3354a199050142365333
109938,2025-08-24T20:17:17Z,2025-11-10T23:52:49Z,master,human,MEMBER,4.6,d30214a612b0b3dd185a41731c0ed69ca6dfd36c
109945,2025-08-25T01:57:15Z,2026-03-15T14:15:33Z,master,human,CONTRIBUTOR,4.7,63ccf1ba7c752f67e72a8ad8219674e6f8fd1910
109958,2025-08-25T13:36:19Z,2026-01-28T18:33:12Z,master,human,MEMBER,4.7,114cb3aafc2e45c0fb10c24507a42cf6506a7203
109971,2025-08-25T21:51:44Z,2025-10-22T00:16:39Z,master,human,MEMBER,4.6,ec62f12862c4cfc76526eaf99afa0a24249f8288
109972,2025-08-25T22:37:58Z,2025-11-22T00:42:35Z,master,human,CONTRIBUTOR,4.6,d540752f15e0145628df06e0addb5e03f008e1bb
109975,2025-08-26T00:36:26Z,2026-08-05T14:52:35Z,master,human,CONTRIBUTOR,4.8,b837e4f1f25346c38129d0a37e6f3a5fd7039e45
109976,2025-08-26T00:59:47Z,2026-01-27T21:28:25Z,master,human,CONTRIBUTOR,4.7,027d32f3221d0cbd52b07bc0497a3613e396f48b
109980,2025-08-26T06:45:40Z,2025-12-19T11:04:27Z,master,human,MEMBER,4.6,15265bc241688fac8a2d323b2193a0dc7cda2d6b
109986,2025-08-26T11:56:38Z,2025-10-28T17:24:50Z,master,human,CONTRIBUTOR,4.6,597b0a2f0306e09dbcc5b1d28a3d53d1b1d2e1c4
109987,2025-08-26T14:04:04Z,2025-11-12T17:36:39Z,master,human,CONTRIBUTOR,4.6,afa07c1a762e73a257e14016e3437240aa44497c
109998,2025-08-27T00:55:14Z,2025-10-24T16:29:54Z,master,human,MEMBER,4.6,b137476eb511c146f034aab51d2f0ad0a398f098
109999,2025-08-27T01:41:31Z,2025-10-27T15:06:21Z,master,human,MEMBER,4.6,33df7125ec80222e576a77171815535fa7df5759
110004,2025-08-27T04:34:47Z,2025-10-06T14:13:03Z,master,human,CONTRIBUTOR,4.6,d364dacac13359e9d228412a6c91bb9caf8bb560
110017,2025-08-27T10:14:31Z,2025-10-06T12:23:33Z,master,human,MEMBER,4.6,480f3d111935a06755f7dddf07547f30b1055a55
110032,2025-08-27T19:17:27Z,2026-03-11T01:12:38Z,master,human,CONTRIBUTOR,4.7,fc88f80ead1556a2e0bf8f8b8454c40fb9cabe18
110060,2025-08-28T17:58:12Z,2025-10-21T20:16:34Z,master,human,CONTRIBUTOR,4.6,70a2ce974be52e8b4d0ac7af7404657a1566b21e
110075,2025-08-29T06:57:38Z,2026-06-24T15:21:14Z,master,human,MEMBER,4.8,b48b64283e5aea8082b620440c665cde071993dd
110077,2025-08-29T07:14:01Z,2025-10-31T14:33:33Z,master,human,MEMBER,4.6,3c1e4792909fbaff63e2437f1c06029bd1aa507f
110078,2025-08-29T07:30:07Z,2025-10-31T14:33:33Z,master,human,MEMBER,4.6,ba3b0247650b635cd99949fd4f8215cbdff5788b
110080,2025-08-29T08:29:41Z,2025-12-05T12:00:35Z,master,human,MEMBER,4.6,6b420d701a8c19e5ab39613fa5020562aa6ff6b3
110083,2025-08-29T11:43:32Z,2026-03-02T22:00:15Z,master,human,CONTRIBUTOR,4.7,1ae69764715f8d482a290b2aee6c32e3c929e3a7
110120,2025-08-30T17:38:58Z,2025-11-04T22:37:41Z,master,human,MEMBER,4.6,3fb8961b00c77136edb4f284604e064684074e1f
110127,2025-08-30T19:46:37Z,2025-10-22T00:16:39Z,master,human,CONTRIBUTOR,4.6,70f07467bed9cb7952b5523a720fba33bc7abf0e
110129,2025-08-30T22:26:21Z,2026-03-14T11:21:12Z,master,human,CONTRIBUTOR,4.7,bd93dd23f6d90b49528781f57e92416800a159aa
110131,2025-08-30T23:06:38Z,2025-10-20T23:15:21Z,master,human,CONTRIBUTOR,4.6,63fa4fc2ba97b2aa46c70d6659ada492e20d02ff
110151,2025-08-31T22:57:29Z,2025-10-13T17:37:06Z,master,human,CONTRIBUTOR,4.6,dcb9a0d030a7762acc20b58d393ab4cec0cdc052
110162,2025-09-01T11:57:18Z,2025-11-18T14:29:11Z,master,human,MEMBER,4.6,462a8d65bf9b098e6fb6049e0154754ee3b22588
110192,2025-09-02T06:48:40Z,2025-12-18T22:36:08Z,master,human,MEMBER,4.6,cd157234b127778cf5fdf61f6a327762ae5a6bfb
110218,2025-09-03T06:21:08Z,2025-10-28T17:24:50Z,master,human,CONTRIBUTOR,4.6,60f6733d382030f5c018cc722479c54971c9533d
110219,2025-09-03T07:39:54Z,2025-10-31T14:33:33Z,master,human,MEMBER,4.6,5c4f173a85a9eb4f2d3f0a703dd378171db33efa
110245,2025-09-04T05:41:30Z,2025-10-27T15:06:21Z,master,human,CONTRIBUTOR,4.6,08db7ddf2f146746396eca0582af0a91fa8e1524
110248,2025-09-04T11:21:23Z,2025-11-04T22:37:41Z,master,human,MEMBER,4.6,90cab74af9eccd8b0cc8580e34b342239e18bc1d
110254,2025-09-04T14:47:36Z,2026-02-04T00:09:29Z,master,human,CONTRIBUTOR,4.7,d9089dba06c1c207370eab030caee2089e58dcb4
110256,2025-09-04T15:56:51Z,2025-11-18T20:03:52Z,master,human,CONTRIBUTOR,4.6,1e1f044fd1c20a75ff1d64295247b274f4a04142
110271,2025-09-05T08:53:24Z,2025-10-22T18:49:48Z,master,human,CONTRIBUTOR,4.6,37764110f6c09863ac36ede4895b8cd60f7e766f
110287,2025-09-06T02:01:15Z,2026-04-02T17:33:55Z,master,human,CONTRIBUTOR,4.7,b67c81308b2edc51f06e69c27862977e7f46e9bd
110307,2025-09-07T14:57:47Z,2025-10-28T17:24:50Z,master,human,MEMBER,4.6,82f88382634560783b765c11787f641b575886d9
110308,2025-09-07T17:16:45Z,2025-10-22T18:49:49Z,master,human,CONTRIBUTOR,4.6,1b84fe745b51ebb24abbf48cf9bbcb086a098c62
110310,2025-09-07T18:03:17Z,2025-12-18T14:05:26Z,master,human,MEMBER,4.6,65676315c639ef84e4e951689e200f5cb17c6fde
110323,2025-09-08T09:22:13Z,2025-10-28T17:24:50Z,master,human,MEMBER,4.6,f2f806fa04266437b4ebe3876a4d65ff3e8d5d32
110324,2025-09-08T09:41:28Z,2025-11-14T20:28:28Z,master,human,CONTRIBUTOR,4.6,6a1a86261f316964837657e2d9f6211b4d24e6e0
110328,2025-09-08T14:19:40Z,2025-10-28T17:24:50Z,master,human,MEMBER,4.6,1ed5f2eed98598f16a51f33b735ef5b3fb5ec10b
110331,2025-09-08T20:27:21Z,2026-06-23T19:55:12Z,master,human,CONTRIBUTOR,4.8,19553aa02e81dd1414044867d00b7251e0a0df6d
110336,2025-09-09T03:01:17Z,2025-11-14T23:20:32Z,master,human,MEMBER,4.6,76e974da7c5215f0065b9ae2f260814c2510a9b7
110340,2025-09-09T07:36:57Z,2025-11-07T16:37:19Z,master,human,MEMBER,4.6,6af0c2a21c0e0f2dd4a128a38ca012dcd90a6fda
110354,2025-09-09T16:05:45Z,2025-12-02T18:00:32Z,master,human,MEMBER,4.6,3c73bed8d649098843ae44de346c89a4d727e2ef
110369,2025-09-09T23:42:09Z,2026-03-12T14:13:30Z,master,human,CONTRIBUTOR,4.7,e11d9eb8da1069fb7c4748207dc8f73f8ab00191
110375,2025-09-10T06:45:29Z,2025-12-18T14:05:25Z,master,human,MEMBER,4.6,bb07fd927f36ac473ad9c518a80bbbe5f8879c6d
110376,2025-09-10T09:04:59Z,2025-11-22T00:42:35Z,master,human,MEMBER,4.6,7ec0243f105a66f1bd70c58b0cb899a310712b0c
110378,2025-09-10T09:57:26Z,2025-10-16T17:54:06Z,master,human,MEMBER,4.6,9e96c7d9b80146d0c1c285fd97f3b7824e346c54
110385,2025-09-10T12:23:10Z,2025-10-24T16:29:54Z,master,human,CONTRIBUTOR,4.6,fb817770bff5fbfa1ea1e590172e9d0ee56913d1
110388,2025-09-10T14:50:13Z,2026-07-17T17:33:08Z,master,human,MEMBER,4.8,4a895212670d979b80a19856757591095e6a19e5
110400,2025-09-11T02:36:50Z,2025-10-27T15:06:22Z,master,human,CONTRIBUTOR,4.6,b72937587a662af75608f2a97f65ff2694fc85ff
110402,2025-09-11T02:48:59Z,2026-09-22T15:21:21Z,master,human,CONTRIBUTOR,4.8,bb0e47633af893227bde5a06f5d00a765e908a24
110408,2025-09-11T10:06:15Z,2025-11-21T20:52:42Z,master,human,MEMBER,4.6,47d6ce29175dafbdf88de6e8e9bde65ac622df1d
110422,2025-09-11T14:10:09Z,2025-12-21T09:50:05Z,master,human,MEMBER,4.6,d61c12ff59887d07fa12ec753d8c113132160896
110428,2025-09-11T16:42:51Z,2025-11-01T18:11:38Z,master,human,CONTRIBUTOR,4.6,9a079cd2b2abe6a0a2bde7f1351f15ef6df448bc
110432,2025-09-11T20:40:50Z,2025-12-19T11:04:28Z,master,human,MEMBER,4.6,0468f90a48e72e4a9c88b8775e25536961235c09
110433,2025-09-11T21:32:10Z,2025-10-22T18:49:49Z,master,human,CONTRIBUTOR,4.6,46d1082c9314751107b85bc5aea52584eb9db4b9
110435,2025-09-11T21:47:56Z,2025-11-24T16:27:58Z,master,human,CONTRIBUTOR,4.6,7772549c0f940c6961c34ee454d81ca82a248f15
110464,2025-09-12T18:22:46Z,2025-12-08T18:01:22Z,master,human,MEMBER,4.6,b56a7ef923207e1c7d035c79041e0186676d772d
110469,2025-09-12T20:10:17Z,2026-05-19T16:22:52Z,master,human,CONTRIBUTOR,4.7,8a337510390eb6b9e8868a6d3a4e2a7e494ad83f
110478,2025-09-13T01:27:01Z,2025-10-23T16:09:33Z,master,human,CONTRIBUTOR,4.6,06bdfa5a168500fa209f4297c31708707e15a4f5
110481,2025-09-13T05:51:25Z,2025-10-28T08:43:12Z,3.x,human,CONTRIBUTOR,3.7,e2621e55177f4bfc07a617651fbcbd3127bb617d
110485,2025-09-13T08:27:24Z,2025-10-13T05:35:19Z,master,human,MEMBER,4.6,4219ce91f2d1fae65f289d27284a1ab35e9b7b5f
110487,2025-09-13T09:31:10Z,2025-11-17T17:03:39Z,master,human,MEMBER,4.6,9323d9d624854704f48c85ed7d774f64e36da646
110500,2025-09-13T20:19:53Z,2025-11-04T22:37:41Z,master,human,NONE,4.6,e07acf09779dea08c259aa1d54820da981381878
110502,2025-09-13T20:39:54Z,2025-11-14T23:20:32Z,master,human,MEMBER,4.6,5519dba0d6b1c44adcb4305c99f38b4cff4213c4
110506,2025-09-14T06:15:21Z,2025-10-06T19:35:44Z,master,human,MEMBER,4.6,5ee1384cbdccba0e378eee801ee4e5847b2d89ee
110508,2025-09-14T09:18:03Z,2025-10-23T16:09:33Z,master,human,CONTRIBUTOR,4.6,df4137cd9b42e31ec643d80fb360b8f01c5d69b4
110517,2025-09-14T17:27:55Z,2026-07-03T15:02:40Z,master,human,MEMBER,4.8,80f7066f8bb053c15b3d8c4779e31d592b91ad94
110523,2025-09-14T21:13:09Z,2026-01-29T18:16:19Z,master,human,CONTRIBUTOR,4.7,0f266c4f8eb2d1d8a42c2bd0945d357be47b3552
110524,2025-09-14T22:31:08Z,2025-11-13T23:47:52Z,master,human,CONTRIBUTOR,4.6,3cc90cd925829fed1d7653c2e0a2036612c082cf
110525,2025-09-15T03:42:52Z,2025-10-24T16:29:54Z,master,human,CONTRIBUTOR,4.6,ab6c6eece83f5df83c2599eae3d690773afc1453
110533,2025-09-15T15:45:45Z,2025-12-19T11:04:27Z,master,human,MEMBER,4.6,2b02308967e672979bcd57e512218300e26f02af
110542,2025-09-15T23:03:20Z,2025-10-23T20:37:11Z,master,human,MEMBER,4.6,bae92910072e72fadd51702fa08067f6681e0c94
110543,2025-09-16T02:08:50Z,2025-11-17T17:03:40Z,master,human,CONTRIBUTOR,4.6,fa1e1bbee7ca7667ee4b7ea77cda25e90f4d9a9b
110544,2025-09-16T02:37:51Z,2026-01-08T21:59:14Z,master,human,CONTRIBUTOR,4.6,886e8142b68db60aa018f8899c045fc9d0186ffe
110572,2025-09-16T13:36:09Z,2025-12-19T11:04:28Z,master,human,MEMBER,4.6,bcd9a4eae52bbdfe728ab7fcfc5960cb1b95060f
110575,2025-09-16T14:20:09Z,2025-12-19T11:04:27Z,master,human,MEMBER,4.6,92e96bdf279596382a7054c4df84438ffb8cd263
110581,2025-09-16T15:44:56Z,2025-10-28T17:24:50Z,master,human,MEMBER,4.6,d8558da4d636287f4d0a6b7899ec9a0064e4ecea
110593,2025-09-16T19:57:06Z,2025-11-01T18:11:38Z,master,human,MEMBER,4.6,e7ded6246562313e5eae882ca0c7dbb8104b2e53
110615,2025-09-17T13:08:39Z,2026-06-19T17:12:23Z,master,human,MEMBER,4.8,c33bcadf458aa056ecbda1a1cea90c2ad236bb83
110623,2025-09-17T17:11:05Z,2025-11-22T00:42:35Z,master,human,MEMBER,4.6,101b8270871ef7f383bfc32d2ed4e24a57904937
110641,2025-09-18T01:30:52Z,2025-10-21T20:16:35Z,master,human,CONTRIBUTOR,4.6,fd4ad29b84c51be337c42c09e334eff01e6d62c6
110647,2025-09-18T06:43:11Z,2025-10-21T20:16:35Z,master,human,CONTRIBUTOR,4.6,e36dfb02397383e2cf065b23113cc713ed4ca733
110650,2025-09-18T08:02:52Z,2025-10-13T17:37:06Z,master,human,CONTRIBUTOR,4.6,31f9ed087e3e2934ede52010f12beb2b2772915c
110671,2025-09-18T20:13:03Z,2025-10-15T04:29:43Z,master,human,CONTRIBUTOR,4.6,36b92128b1bce1f98687add98c84fd70ae9b20ca
110672,2025-09-18T21:02:58Z,2025-10-06T14:13:03Z,master,human,CONTRIBUTOR,4.6,9f4f16c58831faf31a37cd9728abc057549c1e5b
110676,2025-09-19T00:52:04Z,2025-10-06T19:35:44Z,master,human,MEMBER,4.6,9fc656d2bfb604c4598a0bc89695a53b321bbe69
110684,2025-09-19T07:03:19Z,2025-10-06T14:13:03Z,master,human,CONTRIBUTOR,4.6,6ece891ae65b6f1c35f9ecc406af684ce9239268
110690,2025-09-19T14:17:22Z,2025-10-14T15:38:07Z,master,human,MEMBER,4.6,c2720efb28be996d05e0b7eacfb5db842ee36008
110705,2025-09-19T21:44:38Z,2025-12-19T11:04:28Z,master,human,MEMBER,4.6,2d3b076b089655af84540c65de989eefc3ba1589
110709,2025-09-19T22:56:12Z,2025-10-20T23:15:21Z,master,human,CONTRIBUTOR,4.6,f50d7fa1e8ed5fb2e074624c19262b5376ea1cac
110720,2025-09-20T12:08:39Z,2026-01-06T21:40:20Z,master,human,CONTRIBUTOR,4.6,8072cc97797ca7bd2ccc6432c157e592b4e42087
110731,2025-09-20T18:49:50Z,2025-12-19T11:04:27Z,master,human,MEMBER,4.6,81ad30305cc26a790bb5cf6cceb912ae1c9183b4
110738,2025-09-20T23:15:07Z,2025-10-07T11:27:06Z,master,human,MEMBER,4.6,a177d33ca75a37653cc4f66cc0f009f3846a3ffb
110748,2025-09-21T13:54:13Z,2025-11-07T16:37:19Z,master,human,CONTRIBUTOR,4.6,6fd949a6dcbda94140200633394f2b4b99de8f6f
110759,2025-09-21T20:39:45Z,2026-01-28T18:33:11Z,master,human,CONTRIBUTOR,4.7,0620af8db35d5f675c2ccfd94bac309a4d4900da
110761,2025-09-21T22:08:32Z,2025-11-17T17:03:39Z,master,human,CONTRIBUTOR,4.6,d78725646b8dd12501dcafdbf44135f84678064f
110767,2025-09-22T02:51:10Z,2025-10-07T22:20:06Z,master,human,CONTRIBUTOR,4.6,8276e512d6eff9add9044bfd39706e9fa7c2ecb3
110778,2025-09-22T11:49:00Z,2026-03-11T01:12:37Z,master,human,CONTRIBUTOR,4.7,563654353dcd12a4177ad6844e35b97676e65a52
110796,2025-09-22T22:50:26Z,2026-02-17T15:35:25Z,master,human,CONTRIBUTOR,4.7,a1c4aacdbcbe7759744f7ad277dc6a5c61d3f2f5
110799,2025-09-23T01:36:02Z,2025-10-09T16:52:59Z,master,human,NONE,4.6,092b7c64277dafc9c942ac9c3397ac70632299ba
110817,2025-09-23T13:38:17Z,2025-12-18T22:36:09Z,master,human,MEMBER,4.6,b46988a1429b81ef6ac28ef09263df4fda1f74cd
110823,2025-09-23T15:21:37Z,2025-10-07T22:20:06Z,master,human,MEMBER,4.6,6ef2c7b34b320b5d2a891bd9e44cf5f881bce530
110829,2025-09-23T16:50:06Z,2025-10-24T16:29:53Z,master,human,CONTRIBUTOR,4.6,cc008b288aad90dcbee78cf6902cef80a10da3b6
110847,2025-09-24T00:48:18Z,2026-01-01T16:15:51Z,master,human,CONTRIBUTOR,4.6,602d98b63901a20f4462cb8c18efb0484706ffb2
110853,2025-09-24T07:51:55Z,2025-10-08T19:07:23Z,master,human,CONTRIBUTOR,4.6,e5ee1911a996a79845af798734e6bd164908f566
110855,2025-09-24T09:47:17Z,2025-10-21T20:16:35Z,master,human,CONTRIBUTOR,4.6,b6136161c2ca58533c541d2260f1a3ceebb98aae
110863,2025-09-24T14:48:59Z,2025-10-08T19:07:23Z,master,human,CONTRIBUTOR,4.6,7c033002b047ae76397efd60d4e003ed9ef13bac
110866,2025-09-24T16:22:02Z,2025-12-02T18:00:31Z,master,human,CONTRIBUTOR,4.6,295435d83ac1a6cb8d811da1d5be279e6be96717
110871,2025-09-24T20:04:07Z,2025-10-21T20:16:34Z,master,human,MEMBER,4.6,ebe83acef3727f1be20bee28e2f1fae3581c686e
110881,2025-09-25T04:15:07Z,2025-10-07T12:36:20Z,master,human,CONTRIBUTOR,4.6,d4c0fcba3b5ce05d61b79e6a0cb0a78e4fbdfc5b
110884,2025-09-25T05:45:32Z,2025-10-06T19:35:44Z,master,human,CONTRIBUTOR,4.6,fdc235f4969d8d9f28aa6e2154df253bc1744bcd
110893,2025-09-25T12:27:28Z,2026-04-09T22:48:09Z,master,human,CONTRIBUTOR,4.7,4bd85ce4b0bec7fb189fd37d4d23ee577e3ed42c
110895,2025-09-25T13:06:07Z,2025-10-22T00:16:39Z,master,human,CONTRIBUTOR,4.6,e870cd911b89875c0ed635a3bc2e40fea90177ca
110904,2025-09-25T17:11:43Z,2025-10-21T20:16:35Z,master,human,MEMBER,4.6,ed4f4d275e80546eba86c47f44fc6164be2929c1
110910,2025-09-25T21:24:27Z,2025-10-21T20:16:34Z,master,human,MEMBER,4.6,0f897e71b64e2745428f14e290a060a5031697eb
110911,2025-09-25T21:31:24Z,2026-06-18T18:19:40Z,master,human,CONTRIBUTOR,4.8,82e7c213a43a471de67078768369f3dae05dbf88
110915,2025-09-25T23:49:27Z,2025-10-06T19:35:44Z,master,human,CONTRIBUTOR,4.6,36b76fc84cfee2d6b38c3ad0236bda62a01c549f
110923,2025-09-26T10:40:55Z,2026-01-29T00:03:46Z,master,human,MEMBER,4.7,c1f3ff963e493520b2cfdcfa7d81d4c9489341e3
110925,2025-09-26T10:58:28Z,2025-10-07T12:36:20Z,master,human,MEMBER,4.6,bb01fa25bf0462fc257970cc6db66ec8be2ae5c0
110926,2025-09-26T11:07:39Z,2025-11-26T21:56:51Z,4.4,human,MEMBER,4.4,d94252cf98cadd354a06d7c063acda3443c44592
110932,2025-09-26T14:49:41Z,2025-10-06T14:13:03Z,master,human,MEMBER,4.6,d8df20a2e65806967549d62d55fe88c2d1e67179
110933,2025-09-26T15:18:13Z,2026-01-29T18:16:18Z,master,human,CONTRIBUTOR,4.7,7ba375be00eaaa1d5f1a40ca9e6bc2763d57a1a6
110937,2025-09-26T16:54:55Z,2025-10-21T15:27:52Z,master,human,MEMBER,4.6,b32c0df22a412fd56e6211b25851d545289185ef
110942,2025-09-26T19:44:26Z,2025-10-21T20:16:35Z,master,human,MEMBER,4.6,e9d4b259fbba8365adba2a582a73b5291368f4fc
110943,2025-09-26T19:48:07Z,2025-11-18T20:03:53Z,master,human,CONTRIBUTOR,4.6,8cb0cc8a1fbe82ad6ecd752b66b8d6e03f7378d2
110949,2025-09-27T01:14:13Z,2025-11-14T20:28:28Z,master,human,MEMBER,4.6,8ff0683defbe69a46a6567d909338c07ca881d69
110956,2025-09-27T06:21:52Z,2026-07-09T17:48:40Z,master,human,CONTRIBUTOR,4.8,866a44b07be901b338031b47762f420758b90df6
110965,2025-09-27T12:30:41Z,2025-10-07T17:03:01Z,master,human,CONTRIBUTOR,4.6,651d278e1d2183252cfbc42f2e2d8d1389fbdc58
110968,2025-09-27T15:37:00Z,2025-12-15T14:06:21Z,master,human,CONTRIBUTOR,4.6,8aa4a5207fd2e06cc46f540f5db08758dfeeb954
110972,2025-09-27T16:24:59Z,2025-10-21T20:16:34Z,master,human,CONTRIBUTOR,4.6,c7b176756073ad974be797bc8d039b1628f1264a
110982,2025-09-27T22:37:41Z,2025-10-07T11:27:06Z,master,human,MEMBER,4.6,1cab5e1b1c0d4bd9fd2f5d880383ae37b177221d
110989,2025-09-28T05:02:55Z,2025-10-21T15:27:52Z,master,human,CONTRIBUTOR,4.6,a58968d94ed9352e61ca04c388a96a2da8390c10
110990,2025-09-28T05:07:13Z,2025-10-10T15:37:54Z,master,human,MEMBER,4.6,4ea49aecaf1f9a8399e7605abc98a6b9abd74e9c
111000,2025-09-28T13:31:39Z,2025-10-21T20:16:34Z,master,human,CONTRIBUTOR,4.6,b360196dcdc59aea1f1ae65e8bcca84115f639eb
111001,2025-09-28T14:10:43Z,2025-10-07T12:36:20Z,master,human,MEMBER,4.6,e1a6334b560606c51dda81007b5bb933e04bb7d7
111011,2025-09-28T20:17:47Z,2026-04-15T10:45:29Z,master,human,MEMBER,4.7,03cef2a0ca553ea9fac0a1fd83153fe8f32195f8
111012,2025-09-28T20:56:37Z,2025-10-09T16:52:59Z,master,human,MEMBER,4.6,755934f5f0d8e8d6bb191d42799996918f41ea97
111015,2025-09-28T22:14:45Z,2025-10-21T20:16:35Z,master,human,CONTRIBUTOR,4.6,cc2fdc3937b4e69d9dba0d25a3daf9fee61234f7
111016,2025-09-28T22:52:52Z,2026-02-17T20:10:11Z,master,human,CONTRIBUTOR,4.7,4ce9ef043addf5e04c3eedf693b975cff8b43851
111017,2025-09-28T23:10:01Z,2025-10-20T23:15:21Z,master,human,NONE,4.6,e97acf79b23923f0ee3eece11afd956e635f624e
111025,2025-09-29T07:03:27Z,2025-10-29T18:21:35Z,master,human,CONTRIBUTOR,4.6,0994b19ba43d7d5d2eaaac688e0767cc9cf994a0
111045,2025-09-29T20:29:39Z,2026-09-04T14:15:00Z,master,human,CONTRIBUTOR,4.8,cd45922f7bdd948089dea812e295e625beb2722a
111046,2025-09-29T20:30:20Z,2026-02-28T19:57:26Z,master,human,CONTRIBUTOR,4.7,90a3d1a5f4658536218aed397e5b2c3840f225b1
111047,2025-09-29T20:42:18Z,2026-06-24T19:56:50Z,master,human,MEMBER,4.8,07fab8dd3dd9ebb5dba8a7e2c4fa492c3d704169
111051,2025-09-29T22:29:46Z,2026-04-29T17:34:17Z,master,human,MEMBER,4.7,1b2e97619d81ac064fc398559489ee69a761f0e2
111052,2025-09-29T22:37:55Z,2025-12-03T22:55:55Z,master,human,CONTRIBUTOR,4.6,367f9bf9e3920922281c0bd30a003485dfa0c406
111058,2025-09-30T04:41:23Z,2025-10-06T12:23:33Z,master,human,MEMBER,4.6,6f0f5a9bd05c0c8b9cbdb2b1cf04b98d756fe9e2
111062,2025-09-30T08:38:00Z,2025-12-18T22:36:08Z,master,human,MEMBER,4.6,f1afe67b3b5983b0cbd3348735f80dabd82f3c2a
111065,2025-09-30T10:22:39Z,2026-06-25T13:37:19Z,master,human,MEMBER,4.8,71eeb7f5ca7d648871392c88841a49ccfefb817a
111066,2025-09-30T11:46:39Z,2025-10-06T14:13:03Z,master,human,MEMBER,4.6,6febc2bf961ed34721a448c486a3c4cb69f58bab
111068,2025-09-30T12:32:19Z,2025-10-07T12:36:20Z,master,human,MEMBER,4.6,7abe27ba09c3b1399c23b382b13597f57d6df527
111078,2025-09-30T16:36:51Z,2025-10-06T09:39:01Z,3.6,human,MEMBER,3.6,ed879eb87b1d4cd8c100815f7061bf93511b6611
111086,2025-09-30T18:32:37Z,2026-06-24T19:56:50Z,master,human,MEMBER,4.8,8ffacf6df9616eb27cb71b35db7593311317f3ed
111095,2025-09-30T22:26:33Z,2025-10-14T15:38:07Z,master,human,CONTRIBUTOR,4.6,e6768b5db44c91b28385a23ce7030c5f5a6fb7e3
111102,2025-10-01T02:02:21Z,2025-10-07T17:03:01Z,master,human,MEMBER,4.6,ec7d25d35530ba43bfceb006cf5e63d8989a35f5
111111,2025-10-01T09:32:35Z,2025-10-13T17:37:06Z,master,human,MEMBER,4.6,2b1fa0f10c1e85c1aed79aeeabbd706a97294853
111114,2025-10-01T11:47:15Z,2025-11-25T15:56:48Z,master,human,MEMBER,4.6,0da802cdd7a8058c2bdce51ac7ef87faaa8bdb8e
111116,2025-10-01T12:56:36Z,2025-10-06T14:13:03Z,master,human,MEMBER,4.6,f9a2ecd184712a1913a8ef555fd7608af15ee56d
111117,2025-10-01T14:26:29Z,2025-10-06T19:35:44Z,master,human,MEMBER,4.6,48ebbc438edcdb8e799ed3b491d62e5f39b8a93e
111118,2025-10-01T15:04:35Z,2025-10-30T18:55:21Z,master,human,MEMBER,4.6,8afb2e59761cda17f23977c8ff2f4d57831796cc
111125,2025-10-01T17:21:09Z,2025-10-06T12:23:33Z,master,human,CONTRIBUTOR,4.6,900bd07d10bea92e25bd29404bba32736ce404cd
111129,2025-10-01T17:54:35Z,2025-10-14T00:35:28Z,master,human,CONTRIBUTOR,4.6,c0c75561d29012250472e4f644e358f287b700dd
111135,2025-10-01T20:28:10Z,2025-10-21T20:16:35Z,master,human,CONTRIBUTOR,4.6,58a64124e841ef9f018924361d47e511ed7359ad
111136,2025-10-01T20:28:46Z,2025-10-07T11:27:05Z,master,human,MEMBER,4.6,30398802f883c5465906be42c683fc6d84502b5d
111139,2025-10-01T22:26:22Z,2025-10-14T00:35:28Z,master,human,MEMBER,4.6,40dde2a9a1b0bb66181f371e70ac4c7e6b2ede34
111140,2025-10-01T23:45:47Z,2025-10-22T00:16:39Z,master,human,CONTRIBUTOR,4.6,361ea1153ee0e226947d5f5f8ba862a2bbe3316e
111156,2025-10-02T11:23:14Z,2025-10-20T23:15:21Z,master,human,CONTRIBUTOR,4.6,4e03f41779f51217a7c556221a592591ac5f3d22
111162,2025-10-02T12:05:46Z,2025-10-22T18:49:48Z,master,human,MEMBER,4.6,0d85d43b0c8d7e6188769530a2c41f1e9ba313b1
111163,2025-10-02T12:19:46Z,2025-11-04T22:37:41Z,master,human,MEMBER,4.6,80b82af92b3c113cdab861b04b575ef0e94039fc
111165,2025-10-02T13:30:50Z,2026-07-03T21:50:57Z,master,human,MEMBER,4.8,82d3c35e6646f78a21e503d7d8e38e92f9e36fbe
111166,2025-10-02T14:08:35Z,2025-12-19T11:04:28Z,master,human,MEMBER,4.6,be9f30a9d0025e776c67e601ca59d4b78da10ecf
111168,2025-10-02T14:57:24Z,2026-01-28T18:33:11Z,master,human,MEMBER,4.7,1a17d70f0032a043fb82aa631ea8ae952ed61083
111172,2025-10-02T17:17:23Z,2025-11-10T14:34:47Z,master,human,MEMBER,4.6,d0babb845344019a253d018de4451a03dd60d0aa
111178,2025-10-02T20:13:07Z,2025-10-07T22:20:06Z,master,human,CONTRIBUTOR,4.6,72cf639020cf5d8b72528327db2f6a17fcdfb497
111183,2025-10-02T22:13:31Z,2025-10-24T16:29:53Z,master,human,CONTRIBUTOR,4.6,edbfb7a6ece0edf228ba9531bc9428cfa183124a
111184,2025-10-03T01:20:36Z,2025-11-14T23:20:32Z,master,human,MEMBER,4.6,30d753c87e693d93fcbddbf41eda4abb06fea817
111185,2025-10-03T01:56:42Z,2025-10-14T00:35:28Z,master,human,CONTRIBUTOR,4.6,d3285f5468c0f1d5de1b1995221c805ee9345a1b
111190,2025-10-03T05:18:08Z,2025-10-20T23:15:21Z,master,human,CONTRIBUTOR,4.6,d7943ae06e9441f1778aa203fa2656a06360bf44
111192,2025-10-03T06:39:39Z,2025-10-07T12:36:20Z,master,human,MEMBER,4.6,fda0e83bd543680f74f17423c0ffb61f53dd4da1
111195,2025-10-03T07:20:06Z,2025-10-28T08:43:12Z,3.x,human,MEMBER,3.7,0a9011743f8b62e5f4505fd17ca61fc3621394ef
111198,2025-10-03T07:42:37Z,2025-10-28T15:18:06Z,master,human,MEMBER,4.6,ea381ac992a8f6d5c05d9159fa8c4eaa95ebb3f0
111204,2025-10-03T10:31:07Z,2025-10-06T14:13:03Z,master,human,MEMBER,4.6,fa1c53bb8e79bcc2adda01410240226c474a0871
111206,2025-10-03T11:36:10Z,2025-10-14T00:35:28Z,master,human,CONTRIBUTOR,4.6,cd74a9cb12966ae677d549fa3b9ed17b59c0dead
111210,2025-10-03T13:37:41Z,2025-10-21T20:16:34Z,master,human,MEMBER,4.6,da3bdacf645509a4c64f17a15dd21fca1f2affa9
111211,2025-10-03T14:03:17Z,2025-10-16T17:54:06Z,master,human,NONE,4.6,f3ebee1f79790a5ab89864d450f0eba2f4dac975
111212,2025-10-03T14:04:22Z,2025-12-02T13:28:31Z,master,human,MEMBER,4.6,0fe1334de8838ff9d875e5cae0fb8668bd1484b1
111216,2025-10-03T15:30:12Z,2025-10-06T19:35:44Z,master,human,CONTRIBUTOR,4.6,62abe9e6e75f4bfe91c4229e5a28d8613621461c
111221,2025-10-03T17:19:09Z,2025-10-06T19:35:44Z,master,human,MEMBER,4.6,c01c7b800d26c158e740e1e8e4cd30c9e4b00993
111222,2025-10-03T17:52:21Z,2025-10-06T14:13:03Z,master,human,CONTRIBUTOR,4.6,93a5f4fab255dc72a22c208a09160ecd3627dc18
111223,2025-10-03T18:06:25Z,2025-10-06T14:13:03Z,master,human,MEMBER,4.6,d1d28c0bcf1769ad50f35df7a8dc5da543e5813b
111224,2025-10-03T18:08:08Z,2025-10-06T14:13:03Z,master,human,CONTRIBUTOR,4.6,d413181b8a6c427a56d6c37378d4dec8e658b630
111226,2025-10-03T19:24:08Z,2026-01-28T18:33:11Z,master,human,CONTRIBUTOR,4.7,10aa2e301340eec51efc94fe1da15d2e9bb1357f
111227,2025-10-03T19:47:04Z,2025-10-07T22:20:06Z,master,human,MEMBER,4.6,f457855148701e26d57e1bbe013200a2e0c23ac7
111230,2025-10-03T21:40:23Z,2025-10-07T17:03:01Z,master,human,CONTRIBUTOR,4.6,916bfee5283df05747d5cc8a9b0791e48bcbdb9d
111234,2025-10-03T23:25:58Z,2025-10-06T04:33:01Z,master,human,CONTRIBUTOR,4.6,60b7b8b16e07b344117fc33525f31d65c499cb22
111240,2025-10-04T08:17:23Z,2025-10-06T14:13:03Z,master,human,CONTRIBUTOR,4.6,660bf91360678ed4715e7240a89e0c4928717de5
111242,2025-10-04T08:34:45Z,2025-10-07T22:20:06Z,master,human,CONTRIBUTOR,4.6,91ad9685574fc6f9ff30129e8ef6fd0a092f687e
111244,2025-10-04T09:05:27Z,2025-10-06T19:35:44Z,master,human,MEMBER,4.6,f1f9f54ac31a3147cced914917556cf275d5d4bd
111248,2025-10-04T09:46:23Z,2025-10-06T14:13:03Z,master,human,CONTRIBUTOR,4.6,dac47044471882fd17bd05cf159ed01c2c55dea0
111249,2025-10-04T10:19:28Z,2025-10-07T22:20:06Z,master,human,MEMBER,4.6,0f7bf2913f7b5344e260fa93437ce9944c7d49b6
111250,2025-10-04T10:35:55Z,2025-10-07T17:03:01Z,master,human,CONTRIBUTOR,4.6,9efb50bad7a1d7da1fbfed4cc9989b6ca73340f5
111251,2025-10-04T12:35:17Z,2026-01-01T16:15:52Z,master,human,CONTRIBUTOR,4.6,137e8096568fc71501b90c7c9621e2a7fc778e79
111253,2025-10-04T14:14:29Z,2025-10-06T14:13:03Z,master,human,CONTRIBUTOR,4.6,925d7003f8adcd9c3b14699c6f2984bd862b0494
111254,2025-10-04T14:59:51Z,2025-10-06T14:13:03Z,master,human,MEMBER,4.6,ef5ecd95d76b61757b2191eb6bb8b160dfa972e1
111258,2025-10-04T17:16:42Z,2025-10-07T17:03:01Z,master,human,CONTRIBUTOR,4.6,ccccb9d3cb9b8540de0f06ce03770665018d83bd
111260,2025-10-04T18:34:34Z,2025-10-06T14:13:03Z,master,human,CONTRIBUTOR,4.6,43a9999852f48e4aa5a36ac6a02684b1841f50a1
111262,2025-10-04T18:59:11Z,2026-03-16T16:42:19Z,master,human,CONTRIBUTOR,4.7,fc0960188b11946a63e07b5204c83c2e537b86df
111266,2025-10-04T21:44:35Z,2025-10-06T19:35:44Z,master,human,MEMBER,4.6,aae2def236ed4b475e944862a23edfc880eaef35
111267,2025-10-05T01:28:27Z,2025-11-04T22:37:41Z,master,human,CONTRIBUTOR,4.6,dc32e2c4ff407ab0e5af644c2aac0cfa49a9febe
111270,2025-10-05T05:24:48Z,2025-10-06T14:13:03Z,master,human,CONTRIBUTOR,4.6,5b2d91ef3158110e0f04db0d94dd25e83ce085c3
111273,2025-10-05T07:35:48Z,2025-10-07T17:03:01Z,master,human,CONTRIBUTOR,4.6,9f6088dafab425f248f5d61cc5f811ca39cea133
111274,2025-10-05T08:09:50Z,2025-10-06T14:13:03Z,master,human,CONTRIBUTOR,4.6,30a0a419820d87b9b5ca72e7e750ecd299b57bd3
111277,2025-10-05T09:14:59Z,2025-11-04T22:37:41Z,master,human,MEMBER,4.6,e1e3f742b7b1428fdd229aba86f2081291104371
111284,2025-10-05T12:42:30Z,2025-10-07T22:20:06Z,master,human,CONTRIBUTOR,4.6,194d76e5713aebfc521d18b29038daedb1aea2d4
111285,2025-10-05T12:51:16Z,2025-11-21T20:52:42Z,master,human,MEMBER,4.6,9f5143dac925fbbad3e46bcf4753e8d3ecd0da29
111288,2025-10-05T13:54:31Z,2025-11-05T17:51:56Z,master,human,MEMBER,4.6,3b4239d64928d78976764cc2129981e303ae7ca0
111289,2025-10-05T14:01:23Z,2025-10-08T19:07:23Z,master,human,MEMBER,4.6,e20acd3fe3ae16f353ce3110fba2faeb98bb945c
111290,2025-10-05T14:15:50Z,2025-10-06T12:23:33Z,master,human,MEMBER,4.6,bc0342b3ef1abdc6d4b1501f8b8d08061e4cd825
111292,2025-10-05T14:58:20Z,2025-10-06T14:13:03Z,master,human,CONTRIBUTOR,4.6,e8535bc27efcc524ca008aa4589dd8a00dde9759
111294,2025-10-05T16:30:57Z,2026-03-16T16:42:19Z,master,human,CONTRIBUTOR,4.7,0520b51d0ce95b592c06f474418357c046d310c2
111296,2025-10-05T17:56:42Z,2025-10-21T15:27:52Z,master,human,MEMBER,4.6,e6eb49834d39f4aa57cc953eee7d4ae2f7462d87
111297,2025-10-05T18:17:06Z,2025-10-06T19:35:44Z,master,human,CONTRIBUTOR,4.6,8d6426ef1a3f980ccdae5482e75ee3655435638d
111298,2025-10-05T18:36:05Z,2025-10-08T19:07:23Z,master,human,CONTRIBUTOR,4.6,d3c5141e2eb6209925b12a36be2bd8252980a19a
111299,2025-10-05T19:09:13Z,2025-10-18T09:45:54Z,master,human,CONTRIBUTOR,4.6,7864ac80192e9e91bf56176af9f04cc013b580aa
111300,2025-10-05T19:14:05Z,2025-10-06T12:23:33Z,master,human,CONTRIBUTOR,4.6,1043c3fd6451ca97cd0117ac86ddd25f9a6cc1ec
111301,2025-10-05T19:21:24Z,2025-10-06T12:23:33Z,master,human,CONTRIBUTOR,4.6,e277b3f0ce6ec626f39f073d054d1be7b6ab02cd
111302,2025-10-05T20:11:07Z,2025-10-06T19:35:44Z,master,human,CONTRIBUTOR,4.6,ce98fae6e8b445d9f9180dadd6b375f1e459b55d
111303,2025-10-05T20:37:47Z,2025-10-06T14:13:03Z,master,human,CONTRIBUTOR,4.6,f85dc0720d558ef4ac10eb04478e16084fd20138
111304,2025-10-05T20:45:14Z,2025-10-07T22:20:06Z,master,human,MEMBER,4.6,e878d5a2fbdb29f2d0f4318199c6e33dd86398bf
111305,2025-10-05T21:49:49Z,2026-09-11T16:26:15Z,master,human,CONTRIBUTOR,4.8,067da3de458e36c51f4453640f082402fe0b8a72
111307,2025-10-06T02:09:34Z,2025-10-06T19:35:44Z,master,human,CONTRIBUTOR,4.6,e437cfa2802111e637560931623abe3d36026a0b
111309,2025-10-06T03:03:29Z,2026-07-08T15:14:31Z,master,human,CONTRIBUTOR,4.8,25d3098727ce01c5d4495ef42874d8da4fa351fd
111310,2025-10-06T04:33:35Z,2025-10-14T00:35:28Z,master,human,CONTRIBUTOR,4.6,c5754ccc52d2f7d0345078553be53a095cec4466
111313,2025-10-06T06:13:28Z,2025-10-13T17:37:06Z,master,human,MEMBER,4.6,10c333a8f1cdd0d01f6f314414c5e2c3a73f2555
111316,2025-10-06T08:34:23Z,2025-10-07T11:27:05Z,master,human,MEMBER,4.6,9a25d56b1fa1c97832664e375db6705c096966a8
111318,2025-10-06T08:56:18Z,2025-10-07T17:03:00Z,master,human,MEMBER,4.6,9c63619f20e0621d4cd680a4533732b4c57b6ca8
111321,2025-10-06T13:48:22Z,2025-10-08T19:07:23Z,master,human,MEMBER,4.6,1cf0bc2c6c75adf5fb5df37976055417ba776824
111323,2025-10-06T14:34:17Z,2025-10-10T15:37:54Z,master,human,MEMBER,4.6,e33f89fe276118644d11f90929b658ec465651e3
111325,2025-10-06T15:44:50Z,2025-10-22T18:49:48Z,master,human,MEMBER,4.6,40eb34833bd008b1361315581766dc6ae54e8617
111326,2025-10-06T15:49:23Z,2025-10-28T17:24:50Z,master,human,MEMBER,4.6,f7c9306453337e69ad828b7dc38cb75628256ec6
111327,2025-10-06T16:14:26Z,2025-10-07T22:20:06Z,master,human,MEMBER,4.6,d61cd9149aaee6195b83bc65ca5539a27d76d61f
111329,2025-10-06T16:37:32Z,2025-10-20T23:15:21Z,master,human,MEMBER,4.6,bb63baadd1e297ec8bc972ea67859c1043c49252
111331,2025-10-06T17:12:07Z,2025-10-07T11:27:05Z,master,human,CONTRIBUTOR,4.6,9052d31c68b852f9b38f4e60f1956a97386d0153
111332,2025-10-06T18:31:07Z,2025-11-27T09:01:48Z,master,human,CONTRIBUTOR,4.6,4f04a9de1de70b1c52cc97c061f0a1e60bf4a70f
111333,2025-10-06T18:35:16Z,2026-06-26T13:55:24Z,master,human,CONTRIBUTOR,4.8,e98bdf64270ac52e6ef73c2206422926f9e778a0
111334,2025-10-06T18:39:11Z,2025-12-19T11:04:27Z,master,human,MEMBER,4.6,4484897e749609a4563fda6c11144a0d191ce601
111337,2025-10-06T19:59:17Z,2025-10-07T17:03:01Z,master,human,MEMBER,4.6,1c643549f331be94694a171e319be932f3439c15
111339,2025-10-06T20:13:33Z,2025-10-07T17:03:00Z,master,human,MEMBER,4.6,89e3587cd83395824ac30adb1b17ff645539bd47
111341,2025-10-06T20:25:45Z,2025-10-21T15:27:52Z,master,human,MEMBER,4.6,80d06f166d4f210e0d5d449dad0f12b940c35c1c
111342,2025-10-06T21:05:20Z,2025-10-09T16:52:59Z,master,human,MEMBER,4.6,c41e47034ed721938c62f4e8a14ad38f10bdcf19
111345,2025-10-06T22:11:57Z,2025-10-07T17:03:00Z,master,human,MEMBER,4.6,a75c738ece67e7df52b379b9b36de718d8706098
111346,2025-10-06T23:00:27Z,2025-10-07T17:03:00Z,master,human,CONTRIBUTOR,4.6,4bfe73ccd93b252be02ee8ebaef56466eb337014
111347,2025-10-06T23:50:20Z,2025-10-07T22:20:06Z,master,human,MEMBER,4.6,ef853bbc06957933de8c1c5dc38f29113ea980ef
111355,2025-10-07T06:28:13Z,2025-10-07T12:36:20Z,master,human,MEMBER,4.6,56d5624e88b9c314ec86d3f05cbff15747d4f1f7
111356,2025-10-07T10:27:32Z,2025-10-13T17:37:06Z,master,human,MEMBER,4.6,599fd7344a17fd1a7541df52a03c2bd0496524ed
111358,2025-10-07T11:26:33Z,2025-10-10T15:37:54Z,master,human,MEMBER,4.6,16a11ac88b3aedac2825ec570910f34fb40f3f98
111361,2025-10-07T11:45:06Z,2025-10-09T16:52:59Z,master,human,MEMBER,4.6,7efb51c9d32d243ae603520855d51b506a705353
111367,2025-10-07T14:05:37Z,2025-11-17T17:03:40Z,master,human,MEMBER,4.6,c5ebb7a6451fa0eabbd236c1f59fc093bc4f4edc
111368,2025-10-07T14:09:49Z,2025-10-07T17:03:00Z,master,human,MEMBER,4.6,e3c64cff241bb5da7cf624c23db557db69c7ee1a
111369,2025-10-07T15:10:37Z,2025-11-03T23:52:23Z,master,human,MEMBER,4.6,486043f63843c9ee3fa45765ec866b9369079b7f
111375,2025-10-07T17:29:55Z,2026-08-05T14:52:34Z,master,human,CONTRIBUTOR,4.8,47f566832df736781070aa55fe8628d7e9c2733d
111378,2025-10-07T19:43:46Z,2025-10-21T15:27:52Z,master,human,MEMBER,4.6,45021fd48acc59916202eef4c81a49b85cac3847
111383,2025-10-07T21:13:17Z,2025-10-08T19:07:23Z,master,human,MEMBER,4.6,52d32cee8dc51d7ff5e39defa2135650fc510d2b
111384,2025-10-07T22:39:43Z,2025-11-01T18:11:38Z,master,human,CONTRIBUTOR,4.6,accf00c00032351c577a7607e21d768d8f86ec6d
111386,2025-10-07T23:50:33Z,2025-10-08T19:07:23Z,master,human,MEMBER,4.6,4ad9114c54496fb49a5e9e8294cf49e5995bc31b
111387,2025-10-07T23:50:58Z,2025-12-11T00:17:04Z,master,human,CONTRIBUTOR,4.6,ed1ec3a0ee1f12db485e7345282fefbfb9c2ea3f
111388,2025-10-08T00:33:26Z,2025-10-08T01:38:07Z,4.5,human,MEMBER,4.5,69796bf7d67599b21308fb54723ed53a84e2e335
111389,2025-10-08T02:02:35Z,2025-10-08T19:07:23Z,master,human,CONTRIBUTOR,4.6,9a5d6d1049e589ce0cac08f65367a084b252c18b
111393,2025-10-08T05:23:11Z,2025-10-10T15:37:54Z,master,human,CONTRIBUTOR,4.6,fb01d80e88b9b032295366e04de25addd9045bf5
111396,2025-10-08T06:14:29Z,2025-10-08T19:07:23Z,master,human,MEMBER,4.6,7093ca3dbe69457894517e0f62162873f570a3e9
111398,2025-10-08T07:10:32Z,2025-11-10T14:34:47Z,master,human,CONTRIBUTOR,4.6,58c124fd97bf324eac583679553589b459bb2e80
111402,2025-10-08T09:24:30Z,2025-10-08T19:07:23Z,master,human,MEMBER,4.6,4bb612126e0fcb833a86d6155b3e2f80ec65a265
111403,2025-10-08T09:28:10Z,2025-10-10T15:37:54Z,master,human,CONTRIBUTOR,4.6,8150cb920015ab99e824b03fdf26a54d8a3ab8a6
111405,2025-10-08T10:09:58Z,2025-10-09T16:52:59Z,master,human,MEMBER,4.6,4ab22026b63f80998c79b015e38ca8f16c1859ca
111408,2025-10-08T12:17:11Z,2025-10-08T13:11:08Z,master,human,CONTRIBUTOR,4.6,4ad11b6af38cd16a21d1bf3e737cebc5f0e91f6b
111411,2025-10-08T13:49:38Z,2025-10-08T19:07:23Z,master,human,MEMBER,4.6,8f4d8dfd2deb106f2350aa05b43dd96a86e35220
111419,2025-10-08T16:38:24Z,2025-10-14T00:35:28Z,master,human,MEMBER,4.6,4ae535b3b95a86b239761a9c844627aa2de5943f
111424,2025-10-08T18:33:13Z,2025-10-13T07:53:06Z,3.x,human,MEMBER,3.7,5b8789e83ad69d07fd1c21cc935463d4d26d0d45
111425,2025-10-08T19:20:08Z,2025-10-09T16:52:59Z,master,human,CONTRIBUTOR,4.6,538fd6924374ff608b931cbdd43797506befbee1
111426,2025-10-08T19:22:00Z,2025-11-26T22:49:25Z,master,human,CONTRIBUTOR,4.6,13e7215b46937d521f33da0d247b6fef1bd431f2
111427,2025-10-08T19:58:18Z,2025-11-11T22:19:24Z,master,human,CONTRIBUTOR,4.6,4e35e04bbdbffb26a31fee83eebdec983c363fe7
111431,2025-10-08T20:44:14Z,2025-10-09T16:52:59Z,master,human,MEMBER,4.6,5913469309eb938ce45d92089184870b5b125f5f
111432,2025-10-08T22:17:38Z,2025-10-10T15:37:54Z,master,human,CONTRIBUTOR,4.6,cf9e2ea6da2bc5694d47939d21c381118804a08a
111434,2025-10-08T23:34:25Z,2025-10-13T17:37:06Z,master,human,CONTRIBUTOR,4.6,1274facd4497755febc0497d5a44586c74a6282a
111437,2025-10-09T04:28:06Z,2025-10-22T18:49:48Z,master,human,CONTRIBUTOR,4.6,8f3e76c898f2dce91b37e94f8ba358ea49b3221c
111438,2025-10-09T05:27:44Z,2025-10-09T08:38:22Z,4.5,human,CONTRIBUTOR,4.5,e146c462140ae86ab516d56e7522590aa8577fda
111439,2025-10-09T06:36:50Z,2025-10-21T15:27:52Z,master,human,MEMBER,4.6,eff2f822a1724ed80c1f2b48f6067fd5482ee22c
111443,2025-10-09T09:44:04Z,2025-10-09T12:37:45Z,3.x,human,MEMBER,3.7,fb2d2bafe018f013f04c4ce12f31489bd332c398
111444,2025-10-09T09:58:51Z,2025-10-09T16:52:59Z,master,human,MEMBER,4.6,09ea0cf899a94bfcfb4e0d8089761ddfad255b56
111445,2025-10-09T10:41:37Z,2025-10-09T16:52:59Z,master,human,MEMBER,4.6,db3407370c4f984e2b1333a766a47e013e67621e
111448,2025-10-09T11:56:39Z,2025-10-10T15:37:54Z,master,human,CONTRIBUTOR,4.6,d10eca9c59312e8d3e6ace24176d0946cbdc6f92
111449,2025-10-09T12:20:27Z,2025-11-04T22:37:41Z,master,human,MEMBER,4.6,d7353e27d8acbe3f562a802ae628af9601417132
111452,2025-10-09T13:41:30Z,2025-12-02T18:00:31Z,master,human,CONTRIBUTOR,4.6,666bcb20565af8e7f868e835cc039a7b7ffb434b
111454,2025-10-09T14:35:12Z,2025-10-09T16:52:59Z,master,human,MEMBER,4.6,295e465fe403954911ca75145cc5d21546274262
111455,2025-10-09T14:55:42Z,2026-09-21T15:07:12Z,master,human,MEMBER,4.8,eb3bd6a05067001b8b5a614be8bead80dac4d713
111456,2025-10-09T17:15:08Z,2025-10-21T15:27:52Z,master,human,MEMBER,4.6,31349b062fdf0a21693832869cdb925227e01e8e
111459,2025-10-09T18:57:58Z,2025-10-20T23:15:21Z,master,human,CONTRIBUTOR,4.6,076445b80409315e431fba220e538c7bb3ac9898
111460,2025-10-09T20:39:35Z,2025-10-13T17:37:06Z,master,human,MEMBER,4.6,0450686035ecf718b1aba93b8da4df7dfe19d34a
111461,2025-10-09T21:08:26Z,2025-10-14T00:35:28Z,master,human,CONTRIBUTOR,4.6,3dbd7d36d0789f4ba50707045b071cbaaef5ab58
111464,2025-10-09T22:54:47Z,2026-02-03T14:18:42Z,master,human,CONTRIBUTOR,4.7,0a843c13f8bf59626ec2e227276ce7c1df077e25
111466,2025-10-10T03:19:01Z,2025-10-10T15:37:54Z,master,human,CONTRIBUTOR,4.6,d598753c1a35b9c0c7d91067a03c9e8ff1d4676b
111469,2025-10-10T06:48:48Z,2026-02-26T22:24:10Z,master,human,CONTRIBUTOR,4.7,0848acfe4be64c27599974b23e628861133fe34d
111470,2025-10-10T08:20:29Z,2025-10-10T15:37:54Z,master,human,MEMBER,4.6,c417769226439da82ebfb786898422188917886a
111471,2025-10-10T08:47:13Z,2025-12-03T17:49:47Z,master,human,CONTRIBUTOR,4.6,b0a1b9a0b140579cdc9d58e2ed19200de05767ea
111472,2025-10-10T09:10:59Z,2025-10-10T11:01:22Z,4.5,human,MEMBER,4.5,d3b052df8f0c3051bb488b71eb3f1ba2ce511060
111473,2025-10-10T11:23:25Z,2025-10-10T15:37:54Z,master,human,MEMBER,4.6,99ab454a64f453d367436fe0057e7215f78c4525
111476,2025-10-10T13:11:29Z,2025-10-14T00:35:28Z,master,human,MEMBER,4.6,c6df8d32531f05db31fd38cfe96eb88c117b8e73
111478,2025-10-10T13:47:21Z,2025-10-21T20:16:35Z,master,human,MEMBER,4.6,03ae868b15874963f7605235bf14b797461a897c
111481,2025-10-10T15:18:56Z,2025-10-13T17:37:06Z,master,human,MEMBER,4.6,c9b72fcfb6548ba32bd273bf18efb41eadfe90ff
111484,2025-10-10T18:19:05Z,2025-11-24T16:27:58Z,master,human,MEMBER,4.6,bbe965432747f49ac647883c871a38ade26bdc4a
111485,2025-10-10T18:43:11Z,2026-06-24T15:21:14Z,master,human,MEMBER,4.8,3e5b2636949ecca8ed119c4291044466bf166bb8
111487,2025-10-10T18:46:46Z,2025-10-13T17:37:06Z,master,human,MEMBER,4.6,fc7065d2b4c7376e3b87c12b9a00bce726a10e74
111490,2025-10-10T20:02:35Z,2025-11-07T16:37:19Z,master,human,MEMBER,4.6,fae64fbbd2e382923314dedf9c1180dbea14572c
111491,2025-10-10T20:28:47Z,2025-11-11T22:19:24Z,master,human,CONTRIBUTOR,4.6,55f51c00458be292dbb4f2330f6ea17877c5f6ee
111493,2025-10-10T21:52:00Z,2025-11-06T14:16:40Z,master,human,MEMBER,4.6,2d7380c3fff7087f0d807411a26628fe7eaf23d1
111496,2025-10-11T01:26:23Z,2025-10-11T01:47:39Z,master,human,MEMBER,4.6,cb7cd815eeeb11aaa1f68453a515c76bec5ba73d
111498,2025-10-11T02:12:59Z,2025-10-30T15:52:50Z,master,human,MEMBER,4.6,a176e4ff09c2163d65f22a97c98ffc855c83e050
111499,2025-10-11T05:13:48Z,2025-11-12T17:36:39Z,master,human,CONTRIBUTOR,4.6,78c3a07ef07ab08c3c5f964eb7cea57d39f13558
111503,2025-10-11T10:24:26Z,2025-11-12T23:30:23Z,master,human,CONTRIBUTOR,4.6,08fb2e61e7b8067e2831577b3bcdc2f1c46d95b6
111504,2025-10-11T10:28:42Z,2026-06-18T20:20:25Z,master,human,MEMBER,4.8,48d6af36d672d4fb6485471bef92f313366ccc2a
111507,2025-10-11T11:44:40Z,2025-10-14T00:35:28Z,master,human,CONTRIBUTOR,4.6,988a7f7bdfbd4ded3ca357f14be0ce61cf5868e6
111509,2025-10-11T12:50:43Z,2025-10-16T17:54:06Z,master,human,CONTRIBUTOR,4.6,94818a5313d5bf915df1e72155ef239b3117dcc9
111516,2025-10-11T16:16:23Z,2025-11-04T22:37:41Z,master,human,CONTRIBUTOR,4.6,75eefa253d5096652c6eb7457a0c2b3a345f792a
111517,2025-10-11T16:16:27Z,2025-11-10T14:34:47Z,master,human,CONTRIBUTOR,4.6,f81b2aa376704fe3d687c7abe0fd6200262a6c3b
111518,2025-10-11T17:07:17Z,2026-04-01T18:03:20Z,master,human,MEMBER,4.7,102c6f5eee6bc2f48dc02627102a6568fdc69979
111522,2025-10-11T19:51:20Z,2025-10-29T18:21:35Z,master,human,CONTRIBUTOR,4.6,881058009fd1d818e3a701f1058f810e32353d09
111523,2025-10-11T20:23:22Z,2025-10-16T17:54:06Z,master,human,CONTRIBUTOR,4.6,13404515fb4dae1f9908a907c9a834b2c3db82c2
111524,2025-10-11T20:49:18Z,2025-10-30T18:55:21Z,master,human,CONTRIBUTOR,4.6,76239f8384409455e080ef7a6e2575773b44dbfd
111527,2025-10-11T21:31:28Z,2025-10-13T17:37:06Z,master,human,CONTRIBUTOR,4.6,08c200e82f04ca004f36e1fc95c73ea403e17ff6
111528,2025-10-11T21:43:05Z,2026-03-06T18:44:27Z,master,human,CONTRIBUTOR,4.7,a209e26690643b2cdacc3198b60eaeaaef1137a8
111529,2025-10-11T21:54:53Z,2025-10-13T17:37:06Z,master,human,CONTRIBUTOR,4.6,43438fec2a27d07282c1ec255199592a0d76f22f
111535,2025-10-11T23:38:09Z,2025-11-10T14:34:47Z,master,human,CONTRIBUTOR,4.6,82e6303634db51b7846195e518c8580721fed92f
111538,2025-10-12T01:27:43Z,2025-10-14T00:35:28Z,master,human,CONTRIBUTOR,4.6,0b4cca38ea05c9c9b866122bd5481c0ec45b2e1e
111542,2025-10-12T03:12:34Z,2025-10-14T15:38:07Z,master,human,CONTRIBUTOR,4.6,0b4712376816773d3c57f3feec8d7cfa5d88065c
111547,2025-10-12T08:35:58Z,2026-02-27T14:53:46Z,master,human,CONTRIBUTOR,4.7,28c37846d8b5e4ac41594ffeec6a1ca6663f1e30
111552,2025-10-12T09:52:58Z,2025-10-27T15:06:22Z,master,human,CONTRIBUTOR,4.6,9928e863fdc865cedfbf8555b1031483c9764a64
111556,2025-10-12T13:13:09Z,2025-10-13T17:37:06Z,master,human,MEMBER,4.6,02f48683b5e64790d6e70d596d1f8aee3d4e9381
111561,2025-10-12T18:00:16Z,2025-10-14T22:19:12Z,master,human,CONTRIBUTOR,4.6,a364d6ad753d44817d3f14b6ad3591b25ec2840a
111566,2025-10-12T20:36:35Z,2025-10-14T15:38:07Z,master,human,CONTRIBUTOR,4.6,920552812eecee3b7d723db13db2eb323f9aa31b
111569,2025-10-12T23:51:38Z,2025-10-14T00:35:28Z,master,human,CONTRIBUTOR,4.6,8be090c03a7de5853e8f88444459e253e7b67178
111570,2025-10-13T00:06:34Z,2025-10-28T15:18:06Z,master,human,CONTRIBUTOR,4.6,00b6e8a9d0ac3fad1c1e37e33d5c01e46002ce03
111572,2025-10-13T01:09:37Z,2025-11-05T19:08:58Z,master,human,CONTRIBUTOR,4.6,a1e22a329b47bc36c60ef08dc831c2043ee7d047
111573,2025-10-13T02:12:19Z,2026-02-28T19:57:26Z,master,human,CONTRIBUTOR,4.7,1aaea38e7f8dd9e2a94e2e339247fc976a84de75
111577,2025-10-13T06:38:00Z,2025-10-14T15:38:07Z,master,human,CONTRIBUTOR,4.6,0400b703e4c95e7de0ee98688267b98a5fb5e358
111578,2025-10-13T08:29:37Z,2025-10-14T22:19:12Z,master,human,CONTRIBUTOR,4.6,1e9d0ff925563276b5921b9a8b88ebe45680c04a
111580,2025-10-13T09:02:46Z,2025-10-27T15:06:22Z,master,human,MEMBER,4.6,685fa3281ce4b0791347dcf4ecc9bce2bb0dd82c
111581,2025-10-13T09:40:26Z,2025-10-13T10:53:34Z,3.x,human,MEMBER,3.7,5fc653c1ba89a8e5f7dbf88303d9952912be76d2
111584,2025-10-13T10:45:55Z,2025-10-13T11:14:19Z,3.x,human,MEMBER,3.7,4389e0fd34188b593a2132625616d2596442eaca
111586,2025-10-13T11:59:04Z,2025-10-14T00:35:28Z,master,human,MEMBER,4.6,3ef37d7bf3e80c6c9317d6e1f79e59bd08ca691f
111589,2025-10-13T12:39:47Z,2025-11-17T17:03:39Z,master,human,MEMBER,4.6,16d3ba7982379ebd80585049c463ecde5b1a9214
111591,2025-10-13T13:07:37Z,2025-10-14T15:38:07Z,master,human,CONTRIBUTOR,4.6,b7bbdfd31ce52e4fdbe478bf341559b2786e23fc
111596,2025-10-13T15:04:06Z,2025-10-13T17:37:06Z,master,human,CONTRIBUTOR,4.6,dc05e0f90723d54ab56eb694a7a51a060da08321
111597,2025-10-13T15:08:08Z,2025-11-10T14:34:47Z,master,human,MEMBER,4.6,a6db8aa621bc5d2ad78f086fb1cb4871a418489e
111600,2025-10-13T15:22:02Z,2025-10-27T15:06:21Z,master,human,MEMBER,4.6,c0c1c685621971c75c0f0f4aab85e8293c67a993
111601,2025-10-13T15:27:26Z,2025-10-13T17:37:06Z,master,human,MEMBER,4.6,094eb99a43b2cd241f0d9f2ed1abe8a9f4b92747
111606,2025-10-13T16:36:46Z,2025-11-10T14:34:47Z,master,human,MEMBER,4.6,cfd2b3727847c23026c68bbd6e1f8c85290dfafc
111612,2025-10-13T19:19:50Z,2025-11-14T20:28:28Z,master,human,MEMBER,4.6,aa248bfedd52800e8533c4b40cb4902dd6ba5e63
111613,2025-10-13T19:20:59Z,2025-11-17T17:03:39Z,master,human,MEMBER,4.6,68410acc61fb9996aba544a615b3927fe78a643e
111614,2025-10-13T19:49:46Z,2026-02-19T16:24:55Z,master,human,CONTRIBUTOR,4.7,d59205aa61accb595108f12f86beee2e9309a346
111615,2025-10-13T19:54:33Z,2025-10-21T15:27:52Z,master,human,MEMBER,4.6,7d7d47916204d042b15b71e2f1f49169951ce67e
111617,2025-10-13T20:01:35Z,2025-10-14T15:38:07Z,master,human,MEMBER,4.6,879d4439e755f314cb9c9aae8f3b3f2bc797b15d
111620,2025-10-13T21:09:25Z,2025-10-14T15:38:07Z,master,human,MEMBER,4.6,79e533679cbb7c0312cb96c09f4686c8dc8e74ec
111621,2025-10-13T21:53:41Z,2025-10-14T00:35:28Z,master,human,CONTRIBUTOR,4.6,cd13a9df1483bffbc5e79869818233082fd7d7fc
111622,2025-10-13T22:44:06Z,2025-12-01T10:55:34Z,master,human,MEMBER,4.6,32249f87a447097cba98b55af832c67fee595b08
111624,2025-10-14T01:37:04Z,2025-10-14T22:19:12Z,master,human,CONTRIBUTOR,4.6,68b897225e812e2bbe1ec62965bf74be420de03d
111633,2025-10-14T09:05:44Z,2025-10-14T15:38:07Z,master,human,CONTRIBUTOR,4.6,4d3a899c64ab5f9602d4922f74ab31004325ca03
111637,2025-10-14T09:53:41Z,2026-02-20T01:26:13Z,master,human,MEMBER,4.7,eb9aa55628c61efac655da4cf6c1ae5dcbdc3527
111639,2025-10-14T12:35:02Z,2025-10-14T15:38:07Z,master,human,MEMBER,4.6,9cdf3ff3ff74b986eaf41b36c9efce860d5d9f4e
111641,2025-10-14T13:10:44Z,2025-12-11T00:17:04Z,master,human,MEMBER,4.6,ef733070a68a8de06796f06615cb065a21ecf434
111648,2025-10-14T14:38:49Z,2025-10-21T15:27:52Z,master,human,CONTRIBUTOR,4.6,003c7244b90092fa6986d80b6867c7778b5e0cf4
111649,2025-10-14T15:48:44Z,2025-10-17T14:11:25Z,master,human,MEMBER,4.6,fd8ddca49ac7b729f2ee35f0766812e639d987df
111651,2025-10-14T17:56:21Z,2025-11-01T18:11:38Z,master,human,CONTRIBUTOR,4.6,04a089d46948965907e002e59b74188e958c298f
111652,2025-10-14T18:58:52Z,2025-10-15T21:36:29Z,master,human,CONTRIBUTOR,4.6,710a6e030359b2ed12181b7dab4fdcb4ccf9d66c
111657,2025-10-14T21:05:40Z,2025-10-15T21:36:29Z,master,human,MEMBER,4.6,57e041d3571721bca16a0033a5e71d1a085506b5
111658,2025-10-14T22:32:29Z,2025-10-16T17:54:06Z,master,human,CONTRIBUTOR,4.6,2edad6860a6c44464942024e5a070e7dc6da6644
111661,2025-10-15T00:55:02Z,2025-10-20T23:15:21Z,master,human,CONTRIBUTOR,4.6,d64a86a35ffccfc2a499cfd881a89b7588c28aca
111663,2025-10-15T01:10:08Z,2025-10-15T21:36:29Z,master,human,CONTRIBUTOR,4.6,ca524532e66d1228406ab0663d300add69e386be
111672,2025-10-15T08:36:08Z,2025-10-15T21:36:29Z,master,human,CONTRIBUTOR,4.6,1ae616d7d861c7de9e7653d3a287025112cefba3
111674,2025-10-15T09:33:51Z,2025-10-28T15:18:06Z,master,human,MEMBER,4.6,3cd6b3f8c621eabb68962d58ebeefd2457f6a78f
111679,2025-10-15T12:56:01Z,2026-01-27T21:28:25Z,master,human,MEMBER,4.7,77579f93e6ee7cf2515da4a7a5000d8a0244be98
111681,2025-10-15T14:11:19Z,2025-11-14T02:56:30Z,master,human,MEMBER,4.6,52e7b970af5d3dbdb2b9352da7fedbd6b4112ea5
111684,2025-10-15T17:02:42Z,2025-10-21T15:27:52Z,master,human,CONTRIBUTOR,4.6,0fce9b0439cd9ff6b794248a4d457ef506d31e30
111687,2025-10-15T17:56:49Z,2026-02-16T21:10:17Z,master,human,CONTRIBUTOR,4.7,85ba5ffaadc2e2a0d0979e80c8e70260fa229674
111688,2025-10-15T18:53:50Z,2025-10-21T15:27:52Z,master,human,MEMBER,4.6,06e7ac969c6915729d14f812a7d0a2c07084a1a6
111691,2025-10-15T19:39:37Z,2025-10-21T15:27:52Z,master,human,MEMBER,4.6,1580e1069d93d3e46e72b2e1791817a46bce6234
111696,2025-10-15T21:50:04Z,2025-10-27T15:06:22Z,master,human,CONTRIBUTOR,4.6,5c9333073abe04e95098597e167055b54a62f429
111700,2025-10-16T00:07:31Z,2025-12-15T14:06:21Z,master,human,MEMBER,4.6,8c4e793d3a9b87793d296c9d9936ae52cbebe038
111703,2025-10-16T03:25:09Z,2025-10-16T17:54:06Z,master,human,MEMBER,4.6,769505fef3fa538c96f2d14739de541469614f96
111707,2025-10-16T06:19:16Z,2025-11-11T22:19:24Z,master,human,MEMBER,4.6,180ccae9341d29bda093ab909c9c12c4b79117db
111711,2025-10-16T09:47:55Z,2025-11-25T19:03:30Z,master,human,MEMBER,4.6,5cf4d2042f4c3da9aa660aa3c4fc5956634ff90a
111714,2025-10-16T11:27:51Z,2026-06-19T17:12:22Z,master,human,MEMBER,4.8,0eea0da219c377e0bde690391756a83713be2a1b
111715,2025-10-16T11:51:20Z,2026-09-23T01:16:49Z,master,human,MEMBER,4.8,1351621866ea4c3f8ef89ee8d15f0856de68a863
111732,2025-10-16T16:14:00Z,2025-11-27T20:51:29Z,master,human,CONTRIBUTOR,4.6,fc696bd17c42be1a43112f39c2e4ce32a82f28c2
111733,2025-10-16T16:55:57Z,2025-10-16T17:54:06Z,master,human,CONTRIBUTOR,4.6,026efbb0f5aefc289bd6528f375dcbb8bae38ca0
111742,2025-10-16T20:35:24Z,2025-12-02T13:28:31Z,master,human,MEMBER,4.6,fede39884d97c927b8085e503cf72d5fb6879701
111744,2025-10-16T21:03:14Z,2025-10-21T15:27:52Z,master,human,MEMBER,4.6,16503a10d4c4f4dd272ac7382cbb16737350c3e4
111745,2025-10-16T21:28:16Z,2025-10-17T14:11:25Z,master,human,CONTRIBUTOR,4.6,fc985d77697a8f640744a6c60ffea3f6093106f6
111747,2025-10-16T23:05:34Z,2025-12-12T20:22:06Z,master,human,CONTRIBUTOR,4.6,31413d5fd79bd711d2457da4f5357ed8cbc200e6
111748,2025-10-16T23:08:49Z,2025-12-19T11:04:27Z,master,human,MEMBER,4.6,f4dab5199a8028d728a9fb863bd0c6cd251c3151
111755,2025-10-17T03:13:08Z,2025-12-01T10:55:34Z,master,human,CONTRIBUTOR,4.6,c2ee46011f56dbcb95cd682940b882942f4aeaee
111758,2025-10-17T06:50:07Z,2025-12-08T18:01:22Z,master,human,MEMBER,4.6,edffd0712f5df8e78f3b30495fbc3a2b0788d8f5
111761,2025-10-17T10:30:45Z,2025-10-17T16:26:49Z,master,human,MEMBER,4.6,540ea0b96cea2fd1b57598bdafd35b5326aac21d
111762,2025-10-17T11:33:46Z,2025-11-04T09:55:20Z,master,human,MEMBER,4.6,d23cd1b24d2a4466092d712c08cc6a9cec410fe7
111766,2025-10-17T17:18:51Z,2025-10-27T15:06:21Z,master,human,CONTRIBUTOR,4.6,6d32d3df75c588831064e395df33b34d1c0a5a75
111767,2025-10-17T17:25:43Z,2025-12-04T03:06:59Z,master,human,CONTRIBUTOR,4.6,63e14e13f972671a43abcf019962129e5cca7d01
111771,2025-10-17T20:25:31Z,2025-10-18T06:53:27Z,master,human,CONTRIBUTOR,4.6,816ec99355ef404451b30eb9a87fe450a3d09a14
111772,2025-10-17T20:38:55Z,2025-11-04T22:37:41Z,master,human,CONTRIBUTOR,4.6,cef4a7805fb94e345f6ce7c853fd30e384eb2b3d
111773,2025-10-17T21:10:30Z,2025-10-21T15:27:52Z,master,human,CONTRIBUTOR,4.6,9cd88c14cbceff433d612759da0fca3d869e8345
111774,2025-10-17T21:30:41Z,2025-12-21T09:50:05Z,master,human,MEMBER,4.6,8b8b8bcc61178e2361b42c708de23c7294bbff6e
111780,2025-10-18T02:47:42Z,2025-11-10T23:52:49Z,master,human,MEMBER,4.6,77cfbe9371ba2685c466b8760f022388141a9091
111782,2025-10-18T04:40:00Z,2025-10-20T23:15:21Z,master,human,CONTRIBUTOR,4.6,81eb68965037a48157868f632ed2570c9adfe07b
111791,2025-10-18T14:01:58Z,2025-10-23T16:09:33Z,master,human,MEMBER,4.6,d88971f0222d3c43581ed13bcbcc5673e23153b9
111795,2025-10-18T16:32:13Z,2025-10-20T23:15:21Z,master,human,MEMBER,4.6,4eed0841b5e34391070880a2cd4a48b2124c3ed5
111797,2025-10-18T18:28:38Z,2025-12-19T11:04:27Z,master,human,MEMBER,4.6,e51c6e9fe8f589b01fa1b59b6615fc70a61fe685
111799,2025-10-18T19:09:18Z,2025-10-20T23:15:21Z,master,human,CONTRIBUTOR,4.6,97cf6b51c9c04ede0ec74d0b86308e1de1715038
111800,2025-10-18T19:11:47Z,2025-12-02T18:00:31Z,master,human,CONTRIBUTOR,4.6,5b527b23d817030ecd5d4ad3d0b8592b618d6b22
111801,2025-10-18T19:23:07Z,2025-10-27T15:06:21Z,master,human,CONTRIBUTOR,4.6,1fbadf8c4e74c0daa24335a26318d4323991acff
111803,2025-10-18T21:38:28Z,2025-11-10T14:34:47Z,master,human,CONTRIBUTOR,4.6,febd1d32cf519909a5572d61887f84b120327544
111804,2025-10-18T21:40:53Z,2025-12-21T09:50:05Z,master,human,MEMBER,4.6,231d2ed7fbfdc5e2f6c056335a9bf6516246f26c
111805,2025-10-18T22:05:11Z,2025-11-05T17:51:56Z,master,human,MEMBER,4.6,9d8d6fd343eca7aac1daed73c042728eaa2ad8bb
111806,2025-10-18T22:22:23Z,2025-12-02T13:28:31Z,master,human,MEMBER,4.6,c87dd8e02bb364388133638d81af7ef3c0d206c5
111810,2025-10-19T03:01:00Z,2025-10-20T23:15:21Z,master,human,MEMBER,4.6,07b3cc71ac65872370e4fde58c209735c9324f1f
111811,2025-10-19T05:56:19Z,2026-01-05T11:08:48Z,master,human,CONTRIBUTOR,4.6,fbbd4e007025dd82ca61c0cd60891a401a42e1c6
111815,2025-10-19T09:19:43Z,2025-11-17T17:03:39Z,master,human,MEMBER,4.6,c7bed1e1cc350cac071d1479d19b9cec2ea45e14
111816,2025-10-19T10:35:43Z,2026-03-26T15:10:30Z,master,human,MEMBER,4.7,b699b574fa66ab4aa2b3b16c3fcc5d6da6f1d6b1
111817,2025-10-19T10:55:51Z,2025-10-20T23:15:21Z,master,human,CONTRIBUTOR,4.6,c74e8720746feabe1e484f2d6aebcede10a9f79d
111819,2025-10-19T13:09:24Z,2026-03-16T22:49:39Z,master,human,CONTRIBUTOR,4.7,1a69be88e2a64cefc5c2bfbb9e60f5a080a9ced7
111820,2025-10-19T13:50:59Z,2025-10-23T16:09:33Z,master,human,CONTRIBUTOR,4.6,d90a266304e393fcafecf16a82996ac595934a44
111821,2025-10-19T14:45:31Z,2025-10-28T17:24:49Z,master,human,CONTRIBUTOR,4.6,597553a7f5787facae67f22846b8eddb3ea1c0c3
111830,2025-10-19T23:51:33Z,2025-10-22T18:49:49Z,master,human,MEMBER,4.6,50ac10f40d84e382e83f68119154102e6c2da021
111834,2025-10-20T02:42:03Z,2025-10-22T00:16:39Z,master,human,MEMBER,4.6,84d516fc9134a38c9d51fc736609fe32862839e7
111837,2025-10-20T06:38:46Z,2025-12-18T22:36:08Z,master,human,MEMBER,4.6,68abeedba7ec6a5f3739e340284e6881507e679d
111839,2025-10-20T08:40:15Z,2025-12-16T11:52:10Z,master,human,MEMBER,4.6,8e68058505d5d9fb945d9e46b64455adf7755817
111841,2025-10-20T10:35:24Z,2025-10-20T23:15:20Z,master,human,MEMBER,4.6,9cefa0d283c7f735266e06cd39daf96d2b7d4fde
111845,2025-10-20T12:15:46Z,2025-10-22T20:48:01Z,master,human,MEMBER,4.6,5950fca36cb311edcc72e479effed5c477d20adb
111847,2025-10-20T14:33:29Z,2025-10-22T18:49:48Z,master,human,MEMBER,4.6,f9460763b1c5b42a50f795632aad3c79adb2404e
111852,2025-10-20T18:48:29Z,2025-10-21T15:27:52Z,master,human,CONTRIBUTOR,4.6,b5d778014211590bd49a0a0bdcf7f1c30c158a89
111858,2025-10-20T21:50:41Z,2026-01-06T10:03:55Z,master,human,MEMBER,4.6,5acd0c0143cb140bfa843b61a3c4d028bd654f29
111859,2025-10-20T21:56:39Z,2026-01-26T19:20:00Z,master,human,CONTRIBUTOR,4.7,86b40d44395cf1a47ea588641841f3c3d4e95a09
111863,2025-10-20T23:52:46Z,2025-10-21T15:27:52Z,master,human,CONTRIBUTOR,4.6,7ad063685326afba0f3f99e020379d3817696c16
111865,2025-10-21T00:46:18Z,2025-10-21T15:27:52Z,master,human,CONTRIBUTOR,4.6,ee6fb9e5e172c8f18f45f78c5fa02a2749271841
111870,2025-10-21T04:58:59Z,2025-11-26T22:49:25Z,master,human,CONTRIBUTOR,4.6,a1eb6889b1cbc9aff3ad0817e40938debd8d1e28
111871,2025-10-21T05:28:25Z,2025-10-23T16:09:32Z,master,human,CONTRIBUTOR,4.6,a4607f45227d7179e8979d5bd8288461e8e00de9
111874,2025-10-21T08:00:33Z,2025-10-28T15:18:06Z,master,human,MEMBER,4.6,af77ae8137342b5ebc431ad9eaa9e01320bcc0da
111878,2025-10-21T09:29:11Z,2025-11-21T20:52:42Z,master,human,CONTRIBUTOR,4.6,e873576d71a610106618fddb642e8c4628d6796c
111883,2025-10-21T13:31:38Z,2025-10-21T20:16:34Z,master,human,CONTRIBUTOR,4.6,618be0745f072e22adfede1f90cf008c81afa6e0
111888,2025-10-21T18:54:28Z,2026-08-20T15:54:57Z,master,human,MEMBER,4.8,4a3b8f48bd5df770ac2b08ec4418a6c837aab73e
111896,2025-10-21T23:20:02Z,2025-11-01T18:11:38Z,master,human,MEMBER,4.6,17ea264f8f5178bdf52295ea0b0708a63de15842
111897,2025-10-22T00:10:38Z,2025-10-23T16:09:33Z,master,human,CONTRIBUTOR,4.6,da593d0c16bfadabf3586433ebcec80930fcec08
111901,2025-10-22T01:15:31Z,2025-10-23T20:37:11Z,master,human,CONTRIBUTOR,4.6,2aa3f923d0fac81ef4757d1d0836120775dd3e5a
111909,2025-10-22T08:28:27Z,2025-11-12T17:36:39Z,master,human,MEMBER,4.6,66782884902847770551a21c6e7c3db99986e8fd
111912,2025-10-22T09:47:46Z,2025-10-23T20:37:11Z,master,human,MEMBER,4.6,87b46c669ffe91ebc7e39010725912a9f486724d
111913,2025-10-22T10:55:43Z,2025-12-02T18:00:31Z,master,human,MEMBER,4.6,8749308796a11d4aa7d2cd610f0fc7b27235066d
111918,2025-10-22T13:05:52Z,2025-11-04T09:55:20Z,master,human,CONTRIBUTOR,4.6,d6d7e3cbc9bfd7848b7feae65ae4a08e99a27206
111919,2025-10-22T13:15:34Z,2025-10-23T20:37:11Z,master,human,CONTRIBUTOR,4.6,26f53e4d8396118642bdf5e8e573cc3987003057
111921,2025-10-22T13:29:59Z,2025-10-22T18:49:48Z,master,human,MEMBER,4.6,04625b0fba83c7cb87756e7e29f88f3945ccc309
111926,2025-10-22T15:05:15Z,2025-11-25T19:03:30Z,master,human,MEMBER,4.6,6774821a23b3cca97fcf9cf32858b0cded19761e
111934,2025-10-22T21:00:36Z,2025-10-23T20:37:11Z,master,human,MEMBER,4.6,add458d5f9dd0d60e3c77a507487b6fa9fc8e7fe
111935,2025-10-22T21:17:15Z,2025-12-02T13:28:31Z,master,human,CONTRIBUTOR,4.6,d64b6bddef9f2508955f8958f25ee3da434e9ac0
111941,2025-10-23T06:35:42Z,2026-07-16T18:11:28Z,master,human,CONTRIBUTOR,4.8,8c7e6c5877a78e8e61ea4fd42673219a9091dca7
111952,2025-10-23T14:07:24Z,2025-11-22T00:42:35Z,master,human,MEMBER,4.6,640109eeea32d2006592cfe8a592b4c8350e6f73
111954,2025-10-23T14:34:27Z,2025-11-27T09:01:48Z,master,human,MEMBER,4.6,b1de0364bfc9e05d997e0525206be4a9c2fd1726
111957,2025-10-23T15:41:52Z,2025-10-23T20:37:11Z,master,human,MEMBER,4.6,beac359f87b0e36d5e4819048a28b05632f5df86
111960,2025-10-23T17:05:12Z,2025-12-01T10:55:34Z,master,human,MEMBER,4.6,66c6987523e3d4767583904fe506186a645e8e55
111962,2025-10-23T17:46:52Z,2025-10-28T15:18:06Z,master,human,MEMBER,4.6,38369f46184443401dc91ef5e6c28f41ce5c7d4b
111963,2025-10-23T17:55:30Z,2025-10-28T15:18:06Z,master,human,MEMBER,4.6,6e8703b0cebf9f7ce9e35eace90ca144486ddafe
111964,2025-10-23T18:41:43Z,2025-10-23T20:37:11Z,master,human,MEMBER,4.6,fec9ffab8a0d0e7134fd9e3f3b92fe5e53ddfd0e
111965,2025-10-23T19:04:07Z,2026-03-19T20:45:06Z,master,human,MEMBER,4.7,fb4a304dee26694d746e131f805c3017ff481e6b
111967,2025-10-23T20:28:42Z,2025-11-25T13:17:03Z,master,human,MEMBER,4.6,6e6976013482ebaca644074e00024b59b6414470
111969,2025-10-23T20:59:15Z,2025-10-24T16:29:53Z,master,human,MEMBER,4.6,751eabde370fe683f389164680afbbe3e6d83e93
111975,2025-10-23T23:37:23Z,2025-11-01T18:11:38Z,master,human,CONTRIBUTOR,4.6,decb55916af2ea137cf5d5d5e364eb199df9b92c
111976,2025-10-24T00:07:38Z,2025-10-28T15:18:06Z,master,human,CONTRIBUTOR,4.6,8bae34aa49cd5e2d39b63ad526161f7757344e4a
111983,2025-10-24T07:07:38Z,2025-11-19T17:08:18Z,master,human,CONTRIBUTOR,4.6,c5bb2dc5e46e8552836ab37fa177d04e7ef45c2f
111988,2025-10-24T11:58:53Z,2025-10-28T17:24:49Z,master,human,MEMBER,4.6,093f176362dc6e2340084dcf96442c9bd220a291
111998,2025-10-24T16:29:43Z,2025-10-28T17:24:49Z,master,human,CONTRIBUTOR,4.6,94df7a1cd1763c89e096b51620f7353b96938f1a
112002,2025-10-24T17:20:45Z,2026-06-22T13:34:31Z,master,human,CONTRIBUTOR,4.8,f615897a2c31f902a90be277d0cbdaad29c184e5
112004,2025-10-24T17:50:14Z,2025-10-27T15:06:21Z,master,human,CONTRIBUTOR,4.6,9e7a4987b74cadfc854d9ba55bf9100294fce9e6
112005,2025-10-24T17:56:07Z,2025-10-27T15:06:21Z,master,human,CONTRIBUTOR,4.6,97d11cf4f5faa865d40593aee946cc50430ff8dc
112006,2025-10-24T18:05:42Z,2025-10-27T15:06:21Z,master,human,CONTRIBUTOR,4.6,fb7e9486c6ab8d71e0c3cbb48873ebd92f80bd0c
112011,2025-10-24T19:31:33Z,2025-11-26T22:49:25Z,master,human,CONTRIBUTOR,4.6,fa0293e1f16175c5cac0941547c928d804cc3043
112015,2025-10-24T21:04:36Z,2025-10-27T15:06:21Z,master,human,MEMBER,4.6,eae590550f5f7ad5177e6d2c187c97cf6ec8ca77
112016,2025-10-24T21:20:32Z,2025-10-27T15:06:21Z,master,human,MEMBER,4.6,9ea8b10475c704a6eb64e3c41f074c598d2ff519
112019,2025-10-24T22:58:02Z,2025-10-27T15:06:21Z,master,human,MEMBER,4.6,3f721d6c8ce630d60252fc847ef1123fa980ef13
112023,2025-10-25T05:14:30Z,2025-10-27T15:06:21Z,master,human,CONTRIBUTOR,4.6,1996e8a1358429e20dc821bece2450ad16a92454
112026,2025-10-25T07:38:19Z,2025-11-10T14:34:48Z,master,human,MEMBER,4.6,32242dbe4d246b54ad69f86e51f79fa6ce88e211
112029,2025-10-25T13:48:53Z,2025-10-25T20:48:20Z,3.x,human,CONTRIBUTOR,3.7,001efb4ed9878b0baa326a8962efe37d7a52d3fe
112030,2025-10-25T13:54:07Z,2025-10-27T15:06:21Z,master,human,CONTRIBUTOR,4.6,73bc7fd3b7d14cca5addb19646498fc05104baa0
112031,2025-10-25T14:29:08Z,2025-11-25T15:56:48Z,master,human,MEMBER,4.6,5ff7a9e79351718912284ebd0fd7da6799138c74
112033,2025-10-25T15:33:02Z,2025-10-25T18:33:42Z,master,human,MEMBER,4.6,0fdb93cde6ccb5176f96b0ddbba08d83e6c6aef2
112034,2025-10-25T19:43:18Z,2025-10-27T15:06:21Z,master,human,MEMBER,4.6,0fe71c128c7ee4a18cb832f9e451466551b77715
112035,2025-10-25T19:48:31Z,2026-04-20T14:23:48Z,master,human,MEMBER,4.7,92846d7c3e245c38cf3786ee8cee41df2a7db01d
112036,2025-10-25T22:51:23Z,2025-11-04T22:37:41Z,master,human,CONTRIBUTOR,4.6,700aa5cee28d4bef8eba2062e084c6e4a127b3c4
112041,2025-10-26T02:14:52Z,2026-02-19T16:24:56Z,master,human,CONTRIBUTOR,4.7,f0b164472f18f71a10708f1a198c6f792f7c48f5
112046,2025-10-26T11:03:32Z,2025-11-04T09:55:20Z,master,human,CONTRIBUTOR,4.6,f2f543758fe45a5a7cc74d84d259552d1de7ae6f
112047,2025-10-26T11:13:02Z,2025-11-01T18:11:37Z,master,human,MEMBER,4.6,1025d6f5c2ccdf1cdc1ab3c134301c5c4e79cd09
112048,2025-10-26T11:21:52Z,2026-01-07T00:46:25Z,master,human,MEMBER,4.6,d6e3fef853edf91ea0ee0e925776e0f519c36a7d
112052,2025-10-26T13:39:33Z,2025-11-01T18:11:38Z,master,human,CONTRIBUTOR,4.6,9b36dfe0b0e76c78811cb963a7620758a24e0957
112054,2025-10-26T14:57:32Z,2025-11-24T16:27:58Z,master,human,CONTRIBUTOR,4.6,55c93555e8b556ad5fff3452c9c56927d14f469d
112058,2025-10-26T16:55:34Z,2025-11-27T20:51:29Z,master,human,MEMBER,4.6,1d9b073ef0f53c77f4a81a2a815fb7d45e2fc155
112063,2025-10-26T20:09:44Z,2025-10-28T17:24:49Z,master,human,MEMBER,4.6,2cb2c1fb5bbeb2afbac7255841f9c66d9611bf55
112064,2025-10-26T20:46:56Z,2025-11-04T22:37:41Z,master,human,MEMBER,4.6,809e0c710d4e54002808534f33ca1f2975e1254b
112066,2025-10-26T21:40:44Z,2025-11-06T14:16:40Z,master,human,MEMBER,4.6,98bdc37c024ba91bb3915f35850439c97462eb37
112069,2025-10-27T01:51:10Z,2025-10-27T15:06:21Z,master,human,MEMBER,4.6,8c7f2892671fce64470384be12e42e3fdfdc9b60
112070,2025-10-27T02:09:49Z,2025-10-27T15:06:21Z,master,human,MEMBER,4.6,978f9b84ce945891e7154e3cd71f918870bc82da
112073,2025-10-27T04:52:52Z,2025-10-27T15:06:21Z,master,human,MEMBER,4.6,5a257a904a7dabfafb127de140ffddf4413708ce
112076,2025-10-27T06:45:16Z,2025-11-11T22:19:24Z,master,human,CONTRIBUTOR,4.6,72925d756f6b42b61b02262dabc7c69703eec8ce
112084,2025-10-27T11:51:19Z,2026-03-06T18:44:27Z,master,human,MEMBER,4.7,7c9bbc408b5e9af622904136cf6ef118ca1b9f01
112087,2025-10-27T13:02:33Z,2025-11-25T13:17:03Z,master,human,MEMBER,4.6,ada0e6032e9df2fe8c1cf9d958a45468f828518c
112092,2025-10-27T14:33:10Z,2025-11-10T23:52:49Z,master,human,MEMBER,4.6,8327dfa215aa1758f2c3b99a52934172b94c134e
112094,2025-10-27T14:53:21Z,2025-10-28T17:24:49Z,master,human,CONTRIBUTOR,4.6,ed751529bc35f1598579429f64817b6d3d647230
112095,2025-10-27T15:30:00Z,2025-10-30T18:55:21Z,master,human,MEMBER,4.6,250ef8dc32c17d93f904b636e772b82ad3d88597
112100,2025-10-27T19:24:33Z,2025-11-20T22:50:14Z,master,human,MEMBER,4.6,28ec1cd394fda15b5f92585846421f6251be940e
112103,2025-10-27T22:00:06Z,2025-10-28T16:10:56Z,4.5,human,MEMBER,4.5,6d411f0c0df57977e16f23fe00cb293364bd03c8
112104,2025-10-27T22:03:43Z,2025-10-28T16:12:19Z,4.4,human,MEMBER,4.4,6f7daa23fb882e6e16af347437ba7c6ce389c7ee
112107,2025-10-27T22:53:06Z,2025-11-27T09:01:47Z,master,human,MEMBER,4.6,aafad04a1b5feee5b9b3e60d71c34a3fd3e6619b
112113,2025-10-28T07:17:16Z,2025-10-28T15:18:06Z,master,human,CONTRIBUTOR,4.6,c17ca39d99a4daa9d518feb6d164bd554f33df4b
112115,2025-10-28T09:20:43Z,2025-11-03T17:50:03Z,master,human,MEMBER,4.6,2132ba89ab60f86dfe9b23b7f2d559be73829c32
112116,2025-10-28T10:12:57Z,2025-12-18T14:05:25Z,master,human,MEMBER,4.6,b72679bcc52831f37cb6272f3473e973aac8e0d3
112120,2025-10-28T11:52:51Z,2025-11-17T17:03:48Z,master,human,CONTRIBUTOR,4.6,94b3e107b112b2f3c4b3023ab7f066e8cf10c3b8
112123,2025-10-28T14:16:21Z,2026-06-24T19:56:48Z,master,human,MEMBER,4.8,91c06739660741a26c41ac22cbdb76f5c9f1d9a0
112124,2025-10-28T15:02:18Z,2025-11-27T20:51:29Z,master,human,MEMBER,4.6,8237bb4a323a9a95b9b03ac658876082be0c2c1f
112128,2025-10-28T17:15:38Z,2025-10-29T18:21:35Z,master,human,MEMBER,4.6,be0a658471f879c930d99015ae13da06b63ca5aa
112129,2025-10-28T17:16:21Z,2025-10-29T18:21:35Z,master,human,CONTRIBUTOR,4.6,a0cde1e151fc4f77f1cae330bdbee592c1f2ee30
112131,2025-10-28T19:22:57Z,2025-10-29T18:21:35Z,master,human,CONTRIBUTOR,4.6,84e713c6c1af7f5eb02b5c470e00fc225281fb93
112132,2025-10-28T20:00:20Z,2025-10-28T21:51:28Z,4.3,human,MEMBER,4.3,b8d8e1eaef3768c8587628b9d460555792baf48e
112133,2025-10-28T20:05:32Z,2025-10-28T22:04:56Z,4.2,human,MEMBER,4.2,4c512045b39efad5add92e3dc929945f24275f2d
112134,2025-10-28T20:08:38Z,2025-10-28T22:05:13Z,4.1,human,MEMBER,4.1,8188bc7118817a200ecd7f7beacb2b1d4024204b
112135,2025-10-28T21:25:23Z,2025-10-30T10:07:40Z,4.0,human,MEMBER,4.0,83673ed3db3f383c598939274740b172f5e83f43
112137,2025-10-28T22:55:59Z,2025-11-14T20:28:28Z,master,human,MEMBER,4.6,61a1575807ef35f344859ab8e5ad7add9ca66706
112140,2025-10-29T01:35:39Z,2025-10-30T15:52:50Z,master,human,CONTRIBUTOR,4.6,19aeefd2ea9b12d21e210fad89a687d9333a3640
112141,2025-10-29T01:40:25Z,2025-10-29T18:21:35Z,master,human,MEMBER,4.6,e5e2c06c27cff018442b31e1a3a3adb9a42dd116
112142,2025-10-29T02:50:17Z,2025-11-04T22:37:41Z,master,human,MEMBER,4.6,c5e6fde0c7e25608e8866abde2a72dc903048bf2
112145,2025-10-29T08:01:46Z,2025-10-29T18:21:36Z,master,human,CONTRIBUTOR,4.6,92f57ed14d7ebdcae99b24e0c057fbd43ebb56e1
112148,2025-10-29T09:34:23Z,2025-11-14T02:56:30Z,master,human,CONTRIBUTOR,4.6,ba446717779f964898a2e9d50048157a8e168d6b
112149,2025-10-29T11:36:25Z,2025-11-04T22:37:41Z,master,human,MEMBER,4.6,0d89d2fb826e72a070098b784a8df31ea265689b
112152,2025-10-29T12:06:15Z,2025-10-29T18:21:35Z,master,human,MEMBER,4.6,2b3c397e01554f7b2489ac29d5545b4927a1082a
112156,2025-10-29T12:36:01Z,2026-01-07T00:46:24Z,master,human,MEMBER,4.6,05636dc2ba82f0aaf8dab44b51205e681543370c
112168,2025-10-29T14:58:41Z,2025-10-30T18:55:21Z,master,human,MEMBER,4.6,60f94093b157f51196577e46f17a8690ab47d992
112170,2025-10-29T16:06:14Z,2025-10-30T07:05:44Z,3.x,human,MEMBER,3.7,a117d512b00f1646db174e703e7e888519b64608
112173,2025-10-29T17:58:18Z,2025-11-12T23:30:23Z,master,human,MEMBER,4.6,4eb11cc9d88a26bdc5d27624d0dc4b1fadb74e7d
112174,2025-10-29T18:06:16Z,2025-11-17T17:03:39Z,master,human,MEMBER,4.6,11dd67108dec5ed9666be6e30657e42eb9a4383c
112176,2025-10-29T19:59:05Z,2025-10-29T22:55:51Z,master,human,CONTRIBUTOR,4.6,07f4c066018314f2957e2892b8ddf55df13097e7
112178,2025-10-29T22:39:33Z,2026-09-21T15:07:12Z,master,human,MEMBER,4.8,b919e5113651eaf93e26fed1cf8dabee859b4865
112180,2025-10-30T01:51:15Z,2025-11-01T18:11:38Z,master,human,MEMBER,4.6,cda419aa8a65e5213af155c2b791b137e112f743
112184,2025-10-30T04:56:18Z,2026-04-01T23:14:16Z,master,human,CONTRIBUTOR,4.7,e4a239b72b982e83fa204d896a8057b800857264
112185,2025-10-30T06:01:35Z,2025-10-30T15:52:50Z,master,human,MEMBER,4.6,9b0620bf5fded02105d75b5b0f74f0b20e2dfef6
112187,2025-10-30T10:11:47Z,2025-11-05T01:54:10Z,master,human,MEMBER,4.6,019889d1da32e13dfd3bea0f66f7c38ff90a6eb8
112190,2025-10-30T10:21:57Z,2025-10-30T18:55:21Z,master,human,MEMBER,4.6,64b18288d7038ea4648055627a612b7c2b962000
112191,2025-10-30T10:32:31Z,2025-12-02T18:00:31Z,master,human,MEMBER,4.6,0289309270fb1ab0badcd006a5a7f955eebbe8bf
112192,2025-10-30T10:34:11Z,2025-10-31T14:33:33Z,master,human,CONTRIBUTOR,4.6,bb5c32abbe33d85ab5625c270c27e7db7fff333c
112193,2025-10-30T10:49:11Z,2025-11-10T14:34:47Z,master,human,CONTRIBUTOR,4.6,ea1aec2c1c85e9921d95b4163bf891c0ccbee68f
112196,2025-10-30T11:41:27Z,2025-11-20T22:50:14Z,master,human,CONTRIBUTOR,4.6,1d8e0138a96a297cdb9643a5768d020de4ca148f
112201,2025-10-30T14:35:56Z,2025-11-14T20:28:28Z,master,human,MEMBER,4.6,dc590a50d3a27b95778f5ce287d26e0554bcba72
112208,2025-10-30T16:25:48Z,2025-10-30T18:55:21Z,master,human,MEMBER,4.6,433c8849c2953253fbe4a720a90660d01036d43e
112210,2025-10-30T16:38:09Z,2025-12-18T22:36:08Z,master,human,CONTRIBUTOR,4.6,5a0026ba6e1a36aa8c24858aff13964adfd191a3
112212,2025-10-30T17:23:56Z,2025-10-31T14:33:33Z,master,human,MEMBER,4.6,c3d319752df7d3dbdfff3ba1d44ca5368ebc8248
112215,2025-10-30T19:29:24Z,2025-12-02T13:28:31Z,master,human,MEMBER,4.6,12ca45a9050e77218252cb5d249c4175bf229975
112219,2025-10-30T20:09:42Z,2026-02-24T15:34:27Z,master,human,CONTRIBUTOR,4.7,e41577abdf4925735da7ee88e9da85e484a7e4fc
112220,2025-10-30T20:37:50Z,2025-10-31T14:33:33Z,master,human,MEMBER,4.6,c2c7bf6b01906677a681f6042a36cd3e835ecfb6
112227,2025-10-30T22:47:38Z,2025-10-31T14:33:33Z,master,human,CONTRIBUTOR,4.6,fd672dbcfc30baaaac33c0328a7e28ad6f5f062a
112231,2025-10-31T02:31:10Z,2025-11-22T00:42:35Z,master,human,MEMBER,4.6,b9a92ca7d1c1a6faf9d012e7b7a9354b1ee2b057
112233,2025-10-31T03:36:28Z,2025-11-03T17:50:03Z,master,human,CONTRIBUTOR,4.6,417ce3123da21754e067e39b0a1d1a61967879f5
112236,2025-10-31T07:23:36Z,2025-12-18T14:05:25Z,master,human,MEMBER,4.6,c3ea15b1b7e3562f77ca902d7595772487f430bd
112239,2025-10-31T10:21:23Z,2025-10-31T14:33:33Z,master,human,CONTRIBUTOR,4.6,35928c5b23965f230e34d53e9fd66a334fea858c
112241,2025-10-31T10:42:35Z,2025-11-03T23:52:23Z,master,human,MEMBER,4.6,85082bbe1a53ca45b28c1c8d7059fc3551f931bf
112242,2025-10-31T11:34:43Z,2025-11-01T18:11:38Z,master,human,CONTRIBUTOR,4.6,86b0ed865c2fa1be3a01803c71c42237ef9e5bae
112243,2025-10-31T13:01:15Z,2025-11-01T18:11:38Z,master,human,CONTRIBUTOR,4.6,cd7b57e6c8ca58b8d187f5106d54f4604bf02f96
112245,2025-10-31T13:52:02Z,2025-11-01T18:11:38Z,master,human,CONTRIBUTOR,4.6,9785a666591d6ea3733471b2e18539f16d1ab415
112246,2025-10-31T14:40:27Z,2025-11-04T22:37:41Z,master,human,MEMBER,4.6,7fa41cf398b43e76a6a1f8cd5efba10565405e0c
112249,2025-10-31T16:16:57Z,2025-11-01T18:11:38Z,master,human,MEMBER,4.6,1962e7d058aa071fae3f8f4809c032e9a316425e
112251,2025-10-31T16:54:41Z,2025-11-01T18:11:38Z,master,human,MEMBER,4.6,ba125108eb11113e733c3ee7b05334cf64ae3208
112255,2025-10-31T18:29:46Z,2025-11-01T18:11:38Z,master,human,CONTRIBUTOR,4.6,1aef8d582eb90820dc9b1f5c8e4c43b3fc2e96b6
112259,2025-10-31T19:50:20Z,2025-11-01T18:11:38Z,master,human,CONTRIBUTOR,4.6,dbcd533d50342f178cbd443141781bfb247a116b
112260,2025-10-31T19:57:00Z,2025-11-01T18:11:37Z,master,human,CONTRIBUTOR,4.6,b376a3365485288e50f8eec0f7d342ffec5d1a8f
112261,2025-10-31T20:54:42Z,2025-11-01T18:11:38Z,master,human,CONTRIBUTOR,4.6,f900c20fd5e092b11a0f76d2559dc8aaa0da4b9c
112264,2025-10-31T22:07:40Z,2025-11-01T18:11:38Z,master,human,MEMBER,4.6,4ca3a9094f5661aeafb91c70f5d646a4169c9a36
112267,2025-10-31T22:58:24Z,2025-11-01T18:11:38Z,master,human,MEMBER,4.6,402805d26fbe09b4bc1cf5b4713b6ecedd88c7e7
112268,2025-10-31T23:49:10Z,2025-11-01T18:11:38Z,master,human,MEMBER,4.6,efeb1201f461743edc8a974d38461c3d8a7a2550
112269,2025-11-01T00:28:45Z,2026-02-27T14:53:46Z,master,human,CONTRIBUTOR,4.7,45d84af08b5031197fe919ef7d0d09009763fb21
112271,2025-11-01T01:32:50Z,2025-11-01T18:11:38Z,master,human,MEMBER,4.6,334e58094a82cef3080d495689e18890f5e0492d
112272,2025-11-01T01:37:28Z,2025-11-01T18:11:38Z,master,human,MEMBER,4.6,60043b51ff743e403a41624a7aa5eb617156abaa
112277,2025-11-01T10:00:03Z,2025-11-01T18:11:38Z,master,human,CONTRIBUTOR,4.6,66d2d9ad61c66005c5c509239836f14479fde0e4
112279,2025-11-01T10:52:23Z,2025-11-01T18:11:38Z,master,human,MEMBER,4.6,0fdbf050e0c7fc7e0a9d42c2a41ee3bfdffbd8f1
112285,2025-11-01T14:52:40Z,2025-11-04T22:37:41Z,master,human,CONTRIBUTOR,4.6,561bac4cb4fb9431420503288917d36a9820e419
112287,2025-11-01T15:53:15Z,2026-02-16T16:24:54Z,master,human,CONTRIBUTOR,4.7,2762c56829cfad2cc9fb17bf338f5258a8099c70
112290,2025-11-01T19:07:21Z,2025-11-05T01:54:10Z,master,human,CONTRIBUTOR,4.6,40470e6d421cf97cf8b9d1da64c78e305158a061
112291,2025-11-01T19:28:46Z,2025-11-03T17:50:03Z,master,human,CONTRIBUTOR,4.6,7cd4ee59230b0e66ee0a0ae3b5cb73133f58b652
112295,2025-11-01T21:30:46Z,2025-11-25T15:56:48Z,master,human,MEMBER,4.6,a259ad354f20f18e8886d56d91de578b81878d3e
112296,2025-11-01T21:41:58Z,2025-11-14T23:20:32Z,master,human,CONTRIBUTOR,4.6,a2c24c175b284c922bf0c4b8ad5b8ac79d7a8c55
112297,2025-11-01T22:16:21Z,2025-11-04T22:37:41Z,master,human,CONTRIBUTOR,4.6,38eefbab28628271ac79ef17ddd95424e87cbec9
112298,2025-11-01T22:21:10Z,2025-11-03T17:50:02Z,master,human,MEMBER,4.6,c95a2e352658c395fb6ce6b9956e73afc3b5a60d
112299,2025-11-01T22:49:13Z,2025-11-03T17:50:03Z,master,human,MEMBER,4.6,7cf218e0b4b69f7cc46fc0fb18423aa8af47bc96
112301,2025-11-01T23:33:35Z,2025-11-26T22:49:25Z,master,human,CONTRIBUTOR,4.6,cbeb7339b5eeb065e16cf6565df27e0263fd617a
112307,2025-11-02T06:04:51Z,2025-11-04T22:37:41Z,master,human,CONTRIBUTOR,4.6,2ac27b2fa093a0044d671868debb6ac24f609f68
112313,2025-11-02T10:13:08Z,2025-11-03T17:50:03Z,master,human,CONTRIBUTOR,4.6,06faefc9f4d7169ebb580abf8f7dcfc2809f90f6
112316,2025-11-02T12:49:52Z,2026-01-05T11:08:48Z,master,human,MEMBER,4.6,b4207f9da4a64686e5907a08132279716ca541ce
112317,2025-11-02T13:18:33Z,2025-11-04T22:37:41Z,master,human,MEMBER,4.6,158d1788213f7dbe2ffe117232ff7af19a8b860e
112318,2025-11-02T13:30:41Z,2025-11-04T22:37:41Z,master,human,MEMBER,4.6,05d9587d26079d6625d43cf205d1b852d5c20d55
112322,2025-11-02T17:03:04Z,2025-11-03T17:50:02Z,master,human,MEMBER,4.6,83c6da4a458d0708570080049f77292a99600bf6
112333,2025-11-02T23:04:15Z,2025-11-03T17:50:02Z,master,human,CONTRIBUTOR,4.6,6604a253d7431cf780fbab4c5a60de695045dc47
112334,2025-11-03T02:58:03Z,2025-11-25T15:56:48Z,master,human,CONTRIBUTOR,4.6,324ca13df037d1a9da7cacc7d0c8a2fd20769027
112337,2025-11-03T08:56:55Z,2025-11-04T09:55:21Z,master,human,CONTRIBUTOR,4.6,f9eb98d02fbf001d9419627b4fc57ed85c196e6b
112339,2025-11-03T10:43:31Z,2025-11-03T23:52:23Z,master,human,CONTRIBUTOR,4.6,76b44ebd2eba5010abe2f7a3a1e46843464bb336
112343,2025-11-03T13:58:31Z,2025-12-01T10:55:34Z,master,human,MEMBER,4.6,5e0ddecb73178ce13b7605d466260b44ba1955d5
112344,2025-11-03T14:38:24Z,2025-11-04T22:37:41Z,master,human,MEMBER,4.6,f3c30408d46d3e50e29f6f2c382bd0b1e6dca482
112349,2025-11-03T19:34:52Z,2025-11-03T23:52:23Z,master,human,MEMBER,4.6,1adfcb262d14f72ccb4cb2da678e0262fe01ac49
112350,2025-11-03T20:07:39Z,2025-11-03T23:52:23Z,master,human,MEMBER,4.6,90659c1a72b29b3fc2dea11ff399362569c86b86
112351,2025-11-03T20:33:18Z,2025-11-04T22:37:41Z,master,human,CONTRIBUTOR,4.6,d845f0960de5fad4b1d47c32de3afa7fecbffd76
112352,2025-11-03T20:37:00Z,2025-11-04T22:37:41Z,master,human,MEMBER,4.6,410ed129593fb241add7b93714c1f5fcb074f5a0
112360,2025-11-03T23:26:30Z,2025-11-10T14:34:47Z,master,human,CONTRIBUTOR,4.6,2ab796b863995df5bac6edd4eed4b0a9a193c0e7
112361,2025-11-03T23:27:46Z,2025-12-09T19:08:38Z,master,human,MEMBER,4.6,342ba8063e1a69b65b93ec0e577c6925e0e15729
112363,2025-11-03T23:48:43Z,2025-11-05T17:51:56Z,master,human,CONTRIBUTOR,4.6,8c119e11f6d6381085a629c42730a9afa247d9e5
112368,2025-11-04T01:36:00Z,2026-01-31T21:59:49Z,master,human,CONTRIBUTOR,4.7,6bb64f9ea6e67e3d543bb687a5218f11b242f275
112371,2025-11-04T04:14:56Z,2025-11-05T19:08:57Z,master,human,CONTRIBUTOR,4.6,6539819c2b465a679a64f6f56f1a31d3e391e9c4
112375,2025-11-04T08:09:00Z,2025-11-04T22:37:41Z,master,human,MEMBER,4.6,86e0c22c575473d67992f750d5eada69265c1c29
112377,2025-11-04T08:35:59Z,2025-11-06T14:16:40Z,master,human,MEMBER,4.6,a7bf615711887adc3ffb24eb1d592c334a06b700
112378,2025-11-04T09:28:26Z,2025-11-04T09:55:20Z,master,human,MEMBER,4.6,630938a4d6a4f54f2f5cf447f16c2d7cd6e0158c
112379,2025-11-04T09:41:39Z,2025-11-14T20:28:28Z,master,human,MEMBER,4.6,e46c2ea3fa81245a956c3467f552cec5c80a2ba1
112381,2025-11-04T10:15:53Z,2026-02-05T15:18:36Z,master,human,MEMBER,4.7,79eb6694a1c5b7c71c793db062c31ea6c9f91c00
112382,2025-11-04T10:46:37Z,2025-11-04T11:49:46Z,master,human,MEMBER,4.6,9d84f3d135d4a53ee8c42f32d4df7cc66b2e3684
112383,2025-11-04T11:05:24Z,2025-11-04T22:37:41Z,master,human,MEMBER,4.6,a6e7084b40577ed26d75e05e42b5f009908bd701
112384,2025-11-04T11:08:30Z,2025-11-05T17:51:56Z,master,human,MEMBER,4.6,56f26f3ccb2af6b63299c5df30bfae7b106dcd67
112386,2025-11-04T15:22:50Z,2026-01-05T18:13:11Z,master,human,MEMBER,4.6,95e78ba5a2664af0a9e751e57b3740df5e0a5542
112396,2025-11-05T01:51:45Z,2025-11-22T00:42:35Z,master,human,CONTRIBUTOR,4.6,25a62398e8e50ce7566412203367797ec1d2a19f
112398,2025-11-05T01:56:26Z,2025-11-06T14:16:40Z,master,human,CONTRIBUTOR,4.6,0cad83f7e723b37ef0bb5f5f940398b26989e3eb
112401,2025-11-05T02:44:27Z,2025-11-13T18:36:38Z,master,human,CONTRIBUTOR,4.6,d2ff4c6377d8ec84934281fd4ef8a15776635dc6
112402,2025-11-05T03:18:42Z,2025-11-05T17:51:56Z,master,human,CONTRIBUTOR,4.6,29a19648488263ebdd938878fd43631e53cf8b6f
112404,2025-11-05T03:55:05Z,2025-11-05T17:51:56Z,master,human,CONTRIBUTOR,4.6,2e2059a7f8cfe20ef0ce9705a59e74fcf2b092bd
112408,2025-11-05T06:46:55Z,2025-12-12T16:20:27Z,master,human,MEMBER,4.6,005cc0d95ac0d687334edb2d7257c31e2883bc7a
112410,2025-11-05T07:04:23Z,2025-12-15T14:06:21Z,master,human,MEMBER,4.6,bfa5c33746b0f8e683a69f5472a089b807405a41
112411,2025-11-05T07:32:46Z,2025-11-05T17:51:56Z,master,human,MEMBER,4.6,c563b7beb593692bd7935bb5b5a674dd406336b9
112415,2025-11-05T08:18:20Z,2025-11-10T14:34:47Z,master,human,MEMBER,4.6,9ac55bcc7fafc0b3236b34fbb68eba06c5425adb
112421,2025-11-05T09:08:57Z,2025-11-10T14:34:47Z,master,human,CONTRIBUTOR,4.6,8a53948b4f07dcb53d034fc7ba1cfb9453224311
112426,2025-11-05T10:26:39Z,2026-01-29T00:03:46Z,master,human,CONTRIBUTOR,4.7,ccb0b4979935d108d3c6e5b85f96c48556caf377
112428,2025-11-05T10:54:34Z,2025-11-05T17:51:56Z,master,human,MEMBER,4.6,8d48e1db93530582681802e61719af0deca1899a
112435,2025-11-05T13:14:32Z,2025-11-05T19:08:58Z,master,human,MEMBER,4.6,6b8fa2f48c068feae37e4f4dd967dca92a828fa2
112436,2025-11-05T13:25:04Z,2025-11-07T16:37:19Z,master,human,MEMBER,4.6,6b17d3583aeca5b0ddfc1c2446bbb16ddb9a42ee
112437,2025-11-05T13:33:52Z,2025-11-05T17:51:56Z,master,human,MEMBER,4.6,62edbc2ae5d80ff6106de6534b7df31e121cd375
112441,2025-11-05T15:48:27Z,2025-11-14T02:56:30Z,master,human,MEMBER,4.6,2cd268fea40cb5352ad54368f57f47aa6092b6f5
112443,2025-11-05T16:31:20Z,2025-11-05T19:08:57Z,master,human,CONTRIBUTOR,4.6,00af6f75917087bbb76fe46ddc24323e24b7838e
112444,2025-11-05T16:56:33Z,2025-11-07T16:37:19Z,master,human,CONTRIBUTOR,4.6,48c169cbf076e767317a8c33d392e4f347840c58
112446,2025-11-05T17:13:37Z,2025-11-05T19:08:58Z,master,human,MEMBER,4.6,eb3d6d8cd35df40df0a7f12a33917b65a96a6518
112447,2025-11-05T18:44:16Z,2026-03-18T16:46:37Z,master,human,CONTRIBUTOR,4.7,1b498aefc2d7562de207a644b26f97f5679c4269
112448,2025-11-05T20:17:23Z,2025-12-01T10:55:34Z,master,human,MEMBER,4.6,97a670db46398ac70671729df7f5732808fa7c9e
112450,2025-11-05T21:13:01Z,2025-11-21T20:52:42Z,master,human,MEMBER,4.6,b51320f22ef28937b221cd9ad92c836000a5b448
112451,2025-11-05T21:33:04Z,2025-11-06T14:16:40Z,master,human,CONTRIBUTOR,4.6,659df25c97fcbe2e0f4b0d72abc103a90110e4d8
112459,2025-11-06T01:30:33Z,2026-02-17T15:35:25Z,master,human,CONTRIBUTOR,4.7,ff9085448e43acd52eea162681aa622d8e65ce5f
112465,2025-11-06T12:01:45Z,2025-11-19T17:08:18Z,master,human,MEMBER,4.6,dc6671a24d2bc7cddcaac4d36ee9d3553fa3c46f
112466,2025-11-06T12:08:54Z,2025-11-10T14:34:47Z,master,human,CONTRIBUTOR,4.6,9023f658d14bfa788cbb763750da76fa38e8cc88
112470,2025-11-06T13:06:19Z,2026-07-31T17:53:17Z,master,human,MEMBER,4.8,a10bc3b73718794e5102dec6111503093347bbca
112471,2025-11-06T14:39:59Z,2025-11-10T23:52:49Z,master,human,NONE,4.6,a627ee6c102788c23353b147f0467d27ea3e0092
112475,2025-11-06T16:28:31Z,2026-01-01T16:15:51Z,master,human,CONTRIBUTOR,4.6,cde4f41e9aaf9671471b0ba2fbec70d41b440825
112481,2025-11-06T18:50:36Z,2025-11-14T20:28:28Z,master,human,CONTRIBUTOR,4.6,235d11245c60e9722fa4c129eb8e6b5d8839e250
112483,2025-11-06T19:52:01Z,2025-11-11T16:41:04Z,master,human,CONTRIBUTOR,4.6,a9b8f92501890b9a4ea8830c70bf46026e27df2c
112486,2025-11-06T23:26:52Z,2025-11-10T14:34:48Z,master,human,MEMBER,4.6,791565dc35bc33eeb735924b6bc01471e8e631af
112487,2025-11-06T23:30:33Z,2025-12-18T14:05:25Z,master,human,MEMBER,4.6,823cb065ced1f80a7364e7c73a8436a87fe69a20
112491,2025-11-07T02:16:04Z,2025-12-02T13:28:31Z,master,human,MEMBER,4.6,fe17c16ff9c05f08c5356a6e8fbf2e4eca85de2a
112494,2025-11-07T05:38:01Z,2025-11-13T23:47:52Z,master,human,MEMBER,4.6,1ab8e9847de16d407e928d0fa2463cf5f8a79923
112496,2025-11-07T06:18:46Z,2025-11-07T16:37:19Z,master,human,MEMBER,4.6,ee7722181fe0da78d0e9afd0885112391b7f5240
112497,2025-11-07T06:50:35Z,2025-11-07T16:37:19Z,master,human,MEMBER,4.6,a3ec4c5a29a64b2cb0780b0b7573533fe015024f
112499,2025-11-07T07:56:42Z,2025-11-11T16:41:04Z,master,human,CONTRIBUTOR,4.6,699b6623e71cda8ff83d696aca234398233389c1
112504,2025-11-07T11:24:24Z,2025-12-02T13:28:31Z,master,human,CONTRIBUTOR,4.6,3d64c33edb70880d75b76e85bdcdf46ef586fbdc
112506,2025-11-07T11:41:56Z,2025-11-21T20:52:42Z,master,human,MEMBER,4.6,0e182ee83d0210c3485d377ee9fef2b501696cdf
112507,2025-11-07T12:50:50Z,2025-11-10T14:34:47Z,master,human,CONTRIBUTOR,4.6,2d86b69bf1e82f703cc0543d4309a9c8a4198585
112514,2025-11-07T16:24:17Z,2025-11-26T22:49:25Z,master,human,CONTRIBUTOR,4.6,ee66b34160856f2016bccfe4d9ddd0d968509114
112524,2025-11-07T22:02:55Z,2025-11-18T01:37:45Z,master,human,MEMBER,4.6,131ba00a6112ece266215ad494d3a3d7ad3ffe73
112526,2025-11-07T22:43:19Z,2026-07-10T15:26:04Z,master,human,MEMBER,4.8,803ee7f6681f9e8665449a6b99727b3e1540faa2
112534,2025-11-08T08:01:52Z,2025-11-10T23:52:49Z,master,human,CONTRIBUTOR,4.6,9eaa7051ecfa46f666da6a5e4542f0d9a2b25c7f
112537,2025-11-08T10:13:42Z,2025-12-02T13:28:31Z,master,human,CONTRIBUTOR,4.6,8167a18286eaf3812495e14f3b2825b700418bf1
112538,2025-11-08T11:06:07Z,2025-11-18T14:29:11Z,master,human,MEMBER,4.6,9c561027fc8753e30ff32152d0dcb9727c2f421b
112539,2025-11-08T11:28:18Z,2025-11-25T19:03:30Z,master,human,MEMBER,4.6,b7f06bd14d60dd2f8979823efd6669ce05a1bed6
112541,2025-11-08T13:01:10Z,2026-09-08T17:14:12Z,master,human,CONTRIBUTOR,4.8,3ac73864cde2c7a5b1773cefb2fa93fde1fa24c2
112545,2025-11-08T15:07:39Z,2025-11-10T14:34:47Z,master,human,MEMBER,4.6,31867abdaa735db8b2cc66b27726d1ae22be2e04
112547,2025-11-08T16:05:59Z,2025-11-25T15:56:48Z,master,human,MEMBER,4.6,d5b705600c0e8198a633160a23c67f37b903c047
112551,2025-11-08T17:42:39Z,2025-11-10T14:34:47Z,master,human,CONTRIBUTOR,4.6,bacff9741d0e24206044ab50faa9617e9a319046
112556,2025-11-08T19:00:30Z,2025-11-10T14:34:47Z,master,human,CONTRIBUTOR,4.6,57311e717a067ef456bd97fe307c559419806c42
112559,2025-11-08T20:23:00Z,2025-11-27T09:01:48Z,master,human,CONTRIBUTOR,4.6,499254e49515b327b1b6c77dbf76ee27cdde149e
112562,2025-11-08T22:16:34Z,2026-09-17T18:03:49Z,master,human,MEMBER,4.8,a6ea1ef52cd562dea3721826bd0a71b20d564667
112563,2025-11-08T23:07:58Z,2025-11-10T23:52:49Z,master,human,CONTRIBUTOR,4.6,ddbb898af5a24d20a03543017959e34eb4d367a2
112571,2025-11-09T05:55:45Z,2025-11-22T00:42:35Z,master,human,MEMBER,4.6,4ce5f9cbde9b904eee0d8e36b7ddd4d4f7119323
112573,2025-11-09T06:29:00Z,2025-11-13T23:47:52Z,master,human,MEMBER,4.6,0b5ad6c73c2c5bb046078134d9d1ef505f3894dd
112575,2025-11-09T08:48:22Z,2025-11-13T18:36:38Z,master,human,CONTRIBUTOR,4.6,5d721538b74e3ac55217b055e8434cf600979fe8
112577,2025-11-09T11:49:20Z,2025-11-22T00:42:35Z,master,human,MEMBER,4.6,25cc9ccefb7211e58d0a8b813c6149b9a963e69d
112585,2025-11-09T14:54:06Z,2025-11-14T02:56:30Z,master,human,MEMBER,4.6,cf0d2d724e70fc730006d0241bd15a2f4f764b46
112587,2025-11-09T15:40:24Z,2025-11-10T14:34:47Z,master,human,MEMBER,4.6,c37aa90b702775587b422fc59d8eb1279187b707
112590,2025-11-09T16:31:41Z,2025-11-14T02:56:30Z,master,human,MEMBER,4.6,93a3ea5ff89ba94358d05e62a18cb894e3b89e9f
112593,2025-11-09T18:35:56Z,2025-11-26T22:49:25Z,master,human,MEMBER,4.6,381473b9134d0fae45b38c6727a96d1bbbf2fde2
112594,2025-11-09T20:46:16Z,2025-11-10T23:52:49Z,master,human,MEMBER,4.6,d56116381884c7507d8836cfb34e76287f9b7aee
112597,2025-11-09T22:53:22Z,2026-01-07T00:46:24Z,master,human,MEMBER,4.6,5cfb68fbbf8d719e60fdae7d90b085ca502c4425
112600,2025-11-10T01:29:25Z,2025-11-11T16:41:04Z,master,human,MEMBER,4.6,5328a653bc5d23f0075181be5df5cbd7054c1338
112602,2025-11-10T08:25:30Z,2025-12-18T14:05:25Z,master,human,MEMBER,4.6,4be81ddf447530629b0473526f97fdccd7357ff7
112604,2025-11-10T09:34:24Z,2025-11-25T15:56:48Z,master,human,MEMBER,4.6,5afc01c46d49fa8fc5f2e7464fd47756f91e2ee2
112607,2025-11-10T12:28:08Z,2025-11-18T20:03:52Z,master,human,MEMBER,4.6,b15a13eed39d902fafb14ca0637c5827c80b2bc9
112615,2025-11-10T18:36:55Z,2025-12-04T14:57:02Z,master,human,MEMBER,4.6,84378694348ae8b1bdad5727eeb802981d5e5400
112617,2025-11-10T18:51:52Z,2026-04-10T15:38:25Z,master,human,CONTRIBUTOR,4.7,cba344c16d682ac4830b77ec1ccb6754a9988b03
112621,2025-11-10T20:51:45Z,2025-11-14T02:56:30Z,master,human,CONTRIBUTOR,4.6,e33d929efc7cff39cb58d85dc89de411c7816184
112623,2025-11-10T21:10:30Z,2025-11-14T02:56:30Z,master,human,CONTRIBUTOR,4.6,fc02d09f41008848e84bd4a9f2f09f204d186c28
112625,2025-11-10T22:51:39Z,2025-11-11T16:41:04Z,master,human,CONTRIBUTOR,4.6,dedbc8b26af1ad495b88d7265f183c72ffd4a94c
112627,2025-11-10T23:52:20Z,2025-11-14T02:56:30Z,master,human,CONTRIBUTOR,4.6,45b427f2e67146e2a24e79430984c0422dd144b5
112629,2025-11-11T00:30:07Z,2025-11-11T16:41:04Z,master,human,CONTRIBUTOR,4.6,4e2adc6871e93558d147d8a26a020efa131edb38
112630,2025-11-11T01:21:55Z,2025-11-11T22:19:24Z,master,human,CONTRIBUTOR,4.6,18a17de1645a440e1fa80f49422b99e20ab0f7f2
112636,2025-11-11T10:09:19Z,2025-11-11T16:41:04Z,master,human,MEMBER,4.6,2cc031f3a3f5086e8cfedd4dc769e02714abe358
112638,2025-11-11T10:52:51Z,2025-11-11T22:19:34Z,master,human,CONTRIBUTOR,4.6,e47fb8b8989fd5589c65c4b0ac980de2e936c041
112642,2025-11-11T13:02:45Z,2025-11-11T16:41:04Z,master,human,MEMBER,4.6,875fff3f8add4122a6a6b5c27a300b293da324b2
112657,2025-11-12T04:26:03Z,2025-11-12T17:36:39Z,master,human,CONTRIBUTOR,4.6,c9ef31360f6f954f20997c16be74e90c930f33a5
112659,2025-11-12T08:21:45Z,2025-11-12T17:36:38Z,master,human,CONTRIBUTOR,4.6,a68d26ca6fabf660af258614acaf6808b60140b6
112660,2025-11-12T08:49:12Z,2025-11-12T17:36:38Z,master,human,MEMBER,4.6,df51b1480dc7ff277facc6d97c09843a83234c86
112661,2025-11-12T08:53:51Z,2025-12-18T14:05:25Z,master,human,MEMBER,4.6,5d89816d93f5feadad8e76b54318c5f44dae7e53
112663,2025-11-12T09:22:16Z,2025-11-14T23:20:32Z,master,human,CONTRIBUTOR,4.6,ef34c3d534a16b140aef0643ed2fa36f8e9d1612
112665,2025-11-12T09:41:13Z,2025-11-12T17:36:38Z,master,human,CONTRIBUTOR,4.6,bad1287b62ea09d993fb178bb6b1a61c17ae725e
112666,2025-11-12T10:08:13Z,2025-11-17T17:03:39Z,master,human,CONTRIBUTOR,4.6,9cebf8d9579afd7672a48fb7e111e54058fda731
112673,2025-11-12T14:43:54Z,2025-11-18T01:37:45Z,master,human,MEMBER,4.6,34e5b4e0dfd72d5a11f11a0f0f6f517716e2985f
112676,2025-11-12T16:48:57Z,2025-11-14T02:56:30Z,master,human,MEMBER,4.6,31c856e96aa701186c85e4656c72d7082186f4a8
112679,2025-11-12T17:58:27Z,2025-11-14T02:56:30Z,master,human,CONTRIBUTOR,4.6,ccf5be0dda03c59c303c8104288bb2c9a5a8236f
112685,2025-11-12T19:52:56Z,2025-11-12T23:30:23Z,master,human,MEMBER,4.6,8aec3e89370c4b7d6160e8fb2943e3858f2849b2
112686,2025-11-12T20:45:22Z,2025-11-12T23:30:23Z,master,human,MEMBER,4.6,fdcc29d6e5ad81acbaaba65ced8f976d57df107d
112687,2025-11-12T20:52:14Z,2025-11-14T02:56:30Z,master,human,CONTRIBUTOR,4.6,b32b435520725bf53dfdadd5115ec67ea0c5f92c
112690,2025-11-12T21:54:16Z,2026-03-11T20:49:15Z,master,human,MEMBER,4.7,bd97608d556e5e949c22caa17e96e3aac168eaee
112691,2025-11-12T22:03:41Z,2025-11-14T02:56:30Z,master,human,MEMBER,4.6,0bede04f6f7923583c36faba0ce854430c465db2
112692,2025-11-12T22:25:22Z,2025-11-12T23:30:23Z,master,human,MEMBER,4.6,e6aa06d3de372513bedb036d2adb1052a9b4b87f
112693,2025-11-12T22:27:48Z,2025-11-17T17:03:39Z,master,human,MEMBER,4.6,9cb514c67a110d4b870a26270729e2357adaa846
112698,2025-11-13T00:32:18Z,2025-11-18T01:37:45Z,master,human,CONTRIBUTOR,4.6,bcb694fa0ea69fd670d2b084c8a3052d3f1f6d26
112702,2025-11-13T02:03:32Z,2025-11-17T17:03:39Z,master,human,CONTRIBUTOR,4.6,f4bb9eaafe6f2005d9970f191fc218c8a23fa473
112704,2025-11-13T02:27:43Z,2025-11-13T18:36:38Z,master,human,CONTRIBUTOR,4.6,d73c04543abf91cf4cd6b8ef2b478a7cf2cc9bef
112708,2025-11-13T04:26:22Z,2025-11-13T18:36:38Z,master,human,CONTRIBUTOR,4.6,8a3bb49db4c0df8c502aae88f8f9a510c52153a7
112710,2025-11-13T05:17:51Z,2025-11-14T02:56:30Z,master,human,CONTRIBUTOR,4.6,3387636918ab7d2d088bf2fd82b0968052846a31
112712,2025-11-13T06:26:37Z,2025-12-18T14:05:25Z,master,human,MEMBER,4.6,43f966772d928d6dce243a3b5e54908bc10e06a5
112714,2025-11-13T07:57:05Z,2025-11-14T20:28:28Z,master,human,CONTRIBUTOR,4.6,f66fc72374539b287ad6add46474da8e984dcbbf
112716,2025-11-13T08:35:33Z,2025-11-13T18:36:38Z,master,human,MEMBER,4.6,1f8d114e31f35fc72eab59a325d95b9b85a87e2f
112717,2025-11-13T09:08:14Z,2026-01-01T16:15:51Z,master,human,CONTRIBUTOR,4.6,779fd0a14ae3f5b2d7febf450db78eb6f5960fc7
112719,2025-11-13T09:30:57Z,2025-12-08T18:01:22Z,master,human,CONTRIBUTOR,4.6,4a95e20d8668ca96201c27888d4d6df78e96e318
112720,2025-11-13T09:38:55Z,2025-11-13T18:36:38Z,master,human,MEMBER,4.6,bc929aac4a330603cbc32e29f9a5086e6674de48
112725,2025-11-13T11:14:50Z,2025-11-14T20:28:28Z,master,human,MEMBER,4.6,c52c93e2a2f3ba4c4c28be64d5da45e2e8450ce8
112728,2025-11-13T12:01:32Z,2025-11-18T01:37:45Z,master,human,CONTRIBUTOR,4.6,4e8c4bce381aa1cafe1a6da5e909921e85ef1aaf
112729,2025-11-13T12:39:38Z,2025-11-20T22:50:14Z,master,human,MEMBER,4.6,cb1569345a6f17da08241e645ab03cb2e1b78d2f
112732,2025-11-13T13:45:44Z,2025-11-13T18:36:38Z,master,human,MEMBER,4.6,6d060b0531914950341796e8a4418ff7d7ec05dc
112733,2025-11-13T14:25:14Z,2025-11-14T02:56:30Z,master,human,MEMBER,4.6,bd2ca13c6f3a5198eac035c855dcd1759e077313
112736,2025-11-13T16:05:12Z,2026-03-26T15:10:31Z,master,human,CONTRIBUTOR,4.7,623b85922166e2aa0460eabb70364fd5b6c1dc66
112739,2025-11-13T19:27:31Z,2025-11-17T17:03:39Z,master,human,CONTRIBUTOR,4.6,fb03c9ce4b8694343cd9cbe5c9e6038946fc9fb3
112745,2025-11-13T23:55:45Z,2026-01-26T19:19:59Z,master,human,CONTRIBUTOR,4.7,bf28684b2afe8e00ba76af6fe3ae98629f29362e
112746,2025-11-14T01:25:38Z,2026-01-29T00:03:46Z,master,human,CONTRIBUTOR,4.7,d4ab136b24b57e3a306d5d9354db71b8fc6f3ec5
112755,2025-11-14T10:57:10Z,2025-11-14T11:59:27Z,3.x,human,MEMBER,3.7,42b054a4010643514f91cad7131d67022725c4c1
112759,2025-11-14T13:01:31Z,2026-04-27T17:08:33Z,master,human,MEMBER,4.7,dc7e9407efdeca828b1004f8fb5d5717dd60c578
112760,2025-11-14T14:53:48Z,2025-11-14T20:28:28Z,master,human,CONTRIBUTOR,4.6,c36e846fb1f75d033d921f9ab921b78642460ce7
112762,2025-11-14T14:53:57Z,2025-12-02T13:28:31Z,master,human,CONTRIBUTOR,4.6,3d585df89f664f8f8e484758267c4cc8ba4526a8
112764,2025-11-14T15:07:54Z,2026-08-19T17:22:27Z,master,human,CONTRIBUTOR,4.8,500898b74e0ecef7a5feb2df2b54562910823b05
112766,2025-11-14T16:07:33Z,2025-11-20T17:16:51Z,master,human,MEMBER,4.6,d843374519f6caaace6977d0aa90ab7d084be4cb
112769,2025-11-14T17:24:39Z,2025-11-14T23:20:32Z,master,human,MEMBER,4.6,90bd3ada97bd65c35f4d5e7e7a45953ccbaaedcd
112770,2025-11-14T17:56:06Z,2025-11-18T01:37:45Z,master,human,MEMBER,4.6,f41c8464cc9d4fbf06961c3885f9b1bc1bdba81b
112776,2025-11-14T19:52:39Z,2025-11-19T11:43:58Z,4.5,human,CONTRIBUTOR,4.5,44c3f6a55a50dbbe884a668c522ad047768c0294
112777,2025-11-14T19:57:06Z,2025-11-14T23:20:32Z,master,human,CONTRIBUTOR,4.6,fa451cd05b3fe9fe5fcb919c8ae451c6693e442d
112784,2025-11-14T20:58:27Z,2025-11-18T14:29:11Z,master,human,CONTRIBUTOR,4.6,eafc21fb0597b7c3a66c61ccf393aa1343a708fb
112785,2025-11-14T21:10:28Z,2026-02-20T01:26:13Z,master,human,MEMBER,4.7,83f30234d209993de55009ee47eed9a3e13fe74e
112787,2025-11-14T21:13:14Z,2025-11-17T17:03:40Z,master,human,CONTRIBUTOR,4.6,cb937c31f89ca93c18eb5b6f9f69151f91c8cca8
112790,2025-11-14T23:36:07Z,2025-11-18T01:37:45Z,master,human,MEMBER,4.6,e3350cf4f2e6bde7fac80c47a23512b0a9075210
112791,2025-11-15T00:35:44Z,2026-01-10T22:51:56Z,master,human,CONTRIBUTOR,4.6,d814d43d76b660fc68dee32c193a8e54a2395ba4
112792,2025-11-15T02:05:13Z,2025-11-17T17:03:39Z,master,human,CONTRIBUTOR,4.6,e051f23971ba64571e77fb709aa7d30d611eb118
112793,2025-11-15T02:15:45Z,2025-11-17T17:03:39Z,master,human,MEMBER,4.6,187ab2161da4a3199a98a34db01461f3a57f2ecb
112796,2025-11-15T02:57:59Z,2026-01-27T21:28:25Z,master,human,CONTRIBUTOR,4.7,33296bd9650c5173cb1e1c41df0014b67d9f3cac
112797,2025-11-15T03:43:20Z,2026-01-29T00:03:46Z,master,human,CONTRIBUTOR,4.7,a0bf14921a2a58115fd9a78b03ef98a2b5f5aee5
112798,2025-11-15T05:08:22Z,2025-11-17T17:03:39Z,master,human,MEMBER,4.6,0faf4210b4f596efeaf6157062a81515dbd083c9
112800,2025-11-15T06:38:29Z,2025-11-17T17:03:39Z,master,human,MEMBER,4.6,e81f1df09dc2e0499a2d8c23f70ff4aa05f38192
112801,2025-11-15T07:18:27Z,2025-11-17T17:03:39Z,master,human,MEMBER,4.6,46adcc62688bb7258ea0b6c219fad8559ebe19d2
112803,2025-11-15T08:02:04Z,2025-11-19T17:08:18Z,master,human,CONTRIBUTOR,4.6,0382d7de32270ea253a21903c9d8a752f4fd54ba
112805,2025-11-15T09:24:36Z,2026-01-12T17:24:00Z,master,human,CONTRIBUTOR,4.6,0034a5bce915102afeb29e19329017388919f7d2
112807,2025-11-15T10:46:44Z,2026-07-15T22:42:15Z,3.x,human,MEMBER,3.7,ded382ee836e77402360f3aad63e6713c35f5396
112810,2025-11-15T12:16:02Z,2025-11-25T15:56:48Z,master,human,MEMBER,4.6,4dbac6eaeab727d33a49973d20937e5e927f0562
112813,2025-11-15T12:32:22Z,2026-06-24T19:56:50Z,master,human,CONTRIBUTOR,4.8,e7fbd7dbe1a567100362777ec11131c8138ca048
112819,2025-11-15T17:09:07Z,2025-11-18T01:37:45Z,master,human,CONTRIBUTOR,4.6,d3418fb88fe208e3138115266f8e235ae4e8d4ee
112823,2025-11-15T19:05:43Z,2025-11-18T01:37:45Z,master,human,MEMBER,4.6,40cba9094f225d1a1992d7f19ec20a7821fc6d00
112824,2025-11-15T19:22:17Z,2025-11-17T17:03:39Z,master,human,MEMBER,4.6,18c58dfffecb9d83774071dc307f50d7506194b4
112825,2025-11-15T19:41:18Z,2025-11-17T17:03:39Z,master,human,MEMBER,4.6,bf99866abeff9e75d8730b8d3021b8ebb0e53da8
112828,2025-11-15T20:32:05Z,2025-11-17T17:03:39Z,master,human,MEMBER,4.6,58054297e737bb3a4238cc1038c5a4132831eed9
112830,2025-11-15T20:56:17Z,2025-12-15T14:06:21Z,master,human,CONTRIBUTOR,4.6,8787f581f9f06f2783ca8c923cc05b07f62ef02c
112831,2025-11-15T21:12:12Z,2025-11-17T17:03:39Z,master,human,CONTRIBUTOR,4.6,dd3df2a075fb7755cc2feb5193105048d1355905
112844,2025-11-16T08:11:36Z,2025-11-22T00:42:35Z,master,human,MEMBER,4.6,dca2986321c925b6d17a052a4bca6b236c753680
112850,2025-11-16T15:55:18Z,2026-02-02T09:25:31Z,master,human,CONTRIBUTOR,4.7,0f173ca65716c8307e3b33a5dabb89eeb25e4d29
112852,2025-11-16T16:37:39Z,2025-11-17T17:03:39Z,master,human,CONTRIBUTOR,4.6,436853de2acb5de4c2581ce2e3ddaf419b08299f
112853,2025-11-16T16:44:34Z,2025-11-18T14:29:11Z,master,human,CONTRIBUTOR,4.6,2c11facde0bd90823ee7b779b2d2b5356b7d975f
112856,2025-11-16T18:27:29Z,2025-11-17T17:03:39Z,master,human,MEMBER,4.6,070730e21b3be3a4861c903a2ca9904760c5d801
112857,2025-11-16T18:40:14Z,2025-12-03T17:49:47Z,master,human,CONTRIBUTOR,4.6,9eab056f8d3aef0e9de913a8414d4ddc6f8baec8
112858,2025-11-16T19:01:01Z,2025-11-17T17:03:47Z,master,human,MEMBER,4.6,ac641b11c3dff2aeba6b8ce801e89a6c48fbf474
112859,2025-11-16T19:30:16Z,2025-11-18T01:37:45Z,master,human,CONTRIBUTOR,4.6,68c125b1f5365bd11c74b7e507e0e14ed015d987
112861,2025-11-16T19:47:45Z,2025-11-18T01:37:45Z,master,human,CONTRIBUTOR,4.6,4b92028e612cc90a0d39941b6ac7bd20229a36d0
112867,2025-11-17T01:05:18Z,2025-11-18T01:37:45Z,master,human,MEMBER,4.6,4fb6a7ce989b4f403d6dd1500b0d93d7d7210fc3
112874,2025-11-17T05:05:53Z,2025-12-01T10:55:34Z,master,human,CONTRIBUTOR,4.6,c3954a01aacb7e4ba529b4d1bdb381e51224a8b1
112881,2025-11-17T13:34:34Z,2025-11-18T01:37:45Z,master,human,MEMBER,4.6,b6d75d7c31d8cd77fa545c2c63150448778fae66
112882,2025-11-17T14:09:19Z,2025-12-18T14:05:25Z,master,human,CONTRIBUTOR,4.6,72f3654321aae49c9ba1c043cefb86b7ecacde13
112884,2025-11-17T18:12:12Z,2025-11-26T22:49:25Z,master,human,CONTRIBUTOR,4.6,5603b3b0e43460aaef9c3f6bce2c90eb135182bb
112887,2025-11-17T19:38:03Z,2026-02-09T21:20:33Z,master,human,CONTRIBUTOR,4.7,807ece13af6d3d3815a352d9aaeed1ef190e250f
112888,2025-11-17T19:46:36Z,2025-11-18T20:03:52Z,master,human,NONE,4.6,d30ec9aef08e8993605bb6a8e30518431a4aabad
112889,2025-11-17T19:46:44Z,2025-11-18T01:37:45Z,master,human,NONE,4.6,2a62c1d555a1155e83b2e2a5b75766e994df4119
112890,2025-11-17T19:46:52Z,2025-11-18T01:37:45Z,master,human,NONE,4.6,412601a8a35e7bab4ee9a05825de8110caa385ba
112893,2025-11-17T21:00:58Z,2025-11-18T01:37:45Z,master,human,CONTRIBUTOR,4.6,3f5b871666ff8a73c88765813582aadd9d15ab70
112895,2025-11-17T23:04:43Z,2025-12-02T18:00:31Z,master,human,MEMBER,4.6,25203e24c403afdba4370249204b83cb830e4809
112897,2025-11-18T00:32:49Z,2025-11-18T20:03:52Z,master,human,CONTRIBUTOR,4.6,ed62fb12ab8fe1f9bb01c51be995264fd3fbe79b
112899,2025-11-18T02:34:20Z,2025-11-18T14:29:11Z,master,human,MEMBER,4.6,3a3af8d8060ce302f78bf5496120f609b402fcc2
112903,2025-11-18T05:40:29Z,2025-11-25T15:56:48Z,master,human,CONTRIBUTOR,4.6,1a5ee71651e64a7cba4173a5177ddd842a9ed457
112904,2025-11-18T06:55:22Z,2025-11-18T14:29:11Z,master,human,CONTRIBUTOR,4.6,9ce8d2da20696d51082b87110a95b7fb7ef02f6a
112907,2025-11-18T07:39:47Z,2025-11-18T14:29:11Z,master,human,CONTRIBUTOR,4.6,d28db795f8697361ce5d176827bba26d61bbc8ba
112911,2025-11-18T10:24:29Z,2025-11-18T14:29:11Z,master,human,MEMBER,4.6,b59cded5d771c7f9340d6472f792a6d58d806068
112912,2025-11-18T11:52:26Z,2025-11-18T14:29:11Z,master,human,MEMBER,4.6,8cb98cc4973cc9ccd4767c51d6d6b3cb4d39bd2f
112914,2025-11-18T12:38:56Z,2025-11-20T17:16:51Z,master,human,MEMBER,4.6,8c505d98e48a9e45ab4ac688541b1df0b7d32b5a
112916,2025-11-18T12:53:37Z,2025-11-24T22:18:30Z,master,human,CONTRIBUTOR,4.6,b3b0feb2292586e69f889d55657b1bd665a942c0
112919,2025-11-18T13:48:17Z,2026-03-30T18:51:46Z,master,human,CONTRIBUTOR,4.7,308fbaf3e4d8d1d7116b057371aa9c2d7944305e
112922,2025-11-18T14:26:56Z,2026-04-01T23:14:16Z,master,human,CONTRIBUTOR,4.7,63425f1d2752a6dd8a46e8d42edab35dd565734c
112923,2025-11-18T14:48:01Z,2025-12-17T21:33:39Z,master,human,CONTRIBUTOR,4.6,07c31dba84d970f36c2c48b7c69126a13c61a1be
112924,2025-11-18T14:48:42Z,2025-11-19T17:08:18Z,master,human,MEMBER,4.6,ba0956e1a41c90dcb5687b74d1a26b130598dc46
112925,2025-11-18T16:37:12Z,2025-11-18T20:03:52Z,master,human,MEMBER,4.6,c0a397f18cb7fc91d46d591b7c9769a22ef8413e
112927,2025-11-18T18:28:43Z,2025-11-25T19:03:30Z,master,human,CONTRIBUTOR,4.6,9dd6c4dbac70b28e8156255c3a2b78722772b036
112928,2025-11-18T18:45:09Z,2025-11-21T20:52:42Z,master,human,CONTRIBUTOR,4.6,87279f0aa065bf7ac8084e854bcf68dfe4d97827
112930,2025-11-18T19:13:26Z,2025-11-19T17:08:18Z,master,human,CONTRIBUTOR,4.6,fe0c187ba58f4c86128635c91577ce80c1885ec4
112932,2025-11-18T19:47:32Z,2025-11-20T17:16:51Z,master,human,CONTRIBUTOR,4.6,7e7504c8b01bd33c45ae680af9c5012f5f8ad2ec
112935,2025-11-18T22:20:15Z,2025-11-25T15:56:48Z,master,human,CONTRIBUTOR,4.6,b2b30b437b187f40b7b57b6ee0d7a61e446147dd
112940,2025-11-19T06:38:54Z,2025-11-25T15:56:48Z,master,human,MEMBER,4.6,ee5f8bbf11baa8c734c50ecd5e04972ab8b76d18
112941,2025-11-19T06:42:28Z,2025-12-11T18:16:43Z,master,human,CONTRIBUTOR,4.6,3008b5c59f764266ec0dc8abf530f99455d3487c
112945,2025-11-19T08:28:42Z,2026-01-05T18:13:11Z,master,human,MEMBER,4.6,08afdab9f86d611aceeebb572eb9027462ec9c3f
112952,2025-11-19T11:52:00Z,2025-12-01T10:55:34Z,master,human,CONTRIBUTOR,4.6,a5bb19a0d2e9bf25adcbbb5b2aced3f61da330ea
112953,2025-11-19T12:03:37Z,2025-11-20T17:16:51Z,master,human,CONTRIBUTOR,4.6,51c470e4106f29bba7b787d535c4f59108f35182
112961,2025-11-19T15:09:23Z,2025-11-20T17:16:51Z,master,human,CONTRIBUTOR,4.6,d089d0e1e245a4e34970bba348350b23210518b9
112962,2025-11-19T15:20:12Z,2025-11-22T00:42:35Z,master,human,CONTRIBUTOR,4.6,fa6ca106c776feb3b8d24f51c8f7c049a5f13d3b
112967,2025-11-19T17:39:23Z,2025-11-24T16:27:58Z,master,human,CONTRIBUTOR,4.6,761b78b7ec0e9354dd951207db6e7e97ea105f9b
112969,2025-11-19T18:30:25Z,2025-11-20T17:16:51Z,master,human,CONTRIBUTOR,4.6,a79b1552983a8fcb2e4c971fa7b1c05c2f35230b
112972,2025-11-19T20:16:56Z,2025-12-11T00:17:04Z,master,human,CONTRIBUTOR,4.6,b70b97afffc652301be06d76c058ce5f0cad9c42
112978,2025-11-20T05:50:48Z,2025-11-20T17:16:51Z,master,human,CONTRIBUTOR,4.6,df7fd31d07016f29bc084d2954f7931f0a6df796
112985,2025-11-20T14:32:29Z,2026-02-18T23:29:16Z,master,human,CONTRIBUTOR,4.7,551978e514bbcb072e40caf7b287ac599fb891c6
112986,2025-11-20T14:40:11Z,2025-11-22T00:42:35Z,master,human,MEMBER,4.6,18046f5b8eb192609e139eebc28671744f7f175c
112989,2025-11-20T16:36:30Z,2025-11-21T20:52:42Z,master,human,MEMBER,4.6,ccf414ecb47ac07d0996fbebc80453a6ed2f400f
112990,2025-11-20T17:17:21Z,2025-11-26T22:49:25Z,master,human,CONTRIBUTOR,4.6,660b52b828e1ab77cce70f4bfbe0633d030e3355
112991,2025-11-20T18:06:38Z,2025-12-02T18:00:31Z,master,human,MEMBER,4.6,554c2ab374797df9c6a16d6959af27674a41d513
112992,2025-11-20T18:48:48Z,2026-04-15T10:45:29Z,master,human,MEMBER,4.7,637e23472bf6e16f86b8f0e58723975412afb83b
112993,2025-11-20T19:24:57Z,2026-03-26T15:10:30Z,master,human,CONTRIBUTOR,4.7,4d1c5b9122d01c4f0f005f3c24f705bac263d68c
112994,2025-11-20T20:07:38Z,2025-11-27T09:01:47Z,master,human,CONTRIBUTOR,4.6,1cb4ada316716f4e699090f10f39e171c59760d4
112995,2025-11-20T20:29:44Z,2025-12-09T16:49:35Z,master,human,CONTRIBUTOR,4.6,40c5b2110ef583ea7286f61e39680f69d9b5e6d6
112996,2025-11-20T20:51:50Z,2025-11-24T22:18:30Z,master,human,MEMBER,4.6,ce5f11352dc53bb5612cdda48f3296019e8a061f
112997,2025-11-20T20:58:40Z,2025-12-01T10:55:34Z,master,human,MEMBER,4.6,ae59770211ff61ab8fec78d41e183cab9952450c
112998,2025-11-20T21:01:36Z,2026-01-31T21:59:49Z,master,human,CONTRIBUTOR,4.7,a6efb02ebd95b2f0556f4edcbfdf8e6ef9c52f0e
112999,2025-11-20T21:56:20Z,2025-12-02T13:28:31Z,master,human,CONTRIBUTOR,4.6,90235fddebc61261fe31e94003556f5328219dee
113000,2025-11-20T23:58:22Z,2025-11-21T20:52:42Z,master,human,CONTRIBUTOR,4.6,8480b62202c6862b24b5f6e43317685921fad1ad
113010,2025-11-21T08:49:40Z,2025-11-24T22:18:30Z,master,human,MEMBER,4.6,9a8b9e5c244186a6f291e3248b58fa5e6ef8ab31
113013,2025-11-21T09:24:48Z,2025-11-24T16:27:58Z,master,human,MEMBER,4.6,089298322580b0cb9920e5370f350f58021e95e5
113014,2025-11-21T10:54:41Z,2025-11-24T16:27:57Z,master,human,CONTRIBUTOR,4.6,4fef336722e3fe0016119eb09c04ae497c261cde
113017,2025-11-21T14:35:33Z,2025-12-02T13:28:31Z,master,human,MEMBER,4.6,edb6ae1f7503ecffc308e2f8f88c4be02b4d064b
113023,2025-11-21T21:04:48Z,2025-11-22T00:42:35Z,master,human,CONTRIBUTOR,4.6,235a32ad11f40ecba26d6d9ceea8ab245c13adb0
113026,2025-11-21T21:29:47Z,2025-12-01T10:55:34Z,master,human,MEMBER,4.6,a5fc5bbff5d6490a00ff2c4e18b0bfa1d331b3f4
113028,2025-11-21T22:17:04Z,2025-11-25T19:03:30Z,master,human,CONTRIBUTOR,4.6,807df6e9ab54826d1e73b531f4144bf100c102f2
113029,2025-11-21T23:08:36Z,2025-11-26T20:51:42Z,2.1,human,MEMBER,2.1,162340457c847910a076e687cf7f9b69b12ef4d1
113030,2025-11-21T23:11:58Z,2025-11-22T09:29:33Z,1.0,human,MEMBER,,5e5631d8a5dee7d47d92fa66060ea8b8232fc69b
113031,2025-11-21T23:50:35Z,2025-11-25T13:17:03Z,master,human,MEMBER,4.6,1788983ee8b2e5715eb41b0e999e7a01bb1347b3
113034,2025-11-22T01:05:06Z,2025-11-24T16:27:58Z,master,human,CONTRIBUTOR,4.6,3d0f2889d8b4b6c12e7931210e7853afb950edfb
113039,2025-11-22T06:56:40Z,2025-11-25T13:17:03Z,master,human,CONTRIBUTOR,4.6,d0727a39b68c2f85348cb07c662f19b401cac1f6
113041,2025-11-22T08:35:35Z,2025-11-24T16:27:57Z,master,human,CONTRIBUTOR,4.6,2250b317a8eec26c267d443ee83a695b6d04ad02
113044,2025-11-22T09:31:55Z,2025-11-24T16:27:57Z,master,human,CONTRIBUTOR,4.6,008f5165d4c50a92df30e014e6a648412249cb34
113051,2025-11-22T13:07:38Z,2026-08-24T17:10:39Z,master,human,MEMBER,4.8,c685d89763be42fd6b04d3cd2402d89797315555
113055,2025-11-22T14:36:55Z,2025-11-24T16:27:57Z,master,human,MEMBER,4.6,55e98063fe9582a79a7277d5d29ed01880513fde
113059,2025-11-22T16:11:44Z,2026-05-19T16:22:54Z,master,human,CONTRIBUTOR,4.7,42a8b47ef7a1169bca954d619b5f16867dc2e81b
113060,2025-11-22T16:20:02Z,2026-04-13T16:47:46Z,master,human,CONTRIBUTOR,4.7,f02cb5fcc1ded38d3fa0a8debd9b2fbc7cda5bce
113061,2025-11-22T16:41:03Z,2025-11-24T16:27:57Z,master,human,MEMBER,4.6,56d766a2a7378bb7b5f0e7a0cb40803800ed895c
113062,2025-11-22T17:32:18Z,2025-11-25T19:03:30Z,master,human,CONTRIBUTOR,4.6,32f43e17f9199e022fb4616a9194208c9be928a1
113064,2025-11-22T18:07:37Z,2025-11-24T16:27:57Z,master,human,CONTRIBUTOR,4.6,3f950a5bdf750c2d94c1f5af56a099ea373c2ba3
113065,2025-11-22T18:09:00Z,2025-11-25T15:56:48Z,master,human,MEMBER,4.6,8c76d71971d1af47ac77eaedc7e09328be8c1b70
113068,2025-11-22T22:39:04Z,2025-11-24T16:27:57Z,master,human,MEMBER,4.6,7477823ad53299f5f9485cdbb11b64dfd83cd0c4
113070,2025-11-23T01:22:43Z,2025-11-25T13:17:03Z,master,human,CONTRIBUTOR,4.6,912da563d5a43a921392c0da06e5f2ec63e4605e
113073,2025-11-23T08:55:49Z,2025-11-27T20:51:29Z,master,human,CONTRIBUTOR,4.6,a67116ecbb54a725262add1280be69e2b56048d3
113074,2025-11-23T09:12:17Z,2026-08-07T19:42:16Z,master,human,CONTRIBUTOR,4.8,b2ac0896a404d4c22cafcb4f3308304a26abe855
113075,2025-11-23T11:36:10Z,2025-11-25T15:56:48Z,master,human,MEMBER,4.6,5a033aec35be5bb3b5722f6d2a5b8cf902f2b468
113078,2025-11-23T13:12:12Z,2025-12-01T10:55:34Z,master,human,MEMBER,4.6,a2df35489a4ff72c89ba45cf7bae579b3d50288f
113080,2025-11-23T13:59:00Z,2025-11-27T09:01:47Z,master,human,CONTRIBUTOR,4.6,85fd05fc3095ab0f0d477dd0e453191360e963c3
113084,2025-11-23T19:36:18Z,2025-11-24T16:27:57Z,master,human,CONTRIBUTOR,4.6,9c753915d11c2c3f5823d68fbe8594ba20bb56c5
113088,2025-11-23T22:16:40Z,2025-12-04T12:37:47Z,master,human,MEMBER,4.6,daf2871828e57762d56b7977862c633279af8f71
113096,2025-11-24T08:08:31Z,2026-01-31T21:59:50Z,master,human,CONTRIBUTOR,4.7,c9eb8499cabdf258f6973bf938f47fcd96512b94
113099,2025-11-24T10:23:09Z,2025-11-24T16:27:57Z,master,human,MEMBER,4.6,6002abe017aaf9faf05d52339b805b6b98c9aa00
113101,2025-11-24T12:02:46Z,2026-07-30T16:14:02Z,master,human,MEMBER,4.8,3c6d74f6be106df11d5cb54ecfe6fa1965b0ac28
113106,2025-11-24T13:50:51Z,2025-11-24T22:18:30Z,master,human,MEMBER,4.6,af6f7202f0e439c4b09193a52497519b7e3d248b
113108,2025-11-24T15:07:18Z,2025-12-03T09:36:56Z,master,human,MEMBER,4.6,11ffcb3ef7a09c7b9b529aeed3c4171de13e680a
113112,2025-11-24T15:42:53Z,2025-11-24T16:27:57Z,master,human,CONTRIBUTOR,4.6,c171af7ffa27c46b103e4d2a69b96c1dbfed5de0
113114,2025-11-24T16:34:17Z,2025-12-02T13:28:31Z,master,human,MEMBER,4.6,a1848013e5a3fb2d11c64538183d0a698cdc9b86
113115,2025-11-24T16:42:17Z,2025-11-27T09:01:47Z,master,human,MEMBER,4.6,e0e1a0c6d31f20df666e72e55695c403d0cdc888
113117,2025-11-24T17:22:56Z,2025-11-24T22:18:30Z,master,human,CONTRIBUTOR,4.6,f1de9c48452e8e2852f6702fb283d177a6285593
113120,2025-11-24T18:25:46Z,2025-11-24T22:18:30Z,master,human,MEMBER,4.6,d92aa168cc4ae2b0376a41d93e693630c5d7c745
113122,2025-11-24T18:43:45Z,2026-01-01T16:15:51Z,master,human,MEMBER,4.6,65f8e1ecc2b6ae3bafcbe398e696cf3c9806e0f4
113126,2025-11-24T20:41:07Z,2025-11-24T22:18:30Z,master,human,CONTRIBUTOR,4.6,c818c7f43864de168f4e11ef3826a195f80bb180
113128,2025-11-24T20:55:58Z,2025-12-03T09:36:56Z,master,human,CONTRIBUTOR,4.6,3ffed928ed9b7c76b2c425fa3d9fbaeff67859e0
113129,2025-11-24T21:05:39Z,2026-04-10T15:38:25Z,master,human,CONTRIBUTOR,4.7,85650dea09e4fd76117282c8499c1c7ff0ad642e
113130,2025-11-24T21:47:16Z,2025-11-25T13:17:03Z,master,human,CONTRIBUTOR,4.6,bea52f4e37561981a59db43cf3849a97361b0b67
113132,2025-11-24T23:44:34Z,2025-12-02T13:28:31Z,master,human,CONTRIBUTOR,4.6,37cfae845ba93387f23fd1f75326520ef54d1334
113133,2025-11-25T00:25:00Z,2025-11-27T09:01:47Z,master,human,CONTRIBUTOR,4.6,30f1ab165c9e29c3e90773672b5cbb1608879e5b
113134,2025-11-25T00:47:36Z,2025-11-25T13:17:03Z,master,human,CONTRIBUTOR,4.6,8eb265c646e5642a1c8d4f70f1044cbcfbae67fc
113135,2025-11-25T01:16:19Z,2025-11-27T20:51:29Z,master,human,MEMBER,4.6,e28ef68957956e535958ba0d11d5332bccdb69af
113138,2025-11-25T02:31:16Z,2025-11-25T13:17:03Z,master,human,MEMBER,4.6,0ebb11041b114d50908def8f468a66c2293d3c60
113140,2025-11-25T03:23:52Z,2025-11-26T22:49:25Z,master,human,CONTRIBUTOR,4.6,9c7bea6cda5268bdb6bd0799f16998fbd1023b52
113145,2025-11-25T10:26:04Z,2025-11-25T13:17:03Z,master,human,MEMBER,4.6,14185ef082078ae41a70d67981c8d0ec20d4b7e7
113150,2025-11-25T13:31:31Z,2025-11-25T19:03:30Z,master,human,CONTRIBUTOR,4.6,f34c270452937d643f15084adbbafa6bdcfa078e
113151,2025-11-25T13:49:04Z,2025-11-25T15:56:48Z,master,human,MEMBER,4.6,4601c07d86bed2a5a25ea4b32c4f0b933c03e18b
113159,2025-11-25T19:45:46Z,2025-11-27T09:01:47Z,master,human,CONTRIBUTOR,4.6,b22d15311c42396da4a66b7c814bebf637b4d1b8
113160,2025-11-25T20:03:46Z,2025-11-26T22:49:25Z,master,human,CONTRIBUTOR,4.6,21af1e286f7501d102a59dd05d360d2208bb3624
113161,2025-11-25T20:44:34Z,2025-11-26T22:49:25Z,master,human,CONTRIBUTOR,4.6,c82e16efb06bd317dde8c03acd17859f0529b41b
113164,2025-11-25T21:19:45Z,2025-11-26T22:49:25Z,master,human,CONTRIBUTOR,4.6,ca366b51df86b1237c9636b98d019a782fd895c6
113167,2025-11-25T22:09:02Z,2025-11-26T22:49:25Z,master,human,MEMBER,4.6,c260a17d4a846e3d75ee61f4a811321ef73801c6
113172,2025-11-26T00:25:07Z,2025-12-01T10:55:34Z,master,human,MEMBER,4.6,f0f30fed91474806d45e534f3f3c2afda8021a30
113176,2025-11-26T04:35:43Z,2025-12-01T12:45:48Z,master,human,CONTRIBUTOR,4.6,996c9a644e6de0dff1271a05d60ada742661a468
113178,2025-11-26T07:26:03Z,2026-03-06T18:44:27Z,master,human,NONE,4.7,8551f7b3191f4a13620d7af26f2bf8c4b22845ad
113179,2025-11-26T08:05:37Z,2025-12-03T09:36:56Z,master,human,MEMBER,4.6,4093a1e402e940ee25e24152074640754db519dd
113181,2025-11-26T09:45:27Z,2025-12-03T02:43:24Z,master,human,CONTRIBUTOR,4.6,8c8927e015e8c571a50c8400ee64edf83c6dd44c
113185,2025-11-26T12:01:39Z,2026-08-10T16:14:38Z,master,human,CONTRIBUTOR,4.8,cba4625fad2d0fd74f3dce79a1f256aca18eded2
113186,2025-11-26T12:03:30Z,2025-11-27T20:51:29Z,master,human,MEMBER,4.6,93e83c5e987214d135bdc839b8f024cac4898aa6
113187,2025-11-26T12:05:10Z,2025-11-26T22:49:25Z,master,human,MEMBER,4.6,c3df5d4fb1c70e42e17d09d4ede4aadeef51aac1
113190,2025-11-26T13:48:37Z,2025-11-26T22:49:25Z,master,human,MEMBER,4.6,1a191688f1b079a8f62eeeb9ea9a356b8bbe22e9
113191,2025-11-26T14:14:39Z,2025-11-26T22:49:25Z,master,human,CONTRIBUTOR,4.6,b90884bcd9d3ccbd0bfff00fc5495028b806d095
113193,2025-11-26T14:20:31Z,2025-11-26T22:49:25Z,master,human,MEMBER,4.6,d5b76f733b9cffb81672e18320fe05527f4ea055
113194,2025-11-26T14:54:29Z,2025-11-26T22:49:25Z,master,human,MEMBER,4.6,9ad733bd0af02f18ae8dcc9d9f5e9f8c1767c870
113195,2025-11-26T14:55:35Z,2025-11-26T22:49:25Z,master,human,CONTRIBUTOR,4.6,1667e6fcceba0908f30dc21e0aec4b643a71dfaa
113197,2025-11-26T16:41:38Z,2025-12-01T10:55:34Z,master,human,CONTRIBUTOR,4.6,8f14acb1510ae2b5aaacf627832fd9ad467343a9
113199,2025-11-26T17:09:12Z,2026-01-29T18:16:18Z,master,human,MEMBER,4.7,869d83b040d95a02f06ebd3a9baf3ef5d0799523
113202,2025-11-26T19:18:03Z,2025-12-02T18:00:31Z,master,human,MEMBER,4.6,1577061e3d896a943081e90ffef32f99da386a7b
113204,2025-11-26T19:34:13Z,2026-06-18T20:20:24Z,master,human,MEMBER,4.8,f6260eb8fcc8555d419d6a84133c8b10e0c9f40b
113206,2025-11-26T19:41:44Z,2025-12-02T13:28:31Z,master,human,MEMBER,4.6,9f761d50fc1412a1b107a9133dc09f479f9bbc92
113209,2025-11-26T20:20:55Z,2025-11-27T09:01:47Z,master,human,CONTRIBUTOR,4.6,3a97723ff25e89d15a860f0ce7ab0a9cd65d7bd8
113211,2025-11-26T20:33:56Z,2025-12-02T13:28:31Z,master,human,CONTRIBUTOR,4.6,6d4ad2190385f95e44acc45e59bb451b1a8c31c3
113213,2025-11-26T21:46:46Z,2025-11-27T20:51:29Z,master,human,MEMBER,4.6,bb7054cdf2bbcc50c8b54a97b82db315121bb9e5
113218,2025-11-26T23:54:56Z,2025-12-02T13:28:31Z,master,human,MEMBER,4.6,e55bc690938c093027e7c697330d3aeb4bb009d0
113220,2025-11-27T02:38:16Z,2025-12-01T10:55:34Z,master,human,CONTRIBUTOR,4.6,67d91548545f6f34d3c651d1c59414f26d14ae1d
113221,2025-11-27T03:31:20Z,2025-12-04T14:57:02Z,master,human,CONTRIBUTOR,4.6,46963fae90339aa770de109b31226d9fbdcc2d83
113225,2025-11-27T09:43:16Z,2026-06-23T12:02:21Z,master,human,CONTRIBUTOR,4.8,4d1bdd720927b4b228d2e06ae0a0176d762250f4
113228,2025-11-27T10:51:23Z,2026-01-26T19:19:59Z,master,human,CONTRIBUTOR,4.7,f5d21bfa9ca621f14e9a2b2ee7fc33d3380ffc61
113230,2025-11-27T11:36:33Z,2026-07-09T17:48:42Z,master,human,CONTRIBUTOR,4.8,567c3327a61540a9639196db0fcd2d0120cf7d18
113232,2025-11-27T13:28:04Z,2025-11-27T20:51:29Z,master,human,MEMBER,4.6,71b600024954d8ab334e91e3e28348fc4f03975c
113234,2025-11-27T13:36:23Z,2025-11-27T20:51:29Z,master,human,CONTRIBUTOR,4.6,4bb9ef7fce827cab9c01897c0836b718c8552033
113235,2025-11-27T13:56:38Z,2025-12-05T12:00:35Z,master,human,MEMBER,4.6,8981cede94628a0a8caebad6b63692e92ea0f2d4
113236,2025-11-27T14:32:05Z,2025-11-27T20:51:29Z,master,human,MEMBER,4.6,79432b6592f51ab8a3b806afcf4ffce218be5841
113237,2025-11-27T14:56:21Z,2025-11-27T20:51:29Z,master,human,CONTRIBUTOR,4.6,a2db1805274a74e1530c4dd7e62bd95f1ac71e3f
113241,2025-11-27T16:03:26Z,2025-12-03T02:43:24Z,master,human,MEMBER,4.6,fc8c494e7cda2ba3c6501cdd098f187300a14f35
113244,2025-11-27T17:06:31Z,2025-12-03T09:36:56Z,master,human,MEMBER,4.6,5ef57c669f468e42cdb1d83e7b0bd6ee7313ca37
113245,2025-11-27T17:15:54Z,2025-12-01T10:55:34Z,master,human,MEMBER,4.6,fc033ce0886b843493e77994cc65ee4a02064573
113246,2025-11-27T17:48:23Z,2025-12-17T02:40:16Z,master,human,CONTRIBUTOR,4.6,e6b37bdb9afcba62ce270f9819d8b5f1230f2392
113247,2025-11-27T18:02:57Z,2026-04-13T16:47:46Z,master,human,MEMBER,4.7,a4dfadd269739f30ff7087e7cf3946f812198ee4
113251,2025-11-27T21:01:56Z,2025-11-27T22:00:46Z,master,human,CONTRIBUTOR,4.6,7ed0b6167618f9c8c5df87c7e83da6003c081368
113252,2025-11-27T21:06:58Z,2025-12-01T10:55:34Z,master,human,MEMBER,4.6,053bcf9d3065f93d7250009f71162ee37e1e6836
113253,2025-11-27T21:20:15Z,2025-12-01T10:55:34Z,master,bot,CONTRIBUTOR,4.6,543713021dc10a761eb0228b1906ff5a252ef8fd
113255,2025-11-27T22:17:54Z,2025-12-03T17:49:47Z,master,human,CONTRIBUTOR,4.6,6124d5ee2b53c2632a885765b7dce7656ab0972b
113256,2025-11-27T22:46:22Z,2025-12-16T10:35:37Z,master,human,MEMBER,4.6,61b5f80a500c386be293927efbb71ced604b10ab
113257,2025-11-27T22:49:16Z,2025-12-03T02:43:24Z,master,human,MEMBER,4.6,cd7cff8fa02dc51a79e99ae02bc03800e19e3bbf
113261,2025-11-28T00:40:09Z,2025-12-03T17:49:47Z,master,human,MEMBER,4.6,202e442671623c8b20ac9c9687f9780909541ede
113262,2025-11-28T01:23:09Z,2025-12-01T10:55:33Z,master,human,CONTRIBUTOR,4.6,7135bb534f9a21415a66703b05e8ea2407bf37db
113267,2025-11-28T06:59:26Z,2025-12-01T10:55:34Z,master,human,MEMBER,4.6,b275237bbd1843d046961792b9b43c662c35e07c
113268,2025-11-28T08:04:06Z,2025-12-05T13:20:08Z,master,human,NONE,4.6,7e1ef4c9e2b11e2ba1e134f1e01c3dcbaf0ab035
113269,2025-11-28T08:50:21Z,2025-12-01T10:55:34Z,master,human,MEMBER,4.6,d1b9e51e124bdbc75c913e0bfdf4d78b448c1806
113275,2025-11-28T11:36:30Z,2025-12-03T22:55:55Z,master,human,CONTRIBUTOR,4.6,fbc9539764c8c932b62116146a6c8a7f3f5e67f7
113277,2025-11-28T13:02:15Z,2025-12-02T13:28:31Z,master,human,MEMBER,4.6,2e4d5c261f9fe0ee1630b122ad773611f62a687f
113279,2025-11-28T14:09:22Z,2025-12-02T13:28:31Z,master,human,MEMBER,4.6,71d4ded745650ff28f45917fdab400fe35b55b5e
113282,2025-11-28T14:48:27Z,2025-12-03T02:43:24Z,master,human,CONTRIBUTOR,4.6,9f76aa3df5088639d4d7911b5fee649de6968780
113284,2025-11-28T15:49:40Z,2025-12-02T13:28:31Z,master,human,MEMBER,4.6,2c8a0c3419ccb95b0bb50d23069941d473809bde
113285,2025-11-28T16:12:13Z,2025-12-01T10:55:33Z,master,human,MEMBER,4.6,1867600b8b950a543729304d352483da4ecff2ea
113288,2025-11-28T18:01:19Z,2025-12-03T22:55:55Z,master,human,CONTRIBUTOR,4.6,5a7e1bf0f4ecf6169acd266143d76741f4be33b4
113293,2025-11-28T19:46:43Z,2025-12-01T10:55:34Z,master,human,MEMBER,4.6,e02fe5d9b01d2f4552db92a4432e58b59faabad6
113296,2025-11-28T22:31:12Z,2025-12-05T08:46:33Z,master,human,MEMBER,4.6,6b0a74073ca2eb0cad4f2d52ea4f00d96f97f91a
113297,2025-11-28T23:28:29Z,2025-12-02T18:00:31Z,master,human,CONTRIBUTOR,4.6,cd8a2923244879220ca14db99ca12ff879c62152
113298,2025-11-28T23:42:36Z,2025-12-01T10:55:33Z,master,human,MEMBER,4.6,4dad75f968b96ce710030ff4b6552985f45e6beb
113300,2025-11-29T01:16:55Z,2025-12-01T10:55:33Z,master,human,CONTRIBUTOR,4.6,c7ae694d6bb753e18e27ce09ac2172c356e6e854
113302,2025-11-29T02:23:01Z,2025-12-01T10:55:33Z,master,human,CONTRIBUTOR,4.6,4d072556efc629e019ec5e25176395d3aa16395e
113306,2025-11-29T06:33:15Z,2025-12-01T10:55:33Z,master,human,CONTRIBUTOR,4.6,da3233a5b4a326803d60df128a5e89f789f1ec05
113320,2025-11-29T15:11:09Z,2025-12-03T09:36:56Z,master,human,CONTRIBUTOR,4.6,03546373f42b9983d471d69593638823a490d59b
113322,2025-11-29T15:35:50Z,2025-12-03T22:55:55Z,master,human,CONTRIBUTOR,4.6,66333f9d92166fed55cd5f9a6428e492466f5d44
113334,2025-11-29T18:12:47Z,2026-01-01T16:15:52Z,master,human,CONTRIBUTOR,4.6,51ff4d0458a8a269992b4a3ba2400f061bb927c1
113338,2025-11-29T20:53:26Z,2025-12-03T09:36:56Z,master,human,MEMBER,4.6,79106fdf40b013f1b59f0b4430bfdbfc6d2a06ca
113339,2025-11-29T22:00:13Z,2025-12-16T10:35:37Z,master,human,CONTRIBUTOR,4.6,318aeded6abbe5b118b063a01fa8b0cd4dc3e3ee
113341,2025-11-29T23:38:53Z,2025-12-08T18:01:22Z,master,human,CONTRIBUTOR,4.6,e98e8c555a060ab9a6a43413c122e8b03a73f629
113342,2025-11-30T00:31:17Z,2025-12-03T02:43:24Z,master,human,CONTRIBUTOR,4.6,c585681d72015879d44d206022fa595ad233aa2e
113346,2025-11-30T04:16:17Z,2025-12-01T10:55:33Z,master,human,MEMBER,4.6,1c7ef74f4f403180f8bbda5050e309c8e42cdaad
113351,2025-11-30T07:28:55Z,2026-02-06T14:23:24Z,master,human,CONTRIBUTOR,4.7,7cdd322fb9a8363c07200846b2123e70109a6f70
113352,2025-11-30T08:22:54Z,2025-12-15T14:06:21Z,master,human,CONTRIBUTOR,4.6,d18d3fb060393bdcdba40ca23a330aa228aa9a51
113353,2025-11-30T08:23:44Z,2025-12-01T12:45:48Z,master,human,CONTRIBUTOR,4.6,ad54cd403293b0933eba00e31b1be632b05a5056
113365,2025-11-30T17:59:20Z,2025-12-15T14:06:21Z,master,human,CONTRIBUTOR,4.6,4adf88033f879e582080eb02134422b27c2119c1
113366,2025-11-30T18:21:11Z,2025-12-05T08:46:33Z,master,human,CONTRIBUTOR,4.6,b3cec96b24a9713a867c6a787cac7139999f2d15
113367,2025-11-30T18:29:04Z,2025-12-02T18:00:31Z,master,human,MEMBER,4.6,bed803fcdacaa060b44059e39f4a0bd054e3441b
113372,2025-11-30T20:16:47Z,2025-12-01T10:55:33Z,master,human,CONTRIBUTOR,4.6,c1412af2553fc0eb8eef1f147ae0855ee15cd68e
113380,2025-12-01T01:27:19Z,2026-06-30T19:52:55Z,master,human,MEMBER,4.8,8dbf8a89910e4c8e5b73249884688653021a0074
113381,2025-12-01T02:10:40Z,2025-12-01T12:45:48Z,master,human,CONTRIBUTOR,4.6,39c74798397a56d6c0dbfdcb83469ca4a0465f9c
113383,2025-12-01T06:01:45Z,2025-12-01T10:55:33Z,master,human,CONTRIBUTOR,4.6,84abf392b64d0cb1ec12c64b96c98216277b9143
113385,2025-12-01T08:28:56Z,2026-07-22T01:26:40Z,master,human,CONTRIBUTOR,4.8,705ae3604f6eea95a9860756562ade568081678e
113387,2025-12-01T09:08:19Z,2025-12-03T14:05:59Z,master,human,CONTRIBUTOR,4.6,c5e643380d1f2395c9774bfcb1b4d2796199c770
113388,2025-12-01T09:23:09Z,2025-12-01T10:55:33Z,master,human,CONTRIBUTOR,4.6,7374a5e7c72819f1e839b3575bfad49176eece7a
113389,2025-12-01T10:11:09Z,2025-12-01T10:55:33Z,master,human,CONTRIBUTOR,4.6,7a207b3eaa6ebeb020a83b52467ddcab9ee1ccf4
113390,2025-12-01T10:35:09Z,2025-12-12T16:20:27Z,master,human,CONTRIBUTOR,4.6,e7d8609c73f43b437ade4e4a523430724c05f09a
113392,2025-12-01T11:34:44Z,2025-12-02T13:28:31Z,master,human,CONTRIBUTOR,4.6,5ef6b01b3f7d95eab0e2d1b49e99f1a3782a25b6
113393,2025-12-01T11:49:53Z,2025-12-01T12:45:48Z,master,human,MEMBER,4.6,725cf51353f36077f77a94227d6830fce930a27c
113395,2025-12-01T12:30:03Z,2025-12-01T12:45:48Z,master,human,CONTRIBUTOR,4.6,f5918a9d35350bf6402dd1b4902ab539747d77a6
113396,2025-12-01T12:43:38Z,2026-02-20T10:19:40Z,master,human,MEMBER,4.7,d364a63b88c1db52eb7d4fb5ad01a6f2b165cce5
113398,2025-12-01T13:55:51Z,2025-12-02T13:28:31Z,master,human,CONTRIBUTOR,4.6,8cee5355ff4ec2227c552ab8009e0c30dbfb748d
113403,2025-12-01T15:42:06Z,2025-12-02T13:28:31Z,master,human,CONTRIBUTOR,4.6,54e0254af240aa9df61c3d65093e9dd825683938
113407,2025-12-01T17:35:30Z,2025-12-02T13:28:31Z,master,human,MEMBER,4.6,f6092acb7b649fe19ab2d5390c82e43e29f0d6ad
113413,2025-12-01T22:39:26Z,2026-04-21T13:54:45Z,master,human,CONTRIBUTOR,4.7,06fc4f81654d46a5fb25c91b27c877597de45ab8
113415,2025-12-02T00:10:25Z,2025-12-03T17:49:47Z,master,human,MEMBER,4.6,f972ab80ec5aa3c62a3888c262fd0a54c2ca526f
113416,2025-12-02T00:14:18Z,2025-12-02T13:28:31Z,master,human,MEMBER,4.6,5a41bb884a0648ea475fa13827c7f193a4d3f0fe
113418,2025-12-02T00:21:13Z,2025-12-03T17:49:47Z,master,human,MEMBER,4.6,825d0fe94afce96b9230b3bb20d5cc4f2c1d34b5
113420,2025-12-02T00:38:07Z,2025-12-02T13:28:31Z,master,human,MEMBER,4.6,34cdf39db0a2fd2b68c157e1f9418e5deb980adb
113429,2025-12-02T05:59:01Z,2026-08-27T17:33:12Z,master,human,CONTRIBUTOR,4.8,7702cddc86acc2f560a179ca40b1f96e98ab6e90
113430,2025-12-02T07:44:01Z,2025-12-02T13:28:31Z,master,human,CONTRIBUTOR,4.6,dd8a830fcb8b4f1c8920dd64ee3196afdbc0f843
113432,2025-12-02T08:12:58Z,2025-12-02T13:28:31Z,master,human,CONTRIBUTOR,4.6,5f12ada7a4ae9c440e2b22be168c78dba0244075
113433,2025-12-02T08:26:24Z,2025-12-02T18:00:31Z,master,human,CONTRIBUTOR,4.6,bf10defa6d014a101ec29ad6e00eb18b63aefab6
113447,2025-12-02T12:47:14Z,2025-12-02T18:00:31Z,master,human,MEMBER,4.6,51d5a17055e053e3052291d31ee13a0fa6839f88
113450,2025-12-02T14:11:24Z,2025-12-03T22:55:55Z,master,human,MEMBER,4.6,25498c6b884a5d00ebac47e06e502d3351234aa0
113455,2025-12-02T14:48:57Z,2025-12-02T18:00:31Z,master,human,MEMBER,4.6,ec3f304ccc4babc833d2e8ba8d7f4bd68d889fa1
113457,2025-12-02T15:24:43Z,2025-12-03T02:43:24Z,master,human,MEMBER,4.6,9c78fafce20855632f28d076ae9f6b6c34c24520
113458,2025-12-02T15:36:27Z,2025-12-09T19:08:38Z,master,human,MEMBER,4.6,65c8c3dbca853ac65c7a2e1c52e583c7de3b53f5
113459,2025-12-02T16:01:17Z,2025-12-03T14:05:59Z,master,human,CONTRIBUTOR,4.6,973f1f4649170f9fbc69edf08cd80ff44ab2f87a
113460,2025-12-02T16:06:58Z,2025-12-02T18:00:31Z,master,human,CONTRIBUTOR,4.6,224f5e8914161b382e90c190c001ed23402921e5
113461,2025-12-02T16:09:48Z,2026-01-01T16:15:51Z,master,human,MEMBER,4.6,f655f60649b099df216a9b795eefdf732c52ddb2
113464,2025-12-02T17:51:08Z,2025-12-03T09:36:56Z,master,human,MEMBER,4.6,acb157df7a302ae7e91c3ca1edffc72f39f47814
113467,2025-12-02T19:28:42Z,2025-12-03T02:43:24Z,master,human,MEMBER,4.6,4fffa192172a44dbb87747bbbe7c3db2047f30a6
113469,2025-12-02T19:45:24Z,2026-02-04T00:09:29Z,master,human,CONTRIBUTOR,4.7,2487a297b236e28e8ddf96fa8d6b44a164c7cb2c
113470,2025-12-02T20:14:28Z,2025-12-03T02:43:24Z,master,human,CONTRIBUTOR,4.6,5db51a2d64e82250f878f69a6498e215e6ca411a
113471,2025-12-02T20:22:07Z,2025-12-03T02:43:24Z,master,human,CONTRIBUTOR,4.6,9f5309a2a498ae2adfe2e7ac48d9813fd8ecc490
113473,2025-12-02T21:24:47Z,2025-12-03T09:36:56Z,master,human,CONTRIBUTOR,4.6,7a228b4b9126d218425cb20b4846963b2dae489c
113475,2025-12-02T21:46:59Z,2026-01-01T16:15:51Z,master,human,CONTRIBUTOR,4.6,444bf2960b88daaf1fdf5a84f94affab557defac
113477,2025-12-02T21:51:14Z,2025-12-03T02:43:24Z,master,human,CONTRIBUTOR,4.6,c54c8b795bf8a3e005efa1cb21402b92c66d2ac4
113479,2025-12-02T23:55:47Z,2026-02-24T15:34:27Z,master,human,CONTRIBUTOR,4.7,15a4311583fbaad2eee5d2ecda5437eb9fd68c63
113486,2025-12-03T08:18:06Z,2025-12-08T18:01:22Z,master,human,CONTRIBUTOR,4.6,2f752fdfd0d8ab225b0f7feec5aef9da5efe0341
113489,2025-12-03T09:26:43Z,2025-12-03T17:49:47Z,master,human,MEMBER,4.6,61b58e881843dd54956ebfe14a8704fa2346b122
113492,2025-12-03T09:45:55Z,2025-12-03T14:05:59Z,master,human,MEMBER,4.6,cc0abdeb60c10499984cadc000a7bce5d1665f26
113493,2025-12-03T10:20:41Z,2025-12-03T14:05:58Z,master,human,CONTRIBUTOR,4.6,04107df01b7a776a78f929102f4f9e6e2df7f87f
113494,2025-12-03T10:30:32Z,2025-12-03T22:55:55Z,master,human,CONTRIBUTOR,4.6,8ad45dae15800df569b482e812830465f9b0134e
113500,2025-12-03T11:34:53Z,2025-12-03T14:05:58Z,master,human,CONTRIBUTOR,4.6,af6e91d3ccfca44bc1118476fb9b9b7aa2f59909
113503,2025-12-03T12:06:42Z,2025-12-03T14:05:58Z,master,human,MEMBER,4.6,2ecefada8d8ae0071ee05bb53e3e2f7cdff3853f
113507,2025-12-03T13:18:11Z,2025-12-03T17:49:47Z,master,human,MEMBER,4.6,d5b1ee5bc6c4854b237f734b9452ed5ec28e8bac
113509,2025-12-03T13:35:39Z,2026-03-06T18:44:27Z,master,human,CONTRIBUTOR,4.7,220b0b2f74d8e089481b140c42a42992a76dd6fc
113510,2025-12-03T14:31:30Z,2025-12-03T17:49:47Z,master,human,MEMBER,4.6,216fdd180356b28980374ccea205d74691e1d04a
113511,2025-12-03T14:37:06Z,2025-12-03T17:49:47Z,master,human,CONTRIBUTOR,4.6,416491dcdd06c5c7a271c507b510dd22fc3c35ca
113512,2025-12-03T15:04:16Z,2025-12-04T03:06:59Z,master,human,MEMBER,4.6,0755f096e0ded420124fe522ffd7495146237379
113514,2025-12-03T15:52:07Z,2025-12-03T22:55:55Z,master,human,MEMBER,4.6,2ab75a93df081c6717e3c96085ec67953052fbc1
113521,2025-12-03T18:36:41Z,2025-12-03T22:55:55Z,master,human,MEMBER,4.6,d7d09a91dfd2c0ad9543f2a7f6eaeb7a454c0883
113522,2025-12-03T19:29:41Z,2025-12-04T03:06:59Z,master,human,CONTRIBUTOR,4.6,5ba04e81ead6e7ca179bb63a600e826f91387c15
113524,2025-12-03T19:42:32Z,2025-12-04T12:37:47Z,master,human,CONTRIBUTOR,4.6,957094a1aa91f0fda27e3311dcf3250a1cfe1fd6
113525,2025-12-03T19:48:37Z,2025-12-05T12:00:35Z,master,human,CONTRIBUTOR,4.6,3135a406992e4bfa33ba83aab1ac11abe135f2c1
113526,2025-12-03T19:57:33Z,2025-12-04T12:37:47Z,master,human,MEMBER,4.6,8f3801aaeca3bae9a6f7387cee3518944e8fce61
113527,2025-12-03T20:01:23Z,2025-12-03T22:55:55Z,master,human,CONTRIBUTOR,4.6,d1ce45488d7001e2160f8967c60434460703c1f9
113531,2025-12-03T21:34:40Z,2025-12-03T22:55:55Z,master,human,CONTRIBUTOR,4.6,db077a4fec053d4f3d65dcd6b45dec95dbab5c2b
113533,2025-12-03T23:51:19Z,2025-12-11T00:17:04Z,master,human,CONTRIBUTOR,4.6,14e840dd752884c4d98cb16f5f6f5fb1604c1e3d
113537,2025-12-04T02:20:02Z,2025-12-19T11:04:27Z,master,human,CONTRIBUTOR,4.6,1be9fd7d50db9744d4d607a03710a46752017a9e
113541,2025-12-04T05:24:23Z,2025-12-04T14:57:02Z,master,human,CONTRIBUTOR,4.6,9449e8ccad5cbd992b6ffcef2e7c00d65eba28d6
113543,2025-12-04T05:55:48Z,2026-03-30T18:51:46Z,master,human,MEMBER,4.7,0f51ed609964e169e03de21a1f10a2369ddaebd2
113546,2025-12-04T06:54:16Z,2025-12-04T14:57:02Z,master,human,CONTRIBUTOR,4.6,37b00ce960bfd59bb6f13b9d33897bd9b44ec34f
113547,2025-12-04T07:06:16Z,2025-12-04T12:37:47Z,master,human,MEMBER,4.6,98954c5b388a367e4cc49a2a5f509d176d55f35c
113550,2025-12-04T08:30:13Z,2025-12-04T12:37:47Z,master,human,MEMBER,4.6,30fee670baf00f08e353e97531b929825c2fb983
113552,2025-12-04T09:26:00Z,2026-02-24T15:34:27Z,master,human,CONTRIBUTOR,4.7,929dddcee39b80e21233542ccecea876be9d1f4d
113553,2025-12-04T09:33:54Z,2025-12-04T14:57:02Z,master,human,MEMBER,4.6,877b113afa995323b176c22bc82d795e3caeecea
113554,2025-12-04T10:53:19Z,2025-12-04T12:37:47Z,master,human,MEMBER,4.6,c5f207fdcb326ce45f55cac55e368c26c97f8e58
113557,2025-12-04T12:21:03Z,2025-12-04T14:57:02Z,master,human,MEMBER,4.6,78d91947f689ea9eb4049f4d6371c0dfcfa0e62f
113562,2025-12-04T13:53:09Z,2026-09-21T15:07:12Z,master,human,CONTRIBUTOR,4.8,91bc663752f39277c259590f35eebfbae3065e08
113564,2025-12-04T14:22:10Z,2025-12-05T12:00:35Z,master,human,CONTRIBUTOR,4.6,9706b4e53a58ff2b451ae95a7d821722d54b646c
113572,2025-12-04T16:04:17Z,2025-12-05T08:46:33Z,master,human,MEMBER,4.6,27b185955d8c9aa6c4d6e7d76b2adafb95c2c214
113573,2025-12-04T16:10:15Z,2025-12-05T08:46:33Z,master,human,CONTRIBUTOR,4.6,8bff45aa3688827dc0c7ea007ad881df65980071
113574,2025-12-04T17:07:00Z,2025-12-09T18:34:04Z,master,human,MEMBER,4.6,d09a3d83ffb6ba2a612724d24343432cb1031c82
113575,2025-12-04T17:10:15Z,2025-12-18T14:05:25Z,master,human,MEMBER,4.6,30c2fc148e8062cd0ae3c613e1dfeac2f0a94ac9
113578,2025-12-04T17:49:16Z,2025-12-05T08:46:33Z,master,human,MEMBER,4.6,fdd47084bf58ebbfccb0440344b79fd41036ae3e
113580,2025-12-04T18:55:31Z,2025-12-05T08:46:33Z,master,human,MEMBER,4.6,94eeedd4d6ed1f871ecbbc82b5a76aaa3d88d98a
113581,2025-12-04T19:14:03Z,2025-12-05T08:46:34Z,master,human,MEMBER,4.6,09abc058782b819a99f176de3cf9452eb4f544d1
113582,2025-12-04T19:15:08Z,2025-12-08T18:01:22Z,master,human,CONTRIBUTOR,4.6,0e51e58f9dc8959ea487bc89576ec74e69be0f8a
113585,2025-12-04T20:10:52Z,2025-12-05T08:46:33Z,master,human,CONTRIBUTOR,4.6,4b448fdd19c8722e17154c3e5d16e70798b68d40
113586,2025-12-04T20:18:04Z,2026-03-14T11:21:12Z,master,human,MEMBER,4.7,422be7031a07cd0dc3d2f61bc4f6596c790e844d
113587,2025-12-04T20:18:55Z,2025-12-05T12:00:35Z,master,human,MEMBER,4.6,204e784bcae27e0f810e1abf5cd0b88b041e18d4
113591,2025-12-04T21:04:46Z,2025-12-08T18:01:22Z,master,human,MEMBER,4.6,ebc5a9b1fb0e1faecfea6727e839235342d6495e
113594,2025-12-04T21:37:00Z,2026-01-19T09:49:19Z,master,human,CONTRIBUTOR,4.6,1cdf69b88f456f1a1c590dc267dc5bd4d46a6f15
113598,2025-12-04T22:30:28Z,2025-12-08T18:01:22Z,master,human,MEMBER,4.6,4f523ec895acfff43550699a8af0537a929d0d54
113599,2025-12-04T22:46:17Z,2025-12-05T08:46:33Z,master,human,CONTRIBUTOR,4.6,ed02f9e03d5cbba9b3a927e9ef390b4ef0bb04fe
113600,2025-12-04T23:11:43Z,2025-12-05T12:00:35Z,master,human,MEMBER,4.6,c1bbaca12a03eb1957ab85f54ddccb0c17019f76
113601,2025-12-04T23:11:55Z,2025-12-05T08:46:33Z,master,human,CONTRIBUTOR,4.6,eb389feaf2d5e5aadde97d7702fe6b7268dfd573
113605,2025-12-05T03:58:38Z,2026-04-06T18:07:08Z,master,human,MEMBER,4.7,a7060f5c86b6df128b6dd6c5277278b8bfb7817c
113608,2025-12-05T07:02:48Z,2025-12-18T14:05:25Z,master,human,MEMBER,4.6,00f4fb72715a9070eb8d81c2fcf285e5d1f1b8d8
113609,2025-12-05T07:13:01Z,2025-12-08T18:01:22Z,master,human,CONTRIBUTOR,4.6,db8b25e62aa2c1902f5a90b3c2d312a06ff69889
113611,2025-12-05T08:21:28Z,2025-12-05T08:46:33Z,master,human,MEMBER,4.6,3edd256a6f8f72d8c656f02e319e280151187840
113612,2025-12-05T08:41:05Z,2025-12-08T18:01:22Z,master,human,CONTRIBUTOR,4.6,979b6191302ea6522e9a7d5703e256b0afa5358c
113615,2025-12-05T09:44:17Z,2025-12-05T12:00:35Z,master,human,MEMBER,4.6,0156b2bcd6e2f392f9f3626caac1f4dbf3cc7edb
113616,2025-12-05T09:49:04Z,2025-12-11T00:17:04Z,master,human,CONTRIBUTOR,4.6,73318cd8d018bff55a8c34ab9b3f5e66ba809186
113618,2025-12-05T11:36:24Z,2025-12-12T20:22:06Z,master,human,MEMBER,4.6,a6f313c755d570f5d1e9a3d6f2bfb71e60fcac3d
113619,2025-12-05T11:38:25Z,2025-12-11T18:16:43Z,master,human,MEMBER,4.6,bb4b4e3890ac4a7b718e4a268020a2d9bd266493
113622,2025-12-05T12:56:43Z,2025-12-05T13:21:59Z,master,human,CONTRIBUTOR,4.6,dec5a373d97cbadce5e1fabe6095ae9957ff3aa6
113626,2025-12-05T14:12:28Z,2025-12-08T18:01:22Z,master,human,CONTRIBUTOR,4.6,7f520e7456dccced8d2b3398d10ab2d4ad5ebe46
113630,2025-12-05T14:40:19Z,2026-01-07T00:46:24Z,master,human,MEMBER,4.6,8254d1383621c854fdbe58b196094145bd8375d7
113631,2025-12-05T14:51:33Z,2026-01-05T11:08:48Z,master,human,CONTRIBUTOR,4.6,04c7c7d2267d9b708c7612a4215c46d97911e3f3
113632,2025-12-05T15:02:45Z,2025-12-09T19:26:57Z,master,human,MEMBER,4.6,3ee5620c73c49dcdbb95778e170afe823377a71d
113633,2025-12-05T15:47:51Z,2025-12-08T18:01:22Z,master,human,MEMBER,4.6,e076acfcccfcf380419f265a8f3cafef6a25d099
113637,2025-12-05T16:55:47Z,2025-12-08T18:01:22Z,master,human,CONTRIBUTOR,4.6,de8a64ed56db3e948aa4450465c17bba31a3e328
113639,2025-12-05T17:03:40Z,2025-12-08T18:01:22Z,master,human,CONTRIBUTOR,4.6,026f04e67e2c2a46d0e0620165e8e0e8fa61f1c7
113642,2025-12-05T18:04:39Z,2026-01-06T16:01:52Z,master,human,MEMBER,4.6,46eb6e93e846a71ee7776f75f4846f01e8b382bd
113643,2025-12-05T18:23:18Z,2025-12-11T00:17:04Z,master,human,MEMBER,4.6,a566a01b4791a9ff65e471cc300370c4fb58c675
113645,2025-12-05T20:14:39Z,2025-12-18T14:05:25Z,master,human,MEMBER,4.6,6e70db94bc0c540d4149c57c66c89309068bdc66
113648,2025-12-05T21:53:31Z,2025-12-18T14:05:25Z,master,human,CONTRIBUTOR,4.6,e43485a9ee6479da2ccc353490790e1302599643
113649,2025-12-05T22:30:28Z,2025-12-08T18:01:22Z,master,human,MEMBER,4.6,757bba192ef4c3254b44bc0d2c8cf36aa3343e30
113650,2025-12-05T22:44:00Z,2025-12-09T16:49:35Z,master,human,CONTRIBUTOR,4.6,a2d0545cef0490a5c1dec28592ea0e86cdea92ed
113656,2025-12-06T02:37:35Z,2025-12-16T10:35:37Z,master,human,MEMBER,4.6,5d5db072f38108ff79e24f9a072867b9bc9e11ed
113660,2025-12-06T03:44:17Z,2025-12-17T21:33:39Z,master,human,MEMBER,4.6,e4c542d5a442e2d5fdf3fbad346dadb5b93c845c
113664,2025-12-06T04:58:46Z,2026-03-04T17:23:57Z,master,human,CONTRIBUTOR,4.7,b357ac94995738d46b903074f8ee71aca6d68c25
113666,2025-12-06T07:26:43Z,2025-12-11T18:16:43Z,master,human,MEMBER,4.6,3516c26bf47133f12d5b2d7311171a9e1f16f867
113688,2025-12-06T18:14:31Z,2025-12-09T16:49:35Z,master,human,MEMBER,4.6,4f4a27b311a581b64281898aa45c5c9d892cd893
113690,2025-12-06T18:52:54Z,2025-12-15T14:06:21Z,master,human,MEMBER,4.6,00c5af7ff0f0350c9e0c1df260f1b2ddcb5d2437
113692,2025-12-06T20:21:39Z,2025-12-16T11:52:10Z,master,human,MEMBER,4.6,b3584527e5b1d97b1656f5a18dae98d199c9c598
113697,2025-12-07T03:48:39Z,2025-12-09T16:49:35Z,master,human,CONTRIBUTOR,4.6,0cb60c82fb761f9371b057a299b355c08d6cfe35
113701,2025-12-07T09:07:29Z,2025-12-08T18:01:22Z,master,human,CONTRIBUTOR,4.6,e56ea15a03cc4340d774622fa9d1030b50d80a07
113703,2025-12-07T10:21:57Z,2026-01-01T16:15:51Z,master,human,CONTRIBUTOR,4.6,fddee74cb013f93a93e41dd067165f51e93160cd
113706,2025-12-07T11:03:44Z,2025-12-09T16:49:35Z,master,human,CONTRIBUTOR,4.6,66b6ea492f57d779a12c81760b2491f43ef7172f
113708,2025-12-07T11:33:52Z,2025-12-09T16:49:35Z,master,human,CONTRIBUTOR,4.6,03b0a0b09625eb521fb08e40e117396cd8fe179a
113709,2025-12-07T11:47:40Z,2025-12-08T18:01:22Z,master,human,CONTRIBUTOR,4.6,7cf9ee862eb6d79057088a66ba8111a239a83ed0
113711,2025-12-07T13:16:14Z,2025-12-09T16:49:35Z,master,human,CONTRIBUTOR,4.6,8a14c0fb87c6f3d20b044de2b8570b8cf595490d
113713,2025-12-07T14:44:31Z,2025-12-12T16:20:27Z,master,human,CONTRIBUTOR,4.6,67c579bcef669f7278138613ba305575ce30680f
113714,2025-12-07T15:15:54Z,2025-12-08T18:01:22Z,master,human,CONTRIBUTOR,4.6,fdc9ed0b08d15e70d7ac0360ded8d9d9137fdd96
113723,2025-12-07T18:22:32Z,2025-12-11T18:16:43Z,master,human,MEMBER,4.6,afefed5adf0a73cd9b2aaf6b8dcbe6ccc6ebfc16
113728,2025-12-07T21:23:06Z,2025-12-11T18:16:43Z,master,human,CONTRIBUTOR,4.6,289321ad1ea0333d65869e22242a336d4d7af0f8
113730,2025-12-07T21:30:56Z,2025-12-08T18:01:22Z,master,human,CONTRIBUTOR,4.6,f6cb714037daf98d15324e2657f0384bf01b767e
113733,2025-12-07T23:51:50Z,2025-12-12T20:22:06Z,master,human,MEMBER,4.6,c50d2c319c8a42be0af9dd9fc549013ed89656ff
113740,2025-12-08T06:39:27Z,2025-12-15T19:06:15Z,master,human,CONTRIBUTOR,4.6,fbf6956fe4b7ea32d3ba3c73a7f564ed648c08fa
113741,2025-12-08T08:16:42Z,2025-12-08T18:01:22Z,master,human,MEMBER,4.6,5cd9d2d9be62e8fe28f2626ab38e0fdbb6515856
113742,2025-12-08T08:17:04Z,2025-12-08T18:01:22Z,master,human,MEMBER,4.6,f3e8007ce705d09c60e29bfb1593bf481479dcca
113743,2025-12-08T10:53:59Z,2026-02-06T14:23:24Z,master,human,CONTRIBUTOR,4.7,ff7d5cb3d0365ec8e0b3b33bacd4983bca377178
113744,2025-12-08T11:25:51Z,2025-12-08T18:01:22Z,master,human,MEMBER,4.6,7d517902e3f32d9b8f1f58bb4e8a618782fccf68
113746,2025-12-08T11:41:54Z,2025-12-09T16:49:35Z,master,human,CONTRIBUTOR,4.6,eb79fb80dea7bea2bfbbdb92490ed1cc4eae9b0e
113748,2025-12-08T12:51:11Z,2026-01-27T21:28:25Z,master,human,MEMBER,4.7,98b40fa189ae9f3a9e262c59444d2a33fcfe48cf
113753,2025-12-08T14:25:08Z,2025-12-15T14:06:21Z,master,human,CONTRIBUTOR,4.6,2da239fa220fc6226cb20035ce2d099cf9f6bd3f
113754,2025-12-08T15:02:33Z,2025-12-09T16:49:35Z,master,human,CONTRIBUTOR,4.6,ee8b979d857de580919c60fadf3c13be140cbf5c
113755,2025-12-08T16:23:30Z,2025-12-09T16:49:35Z,master,human,MEMBER,4.6,64640a01c71a9ccc68c4ec8f731a7f13d4f1deb5
113757,2025-12-08T16:37:31Z,2025-12-11T18:16:43Z,master,human,MEMBER,4.6,1cf31805370716ce8160ddc1394b9820249a21f7
113761,2025-12-08T18:21:15Z,2026-01-29T00:03:46Z,master,human,CONTRIBUTOR,4.7,6539f7fade83809ab898ed3be71d27241b6672e3
113762,2025-12-08T18:37:59Z,2026-03-23T21:45:26Z,master,human,CONTRIBUTOR,4.7,40be61def84111f16027d6af20786f8d8029e27f
113765,2025-12-08T19:10:51Z,2026-01-27T21:28:26Z,master,human,CONTRIBUTOR,4.7,0f8a70976861a154e481544e11849e65b509ffa4
113767,2025-12-08T19:26:21Z,2026-02-23T18:06:07Z,master,human,CONTRIBUTOR,4.7,2d458b9b96cf0402fb1dda107c71e33d1935d22c
113772,2025-12-08T20:36:36Z,2026-03-30T18:51:46Z,master,human,CONTRIBUTOR,4.7,bcf3d9a9c6f3f79b3bd3a45ce193db740738fa62
113773,2025-12-08T21:24:56Z,2025-12-17T21:33:39Z,master,human,MEMBER,4.6,789bdbd25d837b20a0fbdecfb94e8b01bc672a7c
113774,2025-12-08T21:26:25Z,2025-12-18T14:05:25Z,master,human,CONTRIBUTOR,4.6,6370912e1360304cdd0387893f7d3ad39744b6d4
113775,2025-12-08T22:20:03Z,2025-12-09T16:49:35Z,master,human,MEMBER,4.6,f8ea55122affa04fd2afe0ef9dde1c9b4768c5d0
113776,2025-12-08T22:30:31Z,2025-12-09T16:49:35Z,master,human,MEMBER,4.6,abc1b82d12160af87c26c1e5c9da5909a64b6aae
113781,2025-12-09T00:14:51Z,2026-01-27T21:28:25Z,master,human,MEMBER,4.7,75cd151cb0177ae3a07d79b297cc31000026dae2
113782,2025-12-09T00:53:30Z,2025-12-12T16:20:27Z,master,human,CONTRIBUTOR,4.6,9785d4435d1f17a058922441ac71985149db416c
113785,2025-12-09T04:03:28Z,2025-12-09T16:49:35Z,master,human,CONTRIBUTOR,4.6,d71335c74d0f21a3a1db563ea76100a7cd2d8757
113786,2025-12-09T04:27:11Z,2026-01-07T17:00:26Z,master,human,NONE,4.6,5d9722e83288f33827bcad70561f0737f8cde456
113788,2025-12-09T04:57:21Z,2025-12-09T16:49:35Z,master,human,CONTRIBUTOR,4.6,5e3fb0d6c664fda1b6b076a7891eb842a5c428c9
113789,2025-12-09T05:03:39Z,2025-12-09T16:49:34Z,master,human,CONTRIBUTOR,4.6,6ca17e29aa2dd01c8725f14855735d408d93fbd3
113790,2025-12-09T06:48:31Z,2025-12-18T22:36:08Z,master,human,CONTRIBUTOR,4.6,d9914b5877705405559412a80db03590aefa9abb
113794,2025-12-09T09:51:57Z,2025-12-15T23:45:49Z,master,human,MEMBER,4.6,3f566a80228a8a48a950679f137fa2ca8afd37c8
113800,2025-12-09T12:10:18Z,2025-12-17T13:01:14Z,master,human,MEMBER,4.6,8e4847eed9ef5cefc2cce1988a0d4b79e5ae85e5
113801,2025-12-09T12:42:13Z,2025-12-09T16:49:35Z,master,human,MEMBER,4.6,eaddff155e4a773f9165b070bc5077e065089af8
113802,2025-12-09T13:32:52Z,2025-12-11T00:17:04Z,master,human,MEMBER,4.6,fe638bc5cd903e8ed07bc7cd13e8218bb6334791
113804,2025-12-09T15:46:30Z,2025-12-09T16:49:34Z,master,human,MEMBER,4.6,639b7cefa125f5f2b991757bf47516dbbf589a7d
113807,2025-12-09T16:37:12Z,2025-12-09T18:34:04Z,master,human,CONTRIBUTOR,4.6,e6a5a52a5bdd51bd8762062319c0bd8c4af1bebf
113808,2025-12-09T16:44:04Z,2026-02-20T02:31:49Z,master,human,MEMBER,4.7,25045e365f8be5e852736a92430b4bcfce64fd24
113812,2025-12-09T19:22:15Z,2025-12-10T07:01:02Z,master,human,CONTRIBUTOR,4.6,3c5a2732d463329bd66870cda9ceeb67e4e477c8
113813,2025-12-09T20:14:07Z,2025-12-10T07:01:02Z,master,human,MEMBER,4.6,cce211f7d4e4ad62562b05c2d57d495a4a19bc10
113814,2025-12-09T20:30:43Z,2025-12-11T00:17:04Z,master,human,MEMBER,4.6,0bc58d12174e156ea7f25c886e3261309b8a4baf
113815,2025-12-09T20:48:21Z,2025-12-11T00:17:04Z,master,human,CONTRIBUTOR,4.6,dea2fea0bc99fe73caa70cdecf98f1e6f4495b9e
113816,2025-12-09T21:12:59Z,2025-12-12T16:20:27Z,master,human,MEMBER,4.6,3ff4c195087bbc0e1eb21ebf966a75484e2f1d1d
113818,2025-12-09T21:28:48Z,2025-12-10T07:01:02Z,master,human,MEMBER,4.6,9a64a0177bd293060ddd176e8d2d5d90ff98a7d6
113820,2025-12-09T21:56:09Z,2025-12-10T07:01:02Z,master,human,CONTRIBUTOR,4.6,d743736f84fb668bcdfb5bf86258e483f35c6fec
113822,2025-12-09T22:50:50Z,2025-12-11T00:17:04Z,master,human,CONTRIBUTOR,4.6,5831c53ed6550aeb358ccb174d622921bf15dc24
113824,2025-12-09T23:07:05Z,2025-12-11T00:17:04Z,master,human,CONTRIBUTOR,4.6,83934a55dbf021dd3901c8ef0eb9e2c6a80a3de4
113828,2025-12-10T00:50:11Z,2025-12-11T00:17:04Z,master,human,CONTRIBUTOR,4.6,db413b26320ddc1be8496688ed9c061f48f8b841
113830,2025-12-10T01:46:40Z,2025-12-11T00:17:04Z,master,human,CONTRIBUTOR,4.6,3e58beca972e15ecccdfc16bd4a5e4be1f7bc429
113835,2025-12-10T07:18:23Z,2025-12-11T00:17:04Z,master,human,CONTRIBUTOR,4.6,52d259d6547bd2426e1403a7b79870e55c2a5aae
113837,2025-12-10T11:20:43Z,2025-12-15T14:06:21Z,master,human,MEMBER,4.6,7ee6a0bbca49b2c7a50ab3516edc70a1506f3c20
113842,2025-12-10T12:28:59Z,2026-01-06T10:03:55Z,master,human,MEMBER,4.6,bc6f6a6358027a42a0aeff3cefed182c7bec11a0
113844,2025-12-10T12:33:04Z,2025-12-11T00:17:04Z,master,human,CONTRIBUTOR,4.6,e0c40c7ee17ad8603b15c28d3503077d374fb34a
113848,2025-12-10T13:57:42Z,2025-12-11T00:17:04Z,master,human,CONTRIBUTOR,4.6,49ec6b0b9096e56aa2dc0373dec9f9e8512ca087
113851,2025-12-10T15:21:50Z,2025-12-11T00:17:04Z,master,human,CONTRIBUTOR,4.6,1311629bce3d213f857f16cfbeb14d57df2dab60
113856,2025-12-10T17:44:35Z,2025-12-11T18:16:43Z,master,human,MEMBER,4.6,4f4f272423e6c4c527075b662e60200a8f23f151
113857,2025-12-10T18:06:42Z,2025-12-11T00:17:04Z,master,human,MEMBER,4.6,2553b70496ade853e788ae451861368ce7d4f0f0
113859,2025-12-10T18:57:27Z,2025-12-11T00:17:03Z,master,human,MEMBER,4.6,6c01624340233c265fe0cbb4bab5139f1988e9fa
113861,2025-12-10T19:35:39Z,2026-03-06T18:44:27Z,master,human,CONTRIBUTOR,4.7,13881f251fbd06d6b566b406eb8364976188ed9b
113870,2025-12-10T23:56:56Z,2025-12-21T09:50:05Z,master,human,CONTRIBUTOR,4.6,4014b4acf056da0578c3dd303d7adf5e6182f0b9
113871,2025-12-11T00:22:48Z,2025-12-15T19:06:15Z,master,human,MEMBER,4.6,1efa8b177f5a256f5c88baa09a164172f914885e
113873,2025-12-11T00:38:05Z,2026-02-03T14:18:41Z,master,human,CONTRIBUTOR,4.7,3a2865861d6833eab8919e10e897e1fed4e73606
113875,2025-12-11T01:03:02Z,2025-12-15T14:06:21Z,master,human,CONTRIBUTOR,4.6,44800f9ea693086409035e7c35be5d06a410c221
113878,2025-12-11T06:01:52Z,2025-12-15T14:06:21Z,master,human,CONTRIBUTOR,4.6,5311b5e4d0ecce38908eb292b69ade1b0eefa261
113879,2025-12-11T06:02:41Z,2026-03-30T18:51:46Z,master,human,MEMBER,4.7,2d327c811c667880929f47672629957168710615
113886,2025-12-11T10:35:15Z,2026-04-15T19:08:40Z,master,human,MEMBER,4.7,21dbe711c5f6c4e56d5917b42ac6f159eb93c559
113888,2025-12-11T12:34:56Z,2025-12-12T20:22:06Z,master,human,CONTRIBUTOR,4.6,451336dfbb17bfdf8ccd7355f40e153cb1c84e5e
113890,2025-12-11T13:53:43Z,2025-12-11T18:16:43Z,master,human,MEMBER,4.6,7413f0195f236ad7f1a7469b19043edff1e9ae90
113893,2025-12-11T14:17:46Z,2025-12-12T16:20:27Z,master,human,MEMBER,4.6,abcd160145a0ac12fc5526d89854cf7e67c59606
113895,2025-12-11T15:10:57Z,2026-01-05T16:18:27Z,master,human,CONTRIBUTOR,4.6,76cd830ba956711d5394d081ed4395c537605472
113896,2025-12-11T15:12:02Z,2025-12-17T21:33:39Z,master,human,MEMBER,4.6,4cb5e8fc5f3f29a901c8797b39a74c5596fb3754
113903,2025-12-11T16:58:48Z,2025-12-17T21:33:39Z,master,human,CONTRIBUTOR,4.6,42c3e683c8ac9ab0c65a0dcee7bc4e183922eb7e
113905,2025-12-11T17:14:17Z,2026-04-13T16:47:46Z,master,human,CONTRIBUTOR,4.7,ee00d63bb2ac271c51d781985be780add6e3e2f8
113908,2025-12-11T19:51:18Z,2025-12-15T23:45:49Z,master,human,MEMBER,4.6,76972d691d988b195ce80aadfcb6456881348369
113912,2025-12-11T21:38:32Z,2025-12-12T16:20:27Z,master,human,MEMBER,4.6,12eaddd40ae7990a6ee21fc007e38b9bbfe8ad33
113915,2025-12-11T23:45:27Z,2025-12-12T20:22:06Z,master,human,CONTRIBUTOR,4.6,08e6cd181f98f9ca3f58d89af0a54ce3768552d3
113916,2025-12-12T00:23:23Z,2025-12-12T16:20:27Z,master,human,MEMBER,4.6,dc74262a175495efcf6e4c87b272eed5c1cd3df2
113917,2025-12-12T00:45:28Z,2025-12-19T11:04:27Z,master,human,MEMBER,4.6,9302ec9f21195fc7fc8e7f058b9f98dea22be3f4
113920,2025-12-12T06:06:53Z,2026-01-27T21:28:27Z,master,human,MEMBER,4.7,58207b516f22a576c4d87e83e6a7555a752d4264
113922,2025-12-12T09:27:28Z,2025-12-12T20:22:06Z,master,human,CONTRIBUTOR,4.6,6edec57535f76fe2b7352ced73f3d0c6b604f9fd
113923,2025-12-12T09:54:23Z,2026-06-29T20:19:15Z,master,human,CONTRIBUTOR,4.8,4cd2d92ae0fe7b2bd9ccab97178daa82911b1d70
113924,2025-12-12T10:18:20Z,2025-12-12T20:22:06Z,master,human,CONTRIBUTOR,4.6,c180b5e569ec21f0a635883179dabfa8f457a40f
113926,2025-12-12T11:33:16Z,2025-12-12T16:20:27Z,master,human,MEMBER,4.6,f9b48a5592932e2ed1c41313840bdf3859e477ba
113927,2025-12-12T11:48:15Z,2025-12-12T16:20:27Z,master,human,CONTRIBUTOR,4.6,2b4569dd67f563cc33e15f372b109637e254a926
113933,2025-12-12T14:32:44Z,2025-12-15T14:06:21Z,master,human,MEMBER,4.6,43bbffa5a1748eef8984bbefff2bbfbe679e0a17
113934,2025-12-12T14:38:52Z,2025-12-12T16:20:27Z,master,human,MEMBER,4.6,e2a10cd46f01a5973e905e30c70d91415555788d
113935,2025-12-12T14:43:27Z,2025-12-12T20:22:06Z,master,human,MEMBER,4.6,17c1f502cce932f50ad9cfee80df486233e02615
113936,2025-12-12T15:34:59Z,2025-12-12T20:22:06Z,master,human,MEMBER,4.6,eb22beab516a82c2b73cad66296fd260cb4326f0
113938,2025-12-12T16:21:07Z,2025-12-12T20:22:06Z,master,human,MEMBER,4.6,43d541195efd8c08760bc39a4326e030677e5306
113939,2025-12-12T16:21:11Z,2026-01-20T08:53:29Z,master,human,CONTRIBUTOR,4.6,d1a03b30af9ae85caacc0b1c82bf0a9229f28fcc
113940,2025-12-12T16:25:42Z,2025-12-12T20:22:06Z,master,human,MEMBER,4.6,d3613aaf606507a9d3c01beae286941a719283cd
113944,2025-12-12T17:43:20Z,2025-12-15T14:06:21Z,master,human,MEMBER,4.6,635160a1c71a1094b8ada310a70180ea5acaa846
113945,2025-12-12T17:50:00Z,2025-12-12T20:22:06Z,master,human,MEMBER,4.6,9bdae4260b5fb38d4cc4eea9c466f8ee3fc52875
113946,2025-12-12T18:14:03Z,2025-12-16T10:35:37Z,master,human,MEMBER,4.6,d84a8a63fa9273ae0318d30222fb71624910c6e1
113947,2025-12-12T18:19:33Z,2025-12-16T10:35:37Z,master,human,MEMBER,4.6,3e2f769ddf472f02cc0973858fe7c89989339130
113949,2025-12-12T18:35:25Z,2026-01-13T10:14:37Z,master,human,MEMBER,4.6,865dbfc2fb7d653070b8822c6d39404cda64616d
113950,2025-12-12T18:44:16Z,2026-01-13T10:14:37Z,master,human,MEMBER,4.6,571c574f96edcb6eaf3a4bd7885cf6a75072b127
113954,2025-12-12T19:48:14Z,2026-03-04T20:35:15Z,master,human,MEMBER,4.7,890567325ecffc8e7912b1caa76882883e4283cc
113956,2025-12-12T20:40:17Z,2026-02-27T14:53:46Z,master,human,CONTRIBUTOR,4.7,e42575d23fe62eaaf2a7ede233b1d5e9a0c12545
113957,2025-12-12T20:41:44Z,2025-12-18T22:36:08Z,master,human,MEMBER,4.6,7f58b23c72f7025f42e647e7146d8dbd92ce41b0
113960,2025-12-12T21:15:22Z,2025-12-15T14:06:21Z,master,human,MEMBER,4.6,e1b9adac9a9027e68a716d18e2dce825b9ba14c9
113961,2025-12-12T21:20:28Z,2025-12-15T14:06:21Z,master,human,MEMBER,4.6,8cfbdf5231a0e613aeee1bbc8a11f4f8fbf5181e
113962,2025-12-12T21:23:48Z,2025-12-15T14:06:21Z,master,human,MEMBER,4.6,23e956443b3910cef1e3eb30e4368ef4caa0ff06
113963,2025-12-12T21:24:58Z,2025-12-15T14:06:21Z,master,human,MEMBER,4.6,afd4e0f67b5df906c886203cddd5d5525df05e71
113964,2025-12-12T21:31:24Z,2025-12-15T14:06:21Z,master,human,MEMBER,4.6,fe6f69fcbfaa191b1c6472ca0b38a17bc95a094c
113965,2025-12-12T21:40:36Z,2025-12-15T14:06:21Z,master,human,MEMBER,4.6,4d0ddafa2157dc53e6f02cc2bba57cebfc0b0ec2
113966,2025-12-12T22:04:14Z,2025-12-15T14:06:21Z,master,human,MEMBER,4.6,6f33ef8c0e43be91041a7029cda1d3b1b3b311a9
113967,2025-12-12T22:11:34Z,2025-12-15T14:06:21Z,master,human,MEMBER,4.6,cf66274d81cbf953f91ec82fb4f89694d6870410
113968,2025-12-12T22:26:25Z,2025-12-15T23:45:49Z,master,human,MEMBER,4.6,233a00c474330f4b0543d58223547378bf93c98b
113969,2025-12-12T22:39:47Z,2025-12-15T14:06:21Z,master,human,CONTRIBUTOR,4.6,eacf3109d73b7d4d68a8482b418c49ad383cd3c6
113970,2025-12-12T22:56:03Z,2026-09-22T19:09:50Z,master,human,CONTRIBUTOR,4.8,aa5b7ef8ffe8030a3cf6f9c87bc9a63105d17d59
113974,2025-12-13T01:47:36Z,2025-12-15T14:06:21Z,master,human,CONTRIBUTOR,4.6,64a12e59f8cd9eb4bf3a549ec2224926a38a3e50
113977,2025-12-13T08:18:55Z,2025-12-15T14:06:21Z,master,human,MEMBER,4.6,206f1b5a7ccef34780480682aa36138113f0dccf
113979,2025-12-13T09:07:36Z,2026-01-09T09:48:15Z,master,human,CONTRIBUTOR,4.6,f33a83cdfed20d9636af2bb86f361f59e5a06d9c
113982,2025-12-13T09:35:03Z,2025-12-15T14:06:21Z,master,human,MEMBER,4.6,14d8c55cfa95922c93078b671e26b1056358de9c
113983,2025-12-13T09:41:26Z,2025-12-15T14:06:21Z,master,human,MEMBER,4.6,5f56002e5b5ad5823271b446ec00c9268f84c3fe
113985,2025-12-13T12:16:16Z,2025-12-15T14:06:21Z,master,human,MEMBER,4.6,9d4279846f4bbbfe0e550cedb5c29e719038f35b
113986,2025-12-13T12:32:40Z,2025-12-17T13:01:14Z,master,human,MEMBER,4.6,44cd99517e80d885ad09aa5d73ec06c5ed500c68
113987,2025-12-13T13:58:50Z,2026-06-23T19:55:12Z,master,human,MEMBER,4.8,91c400d121beab34f7618f6523e39e5121a90247
113988,2025-12-13T14:44:11Z,2026-01-01T16:15:51Z,master,human,MEMBER,4.6,37ac9d563632b289b05f566a4685aec07f108196
113990,2025-12-13T15:27:02Z,2025-12-15T14:06:21Z,master,human,MEMBER,4.6,6f7cd362d13ebbb152e37632570543dea369f38e
114001,2025-12-13T20:44:16Z,2025-12-15T19:06:15Z,master,human,CONTRIBUTOR,4.6,c341d7c25fc1f2b0487aa5f95e3c1b7bcfece021
114015,2025-12-14T14:43:54Z,2025-12-15T19:06:15Z,master,human,CONTRIBUTOR,4.6,53fb0f0b57391558fa9f529f3fa67247238a4197
114026,2025-12-15T00:40:36Z,2025-12-15T14:06:21Z,master,human,CONTRIBUTOR,4.6,21181750c18ba0bf6bf585075b00e38ae91a6d48
114027,2025-12-15T07:08:44Z,2025-12-16T10:35:37Z,master,human,MEMBER,4.6,9d8180edb80fc7c70c8b9333c581b0abf6628ddb
114032,2025-12-15T12:13:01Z,2026-01-07T00:46:24Z,master,human,MEMBER,4.6,3caa11c75d88b8b45a11bd62d43db5df6d7226b4
114033,2025-12-15T12:18:36Z,2025-12-15T19:06:15Z,master,human,CONTRIBUTOR,4.6,2589c4da64e849ba58eaab6777d8c5a18c802b43
114035,2025-12-15T14:21:33Z,2025-12-17T21:33:39Z,master,human,MEMBER,4.6,bdee84630dfe71bf9cd3c4a8e8217760c31d4378
114037,2025-12-15T14:54:08Z,2025-12-17T02:40:15Z,master,human,MEMBER,4.6,590c310d19d9085fe552bb512a3ccbd312a968c2
114039,2025-12-15T15:08:21Z,2025-12-15T19:06:15Z,master,human,CONTRIBUTOR,4.6,3c7e8afdb4609b2c4a06c47abffd6615ac27e960
114040,2025-12-15T15:27:11Z,2025-12-16T10:35:37Z,master,human,MEMBER,4.6,7b1a525f173838057618a6609d29357cbfe33ca8
114043,2025-12-15T16:40:22Z,2025-12-16T11:52:10Z,master,human,MEMBER,4.6,5cb1ec590036fba44cdd8e727136ec6c25f11660
114045,2025-12-15T17:07:09Z,2026-02-16T21:10:17Z,master,human,CONTRIBUTOR,4.7,b21b4106b4fc731356caa5b1c6f64ba536b88781
114047,2025-12-15T17:34:32Z,2025-12-15T19:06:15Z,master,human,CONTRIBUTOR,4.6,4b6c88deda6c183d397819cb327dcbb95ecc1fcf
114051,2025-12-15T19:38:37Z,2025-12-15T23:45:49Z,master,human,MEMBER,4.6,1aa9035ac29dcf910f88de4a9ff17bea70900af8
114053,2025-12-15T20:00:37Z,2026-01-01T16:15:51Z,master,human,MEMBER,4.6,57384a78de0bad45a785bb6cb614a1846bce0014
114054,2025-12-15T20:14:19Z,2025-12-17T21:33:39Z,master,human,MEMBER,4.6,c5aff613019a4143da195aa30b6e31ff767865dd
114056,2025-12-15T20:41:24Z,2025-12-17T02:40:15Z,master,human,CONTRIBUTOR,4.6,be1492908bbf62fa2b270ab712be28927fac790a
114057,2025-12-15T21:31:58Z,2025-12-16T10:35:37Z,master,human,CONTRIBUTOR,4.6,7fcf2d4b6ad5c80fa7fe963817177fbf1997beb5
114062,2025-12-16T01:08:30Z,2025-12-21T09:50:05Z,master,human,CONTRIBUTOR,4.6,97f584f58e24c0f30fc802c21e69374c6843bf2f
114063,2025-12-16T02:21:40Z,2026-01-01T20:52:31Z,master,human,CONTRIBUTOR,4.6,18b98ae0995d20a316bf113224fe7f960beed25f
114072,2025-12-16T09:04:18Z,2025-12-16T10:35:37Z,master,human,CONTRIBUTOR,4.6,d08fbbcc0d8e633c195e712756e1540b64708e8a
114073,2025-12-16T09:09:02Z,2025-12-17T02:40:16Z,master,human,MEMBER,4.6,077d6fb8763ae5ca1aff9b19fb179935614ea0f2
114075,2025-12-16T11:36:05Z,2026-02-04T17:12:19Z,master,human,MEMBER,4.7,cb04441dad82f23497fe91a5fb2fa2b6bc54c94d
114076,2025-12-16T13:39:37Z,2026-01-26T21:04:53Z,master,human,MEMBER,4.7,0c7bb27bcd60639ce3978950d9c118067968d700
114079,2025-12-16T15:56:22Z,2025-12-17T02:40:15Z,master,human,MEMBER,4.6,1ea6b0ccff9962ec93c4008e66b4f83cb57b9023
114080,2025-12-16T16:19:00Z,2026-03-31T15:53:20Z,master,human,CONTRIBUTOR,4.7,91ad65d93234057e48142dabc965aef8b76c9ef5
114081,2025-12-16T17:06:16Z,2025-12-17T13:01:14Z,master,human,MEMBER,4.6,0509500a9fab6a854fb66b5088a7edf2115522ee
114082,2025-12-16T17:41:20Z,2026-01-16T12:27:59Z,master,human,MEMBER,4.6,5ce4e5da14a12b947c31a8ff0a512350b9360e0f
114084,2025-12-16T18:10:42Z,2025-12-17T13:01:14Z,master,human,MEMBER,4.6,0e2175e3ff9018dd6f728a478637e7029da770bb
114086,2025-12-16T18:40:45Z,2025-12-17T02:40:15Z,master,human,MEMBER,4.6,72d4eda5c850396b9b42c2c906b4d285834109a0
114087,2025-12-16T18:49:01Z,2025-12-17T13:01:15Z,master,human,MEMBER,4.6,5d9adbe1be0b10c5baa226fad0fbb9d3233b3cce
114091,2025-12-16T21:20:22Z,2025-12-17T02:40:15Z,master,human,MEMBER,4.6,da365177b714def63690586494498ca2a43a1316
114097,2025-12-17T02:44:50Z,2026-01-29T00:03:46Z,master,human,CONTRIBUTOR,4.7,a4678d2761c0dcc4e4a8f0687c0ebdf126a608e4
114098,2025-12-17T06:22:09Z,2025-12-18T22:36:08Z,master,human,MEMBER,4.6,7642c34a186bfa04ad019254df145195e45eb15d
114100,2025-12-17T08:15:53Z,2026-02-26T14:20:55Z,master,human,MEMBER,4.7,f0f5c1599fe996c37b79b96c38bf42a44f1f23b2
114102,2025-12-17T09:53:36Z,2026-03-19T15:24:15Z,master,human,NONE,4.7,013fc6f92aea48edbb650a314b5239bf97158819
114105,2025-12-17T11:55:57Z,2025-12-17T13:01:14Z,master,human,MEMBER,4.6,24333c4e3d3d420298253c5fdb04176ecbac3af9
114115,2025-12-17T18:03:32Z,2025-12-18T14:05:25Z,master,human,MEMBER,4.6,42f49e488ba08b5aa1697a08ab767beec696a5bc
114116,2025-12-17T18:05:31Z,2025-12-17T21:33:39Z,master,human,MEMBER,4.6,efab5cdc9832fbd8d3e4c1f9d86ab0004b7ae7d2
114120,2025-12-17T19:08:57Z,2025-12-17T21:33:39Z,master,human,MEMBER,4.6,a20506f7f6772d602e54118343c4feeb9f7d899a
114122,2025-12-17T19:43:36Z,2025-12-17T21:33:39Z,master,human,MEMBER,4.6,79603b2f28fdd8b0dce14064e488a3783d51d1ff
114129,2025-12-17T22:15:21Z,2026-04-29T17:34:17Z,master,human,CONTRIBUTOR,4.7,f6fd6e62559f1e856935442a7749279bc06d096c
114131,2025-12-17T23:37:21Z,2026-02-04T00:09:29Z,master,human,CONTRIBUTOR,4.7,3d2a2d39680a7c0271b0129cce95b09b4be72a78
114132,2025-12-18T02:34:06Z,2025-12-18T14:05:25Z,master,human,CONTRIBUTOR,4.6,034c55efec0b3f8897242ce6fd97c63cfd054c3a
114133,2025-12-18T02:34:47Z,2026-01-01T10:23:56Z,4.5,human,NONE,4.5,a5a3f9ed2960529095ef59290ed7860a70157524
114141,2025-12-18T06:35:43Z,2025-12-18T14:05:25Z,master,human,MEMBER,4.6,b7cdfd268ba92ab8515542a550188d435aed3e8d
114142,2025-12-18T09:23:05Z,2025-12-18T14:05:25Z,master,human,MEMBER,4.6,8a6408c1ceaac721f7594a864fa98234644a19d5
114146,2025-12-18T11:13:38Z,2026-01-06T10:03:55Z,master,human,MEMBER,4.6,4757542c31b6b90967c095664943e1bdf70f02d0
114152,2025-12-18T14:38:30Z,2025-12-19T11:04:27Z,master,human,MEMBER,4.6,e387a144dd7a267676cdc922c727328053498bb9
114155,2025-12-18T15:23:25Z,2026-02-24T15:34:27Z,master,human,CONTRIBUTOR,4.7,deace09d37d537bd108259eee518f968a663a35a
114158,2025-12-18T15:56:20Z,2026-08-26T19:39:27Z,master,human,CONTRIBUTOR,4.8,f2c76e6e8e0e150082b42ef7bc2a376ccad13466
114159,2025-12-18T15:58:46Z,2025-12-18T22:36:08Z,master,human,MEMBER,4.6,884f2061033344254798918e9d9301ce8e7325e3
114162,2025-12-18T16:16:17Z,2025-12-21T09:50:05Z,master,human,CONTRIBUTOR,4.6,c56f68e4d3150a8ae414ebe05e3463f2b134a5d5
114163,2025-12-18T16:18:40Z,2025-12-18T22:36:08Z,master,human,CONTRIBUTOR,4.6,52a0633d9734e94ef0bc0bfaf9ff5910b1c3500c
114164,2025-12-18T16:22:46Z,2025-12-18T22:36:08Z,master,human,CONTRIBUTOR,4.6,0a4d774795a67de7cf50e207067657d5a18d5966
114165,2025-12-18T16:42:32Z,2026-02-02T09:25:31Z,master,human,MEMBER,4.7,63c78e684b26d712c877bff605b724359d47ef73
114167,2025-12-18T17:47:41Z,2025-12-18T22:36:07Z,master,human,MEMBER,4.6,2f0fe04e0b385ce5d133814b903a295270f00702
114168,2025-12-18T19:07:38Z,2026-07-13T19:00:48Z,master,human,CONTRIBUTOR,4.8,ae8beb6f8aceefe4f0c6ce770c88ba6332e2e072
114169,2025-12-18T19:07:48Z,2025-12-18T22:36:08Z,master,human,MEMBER,4.6,40cf5a0f50b4ddbd1d6990c7e7b92226665d7053
114175,2025-12-19T00:03:13Z,2025-12-19T11:04:27Z,master,human,CONTRIBUTOR,4.6,0bb30e4e90cbe1acea124b03e8a0a74f608e1019
114176,2025-12-19T01:23:18Z,2025-12-19T11:04:27Z,master,human,MEMBER,4.6,53dae9b3df0aaaeeec9b17743f13348133455905
114177,2025-12-19T01:41:01Z,2025-12-19T11:04:27Z,master,human,MEMBER,4.6,0efff3a14217decf6ab1c80c3e1b0bfb203a9d0d
114178,2025-12-19T01:49:59Z,2025-12-19T11:04:27Z,master,human,MEMBER,4.6,143c2c4270419c0ce669db43d0bac9d6ce77a690
114180,2025-12-19T04:47:35Z,2025-12-21T09:50:05Z,master,human,CONTRIBUTOR,4.6,93737b0d9544ab83d917fd574fb97bfcba0e5880
114181,2025-12-19T05:07:09Z,2025-12-21T09:50:05Z,master,human,CONTRIBUTOR,4.6,ec06048f6ed031dddcdec76e3d9efeb8461d968f
114183,2025-12-19T05:52:42Z,2025-12-19T11:04:27Z,master,human,MEMBER,4.6,af9fdbb051277f5a440435be28f437ac534349c1
114185,2025-12-19T06:28:41Z,2026-01-31T21:59:49Z,master,human,CONTRIBUTOR,4.7,4b092831ba984da83790b55c3e9b573c7fb3f119
114186,2025-12-19T07:09:07Z,2026-01-28T18:33:11Z,master,human,CONTRIBUTOR,4.7,8d2c8b54338b4b42d2f3c4da6ca95c257a9c3b65
114187,2025-12-19T07:33:43Z,2025-12-19T11:04:27Z,master,human,MEMBER,4.6,eae8439bdedd3b85eba80d8cd5e2ac0450ca1156
114189,2025-12-19T08:57:53Z,2025-12-19T11:04:27Z,master,human,MEMBER,4.6,551ce8d47feda9c81c870314745366b24957624b
114190,2025-12-19T09:18:16Z,2025-12-21T09:50:05Z,master,human,CONTRIBUTOR,4.6,6b06edb457d4fc82261cbf7dfea286eceeb15bc6
114194,2025-12-19T12:08:02Z,2026-01-06T10:03:55Z,master,human,MEMBER,4.6,05a46f365499d82c1ca919ea19ef6658be474189
114196,2025-12-19T13:28:11Z,2025-12-21T09:50:05Z,master,human,CONTRIBUTOR,4.6,1125e34e713b7ab619e1727806229c21770b2995
114198,2025-12-19T14:17:30Z,2026-02-16T16:24:54Z,master,human,CONTRIBUTOR,4.7,4163d3af5a136fe6f13dd7e99f234f00bd414545
114200,2025-12-19T14:33:37Z,2026-01-07T17:00:26Z,master,human,CONTRIBUTOR,4.6,c327a45dbe8806e5a2cab5761255705dd0650853
114202,2025-12-19T14:43:02Z,2025-12-21T09:50:05Z,master,human,NONE,4.6,feed71cdd91cc98d9abc5af2d0667419e23eb90f
114205,2025-12-19T17:19:22Z,2026-01-28T18:33:11Z,master,human,MEMBER,4.7,1bcf18396569b54b270221742ec7c763ffa9cab2
114207,2025-12-19T17:50:51Z,2026-01-08T21:59:14Z,master,human,CONTRIBUTOR,4.6,4595e5fc6c0057d262c86a29506361449645d88c
114210,2025-12-19T18:27:09Z,2026-01-07T12:24:28Z,3.x,human,MEMBER,3.7,a262cc3750a97c0b61e625e351e38f0b5cb9e4cb
114211,2025-12-19T18:33:39Z,2025-12-29T10:25:51Z,3.x,human,MEMBER,3.7,f505f5a192a3fad4f8cf8ab9a9465e226d20bc00
114212,2025-12-19T18:35:16Z,2026-03-11T12:35:55Z,3.x,human,MEMBER,3.7,03016107fcf80676a6fda50d0b61db7ba6bcc036
114222,2025-12-19T22:41:37Z,2025-12-21T09:50:05Z,master,human,MEMBER,4.6,ef36e694422dc427b7aee2796bf252d1c3842429
114225,2025-12-20T00:44:35Z,2026-01-01T16:15:51Z,master,human,MEMBER,4.6,7ce98872e8be834add112909d80e4fa374699e11
114227,2025-12-20T01:38:22Z,2025-12-21T09:50:05Z,master,human,CONTRIBUTOR,4.6,eebf4143f1ff2f185ff879e8a1c145e04573a79b
114231,2025-12-20T09:02:39Z,2025-12-21T09:50:05Z,master,human,CONTRIBUTOR,4.6,764de6fecc09d2feede78c78a7b6d9ef4d71c07e
114234,2025-12-20T11:25:47Z,2025-12-21T09:50:05Z,master,human,CONTRIBUTOR,4.6,444ebfe3547d9d96bd4330821afd957772670319
114236,2025-12-20T12:02:47Z,2026-03-04T17:23:56Z,master,human,CONTRIBUTOR,4.7,891069d1cd3f9fd38eb7c6a8042fa7d5ba95f885
114237,2025-12-20T12:08:19Z,2026-01-01T16:15:51Z,master,human,MEMBER,4.6,d318f7e65869a587b8f53233067dde292af659ff
114240,2025-12-20T12:31:35Z,2026-01-01T20:52:31Z,master,human,MEMBER,4.6,588c6579208d375be23533c45fee417a470ac5b4
114243,2025-12-20T14:44:37Z,2025-12-21T09:50:05Z,master,human,CONTRIBUTOR,4.6,3b48b0110e04e84db54788ccda4f8f5f7fa1fcf4
114247,2025-12-20T17:48:34Z,2026-01-05T16:18:27Z,master,human,CONTRIBUTOR,4.6,5dcbe939d7506671e839653ab05bfe9348d56091
114249,2025-12-20T19:11:39Z,2026-01-07T17:00:26Z,master,human,MEMBER,4.6,ab54e943b61f85b86a63abbd5d32e538cb309be4
114252,2025-12-20T23:45:31Z,2026-01-01T16:15:51Z,master,human,CONTRIBUTOR,4.6,751a891a206b70cd3ac6c9ea68262a65be5571dd
114253,2025-12-21T01:27:42Z,2026-01-13T10:14:37Z,master,human,MEMBER,4.6,ddda31d36314c535d711fe9570f7c11d06fde00d
114259,2025-12-21T10:49:11Z,2026-01-01T16:15:51Z,master,human,CONTRIBUTOR,4.6,57ea31509d6a98b70a598c1e992aa420727dc698
114261,2025-12-21T13:20:13Z,2026-03-02T22:00:15Z,master,human,CONTRIBUTOR,4.7,da784e3ac2ef795db6677b0b92055bf84db96524
114262,2025-12-21T13:36:47Z,2026-01-06T10:03:55Z,master,human,CONTRIBUTOR,4.6,70ed5500a8cbf6492fbf47cbbe2fa68015046b42
114266,2025-12-21T14:48:08Z,2026-01-01T20:52:31Z,master,human,CONTRIBUTOR,4.6,a2588748ad1c6d67bd05a5cb909a6d7e52013369
114269,2025-12-21T17:27:52Z,2026-01-01T16:15:51Z,master,human,CONTRIBUTOR,4.6,261e114ed5e391695050549ba9b49e86717ca953
114279,2025-12-22T06:36:37Z,2026-01-06T16:01:52Z,master,human,MEMBER,4.6,f5c66ba68bf60923995a0326c13cb9fa39e5946c
114281,2025-12-22T13:04:53Z,2025-12-22T17:56:23Z,master,human,CONTRIBUTOR,4.6,63227bbc8ae5300319f14f8253c8158b846f355b
114283,2025-12-22T13:24:43Z,2026-02-16T16:24:54Z,master,human,MEMBER,4.7,cf406533c8600f17be95b1952857539c3d5bb914
114290,2025-12-23T01:08:19Z,2026-01-01T16:15:51Z,master,human,CONTRIBUTOR,4.6,679e5924780174c0406521415da38bd01b20d3d7
114291,2025-12-23T01:14:02Z,2026-01-13T10:14:37Z,master,human,MEMBER,4.6,7b1dcd52ac6e49a70e9e6c7638219ba0fddb49dc
114300,2025-12-23T17:20:13Z,2026-07-15T23:18:27Z,master,human,CONTRIBUTOR,4.8,b368dd242eb6f45a6d21808d2176d0b2a399a35d
114313,2025-12-24T08:48:20Z,2026-01-01T09:19:54Z,master,human,MEMBER,4.6,7692a3d53b1d33eb2288518bb6b91b7fd3c3ec90
114314,2025-12-24T09:14:24Z,2026-01-01T16:15:51Z,master,human,MEMBER,4.6,52e7076a48613223fad6d65d5379b149b3beeefd
114315,2025-12-24T09:23:58Z,2026-01-07T00:46:24Z,master,human,MEMBER,4.6,07a4a1f870da7bfe9b6ab45d9a8824b66ea94cc9
114316,2025-12-24T12:39:47Z,2026-02-18T18:11:04Z,master,human,MEMBER,4.7,afa6d6071bc032750dfb5c4207bbcfd906d72390
114323,2025-12-24T20:46:49Z,2026-01-28T18:33:11Z,master,human,CONTRIBUTOR,4.7,c5ab7727fa532dfff57395ab22aeab2de4b7eac7
114324,2025-12-24T21:16:08Z,2026-03-04T17:23:56Z,master,human,CONTRIBUTOR,4.7,7438a39a132f5f4b309e01d8827fa309c4a2b62e
114325,2025-12-24T22:01:55Z,2025-12-30T10:23:14Z,master,human,MEMBER,4.6,001ab24dce17e4a7632073673cf2f9bd13977b66
114327,2025-12-24T22:53:55Z,2026-03-19T20:45:08Z,master,human,CONTRIBUTOR,4.7,2995751152cbd34bf965b9d810b6616d230765c5
114328,2025-12-25T02:29:10Z,2026-01-19T23:26:12Z,master,human,MEMBER,4.6,a4a26762f1565fb47e13fe0b93a311f9aea4d705
114330,2025-12-25T06:36:34Z,2026-01-01T16:15:51Z,master,human,CONTRIBUTOR,4.6,44f444a1d825198c0bdde6166dcd3596ffc64444
114334,2025-12-25T13:13:32Z,2026-01-01T16:15:51Z,master,human,MEMBER,4.6,d45718ecb4706e15cbd7d3788010367da033b8c6
114335,2025-12-25T13:35:36Z,2025-12-30T10:46:53Z,master,human,MEMBER,4.6,1559ab34c645abf14f8b8cf61e1a6f0eddaf6285
114336,2025-12-25T14:20:54Z,2026-02-25T17:31:53Z,master,human,CONTRIBUTOR,4.7,637ae4c5144064771ef877248debac8e181c2867
114348,2025-12-26T14:39:10Z,2026-01-07T00:46:24Z,master,human,MEMBER,4.6,2bf354f8d43734bcf885925c44546c044fe6278a
114354,2025-12-26T20:57:51Z,2026-01-01T16:15:51Z,master,human,CONTRIBUTOR,4.6,f2badb47f117a766ab979b2a6d7390a25b75e3a9
114355,2025-12-26T20:59:04Z,2026-02-05T15:38:26Z,master,human,MEMBER,4.7,b9b626406ab040fe4ac406d2c1f916e6533ed8a9
114356,2025-12-26T21:02:50Z,2026-01-06T17:28:06Z,master,human,CONTRIBUTOR,4.6,23b7415b052a7225d10050d72c3b90df63643784
114360,2025-12-27T01:09:37Z,2026-02-17T15:35:25Z,master,human,MEMBER,4.7,55da9f0782b6509667e95a729df9cfbf6ed6716f
114363,2025-12-27T08:37:43Z,2026-01-05T18:13:11Z,master,human,MEMBER,4.6,bacdeb08017c2769654bbec7abaa3a399d7db36b
114364,2025-12-27T10:31:28Z,2025-12-29T18:45:46Z,master,human,CONTRIBUTOR,4.6,20b67f3661c5434bd9a39268160aff33c90e0d81
114366,2025-12-27T10:47:48Z,2026-01-07T00:46:24Z,master,human,MEMBER,4.6,9009a6636c8024eef71039235939a861de09dda3
114368,2025-12-27T13:02:31Z,2026-08-18T12:10:35Z,master,human,CONTRIBUTOR,4.8,7546d121d27294cc2d380ee22fe58746d5c8c241
114369,2025-12-27T13:23:50Z,2026-08-18T12:10:35Z,master,human,CONTRIBUTOR,4.8,967a16eecdd5bc265f005a8af955a9b998cc2357
114372,2025-12-27T14:38:01Z,2026-02-26T14:20:55Z,master,human,MEMBER,4.7,ef21cbeab2eb7ede70e81d62589bd5ed925be0b0
114375,2025-12-27T18:22:01Z,2026-06-30T13:50:28Z,master,human,MEMBER,4.8,740c6cd99a154a9a1bbb082e4ef448e2cfb8d21c
114382,2025-12-27T22:26:40Z,2025-12-29T16:42:24Z,master,human,MEMBER,4.6,526cab14a90a4e45727dacb78c35a8d880f34b97
114384,2025-12-27T23:49:17Z,2026-01-02T22:48:02Z,master,human,MEMBER,4.6,a60390c0eea16b95f9bc66ce364ab8f935af4a62
114385,2025-12-28T00:06:16Z,2026-01-05T11:08:48Z,master,human,CONTRIBUTOR,4.6,9c880b59accc847304e8358a47363face80d9a6b
114392,2025-12-28T11:52:33Z,2026-01-01T16:15:51Z,master,human,CONTRIBUTOR,4.6,504df6253dc150f62403bf29704256a5e7c65b0f
114394,2025-12-28T14:51:02Z,2026-01-01T16:15:51Z,master,human,CONTRIBUTOR,4.6,50669b2062419b17cc8bd87d87a2a7c3aecbd3db
114395,2025-12-28T14:59:13Z,2026-01-01T16:15:51Z,master,human,MEMBER,4.6,d5d369b6974ec63473466abe6def055b6ece31eb
114398,2025-12-28T17:28:07Z,2026-01-06T10:03:55Z,master,human,CONTRIBUTOR,4.6,cca4e17d5a47166c470bd44fd6f91fa1f926ec6e
114400,2025-12-28T18:07:46Z,2026-01-05T11:08:48Z,master,human,CONTRIBUTOR,4.6,7d4396cede187906d73bcd4cf664a24623470df3
114401,2025-12-28T18:17:04Z,2025-12-29T17:08:27Z,master,human,MEMBER,4.6,12b110c4ea45645ced0b9270000fb458a0d65d4f
114404,2025-12-28T21:52:05Z,2026-01-01T16:15:51Z,master,human,CONTRIBUTOR,4.6,3349d14f84e6394c5f49d15d441da004b949f97b
114405,2025-12-28T23:36:17Z,2026-01-01T16:15:51Z,master,human,MEMBER,4.6,424310f775ff033c9221dadb4a88dc38064f7525
114406,2025-12-28T23:48:06Z,2026-03-06T18:44:27Z,master,human,MEMBER,4.7,27ff328ef79ed45c06f742b035d1b2e7b2a57e85
114408,2025-12-29T01:13:02Z,2026-01-08T14:19:49Z,master,human,CONTRIBUTOR,4.6,f878b34c1d2b52504ed8d9779dedca93b203e827
114410,2025-12-29T04:43:22Z,2026-01-13T21:22:56Z,master,human,CONTRIBUTOR,4.6,3d71d7df312f1a816fa84d6536ce9a562c527876
114412,2025-12-29T06:08:16Z,2026-01-05T18:13:11Z,master,human,MEMBER,4.6,e40cd8f580c5f5762470a445dba7915a96471aa2
114416,2025-12-29T12:18:38Z,2025-12-30T07:13:56Z,master,human,MEMBER,4.6,0c8b132efe70774341c43deb918ccf536cc79e92
114419,2025-12-29T13:44:16Z,2026-01-08T21:59:14Z,master,human,MEMBER,4.6,8859f93c4eabfab00b5e9c847d7e6dadd8edca01
114425,2025-12-29T19:36:01Z,2026-01-05T11:08:48Z,master,human,MEMBER,4.6,8d03283b58286f4b3d18a167da654b68c3ba22ae
114431,2025-12-29T23:30:41Z,2026-01-01T16:15:51Z,master,human,MEMBER,4.6,fa740ac5f33f77217a3001584697fb0f35977cbb
114438,2025-12-30T06:34:37Z,2026-01-05T18:13:11Z,master,human,MEMBER,4.6,6e3881b10568ec029aecb8e9213c5edf172cc3f8
114439,2025-12-30T11:15:19Z,2026-01-01T16:15:51Z,master,human,CONTRIBUTOR,4.6,2e72c10475452fd1cf9a1f6984287fe7c9205862
114442,2025-12-30T12:41:42Z,2026-01-28T18:33:11Z,master,human,MEMBER,4.7,9c3b86713c69eaa7c2a18813925f0cf734fbe9a0
114444,2025-12-30T13:58:30Z,2026-01-01T16:15:51Z,master,human,CONTRIBUTOR,4.6,c7531846afb28007d7da4b29900b86e0c844f70f
114445,2025-12-30T14:04:55Z,2026-01-01T16:15:51Z,master,human,CONTRIBUTOR,4.6,38e032b67ad0e00fba7d9e133815bd2e7b73fc3a
114448,2025-12-30T15:36:22Z,2026-01-28T18:33:10Z,master,human,MEMBER,4.7,c330276a108b8344b30838ae78b3087ac99b9e04
114449,2025-12-30T15:43:48Z,2026-01-27T21:28:25Z,master,human,CONTRIBUTOR,4.7,2450bb0c75c2dbac1e7698ed9049f4b59008ba50
114453,2025-12-30T18:21:22Z,2026-01-01T16:15:51Z,master,human,CONTRIBUTOR,4.6,4b96991907bd07ec6d437b6c75d3d8b0f8f2db9a
114454,2025-12-30T18:34:55Z,2026-01-28T18:33:11Z,master,human,CONTRIBUTOR,4.7,db8b8096e081e2464253b0c080350250ed931415
114457,2025-12-30T20:31:06Z,2026-01-06T16:01:52Z,master,human,CONTRIBUTOR,4.6,66b9c7251e3a0a665458f49c086f6b9d07635d8a
114458,2025-12-30T22:12:11Z,2026-01-06T10:03:55Z,master,human,MEMBER,4.6,6be8eb91fd2b0664a0102f032fa5e984ed18f8ca
114463,2025-12-31T03:28:13Z,2025-12-31T21:45:56Z,master,human,CONTRIBUTOR,4.6,b3358688fee868d5411d162c304883fd2c045967
114464,2025-12-31T03:46:13Z,2026-01-28T18:33:10Z,master,human,CONTRIBUTOR,4.7,15107fda30fcf6c1cafdf7cb579002d7a9e830dd
114465,2025-12-31T04:49:15Z,2026-01-01T16:15:51Z,master,human,CONTRIBUTOR,4.6,16975f5c2473f00839c026d5a8c331ad85b7cf17
114467,2025-12-31T06:25:22Z,2026-01-26T21:04:53Z,master,human,CONTRIBUTOR,4.7,41446273586526a3e5ba4009e22456c29b31047b
114476,2025-12-31T13:55:06Z,2026-01-06T17:28:06Z,master,human,MEMBER,4.6,7d807ec22d0982a583d22d52610ce5d2ce5ead18
114482,2025-12-31T19:33:55Z,2026-01-01T07:58:59Z,master,human,MEMBER,4.6,329bc5867cb9b5c1decfc24074380c2c8db9f7aa
114483,2025-12-31T20:02:19Z,2026-01-02T23:26:33Z,master,human,CONTRIBUTOR,4.6,f0aeea26fb9d930be42f1cdc5cb55b3acf9589bf
114484,2025-12-31T20:29:10Z,2026-02-05T20:52:36Z,master,human,CONTRIBUTOR,4.7,34204bd1b85546c62acd20078e179ff1ae498ac4
114487,2025-12-31T21:50:36Z,2026-01-06T21:40:20Z,master,human,MEMBER,4.6,82bc54c7d63596f04a211df325a270de3fa5e096
114488,2025-12-31T22:45:23Z,2026-01-29T00:03:46Z,master,human,CONTRIBUTOR,4.7,94f3b73cec229ce922a48d490a983a15faa0ce49
114495,2026-01-01T11:06:28Z,2026-01-01T16:15:51Z,master,human,MEMBER,4.6,c1e13145601b72ef4d16c0740736ed9d0bcd66a8
114497,2026-01-01T12:53:38Z,2026-01-01T20:52:31Z,master,human,CONTRIBUTOR,4.6,168efd31eb242c94a714412f32fd05aeb2dbae11
114499,2026-01-01T13:44:24Z,2026-01-04T14:03:00Z,master,human,CONTRIBUTOR,4.6,4036e90a4349740cb86e6245b9e11f38bb436897
114501,2026-01-01T15:58:29Z,2026-01-01T16:15:51Z,master,human,CONTRIBUTOR,4.6,a8ebeb4ddae0f9cd91fcb58239b2974bf15873be
114505,2026-01-01T18:28:05Z,2026-03-10T19:29:31Z,master,human,CONTRIBUTOR,4.7,2288a8a898ec7854e1c91098bcc9ce620636db0e
114506,2026-01-01T19:00:49Z,2026-01-06T17:28:07Z,master,human,CONTRIBUTOR,4.6,6da13253f21ba9583e7e8b3816a64146de10e6a1
114507,2026-01-01T19:42:54Z,2026-01-01T20:52:31Z,master,human,MEMBER,4.6,05c097e5e29d32bff50cf8cfa46576c932afd32a
114509,2026-01-02T02:04:41Z,2026-03-18T16:46:38Z,master,human,CONTRIBUTOR,4.7,8d403a7c0c4b95fa09f8a096e5563bf985b3f619
114519,2026-01-02T12:40:17Z,2026-01-31T21:59:49Z,master,human,CONTRIBUTOR,4.7,0dec4ab393f6388c0e275462db640277c5ac4234
114521,2026-01-02T13:47:13Z,2026-02-05T15:38:26Z,master,human,CONTRIBUTOR,4.7,0aa77895ac0153bfd9f6a498dd8c4353a903bf20
114525,2026-01-02T16:18:26Z,2026-01-05T16:18:27Z,master,human,MEMBER,4.6,4cfda984ede36b3d8483a58edf54575d511b012a
114527,2026-01-02T17:08:38Z,2026-01-27T15:09:23Z,master,human,MEMBER,4.7,8fb5cd8779a3cf4723e332e4240508169eaa9f0e
114533,2026-01-02T18:48:35Z,2026-06-25T13:37:19Z,master,human,MEMBER,4.8,048cf06bc5f92eaa0355092c0d686d4d4a4e4688
114534,2026-01-02T19:00:48Z,2026-02-09T21:20:32Z,master,human,MEMBER,4.7,29c0caaa84dae75b540c71b05ebfffc9859688e1
114535,2026-01-02T19:48:13Z,2026-03-02T22:00:15Z,master,human,CONTRIBUTOR,4.7,5b666357e39cfde99416f7feb683f1ec642aa5c8
114537,2026-01-02T20:09:42Z,2026-01-04T22:51:56Z,master,human,MEMBER,4.6,8dcf5b4eafff013b7d7022c5c1b3e33dc15e5947
114541,2026-01-03T00:19:53Z,2026-01-03T15:49:34Z,master,human,CONTRIBUTOR,4.6,b8e452322411e55fc31f23c05ae2eb95ceff6c35
114543,2026-01-03T00:28:00Z,2026-01-06T16:01:52Z,master,human,MEMBER,4.6,61ce28cb9021a3757242d8139634e7eb5e88ade1
114551,2026-01-03T08:18:49Z,2026-01-07T11:30:38Z,master,human,MEMBER,4.6,94b599502abebe2c569741d791d94cf61e122183
114556,2026-01-03T10:15:34Z,2026-04-07T23:25:49Z,master,human,CONTRIBUTOR,4.7,ad46310dd503de758ac2e829fe453a240c6e0560
114557,2026-01-03T10:28:36Z,2026-03-06T18:44:27Z,master,human,CONTRIBUTOR,4.7,312bdb2ae9e49de22a48218b5ec1c27b601da036
114558,2026-01-03T13:24:18Z,2026-02-10T16:40:25Z,master,human,MEMBER,4.7,92a90a8e6f23a42281b41bfbf01257156f1c1407
114559,2026-01-03T14:07:01Z,2026-02-06T14:23:24Z,master,human,MEMBER,4.7,56f3e2611daadb0b1894b46737ee3000e82e33f9
114560,2026-01-03T14:38:30Z,2026-02-27T14:53:46Z,master,human,MEMBER,4.7,12590c5b34f2de4505e3e4746ca6444a74a81a74
114563,2026-01-03T15:54:20Z,2026-01-05T11:08:48Z,master,human,MEMBER,4.6,dcaf8533ad9d01fc94fc0c1d88c765690026a83c
114568,2026-01-03T17:30:16Z,2026-05-04T17:46:51Z,master,human,CONTRIBUTOR,4.7,976ab7fa5c4839aaf91016cff51993408fc3c8f8
114569,2026-01-03T17:37:11Z,2026-01-07T00:46:24Z,master,human,CONTRIBUTOR,4.6,90220f3f347cd2ea655378dcbb0edf4fbd2ddff5
114571,2026-01-03T18:40:47Z,2026-01-05T11:08:48Z,master,human,CONTRIBUTOR,4.6,7552bbf80dc0991aabf49e7c5ba2aa255a40d65f
114572,2026-01-03T20:08:58Z,2026-01-10T22:51:55Z,master,human,CONTRIBUTOR,4.6,836df3aad7c9a991514529e510673b1b7f208563
114574,2026-01-03T21:01:28Z,2026-01-05T11:08:48Z,master,human,MEMBER,4.6,1c5bd2d341a0071605350c181d7f4d7d16364211
114578,2026-01-03T21:41:33Z,2026-01-06T17:28:06Z,master,human,CONTRIBUTOR,4.6,6e0ab2e71ad6ec2f635adfb91dab6a004d02efd2
114579,2026-01-03T21:52:35Z,2026-01-07T00:46:24Z,master,human,MEMBER,4.6,6ac051f67e02d80275defbf5f1d611ca6ec56e6c
114580,2026-01-03T23:21:55Z,2026-01-06T16:01:52Z,master,human,MEMBER,4.6,4fa62da60c79990ff5b9014534c771bf2eae2583
114581,2026-01-03T23:55:00Z,2026-01-05T11:08:48Z,master,human,CONTRIBUTOR,4.6,4e18022442899a70067ffe18eb21b3a71e34aab2
114582,2026-01-03T23:57:34Z,2026-01-13T21:22:56Z,master,human,MEMBER,4.6,b57985ab9e603894c312d1708889cbc6c1208e43
114593,2026-01-04T10:48:01Z,2026-01-07T17:00:26Z,master,human,CONTRIBUTOR,4.6,57503f5cf226d567a53611c08d6b8b04a277c3bf
114596,2026-01-04T14:30:52Z,2026-03-10T09:34:36Z,master,human,MEMBER,4.7,1d5e34ed7b2de35d48887737354d6873d8be907d
114598,2026-01-04T15:31:11Z,2026-04-06T18:07:08Z,master,human,MEMBER,4.7,d31bf4c829dc1b3b37221ed7d17ff8f427192823
114603,2026-01-04T20:20:05Z,2026-01-06T10:03:55Z,master,human,CONTRIBUTOR,4.6,0a31c9c615c8daaca7a19cc811153bdd1adcfa1d
114604,2026-01-04T20:31:52Z,2026-01-05T11:08:48Z,master,human,MEMBER,4.6,5a5ed7c4433745d58fd79a0e102bae9b161b692c
114615,2026-01-05T08:22:02Z,2026-01-05T11:08:48Z,master,human,MEMBER,4.6,71112a248dd503df6ccf054c6d65eb0e134a8cd7
114620,2026-01-05T11:35:55Z,2026-01-26T21:04:53Z,master,human,MEMBER,4.7,5c312137977c194d9114c8d599b0a2829ba146e9
114621,2026-01-05T11:46:40Z,2026-01-05T18:13:11Z,master,human,CONTRIBUTOR,4.6,5b4cbd2299e867ec7d3b11fb2715e525e0f9fb8f
114622,2026-01-05T15:21:02Z,2026-04-10T15:38:26Z,master,human,CONTRIBUTOR,4.7,935df7feec0b9d601ed5b9087f8bb47f614f27be
114626,2026-01-05T18:39:50Z,2026-01-06T10:03:55Z,master,human,CONTRIBUTOR,4.6,c392565228c4c4c48939df4f209a4926dfdf71bf
114630,2026-01-05T20:03:18Z,2026-01-06T10:03:55Z,master,human,CONTRIBUTOR,4.6,28b0151c2d35a8c32d3904c143a89c9c9ecaa66e
114634,2026-01-05T22:37:54Z,2026-01-07T00:46:24Z,master,human,MEMBER,4.6,8c4f3c4f017e4ab0df2efa8fe52553d070db3b18
114635,2026-01-05T23:40:15Z,2026-01-06T10:03:55Z,master,human,CONTRIBUTOR,4.6,c742d107e29b2c858ef8930760479deb413c68bc
114636,2026-01-06T00:32:23Z,2026-01-07T00:46:24Z,master,human,CONTRIBUTOR,4.6,5f7d8be936cf839c8dcb245219e6db4b7febaad5
114638,2026-01-06T01:17:28Z,2026-01-09T09:48:15Z,master,human,CONTRIBUTOR,4.6,f1fad3837421cdc3aa2f044661338fd157962e54
114645,2026-01-06T09:42:32Z,2026-01-07T00:46:24Z,master,human,MEMBER,4.6,2b8be909edea70acef2af124e49a49a4bbb45d00
114647,2026-01-06T10:13:03Z,2026-01-06T17:28:06Z,master,human,CONTRIBUTOR,4.6,f4499eea4b9fa51551ca0a520ba758cf875a60bc
114648,2026-01-06T11:42:51Z,2026-02-26T14:20:55Z,master,human,MEMBER,4.7,985c952a86ba1c8de3c064566f49ecf919aaf0f0
114653,2026-01-06T14:56:59Z,2026-01-07T11:30:38Z,master,human,CONTRIBUTOR,4.6,a8202c9c867c68e0e5d23248d878e1bc975577f2
114655,2026-01-06T17:58:59Z,2026-01-26T21:04:53Z,master,human,MEMBER,4.7,8a9e55900829217d03d4207e2d6533248baa1c60
114657,2026-01-06T19:12:06Z,2026-01-08T16:16:54Z,master,human,CONTRIBUTOR,4.6,0449f4bce140c70cef2afd761f569f5bc7619758
114659,2026-01-06T20:45:13Z,2026-01-13T10:14:37Z,master,human,MEMBER,4.6,4ae60579870c1c49d87c96d7ca8af4032a4bc204
114662,2026-01-06T21:50:56Z,2026-07-27T14:53:38Z,master,human,CONTRIBUTOR,4.8,0033ba9fef7d8f2a9453454365a8eeb2b16ae122
114664,2026-01-06T22:26:26Z,2026-06-18T18:19:42Z,master,human,CONTRIBUTOR,4.8,f2c10060d2bb6ba5df6b70b787318a5c258b199f
114665,2026-01-06T23:24:12Z,2026-01-07T00:46:24Z,master,human,MEMBER,4.6,b94ca9b0bc2588fc75110195b43a206f5b1de5f5
114668,2026-01-07T03:43:12Z,2026-01-07T11:30:38Z,master,human,CONTRIBUTOR,4.6,76dda5c6c50c9cc26128c5e831f1a70b6e8a6785
114671,2026-01-07T08:36:36Z,2026-04-09T22:48:09Z,master,human,MEMBER,4.7,f727813dfd6a677a927fcd2dc82c11ccd1399a91
114678,2026-01-07T13:35:13Z,2026-02-04T00:09:30Z,master,human,CONTRIBUTOR,4.7,4cce65bea6fcc4541184c214fd178e73ec8b5f8f
114680,2026-01-07T14:00:40Z,2026-01-10T22:51:55Z,master,human,CONTRIBUTOR,4.6,557e009f9dc6202db4080ed79b7d836253524412
114682,2026-01-07T14:34:51Z,2026-01-07T17:00:26Z,master,human,MEMBER,4.6,92a0a0597b40180a653b3649f26ecdab0b708995
114683,2026-01-07T14:40:48Z,2026-01-28T18:33:10Z,master,human,MEMBER,4.7,9289ffe42dbf8f4be7719cb93220a738913defe5
114684,2026-01-07T14:45:08Z,2026-01-08T18:50:40Z,master,human,CONTRIBUTOR,4.6,2d37d38c1ad3bea320b03e8b5d016dc48f25ee1d
114688,2026-01-07T16:28:27Z,2026-01-13T21:22:56Z,master,human,MEMBER,4.6,f084100f4348120c4a0ec76bdab7c1ebd1808a62
114695,2026-01-07T18:23:03Z,2026-01-08T14:19:49Z,master,human,MEMBER,4.6,dfbb272bd7ef2b5664d747d9a16c9ec432b728ae
114697,2026-01-07T18:45:52Z,2026-01-09T21:59:25Z,master,human,CONTRIBUTOR,4.6,2a67a76f92a09ae35f32bd1fd456228374f57ac8
114698,2026-01-07T19:11:19Z,2026-01-28T18:33:10Z,master,human,MEMBER,4.7,69d55be937212961b08c215195c84ac5e7357187
114700,2026-01-07T19:37:25Z,2026-01-28T18:33:10Z,master,human,MEMBER,4.7,34ed1c8fb12d69cca416761bad46b313a4c54cb8
114703,2026-01-07T21:07:57Z,2026-01-08T14:19:49Z,master,human,MEMBER,4.6,8c44be5a57c9b4b2ab58a2c0357e0a723018746a
114705,2026-01-07T22:21:17Z,2026-01-08T14:19:49Z,master,human,MEMBER,4.6,b3c8cd5c3f1a53673dfb7f071527531ae2d075c0
114706,2026-01-07T22:33:27Z,2026-01-08T14:19:49Z,master,human,CONTRIBUTOR,4.6,840a6eaf7d6715046492a487c6c6384a826be0e2
114709,2026-01-08T00:13:47Z,2026-01-08T14:19:49Z,master,human,MEMBER,4.6,877188dab1af9897b7fe8fdab8ee2f60190ac6de
114712,2026-01-08T01:26:01Z,2026-02-19T16:24:55Z,master,human,NONE,4.7,aae01e45680ce3f5263aac56e584f58789071d44
114714,2026-01-08T02:03:18Z,2026-01-10T22:51:55Z,master,human,CONTRIBUTOR,4.6,1085d9f37213b46bed52798fcc7a51369511500b
114717,2026-01-08T03:38:45Z,2026-02-10T14:32:46Z,master,human,MEMBER,4.7,ec297f8bb3377e47f78d4e835ea3e8be4f4ca648
114722,2026-01-08T06:35:33Z,2026-01-08T14:19:49Z,master,human,MEMBER,4.6,64bc9a25a35ef96cda9211ca0def863bc9e83165
114727,2026-01-08T08:45:41Z,2026-01-08T21:59:14Z,master,human,MEMBER,4.6,c8b1071f3b9414b6a233a8ff2ff9d5746b61371e
114731,2026-01-08T11:49:14Z,2026-01-27T15:09:23Z,master,human,CONTRIBUTOR,4.7,dcf5b4deac9128d78a7cbb0c3396ce6f416b18c1
114732,2026-01-08T12:51:08Z,2026-01-31T21:59:49Z,master,human,NONE,4.7,2db61bc3971fa9bf1a80697136c26f5645f65871
114733,2026-01-08T13:11:44Z,2026-01-28T18:33:10Z,master,human,MEMBER,4.7,4b4b16b5772fabb0a983d08d3744f6df70d67ff6
114734,2026-01-08T13:50:39Z,2026-01-08T16:16:54Z,master,human,CONTRIBUTOR,4.6,d506c79945044b1af99987506bab7638c5aa444d
114740,2026-01-08T14:53:04Z,2026-01-08T16:16:54Z,master,human,MEMBER,4.6,5b2b23e1cefa55dc6bb0a978804024ff15f857b7
114741,2026-01-08T15:08:43Z,2026-01-08T16:16:54Z,master,human,MEMBER,4.6,fa270881431a9e723328ef1421bb1696695d1a41
114742,2026-01-08T15:11:57Z,2026-01-10T22:51:55Z,master,human,MEMBER,4.6,ab6bbf1c59726652fec25449b83c0592e059c4e2
114744,2026-01-08T15:45:45Z,2026-01-13T10:14:37Z,master,human,CONTRIBUTOR,4.6,58e15470e885cfad42d882f3d289f8f3bb31ea0a
114746,2026-01-08T16:11:54Z,2026-01-11T12:12:40Z,4.5,human,MEMBER,4.5,db686c92114054ebc71b5dac18c4f0023280a9dc
114751,2026-01-08T17:14:04Z,2026-01-08T18:50:40Z,master,human,MEMBER,4.6,c5e670f26e1e1fd052fa16005ee641ddab06f4b1
114752,2026-01-08T17:14:33Z,2026-01-10T10:52:44Z,master,human,CONTRIBUTOR,4.6,94971e1b47f6cc59a6d3845d23f16638d28430bb
114753,2026-01-08T17:48:34Z,2026-01-08T18:50:40Z,master,human,CONTRIBUTOR,4.6,f3121dfcc38f30aa47f2bf55df053f903ffe57dd
114756,2026-01-08T19:04:09Z,2026-01-09T09:48:15Z,master,human,CONTRIBUTOR,4.6,1f64c2c9bc93741dc3e1ab365af4c6352d27e9e7
114759,2026-01-08T20:10:02Z,2026-01-08T21:59:14Z,master,human,CONTRIBUTOR,4.6,6f15a05b6cf5f87de80e09f960a0e7a7449db640
114760,2026-01-08T20:27:37Z,2026-01-12T08:25:00Z,master,human,MEMBER,4.6,6b93d6472e00f8d986befa2daf413f0c0b519104
114762,2026-01-08T21:13:06Z,2026-01-11T20:58:17Z,4.5,human,MEMBER,4.5,355077e1f562ee916900fbbef1b2ba52ff22e6d5
114765,2026-01-08T22:30:53Z,2026-01-09T09:48:15Z,master,human,MEMBER,4.6,7c6102b33f005553032c1ecddd24a68c10264358
114766,2026-01-08T22:40:02Z,2026-01-10T23:02:13Z,4.5,human,MEMBER,4.5,1bad148e23164530d731d641bc5b5e3a56d4babf
114767,2026-01-08T22:52:40Z,2026-01-26T19:19:59Z,master,human,CONTRIBUTOR,4.7,cfc5ec93d4a91c8329921744b7504f2368886a92
114768,2026-01-08T23:28:51Z,2026-01-12T09:33:07Z,4.5,human,MEMBER,4.5,3da004e30aa9b00621cada19a121a8105fde5961
114770,2026-01-08T23:47:12Z,2026-01-09T09:48:15Z,master,human,CONTRIBUTOR,4.6,d5a5e9a031c6f357874ff85b1ec0170c196faa03
114772,2026-01-09T00:05:18Z,2026-01-09T16:37:34Z,master,human,CONTRIBUTOR,4.6,87ab52238c73990f482c9b5e8d155d0892c9de58
114773,2026-01-09T00:20:09Z,2026-01-09T14:01:03Z,master,human,MEMBER,4.6,a7c65380937c0a0100d1e783b3c6399c94c6993e
114774,2026-01-09T01:02:55Z,2026-01-13T10:14:37Z,master,human,MEMBER,4.6,50f3d51a9a6ef12e66ae2b9fc3236f904a1ebbd0
114778,2026-01-09T02:25:57Z,2026-01-09T09:48:15Z,master,human,CONTRIBUTOR,4.6,51117da39e6da94bf7ce831e8d3698ed2a3d7de3
114781,2026-01-09T06:54:53Z,2026-01-09T09:48:14Z,master,human,MEMBER,4.6,4089843d13b594285749e5add91717c6c53960ac
114783,2026-01-09T07:58:04Z,2026-01-09T16:37:34Z,master,human,CONTRIBUTOR,4.6,728c159f01a79c752f6bc94b4430947a050c2ad7
114784,2026-01-09T09:44:18Z,2026-01-15T02:12:27Z,master,human,CONTRIBUTOR,4.6,83600fcc0d9bfd14fc3bcbfa8e3d3caa5276230e
114785,2026-01-09T11:43:07Z,2026-01-10T06:28:43Z,master,human,MEMBER,4.6,569a36b6fef8f2f150c4cc70a958e95f391af1b9
114789,2026-01-09T12:44:23Z,2026-01-09T14:01:03Z,master,human,CONTRIBUTOR,4.6,2ed91ed2078c88492b68c968ae18783be9e1ac2d
114790,2026-01-09T12:54:06Z,2026-01-10T22:51:55Z,master,human,MEMBER,4.6,c990e60889eeb2175520785f34f8071fe9d34949
114791,2026-01-09T13:07:24Z,2026-01-09T21:59:26Z,master,human,MEMBER,4.6,dc19eb6ed8c7b3bed720df36f403153181f420b9
114793,2026-01-09T13:42:51Z,2026-01-09T16:37:34Z,master,human,CONTRIBUTOR,4.6,df2f9c3047ed3a5531ac99601316b25e30766b03
114796,2026-01-09T14:11:23Z,2026-03-23T12:12:47Z,master,human,MEMBER,4.7,1c3962640d49d49784f9eeb9a8e2ba964fb5ec85
114797,2026-01-09T14:50:41Z,2026-01-09T16:37:34Z,master,human,MEMBER,4.6,996e1d14ec4015e3492a5414bb976ca0a7e97906
114801,2026-01-09T17:09:01Z,2026-01-12T23:11:05Z,master,human,MEMBER,4.6,8d69b6b89eb2603b2c524070ee6ea2554b47c38d
114802,2026-01-09T17:32:12Z,2026-01-10T22:51:55Z,master,human,CONTRIBUTOR,4.6,fa8a11f65234ab979593beda1e1c0c53f84bf781
114804,2026-01-09T18:00:50Z,2026-01-10T22:51:55Z,master,human,MEMBER,4.6,e1ad44c496a9f5d2422538737ab888c05fdfeab9
114806,2026-01-09T19:19:26Z,2026-01-10T22:51:55Z,master,human,CONTRIBUTOR,4.6,ec5a4f0cd6088e72c3544f5cb6f3d3da4621a51b
114807,2026-01-09T19:49:43Z,2026-01-13T10:14:37Z,master,human,MEMBER,4.6,7ebdb60060c065d985168cb49a7610f657923696
114808,2026-01-09T19:55:05Z,2026-01-09T21:59:25Z,master,human,CONTRIBUTOR,4.6,2d0a589777829c2c3fdf5ce64964afbed57e7794
114813,2026-01-09T23:52:34Z,2026-02-25T15:34:13Z,master,human,MEMBER,4.7,1e4277e34b2dfd3aab2b75e736adc79fda304132
114814,2026-01-09T23:56:21Z,2026-01-26T21:04:53Z,master,human,CONTRIBUTOR,4.7,131c54270b23609ef9b0e2fd786e1d8c7528d9e3
114820,2026-01-10T04:09:46Z,2026-01-13T10:14:37Z,master,human,NONE,4.6,38293c4d39c733f33af08e619077532b2b870aab
114821,2026-01-10T08:20:35Z,2026-01-26T21:04:53Z,master,human,CONTRIBUTOR,4.7,b3af0f641a00786d374fa76e7407b53e058c3c5c
114827,2026-01-10T13:01:56Z,2026-01-13T21:22:56Z,master,human,COLLABORATOR,4.6,d6863b62cf1a0241b192d078bcb76ba9811dce63
114829,2026-01-10T14:17:05Z,2026-01-10T22:51:55Z,master,human,MEMBER,4.6,85c75da4ad8a01e1f9e25620872560293ac70b51
114834,2026-01-10T17:37:38Z,2026-01-26T19:19:59Z,master,human,COLLABORATOR,4.7,013fffa10d453c7936dd683bc11aa05254ab6eab
114838,2026-01-10T22:15:20Z,2026-01-12T08:25:00Z,master,human,CONTRIBUTOR,4.6,0b45cca1ca1fe4c8a9d5b2352b7c7655a7d1f693
114839,2026-01-10T22:16:21Z,2026-01-11T07:44:28Z,master,human,MEMBER,4.6,e9bb99a3bbf69e117d8e8aafba70db31aefc34f5
114844,2026-01-11T01:01:27Z,2026-01-13T10:14:37Z,master,human,CONTRIBUTOR,4.6,f016ba60c2ba6ab2313e0be6122da4cdbad07a8d
114847,2026-01-11T04:53:35Z,2026-01-12T17:24:00Z,master,human,CONTRIBUTOR,4.6,5538a710af000a65a354f4947473577e4eb21c37
114849,2026-01-11T06:59:00Z,2026-02-17T20:09:51Z,master,human,MEMBER,4.7,c4a893e988935aa8401a9ab4d3dd29b96db4fa1a
114851,2026-01-11T08:20:04Z,2026-01-13T21:22:56Z,master,human,MEMBER,4.6,0dd64f4224d950dfeb4f1f1e63aef9b110c0b960
114852,2026-01-11T08:23:37Z,2026-01-11T20:59:01Z,master,human,CONTRIBUTOR,4.6,1f292ae0a9642c716ed1cd8e22c5a3c095e5109d
114855,2026-01-11T11:06:11Z,2026-01-12T08:25:00Z,master,human,CONTRIBUTOR,4.6,95dc28c8dd6ffd4419674d8824fb51940d9ebb52
114861,2026-01-11T18:20:55Z,2026-03-30T18:51:46Z,master,human,CONTRIBUTOR,4.7,a644e7ff388fa6c43fbe15248ec4d899f0def4ad
114862,2026-01-11T19:11:50Z,2026-01-12T08:25:00Z,master,human,CONTRIBUTOR,4.6,5543be106e813b2ec512e322c6915af00b71f2cb
114866,2026-01-11T22:32:29Z,2026-01-12T08:25:00Z,master,human,CONTRIBUTOR,4.6,e21bf420851fdce14aec83472f1eca983112ad14
114867,2026-01-11T22:34:36Z,2026-06-29T20:19:15Z,master,human,CONTRIBUTOR,4.8,44a9bdb51567eda0bc2d48a411a2d5cf5c1ec00a
114868,2026-01-12T00:47:18Z,2026-03-31T15:53:18Z,master,human,MEMBER,4.7,777b5f6018f76c84d23cef286adbc8f82753f278
114870,2026-01-12T01:37:13Z,2026-06-19T17:12:21Z,master,human,CONTRIBUTOR,4.8,a76efc3c681531ff694df28197926333ab528a1b
114871,2026-01-12T01:40:13Z,2026-01-12T08:25:00Z,master,human,CONTRIBUTOR,4.6,274923a364297945d76ee301a49d1b2e2d48c9f5
114874,2026-01-12T04:04:22Z,2026-01-12T08:25:00Z,master,human,CONTRIBUTOR,4.6,788beb36dc54ee4307a32d52e4895017d3620375
114876,2026-01-12T06:43:51Z,2026-01-26T21:04:53Z,master,human,CONTRIBUTOR,4.7,cf8d258444f52fb0f27d3d6338c61c743c59b847
114879,2026-01-12T11:06:43Z,2026-01-12T17:24:00Z,master,human,CONTRIBUTOR,4.6,1910c58c4932414e9b09a437b6f0ea78243d6654
114881,2026-01-12T12:14:01Z,2026-01-12T17:24:00Z,master,human,MEMBER,4.6,02e67a4b6d2ce0bee200f1190ab12b0e373716d6
114882,2026-01-12T12:49:21Z,2026-01-12T17:24:00Z,master,human,MEMBER,4.6,eeb3d045234b93460deddb6dc91545c2fa57151c
114885,2026-01-12T13:19:50Z,2026-01-12T17:24:00Z,master,human,CONTRIBUTOR,4.6,fd71f0c536a35709a5a67f59547133f515948002
114886,2026-01-12T14:04:50Z,2026-01-13T10:14:37Z,master,human,MEMBER,4.6,98d8a7dff8c90a461c64941861a139af42b4ae12
114890,2026-01-12T15:25:42Z,2026-02-25T17:31:53Z,master,human,CONTRIBUTOR,4.7,2adf91e71f879b8f5a634fd0563a3f86afc64f74
114893,2026-01-12T16:50:12Z,2026-01-19T20:52:23Z,master,human,CONTRIBUTOR,4.6,bb9d907df343a675787e563e213ff24479f8394f
114895,2026-01-12T16:57:55Z,2026-02-20T02:31:49Z,master,human,MEMBER,4.7,5e1052839779b2686060bf013798774d994e31f2
114897,2026-01-12T18:32:01Z,2026-01-12T23:11:05Z,master,human,MEMBER,4.6,490271fbaf1e2f4929e86132a841faffbc64e012
114898,2026-01-12T20:21:27Z,2026-01-29T00:03:46Z,master,human,CONTRIBUTOR,4.7,c57867774de8f8ea7a5611cce9c698328c6729a5
114901,2026-01-12T22:12:44Z,2026-01-12T23:11:05Z,master,human,MEMBER,4.6,4daa6fe86a3135577ceb891a8b48a025ba446f56
114902,2026-01-12T22:30:37Z,2026-01-12T23:11:05Z,master,human,MEMBER,4.6,5002677a4db268d7c4c3f317b175eefd9bdd6e4a
114904,2026-01-12T23:05:55Z,2026-01-13T10:14:37Z,master,human,CONTRIBUTOR,4.6,50277787eacaf4bc4d8683a706fe54dc65762020
114907,2026-01-13T05:18:48Z,2026-01-13T21:22:56Z,master,human,MEMBER,4.6,427eab91a20e5d643b88a82fd2b382e73745c0be
114908,2026-01-13T06:00:33Z,2026-01-13T21:22:56Z,master,human,MEMBER,4.6,4db916dac60ba8dc7a68d7f9d6179a9ef8576124
114916,2026-01-13T11:25:53Z,2026-01-13T21:22:56Z,master,human,MEMBER,4.6,54acdca4f23789ac33d8298141dd706a4acab72f
114917,2026-01-13T11:28:42Z,2026-02-02T19:08:06Z,master,human,CONTRIBUTOR,4.7,0c6cc34e920387ca279c5abe42b3ff9ec3888cc3
114918,2026-01-13T11:38:47Z,2026-01-26T21:04:53Z,master,human,MEMBER,4.7,d97000d7d1824ecc8172497ebe17e2575bad0a7f
114921,2026-01-13T12:56:45Z,2026-01-26T19:19:59Z,master,human,CONTRIBUTOR,4.7,2d41087c8fffddfffea2bc8ec179869241f3ffdb
114922,2026-01-13T14:18:09Z,2026-01-27T15:09:23Z,master,human,CONTRIBUTOR,4.7,ed0ae97d98aade16734c309a15bc6586063005be
114927,2026-01-13T16:57:43Z,2026-01-13T21:22:56Z,master,human,CONTRIBUTOR,4.6,a240316ddbcbb4c4946e49b25f873967f9d28121
114928,2026-01-13T18:02:14Z,2026-01-13T21:22:56Z,master,human,MEMBER,4.6,8af6266193be0502f5a1b11441349edd1f5ca3c2
114929,2026-01-13T18:02:39Z,2026-01-13T21:22:56Z,master,human,CONTRIBUTOR,4.6,8757f2b2bc58a068db55ed4e1797767925ac1392
114930,2026-01-13T18:36:02Z,2026-01-29T00:03:46Z,master,human,MEMBER,4.7,5853d999844bb191516ad831ed785249e2a91c21
114931,2026-01-13T19:18:28Z,2026-01-13T21:22:56Z,master,human,CONTRIBUTOR,4.6,79033f17541771ab09c000460770b4024b32a3dc
114932,2026-01-13T20:03:01Z,2026-01-13T23:20:32Z,master,human,CONTRIBUTOR,4.6,c99ae14992ada107fb24fbeeaeb207324d932e47
114934,2026-01-13T21:58:11Z,2026-01-13T23:20:32Z,master,human,MEMBER,4.6,468d9ab4a15a9002a523dba2e7a75072a2c4a2a6
114935,2026-01-14T00:05:04Z,2026-01-15T02:12:27Z,master,human,MEMBER,4.6,86b60073ddf9642946a9958040d541c91f3a9c41
114938,2026-01-14T02:22:38Z,2026-01-15T02:12:26Z,master,human,CONTRIBUTOR,4.6,1549d51865109a27216f2409a35f2c6dab7bb4d1
114941,2026-01-14T07:49:18Z,2026-03-17T18:52:49Z,master,human,MEMBER,4.7,be33d1ceb042ab7d787fa7574c2297d2f26f25b5
114943,2026-01-14T11:47:04Z,2026-01-26T19:19:59Z,master,human,MEMBER,4.7,780b6891e6f2a99e860a8c30eaf4c3dd6fdd13f7
114947,2026-01-14T13:26:12Z,2026-01-27T15:09:23Z,master,human,MEMBER,4.7,47b1b9ef696b4d2d3b3893e496da786997116c46
114950,2026-01-14T15:04:48Z,2026-01-15T02:12:27Z,master,human,CONTRIBUTOR,4.6,354ed3a871f200ccadf867eace9b0107718318ac
114951,2026-01-14T15:32:31Z,2026-01-26T19:19:59Z,master,human,CONTRIBUTOR,4.7,e093c96688b6bca31056be2e4d30e44e9f3573e9
114952,2026-01-14T15:51:07Z,2026-01-19T20:52:23Z,master,human,MEMBER,4.6,f5b3183251dedb65f6367064c7b8a8a4dc530503
114956,2026-01-14T19:10:26Z,2026-01-15T02:12:26Z,master,human,CONTRIBUTOR,4.6,8c78591906c8966a2e38dabb6af583ed897504bf
114957,2026-01-14T19:20:56Z,2026-04-23T13:40:51Z,master,human,CONTRIBUTOR,4.7,04e3d906f9f9a81f4078ac6bce4e73b9a7470581
114960,2026-01-14T19:52:24Z,2026-01-15T02:12:26Z,master,human,MEMBER,4.6,9465655acbd9ccc906b03dfa5ef1fbc071c9201a
114962,2026-01-14T20:35:39Z,2026-03-06T18:44:27Z,master,human,MEMBER,4.7,decc376c126a2cbecb47d2c84af1d181e6324de1
114963,2026-01-14T21:02:07Z,2026-01-16T12:27:59Z,master,human,MEMBER,4.6,85ee87b16bb704e4ad66d8d630a9129d7483d6b2
114966,2026-01-14T21:21:10Z,2026-01-19T20:52:23Z,master,human,CONTRIBUTOR,4.6,122d0bfddcadae037cf4f70646c4cd0b6c0dd791
114968,2026-01-14T22:08:08Z,2026-01-26T21:04:53Z,master,human,CONTRIBUTOR,4.7,3adb6259aa64ad08d41154e66d3c5bf78114791e
114970,2026-01-14T23:11:38Z,2026-01-26T21:04:53Z,master,human,CONTRIBUTOR,4.7,688d19c5f97d18d7298185f618b4e20e90a250c6
114971,2026-01-15T01:07:07Z,2026-02-27T21:45:44Z,master,human,MEMBER,4.7,634220e9fcf912dd0f4c1fbc7400bdb5fb2999fe
114978,2026-01-15T09:21:20Z,2026-01-15T10:01:31Z,master,human,MEMBER,4.6,601c8647580eeff292ef7d11c3529a5fbdebabda
114979,2026-01-15T09:30:25Z,2026-01-15T10:01:32Z,master,human,MEMBER,4.6,2d53a62898a65ba635efd554b101e033070c784c
114982,2026-01-15T11:49:32Z,2026-01-16T12:27:59Z,master,human,MEMBER,4.6,26d37c420cdba2703182d3ff78ae899229a5448c
114990,2026-01-15T15:18:17Z,2026-06-19T17:12:22Z,master,human,MEMBER,4.8,b40c7a14dffe2fcb7932b7923d1aaddd403f6e5b
114994,2026-01-15T15:45:51Z,2026-01-16T12:27:59Z,master,human,MEMBER,4.6,3211de51e2e11c8ff83e7cddad5fa9ccac93486d
115002,2026-01-15T18:04:44Z,2026-02-05T15:38:26Z,master,human,CONTRIBUTOR,4.7,fb9711a19ae1ef6f1653dd9b26e4cc5d20441270
115003,2026-01-15T18:25:36Z,2026-06-23T19:55:12Z,master,human,CONTRIBUTOR,4.8,7a56e679836a41833fd14d17c983fe7ee71447a4
115006,2026-01-15T19:19:18Z,2026-01-27T15:09:23Z,master,human,CONTRIBUTOR,4.7,ae7d2defe244dfa070b27f7a2641163ad79b4142
115008,2026-01-15T22:21:56Z,2026-02-20T20:39:26Z,master,human,MEMBER,4.7,02451893cca2b436135fa5354479a847bf1c503e
115010,2026-01-15T22:48:01Z,2026-01-16T12:27:59Z,master,human,MEMBER,4.6,9820f40f9632df271a0f7ffdf4ccc807097336ee
115013,2026-01-16T00:09:57Z,2026-05-11T22:15:00Z,master,human,CONTRIBUTOR,4.7,a2c17bd7128446b85d0a7b0e60376818b7c9d5ea
115021,2026-01-16T05:32:46Z,2026-01-26T19:19:59Z,master,human,CONTRIBUTOR,4.7,861d7f5263e17f3824ed7d07313965c4aa4468f1
115022,2026-01-16T05:47:40Z,2026-01-19T10:36:15Z,master,human,CONTRIBUTOR,4.6,652195645981101e25d3ce19a44a1c25eb7f4b33
115026,2026-01-16T09:30:22Z,2026-01-26T19:19:59Z,master,human,CONTRIBUTOR,4.7,4738ce72e3af500ee3bd23506c04879f983ec98f
115029,2026-01-16T12:23:03Z,2026-01-16T15:15:19Z,master,human,MEMBER,4.6,47421473049488562674235e21be8bf73425aba6
115034,2026-01-16T13:57:05Z,2026-01-16T21:16:47Z,4.5,human,MEMBER,4.5,5a2fc733c06c85dcab25ec1023db0b7ea9e6d331
115037,2026-01-16T14:25:09Z,2026-01-16T15:15:19Z,master,human,MEMBER,4.6,741fb8a30687d0662ab6b5c04a2a531440dd29d9
115038,2026-01-16T14:26:07Z,2026-03-04T20:35:15Z,master,human,MEMBER,4.7,7345c20a1b5238be32c079426c51f0625ca1c4b4
115039,2026-01-16T14:35:58Z,2026-08-27T01:39:50Z,master,human,MEMBER,4.8,36a2dd0272a6fc097642acea6287242ed201479f
115041,2026-01-16T17:28:11Z,2026-01-19T09:49:19Z,master,human,MEMBER,4.6,6f46be95aa0c53117b0e9bf0b2240d5eea6939d5
115045,2026-01-16T20:42:05Z,2026-02-26T22:24:10Z,master,human,CONTRIBUTOR,4.7,82479ce84f5e5483c6d29d81d6b6786d80d220b5
115049,2026-01-16T21:54:10Z,2026-01-19T09:49:19Z,master,human,CONTRIBUTOR,4.6,88ea4605b4ccbc22c8536b66513a1a432d0a3b58
115053,2026-01-17T00:58:21Z,2026-05-18T16:09:54Z,master,human,MEMBER,4.7,7626d50c7f94369bef1de960709d9f0f8ad8ebe0
115066,2026-01-17T13:40:40Z,2026-01-26T19:19:59Z,master,human,MEMBER,4.7,b8878c8b56515f0cd19dba657e6cf4b11836c14e
115067,2026-01-17T13:46:00Z,2026-01-19T09:49:19Z,master,human,CONTRIBUTOR,4.6,2cda356b8a50d99bab143028defd4b55f93c5fe4
115070,2026-01-17T14:28:54Z,2026-07-21T17:30:12Z,master,human,MEMBER,4.8,3b301f161519dc3050380cdd590b6f6c206179e4
115074,2026-01-17T18:34:43Z,2026-01-19T09:49:19Z,master,human,MEMBER,4.6,b9ebff178f1312c630fcda715da4810d51049e05
115083,2026-01-18T00:49:12Z,2026-06-18T20:20:24Z,master,human,MEMBER,4.8,b427979ee5dd8d4ba8ca4500cfb3a70c1d4889e4
115084,2026-01-18T01:18:21Z,2026-01-19T09:49:19Z,master,human,CONTRIBUTOR,4.6,5b2f3f8c2ac23c184f708a63c990ffd605eb3d2e
115089,2026-01-18T08:39:32Z,2026-01-26T19:19:59Z,master,human,CONTRIBUTOR,4.7,0eee4323580927411e1284e301506c20c2cf37d2
115090,2026-01-18T08:49:54Z,2026-01-19T09:49:19Z,master,human,MEMBER,4.6,a1e209b7fec34eb0826e87ee83455d30288ab2ec
115093,2026-01-18T12:56:11Z,2026-01-31T21:59:49Z,master,human,MEMBER,4.7,429750f60b2f28eabafa58ae7e6db7094c6a3831
115101,2026-01-18T16:50:19Z,2026-09-22T19:09:50Z,master,human,MEMBER,4.8,d50e65168e8d5c1a90e7a5d2666f9b2cbb191aff
115108,2026-01-18T20:24:01Z,2026-03-23T12:12:47Z,master,human,CONTRIBUTOR,4.7,d7680230ae1a9d46e8f0e8304220ff28c972532b
115111,2026-01-18T21:01:06Z,2026-02-20T20:39:27Z,master,human,MEMBER,4.7,74ecf68e150994315f8422e98cb152e618916229
115114,2026-01-19T04:15:53Z,2026-01-27T15:09:23Z,master,human,CONTRIBUTOR,4.7,2da55b2f298696d6d96222ae779935a04ca709a3
115116,2026-01-19T06:16:47Z,2026-01-26T19:19:59Z,master,human,CONTRIBUTOR,4.7,769284ffeffe41346b60e95b11afc234c09bd146
115118,2026-01-19T07:47:38Z,2026-01-19T20:52:23Z,master,human,MEMBER,4.6,5177a2fe59bcd5d10999f6c223934478cb8dbb29
115119,2026-01-19T07:58:43Z,2026-03-04T17:23:55Z,master,human,MEMBER,4.7,bb1e018314bdb5bccb3d16405c584dd69fe108e9
115121,2026-01-19T09:27:15Z,2026-01-28T18:33:10Z,master,human,CONTRIBUTOR,4.7,64b962215dc2a2c6c6d8a09198519ced9a16cdae
115124,2026-01-19T10:43:17Z,2026-01-26T19:19:59Z,master,human,MEMBER,4.7,3dc64a564b89a6a5180ee12d4503e4aec0e06446
115125,2026-01-19T12:05:14Z,2026-02-23T18:06:07Z,master,human,MEMBER,4.7,2327a823578a30f09068f97272598521896d5633
115128,2026-01-19T13:49:48Z,2026-01-19T20:52:23Z,master,human,MEMBER,4.6,895630e853b7f389c2a3de5cfe02ef433f7b8c23
115129,2026-01-19T15:16:14Z,2026-02-20T01:26:13Z,master,human,MEMBER,4.7,5ce11b3c5fa4dcae09c4231d6d6bca35044cfb46
115132,2026-01-19T16:02:31Z,2026-01-28T18:33:10Z,master,human,CONTRIBUTOR,4.7,0ce93e38e4776b55083e82b38fdd300a2a844a52
115137,2026-01-19T19:14:16Z,2026-01-28T18:33:10Z,master,human,CONTRIBUTOR,4.7,74b14da73709fe144163f9dd77f912e74bcdf8ef
115143,2026-01-19T20:32:52Z,2026-01-29T00:03:46Z,master,human,MEMBER,4.7,82e235ebbce9b4698d262de32ebd18419737f9ca
115145,2026-01-19T21:26:51Z,2026-01-19T23:26:12Z,master,human,MEMBER,4.6,aa6ab2660fef320f7a8f9d768d8f7705d2c98de4
115147,2026-01-19T22:08:50Z,2026-01-26T19:19:59Z,master,human,CONTRIBUTOR,4.7,0f8a1c9db2b1ece9a3b450b3659be3a413c6ee70
115148,2026-01-19T22:15:39Z,2026-01-20T08:53:29Z,master,human,CONTRIBUTOR,4.6,06adfa4eb8dc4fe28fcf82de2ace4dd2a356c820
115151,2026-01-19T22:43:45Z,2026-04-13T20:53:20Z,master,human,MEMBER,4.7,8fd7cdac7e71bbad58d6647103201a933f486c7f
115152,2026-01-19T23:00:09Z,2026-01-19T23:26:12Z,master,human,MEMBER,4.6,dc57cd698d29915cd020b1c229735e4a7ec18b7d
115157,2026-01-20T01:42:17Z,2026-03-30T18:51:46Z,master,human,CONTRIBUTOR,4.7,1bb4e60952806546560dafd7620ba3221558117c
115158,2026-01-20T02:43:52Z,2026-01-29T00:03:46Z,master,human,MEMBER,4.7,63c0e9a9fb9c909e0d4feb328b12353eeae9408b
115161,2026-01-20T06:19:21Z,2026-01-20T08:53:29Z,master,human,MEMBER,4.6,2c373ffc2c277a75acc1478c4c3751085cb2b25b
115163,2026-01-20T08:11:27Z,2026-01-20T08:53:29Z,master,human,MEMBER,4.6,1b00ad5519d23dda79a743925b6193cfe634672e
115166,2026-01-20T09:08:44Z,2026-01-20T09:25:43Z,master,human,MEMBER,4.6,78c6632eb174aabb2790975cf83e28fee065b43d
115172,2026-01-20T11:10:38Z,2026-02-05T20:52:36Z,master,human,CONTRIBUTOR,4.7,a8c88243c2fb08da084440e72d8458bd6451480c
115175,2026-01-20T13:33:32Z,2026-01-21T17:02:25Z,master,human,CONTRIBUTOR,4.6,76addfff12b4dd1b8258ee9f14d4d8e03647cbf0
115177,2026-01-20T15:28:21Z,2026-01-28T18:33:10Z,master,human,MEMBER,4.7,ef313ecc4674627174511e9a3ae8ec1dbb5552bf
115181,2026-01-20T17:40:48Z,2026-01-22T15:56:08Z,master,human,CONTRIBUTOR,4.6,c3058391d7bd1a13481c393061c164c24ec99685
115184,2026-01-20T18:34:46Z,2026-04-21T13:54:45Z,master,human,MEMBER,4.7,7b99b6b975664c0bf73b2f8cb6b4b7eb8c50933f
115189,2026-01-20T19:08:22Z,2026-07-15T22:43:27Z,3.x,human,MEMBER,3.7,ade270115cb2170d37ca27a2105f159938a4a5d2
115190,2026-01-20T19:29:52Z,2026-01-29T00:03:45Z,master,human,CONTRIBUTOR,4.7,5ad8b27d8db0776700c2b08bf68fbea5e0a4680d
115192,2026-01-20T20:02:03Z,2026-03-14T11:21:12Z,master,human,CONTRIBUTOR,4.7,22decccd3f50fc0e7a14a44efa797882f59ce1fd
115193,2026-01-20T21:04:59Z,2026-02-06T14:23:24Z,master,human,CONTRIBUTOR,4.7,f801f496a87209632f965f38ad794c543fb6ac1d
115194,2026-01-20T21:14:33Z,2026-01-26T19:19:58Z,master,human,MEMBER,4.7,b1e863f3634311f347d72d4022ab24a996e641ec
115196,2026-01-20T22:35:27Z,2026-02-20T23:33:24Z,master,human,CONTRIBUTOR,4.7,56f31e34b6b880af6f34bc0ef63c60c9a61073cc
115197,2026-01-20T23:55:28Z,2026-01-27T15:09:23Z,master,human,MEMBER,4.7,530fb8551d48e257b829ce74a5dd32c0d198c435
115198,2026-01-20T23:57:07Z,2026-01-21T12:43:30Z,master,human,CONTRIBUTOR,4.6,6b76a5a8dc011723033cc8ad2ba3da345daab039
115199,2026-01-21T01:33:19Z,2026-01-21T16:45:19Z,master,human,MEMBER,4.6,2025985ba9a2c01c736d5bf53eb736dda61781de
115200,2026-01-21T02:01:57Z,2026-01-28T18:33:10Z,master,human,CONTRIBUTOR,4.7,c148384c400e3e98f549d473b6e21ada7732778a
115202,2026-01-21T12:26:27Z,2026-01-26T19:19:58Z,master,human,MEMBER,4.7,50b30b9514dd06a004f07b4a6a97f323a09c4751
115203,2026-01-21T12:29:45Z,2026-01-29T00:03:45Z,master,human,CONTRIBUTOR,4.7,38b84e9c0e0cb25e4333d2241c026b16a5e7af03
115208,2026-01-21T14:31:42Z,2026-01-21T16:45:19Z,master,human,MEMBER,4.6,8b2d988ba751600929cffff118a3025500810333
115215,2026-01-21T18:44:53Z,2026-01-26T19:19:58Z,master,human,MEMBER,4.7,4f1d84b1555c8eabed470c12878943077562c18c
115218,2026-01-21T19:16:26Z,2026-01-27T15:09:23Z,master,human,MEMBER,4.7,b40f4ae52f1c7c174a00f35554fa26157a98996f
115222,2026-01-21T21:25:00Z,2026-01-27T15:09:23Z,master,human,MEMBER,4.7,7dff26c7844355bdef3c8c97e5c3a6541a57925d
115228,2026-01-21T23:15:45Z,2026-01-28T18:33:10Z,master,human,CONTRIBUTOR,4.7,29afd19ed69b188f325c95b5e79a8c1a7257bf03
115229,2026-01-22T00:25:03Z,2026-01-29T00:03:45Z,master,human,MEMBER,4.7,3bcaf9d66c59849a156c0539361e2c849a35a441
115230,2026-01-22T00:26:56Z,2026-01-27T15:09:23Z,master,human,MEMBER,4.7,763056615917b95e4d9c767629ac05127669b0ad
115231,2026-01-22T00:41:45Z,2026-01-22T10:03:38Z,master,human,MEMBER,4.6,06922002b5983003e56407c5ea31149c7fe5970b
115234,2026-01-22T00:58:20Z,2026-01-28T18:33:10Z,master,human,MEMBER,4.7,2184f93865f6b4c3533e44decdef5841f7df852d
115242,2026-01-22T05:28:47Z,2026-01-22T10:03:38Z,master,human,MEMBER,4.6,d2a60ebbe9626d067130f38502d8c94947fc30fb
115245,2026-01-22T08:14:04Z,2026-03-30T18:51:46Z,master,human,MEMBER,4.7,c66455f5e75bb3799df9f1a6488b147cef0c4d29
115248,2026-01-22T08:58:49Z,2026-01-27T15:09:23Z,master,human,CONTRIBUTOR,4.7,ca08319e7d637732ba589fe53eefca0a9963e8a3
115249,2026-01-22T09:25:26Z,2026-01-22T10:03:38Z,master,human,MEMBER,4.6,e0b046e6dbb384472d59df9e8af3ee9cdc0e731e
115253,2026-01-22T10:23:59Z,2026-03-23T21:45:26Z,master,human,MEMBER,4.7,1d638eaf41ac7122f53a3418e1ed4772b5827732
115254,2026-01-22T10:32:13Z,2026-01-29T00:03:45Z,master,human,CONTRIBUTOR,4.7,623bbb3414f6c2f32e12582cbfe79b05e8abcf16
115257,2026-01-22T11:37:37Z,2026-01-26T19:19:58Z,master,human,MEMBER,4.7,773d788500daf3fb02bbce4cec59b298acbcf045
115266,2026-01-22T13:53:55Z,2026-02-02T19:08:06Z,master,human,MEMBER,4.7,f3d72eb13aabd670e8b465a98f1a26898d29fc31
115267,2026-01-22T14:39:24Z,2026-01-27T15:09:23Z,master,human,CONTRIBUTOR,4.7,8e086a66414dd617337ed77a156e394803763efb
115274,2026-01-22T17:30:43Z,2026-04-13T16:47:46Z,master,human,MEMBER,4.7,0f02fb598f5fc98d0b57e30195d4daeb89e71905
115275,2026-01-22T17:40:40Z,2026-01-29T00:03:45Z,master,human,CONTRIBUTOR,4.7,9bca0d1221128013c4cfa093690e6e4b8233fdd5
115278,2026-01-22T17:46:33Z,2026-01-26T19:19:58Z,master,human,CONTRIBUTOR,4.7,982eaef37d7010ce1ebcd6c665a0b15e32e229d0
115282,2026-01-22T20:35:47Z,2026-04-27T17:08:33Z,master,human,MEMBER,4.7,8df803f2a216574903843c1f272d4bcdcb150038
115289,2026-01-23T00:29:16Z,2026-01-30T15:48:59Z,master,human,CONTRIBUTOR,4.7,031442d427cd515352031ed9ab32d2b812781463
115290,2026-01-23T01:47:41Z,2026-01-30T15:48:59Z,master,human,CONTRIBUTOR,4.7,a6692abdb8cc17ef26225627226d10f7a6738101
115292,2026-01-23T02:32:33Z,2026-01-26T19:19:58Z,master,human,CONTRIBUTOR,4.7,b268b1013de7e7f17fed4186c0884bb00ad480d6
115293,2026-01-23T05:05:18Z,2026-01-24T21:50:36Z,master,human,CONTRIBUTOR,4.6,04249468d320710aefd783931bb059c0edb8f44a
115294,2026-01-23T08:42:09Z,2026-01-26T19:19:58Z,master,human,MEMBER,4.7,d950e2343ec3ab82a4d9b903edbf92068e19e02b
115295,2026-01-23T10:56:20Z,2026-01-26T21:04:53Z,master,human,MEMBER,4.7,43fbc539dd2780023d38a789c4aafbec266585e1
115296,2026-01-23T11:52:56Z,2026-03-23T12:12:47Z,master,human,MEMBER,4.7,62cd2da373f0ab21f5116b595c2ba08345929673
115297,2026-01-23T13:21:51Z,2026-02-27T14:53:46Z,master,human,MEMBER,4.7,7e031048772217b1fe5cedea698ade85a22aba22
115298,2026-01-23T13:25:19Z,2026-02-05T20:52:36Z,master,human,CONTRIBUTOR,4.7,a141edf19e562f3a5b69f701e3a8efb12a7bff27
115299,2026-01-23T13:47:07Z,2026-01-23T19:36:22Z,master,human,CONTRIBUTOR,4.6,233a5aeb4d23b569bb0c711825bb31978313d4ca
115302,2026-01-23T15:09:14Z,2026-01-26T19:19:58Z,master,human,CONTRIBUTOR,4.7,032f5bea899df7ad125bcbf82299263a1a85648a
115303,2026-01-23T15:51:41Z,2026-01-23T23:48:11Z,master,human,MEMBER,4.6,1d0a3c8c7254b9991b60a9dc8ecacd3f2121266d
115305,2026-01-23T16:02:41Z,2026-01-26T21:04:53Z,master,human,CONTRIBUTOR,4.7,657d06a8f385766bec781de2793d486a46ec27e7
115308,2026-01-23T19:20:17Z,2026-01-27T21:28:25Z,master,human,MEMBER,4.7,29a7d0e0f76c30238853543e4738ce1520c03f0b
115309,2026-01-23T19:55:31Z,2026-01-30T15:49:00Z,master,human,MEMBER,4.7,fbbb8a921b5cd8d9d354cc08e0d41946074bede1
115314,2026-01-23T21:29:52Z,2026-01-29T00:03:45Z,master,human,CONTRIBUTOR,4.7,8fd7c1ed5050189425dfa99b59748ffe2fca2c2a
115315,2026-01-23T21:37:45Z,2026-01-26T19:19:58Z,master,human,MEMBER,4.7,0b18c88c13980befe5d285628f04536b6e934c89
115316,2026-01-23T22:44:43Z,2026-01-23T23:48:11Z,master,human,CONTRIBUTOR,4.6,ebbdef7830e9dd0a2c293ef2f951a7a2d3ada14e
115325,2026-01-24T09:36:53Z,2026-01-27T15:09:23Z,master,human,MEMBER,4.7,7f31ae1564b5b3e8447fad31c9ee63b7cab2e69a
115326,2026-01-24T09:39:21Z,2026-01-27T15:09:23Z,master,human,MEMBER,4.7,07a2c75ec4b909f2ca56fb74cd728404773cec1c
115327,2026-01-24T09:54:30Z,2026-01-26T21:04:53Z,master,human,CONTRIBUTOR,4.7,a4bbad2ba8a8ecd4e756e49de5c83666f12a9bd5
115330,2026-01-24T12:33:51Z,2026-01-24T20:35:51Z,master,human,MEMBER,4.6,cca9d04b56be8f887f07ad9e132605f3d3b9aa70
115340,2026-01-24T18:30:30Z,2026-04-15T19:08:40Z,master,human,CONTRIBUTOR,4.7,4836ba26f078bca741b2659dcfddfa88af14e1d1
115346,2026-01-24T22:38:34Z,2026-07-07T14:40:40Z,master,human,CONTRIBUTOR,4.8,9ba03024dd0be93dde4a486584fce8c7fa3beb2e
115347,2026-01-24T23:37:09Z,2026-02-02T09:25:31Z,master,human,CONTRIBUTOR,4.7,affa84862a706940cbf60446fc8b2c4bed0e5fa3
115348,2026-01-24T23:53:18Z,2026-01-25T09:08:18Z,master,human,MEMBER,4.6,83e105ea355a59c6c12786b3d388972e5f535b54
115351,2026-01-25T01:26:23Z,2026-01-26T21:04:53Z,master,human,MEMBER,4.7,1387e0c07742a040797854ace3cae6b106851d56
115353,2026-01-25T02:33:22Z,2026-01-26T19:19:58Z,master,human,CONTRIBUTOR,4.7,9878cb9e724b08ca40091b6823c3ee44253003b7
115358,2026-01-25T09:51:00Z,2026-03-13T17:18:18Z,master,human,MEMBER,4.7,2078318f25a5b0f6c69ae628e4c7be9b3daf7e8f
115359,2026-01-25T12:50:33Z,2026-01-26T19:19:58Z,master,human,CONTRIBUTOR,4.7,b328f597a303b60bb39b340a95f9a09bb65cdb8c
115360,2026-01-25T13:12:54Z,2026-01-28T18:33:10Z,master,human,MEMBER,4.7,0b60e188c3999f2d38ea5d22c57f9f3818109a45
115364,2026-01-25T15:46:39Z,2026-01-26T19:19:58Z,master,human,CONTRIBUTOR,4.7,5173422b1e3583a9626975c1de88d811884b949e
115372,2026-01-25T19:56:26Z,2026-01-26T21:04:53Z,master,human,MEMBER,4.7,1b17f8f69652df59ad327ac295f456c5dace7689
115373,2026-01-25T20:01:45Z,2026-01-26T21:04:53Z,master,human,CONTRIBUTOR,4.7,d40dd57a9e195133eda8637871be74150e14efe1
115377,2026-01-26T00:38:17Z,2026-03-16T11:12:02Z,master,human,CONTRIBUTOR,4.7,af6b040c67041d0f753d5d760132365c469ecce5
115378,2026-01-26T00:41:44Z,2026-01-26T21:04:53Z,master,human,CONTRIBUTOR,4.7,7b4e2204652eafd5d4449cf9234aa80fde2fab11
115379,2026-01-26T00:43:52Z,2026-01-29T00:03:46Z,master,human,CONTRIBUTOR,4.7,cdddc73745a04a5e2647fc328d8f2703e37767a5
115383,2026-01-26T08:22:15Z,2026-01-26T21:04:53Z,master,human,CONTRIBUTOR,4.7,c6465994b7907c7828ec699110bb12736509c1f0
115389,2026-01-26T14:13:01Z,2026-01-26T17:05:00Z,master,human,MEMBER,4.7,f8444475ac0653376689b2ee4657727bea20e784
115390,2026-01-26T14:21:55Z,2026-04-01T18:03:20Z,master,human,CONTRIBUTOR,4.7,480350c09e008f4db55cfacd8dae9900c00f3306
115392,2026-01-26T14:52:14Z,2026-01-26T19:19:58Z,master,human,MEMBER,4.7,0b6cdb835b02365d3549fca840576ac3eeca9bf1
115394,2026-01-26T17:25:31Z,2026-02-10T14:32:46Z,master,human,CONTRIBUTOR,4.7,c2b5ff33695f304db4fdfcf573ca16782923ae6f
115396,2026-01-26T18:05:24Z,2026-02-16T21:10:17Z,master,human,CONTRIBUTOR,4.7,b151a2d9665f5c9a24cb3ec54375fd887eac87cc
115399,2026-01-26T19:06:22Z,2026-03-02T22:00:15Z,master,human,CONTRIBUTOR,4.7,89f36b740a581f58f620fae119e9807129f37be9
115401,2026-01-26T19:39:47Z,2026-01-26T21:04:53Z,master,human,MEMBER,4.7,75d50bd4ea09cd8b61c6de8f7e4206f55ff933a7
115410,2026-01-26T23:06:06Z,2026-01-27T15:09:23Z,master,human,MEMBER,4.7,9ef64c88fb44b66e177280f28d7ce0f619d090b2
115412,2026-01-26T23:37:24Z,2026-01-27T15:09:23Z,master,human,MEMBER,4.7,8751d9deb59dc9e99e3f0860af30168431a9e725
115422,2026-01-27T02:31:47Z,2026-02-05T20:52:36Z,master,human,CONTRIBUTOR,4.7,60638c93fb481f1b2e744771d98c2623ea856398
115426,2026-01-27T04:15:20Z,2026-08-25T17:19:09Z,master,human,CONTRIBUTOR,4.8,4b0cd9e0902b983a38d5ad0e90868c7f8bb68786
115430,2026-01-27T08:26:04Z,2026-01-27T15:09:23Z,master,human,MEMBER,4.7,a1746ee2043538e4cbcd1d846828e4f701759994
115434,2026-01-27T10:02:34Z,2026-01-27T21:28:25Z,master,human,MEMBER,4.7,ea1e6640f0fa9a40dc362fe034f201fdecb45c20
115437,2026-01-27T10:25:15Z,2026-03-30T18:51:46Z,master,human,MEMBER,4.7,cec809c09e9db056925446a612afcdc5e65e22eb
115447,2026-01-27T11:42:11Z,2026-01-27T21:28:27Z,master,human,CONTRIBUTOR,4.7,faf9adfcc6b88d63f24af25062689f8349e4eb16
115450,2026-01-27T12:51:12Z,2026-01-30T15:48:59Z,master,human,NONE,4.7,d48f9d45e274f2532364d28bb321946d8d91424c
115452,2026-01-27T14:12:38Z,2026-01-27T21:28:27Z,master,human,MEMBER,4.7,c161d13b1bade44ac6bad48e41c95995e7381811
115461,2026-01-27T16:05:56Z,2026-06-18T20:20:25Z,master,human,MEMBER,4.8,867f7dadebc740f0996233d348b312d03bd468c6
115462,2026-01-27T16:11:36Z,2026-03-16T16:42:19Z,master,human,MEMBER,4.7,256da15c7deae2ac0dfa45b9ee8d7a87fcabf19b
115466,2026-01-27T17:24:51Z,2026-01-29T18:16:18Z,master,human,MEMBER,4.7,abe0226afa55f74277bb735a57b6f31bb85b661f
115473,2026-01-27T19:53:52Z,2026-01-27T21:28:25Z,master,human,MEMBER,4.7,101c04cbc9f2dde04e40b5f87946540431e4d5be
115474,2026-01-27T20:12:47Z,2026-07-29T17:25:31Z,master,human,CONTRIBUTOR,4.8,5be5e5cc11c16f56015ac87fc5a7cbb7c9e734fa
115482,2026-01-27T23:35:30Z,2026-02-04T17:12:19Z,master,human,MEMBER,4.7,555a558dcf7f6650c3ff8160815fc269eaff2fca
115498,2026-01-28T07:01:20Z,2026-04-01T18:03:20Z,master,human,CONTRIBUTOR,4.7,a490c267a2c4dfc059d7b8e07d6d777fb103f659
115502,2026-01-28T10:03:53Z,2026-03-30T18:51:46Z,master,human,MEMBER,4.7,3672cd2ebf5cf32d3ce2df5435cc34071fd821a0
115504,2026-01-28T10:24:44Z,2026-01-30T15:48:59Z,master,human,MEMBER,4.7,5385a7ba3822424e289de396feb99b1ced141e59
115509,2026-01-28T14:28:37Z,2026-02-05T15:38:26Z,master,human,CONTRIBUTOR,4.7,1ec80d710a561e3aa57b785eabc7c454d0496b74
115510,2026-01-28T14:56:43Z,2026-01-29T18:16:18Z,master,human,MEMBER,4.7,9dff33d942226d85d3bdfde25a0c22c54e35f738
115514,2026-01-28T16:41:18Z,2026-02-06T14:23:24Z,master,human,CONTRIBUTOR,4.7,30873435b809467bf4d916b4ce07472322bfaf11
115515,2026-01-28T17:07:25Z,2026-01-29T00:03:45Z,master,human,MEMBER,4.7,bddebe9d7e18f91a20534c4bb3eaeee9a9470d99
115520,2026-01-28T18:00:24Z,2026-02-23T18:06:06Z,master,human,MEMBER,4.7,582a4f0d5a58efb9696c5e09d926309981d98b30
115528,2026-01-28T18:54:35Z,2026-02-27T14:53:46Z,master,human,CONTRIBUTOR,4.7,2c9ba448150b5a7cca330c0e4d1fe77ec7d6f1f3
115530,2026-01-28T19:16:44Z,2026-01-29T00:03:45Z,master,human,MEMBER,4.7,135cd6eea09b55f420d3d57064dd6d0d94ebcb6b
115532,2026-01-28T19:23:09Z,2026-02-16T16:24:54Z,master,human,CONTRIBUTOR,4.7,3209188cc79a6c6407ebf54cbfe7cc3f245bafd8
115533,2026-01-28T19:33:37Z,2026-05-22T16:09:10Z,master,human,MEMBER,4.7,cc6d153fb6452c9cc757540c7bee1bcab1713793
115535,2026-01-28T19:57:54Z,2026-08-11T16:46:21Z,master,human,CONTRIBUTOR,4.8,7ca0306e7665e0604d683a606197bb3aa947b2fa
115543,2026-01-28T22:34:57Z,2026-02-06T14:23:24Z,master,human,CONTRIBUTOR,4.7,3a44846a86251d8bb8224daa8f4f7e0476c196ee
115545,2026-01-28T23:59:04Z,2026-03-26T15:10:30Z,master,human,CONTRIBUTOR,4.7,f313c3b3f57d660f6f89c39f2d115e26af264010
115549,2026-01-29T00:53:14Z,2026-01-29T18:16:18Z,master,human,MEMBER,4.7,0a1fd97da0d30a419c46cff03abcfe2143fc0405
115551,2026-01-29T01:03:02Z,2026-01-29T18:16:18Z,master,human,MEMBER,4.7,80a4af1cc7c97b41f819ac2ac519a12804a53b1c
115557,2026-01-29T03:30:27Z,2026-06-18T15:25:19Z,master,human,CONTRIBUTOR,4.8,bb5b71fd1da8bd779a5d06863ba488a00e70e384
115565,2026-01-29T09:51:42Z,2026-02-20T10:19:41Z,master,human,MEMBER,4.7,4654dbb0ac784d12b9f9d575134c20b384a907ea
115566,2026-01-29T09:56:14Z,2026-03-04T17:23:55Z,master,human,MEMBER,4.7,0f0c3f3a18607798b27c5c57f3d68d467b72df15
115569,2026-01-29T11:05:05Z,2026-01-29T18:16:18Z,master,human,CONTRIBUTOR,4.7,2725c636caa9983687101917a822ad5ee7cbc470
115570,2026-01-29T11:15:08Z,2026-01-29T18:16:18Z,master,human,MEMBER,4.7,b621b9ea5a7d81f94a5e9155013626f28922ce09
115574,2026-01-29T12:18:52Z,2026-01-29T18:16:18Z,master,human,CONTRIBUTOR,4.7,2ba7af854deef88a3668282ea9e80255607463f9
115575,2026-01-29T13:04:19Z,2026-02-06T14:23:24Z,master,human,MEMBER,4.7,0f8119a3db9f6e45990b3bb55ebbdf0b5073465d
115576,2026-01-29T13:06:44Z,2026-01-29T18:16:18Z,master,human,CONTRIBUTOR,4.7,fd0499020b34f2c31c69dc91cc0869e09344b63b
115577,2026-01-29T14:55:34Z,2026-01-29T18:16:18Z,master,human,MEMBER,4.7,563c22673b962c0d6daa114ada1607de68d04949
115587,2026-01-29T18:09:06Z,2026-01-30T15:48:59Z,master,human,MEMBER,4.7,e6ddb1035d9aac1cc34b7912ae40cfb958216211
115594,2026-01-29T19:17:17Z,2026-02-06T14:23:24Z,master,human,CONTRIBUTOR,4.7,325a243431a82da74653f0dc12004115ff5ff6c8
115596,2026-01-29T19:35:49Z,2026-02-04T17:12:19Z,master,human,MEMBER,4.7,8858cf3cc4e508b44c52450a6521b7491c3ec312
115601,2026-01-29T20:37:53Z,2026-04-29T17:34:18Z,master,human,MEMBER,4.7,9120c0c3aeb0d69d5bc5705d2c791c8e89da9718
115602,2026-01-29T21:03:26Z,2026-01-30T15:48:59Z,master,human,CONTRIBUTOR,4.7,82580cf965caf5ce75fc86d4d26e68071bfe4685
115603,2026-01-29T21:29:51Z,2026-01-30T15:48:59Z,master,human,CONTRIBUTOR,4.7,970565aafc486ce239ed065e2f8e23c142ff18eb
115605,2026-01-29T22:11:48Z,2026-02-06T14:23:24Z,master,human,CONTRIBUTOR,4.7,1877e84ca0ab42e55f00e1402ab0b560f16167ae
115606,2026-01-29T22:16:11Z,2026-01-30T15:48:59Z,master,human,MEMBER,4.7,6d67a99925fe93b5e5b0c91c51d9740793afed0a
115607,2026-01-29T23:08:13Z,2026-01-30T15:48:59Z,master,human,MEMBER,4.7,e36d624a3089752d1616a9546944f2881249acaa
115608,2026-01-29T23:10:25Z,2026-02-03T14:18:41Z,master,human,CONTRIBUTOR,4.7,4c5f4e61ad17a80e332aba2decba3acb052acb0c
115609,2026-01-29T23:22:56Z,2026-04-13T16:47:46Z,master,human,MEMBER,4.7,b62ccc3a724edacd3d76bb0e971821c96512bfbb
115619,2026-01-30T06:47:15Z,2026-01-30T15:48:59Z,master,human,MEMBER,4.7,9005783e770b7ef95b22ba36b19bd587984e7993
115620,2026-01-30T08:06:41Z,2026-01-30T15:48:59Z,master,human,MEMBER,4.7,2d9b67e7bfc8b64584a1b773841fd064a4c4ac76
115623,2026-01-30T09:02:53Z,2026-02-20T12:07:41Z,master,human,MEMBER,4.7,be587f3a2d92f42d52fd3801f94a8dda47e18e64
115632,2026-01-30T13:24:48Z,2026-04-07T11:47:33Z,master,human,MEMBER,4.7,223c9417bd3f5cb5df89858a778db9967e7a279a
115633,2026-01-30T13:42:50Z,2026-02-04T17:12:19Z,master,human,MEMBER,4.7,72aeb54f9fb6d16fdbe6f6e5591540a087cb40a7
115637,2026-01-30T15:38:23Z,2026-04-28T14:14:31Z,master,human,MEMBER,4.7,f5560ccbe2a1584f54713caeacc1f7b582a19a70
115639,2026-01-30T16:49:11Z,2026-02-02T09:25:31Z,master,human,MEMBER,4.7,5b75d2539b69191a46ddf88d9eaf8340a97174a1
115644,2026-01-30T17:43:17Z,2026-01-31T21:59:49Z,master,human,MEMBER,4.7,d7e6f5e05f9dfc0d2e82e6a89b1311835dfd3fee
115646,2026-01-30T18:00:15Z,2026-02-16T21:10:17Z,master,human,MEMBER,4.7,1e12317895841df653f835f1e04d54ea0f28fcd7
115649,2026-01-30T19:29:31Z,2026-02-20T17:41:30Z,master,human,CONTRIBUTOR,4.7,65951c721feb4eae8026eccdcf6807bb0c90a3b8
115653,2026-01-30T21:25:21Z,2026-09-22T15:21:21Z,master,human,CONTRIBUTOR,4.8,295b21da440fefb4994c4111cd9585c77e293c56
115659,2026-01-31T00:22:58Z,2026-03-23T12:12:47Z,master,human,MEMBER,4.7,424a191f4196b59feded88e15238507d45d79550
115666,2026-01-31T07:46:24Z,2026-04-03T16:54:47Z,master,human,CONTRIBUTOR,4.7,a70b7ad1e69f99f641f4b6d420cd3341e052c6e5
115671,2026-01-31T12:26:28Z,2026-01-31T21:59:49Z,master,human,MEMBER,4.7,6a3158be487d6626eb1026ddcf003b9814b1be7d
115672,2026-01-31T12:46:49Z,2026-01-31T21:59:49Z,master,human,MEMBER,4.7,973e4d1576578067059ad43b4aea0c05d01273b1
115674,2026-01-31T13:32:23Z,2026-03-16T11:12:02Z,master,human,MEMBER,4.7,872b5a52df76959c410297b0f60212f4349c3454
115681,2026-01-31T16:46:54Z,2026-02-02T19:08:06Z,master,human,CONTRIBUTOR,4.7,c37b78b525f3038b8415fd6e5bcb1fbce23c68d9
115685,2026-01-31T19:03:12Z,2026-02-02T09:25:30Z,master,human,MEMBER,4.7,c2089db630ccbd3217b0297f62874f2df34e618d
115687,2026-01-31T20:06:40Z,2026-01-31T21:59:49Z,master,human,CONTRIBUTOR,4.7,98782b6c8c9cabe0fb7c80bc62640735ecb076d3
115689,2026-01-31T20:42:37Z,2026-02-05T15:38:26Z,master,human,MEMBER,4.7,21932ace7fceaa2ee04365f893dd6f981f1aa7b2
115690,2026-01-31T22:07:34Z,2026-02-24T15:34:27Z,master,human,CONTRIBUTOR,4.7,31817ef2ff400778e2b4783ba4c24894ebeac6aa
115692,2026-01-31T23:02:01Z,2026-02-02T19:08:06Z,master,human,CONTRIBUTOR,4.7,42b5f648359d87f3ed543f0150ba169ac2410a92
115697,2026-02-01T01:56:08Z,2026-06-19T17:12:22Z,master,human,CONTRIBUTOR,4.8,918a4e6cbc3d583000d19d87011447260c769274
115699,2026-02-01T04:22:29Z,2026-02-02T19:08:06Z,master,human,CONTRIBUTOR,4.7,cbfc64fd6e442bed673cfe546ecef1df756dd8d9
115702,2026-02-01T04:48:25Z,2026-02-09T21:20:32Z,master,human,CONTRIBUTOR,4.7,6c72a8a31105e8599b297090f2cc170d133796ee
115704,2026-02-01T08:02:20Z,2026-02-02T09:25:30Z,master,human,CONTRIBUTOR,4.7,bbd8bfcd301a3a522cc24f29d52d3743d0221884
115705,2026-02-01T09:24:01Z,2026-02-06T14:23:24Z,master,human,CONTRIBUTOR,4.7,de6a487b352975a34d95804f8769abf2b79c0677
115708,2026-02-01T11:07:16Z,2026-02-02T09:25:30Z,master,human,CONTRIBUTOR,4.7,6f3132b6bafacd3cac546b13b969f4bddba0e290
115710,2026-02-01T12:22:40Z,2026-02-09T21:20:32Z,master,human,MEMBER,4.7,833889aec024b792b1c5ce5089eaebc5eb45692f
115713,2026-02-01T14:18:55Z,2026-02-02T09:25:30Z,master,human,CONTRIBUTOR,4.7,e04d564215db2edea62ae06e61094164b459d7d9
115714,2026-02-01T14:30:25Z,2026-02-02T19:08:06Z,master,human,CONTRIBUTOR,4.7,379b5fa8145509d2527c1261b4411f11057d9800
115718,2026-02-01T16:15:36Z,2026-02-02T09:25:30Z,master,human,MEMBER,4.7,e273d83ff5961a7492bb74a06660ac80bc312067
115719,2026-02-01T16:39:43Z,2026-02-05T20:52:36Z,master,human,CONTRIBUTOR,4.7,c3687b9b8961ac819249d7ce7def9876ab4b42f7
115726,2026-02-01T19:10:18Z,2026-02-02T09:25:30Z,master,human,MEMBER,4.7,f4f0679a2d4a2b8e6da8700412b387fc1ccad951
115728,2026-02-01T19:30:49Z,2026-02-11T16:39:54Z,master,human,MEMBER,4.7,40448082abe972daa179c64d7889cd88a8e7ea9c
115729,2026-02-01T19:47:12Z,2026-02-02T19:08:06Z,master,human,CONTRIBUTOR,4.7,77f596abc5e4ec69c3995ac8203fab2e9bd67764
115732,2026-02-01T20:25:33Z,2026-02-20T10:19:41Z,master,human,MEMBER,4.7,4326946f005ca357243b5eaa1ef7083073d87e73
115738,2026-02-01T23:36:59Z,2026-03-10T19:29:31Z,master,human,CONTRIBUTOR,4.7,284121025f324f93ac0a6ceaf50357d7f6ed2108
115741,2026-02-02T01:10:12Z,2026-03-18T16:46:37Z,master,human,CONTRIBUTOR,4.7,456bdea954ee24e48cb562bfbf531de1cd96e371
115749,2026-02-02T09:42:43Z,2026-02-03T14:18:41Z,master,human,MEMBER,4.7,ed42d3dbe08553800fcb110db2a5b55e5809d007
115750,2026-02-02T09:57:05Z,2026-03-16T11:12:02Z,master,human,CONTRIBUTOR,4.7,a189151e0ae0bd801e25a6a3806fc722354ab8d3
115751,2026-02-02T10:30:06Z,2026-02-02T19:08:06Z,master,human,MEMBER,4.7,e6d4e7d37f1e12be4245253cb93be2f8a2b8e5f3
115752,2026-02-02T10:32:37Z,2026-02-16T21:10:17Z,master,human,MEMBER,4.7,13bc06556f14b94ad76f5f32f7d2cc4fdbced529
115757,2026-02-02T12:56:44Z,2026-02-02T19:08:05Z,master,human,MEMBER,4.7,b719f94bfebfb783f874959fa3256c0d75b3cc2a
115758,2026-02-02T13:12:35Z,2026-02-02T19:08:05Z,master,human,MEMBER,4.7,f95b96457262b0286f7cb07709e6086c742ea48a
115759,2026-02-02T13:23:32Z,2026-02-04T00:09:29Z,master,human,MEMBER,4.7,cab1bfdeea4d821b8d0dd022bc10e243c19d3084
115760,2026-02-02T13:40:36Z,2026-06-18T18:19:40Z,master,human,MEMBER,4.8,a510ea03ed7bb21f8f7b4f2ae30e8ee936d7b8a2
115761,2026-02-02T13:46:10Z,2026-02-13T13:43:22Z,master,human,CONTRIBUTOR,4.7,481b6fcf666e697300c71b0a8bc23bd05a02fe53
115763,2026-02-02T15:16:56Z,2026-02-03T14:18:41Z,master,human,CONTRIBUTOR,4.7,9c1528f78725f5d6d83cd5ee6193a77491b81c48
115765,2026-02-02T17:07:47Z,2026-02-02T19:08:05Z,master,human,MEMBER,4.7,3c5e561024b2aeee7494e675fbed4724dd216fe2
115767,2026-02-02T17:16:09Z,2026-02-09T21:20:32Z,master,human,CONTRIBUTOR,4.7,b6b7f5a9de19ffbf28dc89e78d43b97d624e81a2
115773,2026-02-02T19:48:53Z,2026-02-03T14:18:41Z,master,human,CONTRIBUTOR,4.7,0304036beda5e7bd81f4f892d7fceeebfbeff8c7
115778,2026-02-02T22:00:35Z,2026-02-03T14:18:41Z,master,human,MEMBER,4.7,b4a81b2070825827053e19a901f58e6f29660ecf
115784,2026-02-02T23:27:13Z,2026-02-03T14:18:41Z,master,human,MEMBER,4.7,ace9a93ff34b53b07a2eb408bc265c7b27c59972
115788,2026-02-03T00:37:57Z,2026-04-13T20:53:20Z,master,human,MEMBER,4.7,bafe8862868a120eda3623fe7a472429113d31d7
115793,2026-02-03T02:24:07Z,2026-02-03T14:18:41Z,master,human,CONTRIBUTOR,4.7,2f3fc6504dd98f8f34905b31e7d024a7d21536ff
115794,2026-02-03T02:39:09Z,2026-02-05T15:38:26Z,master,human,MEMBER,4.7,9e2ab92fee6a79b01b445075a22a6b77277a74f1
115796,2026-02-03T03:54:58Z,2026-02-04T00:09:29Z,master,human,CONTRIBUTOR,4.7,15c9d96209b652c96108ba14279e9c4f10fc0e55
115797,2026-02-03T04:02:28Z,2026-04-18T12:36:16Z,master,human,CONTRIBUTOR,4.7,29cec720e4c5732b21a77e65fb9338ba20818bed
115799,2026-02-03T04:20:49Z,2026-02-26T14:20:55Z,master,human,CONTRIBUTOR,4.7,861d74c09d395f098aaa5557f09d0e55ff0d7be1
115800,2026-02-03T05:02:59Z,2026-02-04T17:12:19Z,master,human,CONTRIBUTOR,4.7,f438a4a12e642af480428bf47240cb35237f43aa
115802,2026-02-03T05:36:12Z,2026-02-05T15:38:26Z,master,human,CONTRIBUTOR,4.7,4a0673c91a3cde296c896adf4f04a123cd5eeb7d
115808,2026-02-03T07:45:00Z,2026-04-13T16:47:46Z,master,human,CONTRIBUTOR,4.7,6b92cae1a90329161ace21083050e9e63493bb2a
115814,2026-02-03T09:38:17Z,2026-02-04T17:12:19Z,master,human,CONTRIBUTOR,4.7,c22aa78faf9ef0f895903431cff409946602a51d
115819,2026-02-03T12:49:55Z,2026-09-15T22:57:10Z,master,human,CONTRIBUTOR,4.8,ab0683fe3497ff1d9f9c9a8140eb3a58b848bfd6
115820,2026-02-03T13:33:11Z,2026-06-05T14:30:11Z,master,human,MEMBER,4.7,3515ae628271e78dec210756aa7d941dc9b68353
115822,2026-02-03T15:19:02Z,2026-02-27T21:45:44Z,master,human,MEMBER,4.7,afdd7afb6d14bb9fbac9edfa74130992784c81ab
115823,2026-02-03T15:43:59Z,2026-02-05T15:38:26Z,master,human,MEMBER,4.7,65e79f33cb20f1c5c7d270684bb0dcb3958e8024
115827,2026-02-03T17:14:48Z,2026-02-04T00:09:29Z,master,human,MEMBER,4.7,eaa21e1423b47c02c99903862423f90448580413
115829,2026-02-03T17:16:34Z,2026-03-23T21:45:26Z,master,human,CONTRIBUTOR,4.7,aa5a7914e408b5d42b844d8e33e6203cb115a00a
115834,2026-02-03T18:30:53Z,2026-02-04T00:09:29Z,master,human,CONTRIBUTOR,4.7,26d9d9d26a95dc6411d8560253f7733f408592ed
115839,2026-02-03T19:23:12Z,2026-02-04T17:12:19Z,master,human,NONE,4.7,7dac0bc3be27ee70b1bf6da561e9f14cd92224ef
115840,2026-02-03T19:40:14Z,2026-02-04T17:12:19Z,master,human,NONE,4.7,3d113f40521b0a6377497a6c41f512ecd8cc91ef
115842,2026-02-03T20:36:11Z,2026-03-04T20:35:15Z,master,human,CONTRIBUTOR,4.7,5134bdb39e923b7327ad8ca6ebff4be0dd34255d
115845,2026-02-03T22:02:06Z,2026-07-10T19:10:34Z,master,human,CONTRIBUTOR,4.8,98c2ba717050d7e7fd10180bb7bc9c006a0978d7
115851,2026-02-03T23:24:17Z,2026-04-06T18:07:08Z,master,human,MEMBER,4.7,5b22f33d11e3a71b2b7f3a7a2f8d3ece4197616f
115855,2026-02-04T02:07:37Z,2026-02-09T21:20:32Z,master,human,CONTRIBUTOR,4.7,2a5a740bde2ae200290d61ed27e0ae2efc0ac338
115856,2026-02-04T02:37:45Z,2026-02-10T14:32:46Z,master,human,CONTRIBUTOR,4.7,486c73409a6ee29fd0cc698489e5ead9461b2077
115862,2026-02-04T08:23:52Z,2026-02-06T14:23:24Z,master,human,CONTRIBUTOR,4.7,e57e50ef87487c18bdb36a1fb572d6d01a402525
115865,2026-02-04T10:32:11Z,2026-02-05T15:38:26Z,master,human,MEMBER,4.7,2b44ed5299cff04abfc165008e11e3c7b0b71bbd
115868,2026-02-04T14:52:49Z,2026-02-04T17:12:19Z,master,human,MEMBER,4.7,a6623908171440f5d485430464b7ed04d85690cb
115870,2026-02-04T16:51:56Z,2026-02-05T20:10:50Z,4.6,human,CONTRIBUTOR,4.6,de0e8a4c764da4b3705f206d3e962763c0142623
115871,2026-02-04T16:54:48Z,2026-02-11T16:39:54Z,master,human,CONTRIBUTOR,4.7,e4d449f4b41c71d8a5781de9f5c48522f5dcb182
115874,2026-02-04T17:50:42Z,2026-02-05T15:38:26Z,master,human,MEMBER,4.7,7e91c61fec8d40f796ea45ac428f07eda428787a
115876,2026-02-04T19:39:15Z,2026-02-20T17:41:30Z,master,human,CONTRIBUTOR,4.7,781ae8deb22a19c9590a01ae6ba3e746d86f0b22
115877,2026-02-04T20:08:14Z,2026-02-16T16:24:54Z,master,human,CONTRIBUTOR,4.7,2964e8ed82723285536bb376dd290e0d3e907c91
115879,2026-02-04T21:02:54Z,2026-02-05T15:38:26Z,master,human,MEMBER,4.7,ade192ca1555b3fdaa02b68d4bb234fbf104d20f
115883,2026-02-04T23:07:46Z,2026-02-13T13:43:22Z,master,human,CONTRIBUTOR,4.7,bf95b62586e31b8a3503f5903d7764d7c52bf2ab
115884,2026-02-04T23:19:49Z,2026-03-06T17:50:37Z,4.6,human,CONTRIBUTOR,4.6,164dbf64e56c9562438e1b17c1b7c0a326dc9e86
115888,2026-02-05T01:23:59Z,2026-02-24T15:34:27Z,master,human,CONTRIBUTOR,4.7,b62cbfdaa8f3f841ad3c776ffff4b1117cc8617b
115895,2026-02-05T04:58:38Z,2026-02-25T15:34:13Z,master,human,CONTRIBUTOR,4.7,2cc89c37eca1124903ed74a5a30f43e3cba7289c
115896,2026-02-05T08:06:57Z,2026-03-30T18:51:46Z,master,human,MEMBER,4.7,521e442754cb263e9789924da1ff62febb733080
115900,2026-02-05T11:54:15Z,2026-02-05T15:38:26Z,master,human,CONTRIBUTOR,4.7,bf332b7e2ba9e56499c7912b960b0d024ca37363
115903,2026-02-05T12:19:19Z,2026-03-30T18:51:46Z,master,human,MEMBER,4.7,aa56bcb233b5fb776af8912cc2e157752af15331
115904,2026-02-05T12:42:43Z,2026-02-10T16:40:25Z,master,human,CONTRIBUTOR,4.7,0808e47effd6fb0dae7d84824d1937d2447de188
115911,2026-02-05T15:26:27Z,2026-05-14T14:12:13Z,master,human,MEMBER,4.7,0d5268d9a4151157c2cc8e846b24bb581bbf9518
115916,2026-02-05T18:24:30Z,2026-02-05T20:52:36Z,master,human,CONTRIBUTOR,4.7,ff1f870e2e2630df32af42638937cb5d9474da09
115917,2026-02-05T18:57:22Z,2026-02-05T20:52:36Z,master,human,MEMBER,4.7,ff8fd0273d99aa3a4633cb57238fb8d58ec2b29b
115919,2026-02-05T19:24:24Z,2026-02-06T14:23:24Z,master,human,CONTRIBUTOR,4.7,a4ea276cf49c90713facace2ce39d010f11f473d
115921,2026-02-05T19:50:16Z,2026-02-05T20:52:36Z,master,human,CONTRIBUTOR,4.7,6136b7a599cce62189d044db2898e92d51cd7bb9
115923,2026-02-05T20:53:13Z,2026-02-06T14:23:24Z,master,human,CONTRIBUTOR,4.7,c729962899d90cb7ef91c2b5e0d3fe95629dc8d6
115927,2026-02-05T23:10:33Z,2026-02-06T14:23:23Z,master,human,CONTRIBUTOR,4.7,f6b89548a464b4e2ac3032d409e4da71d8703013
115928,2026-02-05T23:46:06Z,2026-02-06T14:23:24Z,master,human,CONTRIBUTOR,4.7,9ecd611b510addb21c62655a71a2cbb6df9d4899
115931,2026-02-06T00:15:25Z,2026-02-06T14:23:24Z,master,human,CONTRIBUTOR,4.7,24ae6c89be3b580f4c21b15916f4f97ea03a84ae
115932,2026-02-06T00:20:15Z,2026-02-25T15:34:13Z,master,human,CONTRIBUTOR,4.7,551b4ebc274e5dec3c431162e83c245e9f54daa9
115933,2026-02-06T01:12:48Z,2026-02-09T21:20:32Z,master,human,CONTRIBUTOR,4.7,e067a686b386a050f12bc40fd18436ffd4cfc34b
115935,2026-02-06T01:59:01Z,2026-02-06T14:23:24Z,master,human,CONTRIBUTOR,4.7,8557916777e121ec42f59a0520af2684c1befbfe
115938,2026-02-06T02:38:46Z,2026-04-16T14:56:02Z,master,human,CONTRIBUTOR,4.7,2c61f26274b9e3dfb0d63c683c61a9857198fdb4
115946,2026-02-06T07:49:19Z,2026-02-06T14:23:24Z,master,human,MEMBER,4.7,a1604ab74ce553376df5836feabdca5c0cf7c32d
115949,2026-02-06T09:28:42Z,2026-02-06T14:23:23Z,master,human,MEMBER,4.7,3f3dc88c7e454c65d1c797fe4541fbdc17048d26
115951,2026-02-06T11:21:10Z,2026-02-06T14:23:23Z,master,human,CONTRIBUTOR,4.7,80d3019de854f11110ee02780a1072c870f80f72
115952,2026-02-06T11:47:41Z,2026-02-06T14:23:23Z,master,human,MEMBER,4.7,b597f93960df40c86f51d2ba9d188dbb25bd3441
115954,2026-02-06T12:50:03Z,2026-03-30T18:51:46Z,master,human,CONTRIBUTOR,4.7,7c2a32498c5c4938403c2965bd38ba0a9e3f4bbc
115957,2026-02-06T13:54:36Z,2026-03-06T18:44:27Z,master,human,MEMBER,4.7,42c771d160f553ae93a03d50eb7d62f97735100b
115961,2026-02-06T14:41:28Z,2026-02-06T16:02:31Z,4.6,human,CONTRIBUTOR,4.6,7bfffc846d13cf0368a0c59c72f821fd916824d1
115963,2026-02-06T15:30:41Z,2026-02-12T14:25:36Z,master,human,MEMBER,4.7,2d5b30c476622768cd325f08a2e99a6610be1000
115968,2026-02-06T17:47:41Z,2026-02-09T21:20:32Z,master,human,CONTRIBUTOR,4.7,cb8c64b96babb8e7c47ffe1faa04012842c64489
115978,2026-02-06T21:43:16Z,2026-02-27T14:53:46Z,master,human,CONTRIBUTOR,4.7,3862d8704fb55d92c6ff99330765e7680a570b0c
115980,2026-02-06T21:59:52Z,2026-03-23T21:45:26Z,master,human,CONTRIBUTOR,4.7,881d08622ef6a55c3073e4ee6e05be5b8d1381cb
115992,2026-02-07T04:32:27Z,2026-02-11T16:39:54Z,master,human,CONTRIBUTOR,4.7,152f14278817ba67a08400c314b9eb024ba97926
115993,2026-02-07T04:52:28Z,2026-02-09T21:20:32Z,master,human,CONTRIBUTOR,4.7,86508ea17b8f53637c92f042750e6db8fc514d6e
115998,2026-02-07T08:37:05Z,2026-07-21T17:30:12Z,master,human,CONTRIBUTOR,4.8,aac1c92f5fb49824ec0c6d87def19656929db23b
116000,2026-02-07T09:53:55Z,2026-02-09T21:20:32Z,master,human,CONTRIBUTOR,4.7,ca0be3863297062222f19847912fe58dd0799d17
116006,2026-02-07T14:02:49Z,2026-02-09T11:50:58Z,master,human,MEMBER,4.7,377b5a31752ad5e9c53733639ba0d263e1158645
116012,2026-02-07T16:46:14Z,2026-02-09T21:20:32Z,master,human,CONTRIBUTOR,4.7,b79e1f36ef2bd29419afeab5f754664721a195b1
116014,2026-02-07T18:55:08Z,2026-02-25T15:34:13Z,master,human,CONTRIBUTOR,4.7,f5a4757763e5d8cb49cb5d79a238f772ef8736b1
116019,2026-02-07T20:21:39Z,2026-03-23T21:45:25Z,master,human,CONTRIBUTOR,4.7,987c77f02fe7a9c46f5488b69696c7cee3b30b8b
116023,2026-02-07T22:28:42Z,2026-02-24T15:34:27Z,master,human,CONTRIBUTOR,4.7,42ac04d9a9de1794e1d076b1a0377f211af671e9
116024,2026-02-07T22:34:12Z,2026-04-03T16:54:47Z,master,human,CONTRIBUTOR,4.7,c068a92e1957cf50d81125e402f6721c0bd3dec1
116032,2026-02-08T02:02:06Z,2026-02-10T16:40:25Z,master,human,CONTRIBUTOR,4.7,d61fc4529f9479b2b64e1633a54d89471f9365aa
116041,2026-02-08T10:14:13Z,2026-02-11T16:39:54Z,master,human,CONTRIBUTOR,4.7,6330464fd94a28d61d31106ee8581185113d8ce4
116046,2026-02-08T13:16:35Z,2026-02-11T16:39:54Z,master,human,CONTRIBUTOR,4.7,c53965f13eb7bc7add011cb6ae4afdfc03d60351
116052,2026-02-08T18:57:52Z,2026-04-20T14:23:48Z,master,human,CONTRIBUTOR,4.7,a64fdd98c96a932b633d56cab88b5beca40954a0
116057,2026-02-08T19:20:12Z,2026-02-09T21:20:32Z,master,human,MEMBER,4.7,64b2841d916fd42658ce069b87c32e3265fb5c32
116063,2026-02-08T20:04:46Z,2026-05-25T17:56:42Z,master,human,MEMBER,4.7,94a62a3a6c3e7d7c0752828404b8e6075cc83d42
116064,2026-02-08T20:20:40Z,2026-02-24T15:34:27Z,master,human,CONTRIBUTOR,4.7,69c274d3bc83a18e90a2c801fffed54a83e3b05e
116071,2026-02-08T23:30:48Z,2026-02-11T16:39:54Z,master,human,CONTRIBUTOR,4.7,c6f1ad6b09e2f812107dfa6bd98daa76cf7e8c72
116075,2026-02-09T02:30:16Z,2026-02-12T14:25:36Z,master,human,CONTRIBUTOR,4.7,3294d50d8246bf93bbb4a2015793171255e2d280
116078,2026-02-09T04:42:16Z,2026-02-09T21:20:32Z,master,human,CONTRIBUTOR,4.7,0e56b6f8e149ede0f28fcd394caacec56c289b3a
116080,2026-02-09T05:49:35Z,2026-02-09T21:20:32Z,master,human,CONTRIBUTOR,4.7,ca281b0b2d6c9e65515091932748220128f5a299
116081,2026-02-09T06:08:29Z,2026-02-16T16:24:54Z,master,human,CONTRIBUTOR,4.7,d1554575542a3bfafa0fe8be24d7d2e8dd0ef942
116082,2026-02-09T06:20:20Z,2026-07-10T19:10:34Z,master,human,CONTRIBUTOR,4.8,f90ac941d0d5c7f37ae64224796568cf5584f503
116088,2026-02-09T09:11:14Z,2026-02-10T16:40:24Z,master,human,CONTRIBUTOR,4.7,da0250c0f08bbbb587c34694c63313510439d896
116092,2026-02-09T10:49:57Z,2026-02-20T17:41:30Z,master,human,MEMBER,4.7,8ab854a7cab894d957a71e9d9103542fc699cd20
116097,2026-02-09T13:23:48Z,2026-02-18T23:29:16Z,master,human,MEMBER,4.7,ad4c2c3da892029981707d757a80ddef12e59d7a
116100,2026-02-09T14:38:58Z,2026-02-16T21:10:17Z,master,human,MEMBER,4.7,7b9e7a9f8b2f6584cc26ed65208e593537fc41f5
116102,2026-02-09T16:06:19Z,2026-02-09T19:03:52Z,4.5,human,MEMBER,4.5,b812a281777a59154acbd19b5f720c1eae14e220
116105,2026-02-09T17:29:08Z,2026-02-09T21:20:32Z,master,human,CONTRIBUTOR,4.7,44d2f87432ae423d3f51d5d5f5ad780ac249681a
116106,2026-02-09T17:45:27Z,2026-02-10T14:32:46Z,master,human,CONTRIBUTOR,4.7,49ddb94a935d994bcecb593969bdb69ae78798e9
116107,2026-02-09T17:54:21Z,2026-02-10T14:32:46Z,master,human,MEMBER,4.7,0dc5c0ad36d2a7b4226310f098bd413c456c0fee
116111,2026-02-09T20:56:43Z,2026-02-10T18:35:49Z,4.6,human,CONTRIBUTOR,4.6,e9861dfe4e1a2bddd62faa3111ae1fd31381ec2a
116117,2026-02-09T22:35:39Z,2026-02-10T14:32:46Z,master,human,CONTRIBUTOR,4.7,fe039cc6cd305ca78c9f55af2939fabc5d60f41f
116125,2026-02-10T10:59:34Z,2026-02-10T16:40:24Z,master,human,CONTRIBUTOR,4.7,07f6c64c1852ee7478c3979fdbc61e5a438628d0
116129,2026-02-10T12:44:31Z,2026-02-16T21:10:17Z,master,human,NONE,4.7,003cc3d84b0b9788cb96c2e42488ee7739410abb
116130,2026-02-10T13:43:15Z,2026-02-23T18:06:07Z,master,human,MEMBER,4.7,c0a58e7d80b2cfb0fdc6dfa6d4ab7c4703732443
116140,2026-02-10T16:09:13Z,2026-02-10T16:40:25Z,master,human,CONTRIBUTOR,4.7,b205e5fd2057ec96d27e4b7bada2c2c43e65be23
116142,2026-02-10T16:53:13Z,2026-02-10T18:35:47Z,4.6,human,CONTRIBUTOR,4.6,c90bb52b3b7518f203b5a296b9dc23ac59a6cecb
116153,2026-02-10T22:14:15Z,2026-02-13T13:43:22Z,master,human,CONTRIBUTOR,4.7,3f57dc07ccad167564e84a8c91a467990b1f1755
116154,2026-02-10T23:30:51Z,2026-02-11T16:39:54Z,master,human,MEMBER,4.7,724ab21eb365b6a582127a15887662f39653cbe6
116155,2026-02-11T00:05:08Z,2026-02-11T16:39:54Z,master,human,MEMBER,4.7,487896096c731b936545f61480ad040de5b54132
116156,2026-02-11T00:16:43Z,2026-04-08T14:35:08Z,master,human,CONTRIBUTOR,4.7,a66b9ec3f18715f833165ab5128ba0f9ba6ad752
116157,2026-02-11T01:59:40Z,2026-02-17T20:09:44Z,master,human,CONTRIBUTOR,4.7,d1397d884a708577a4024ce0d6aa2b0695697148
116159,2026-02-11T02:51:40Z,2026-04-06T18:07:08Z,master,human,CONTRIBUTOR,4.7,0afbee00992c678a63dca9e95bf52860ebeb06a4
116161,2026-02-11T08:09:32Z,2026-02-16T16:24:54Z,master,human,MEMBER,4.7,4cccd55af843dd27b2e1d9d47e0db0e2ee383ce5
116164,2026-02-11T10:00:27Z,2026-06-26T13:55:23Z,master,human,CONTRIBUTOR,4.8,23eac5572b58031add77808625668c8a398f295e
116168,2026-02-11T12:43:43Z,2026-02-12T14:25:36Z,master,human,CONTRIBUTOR,4.7,20d58a38c67b956d007e594c551dab39bd68efc1
116171,2026-02-11T14:34:19Z,2026-02-11T16:39:54Z,master,human,CONTRIBUTOR,4.7,4868c407edf4725c23cd40c819776c2fcade098f
116179,2026-02-11T17:52:44Z,2026-03-16T16:42:19Z,master,human,MEMBER,4.7,fb48c47320f7866a9d9f89c8493acc1c58ae8d1d
116187,2026-02-11T23:34:53Z,2026-02-19T16:24:55Z,master,human,CONTRIBUTOR,4.7,4f62fa03f585611f44909924c156259c6743d74e
116192,2026-02-12T03:50:34Z,2026-02-16T16:24:54Z,master,human,CONTRIBUTOR,4.7,5f1819538a74ce2dcde9aaa55dd5e6373f1903f0
116194,2026-02-12T04:53:23Z,2026-04-08T14:35:09Z,master,human,CONTRIBUTOR,4.7,d223178c485e957c37bbac9c3e587d68b489c83e
116196,2026-02-12T06:27:33Z,2026-02-20T17:41:30Z,master,human,MEMBER,4.7,a142c2218aa76b46ce99823ccf76926da033a741
116197,2026-02-12T08:12:22Z,2026-02-20T17:41:31Z,master,human,MEMBER,4.7,e6f5f5a1ca3f6848f69d68766181ddefe60adeb8
116198,2026-02-12T08:25:41Z,2026-03-30T18:51:46Z,master,human,MEMBER,4.7,213e805487cdc3435bc9a9b601502ef58332cb3c
116199,2026-02-12T08:54:06Z,2026-02-25T15:34:13Z,master,human,MEMBER,4.7,26d04965c932846e43e8e24f982f353051748bc8
116201,2026-02-12T10:21:22Z,2026-04-08T22:02:56Z,master,human,NONE,4.7,e82248483f7359947401014398ca60adafdd6d01
116203,2026-02-12T13:08:00Z,2026-05-25T16:23:26Z,master,human,MEMBER,4.7,4354aa98069cf13c3882276477ea27f8ee3afed5
116205,2026-02-12T14:39:27Z,2026-03-02T11:43:29Z,master,human,MEMBER,4.7,6ca3b16daf5d4fe159f90be68414784c43a11c26
116207,2026-02-12T15:07:24Z,2026-02-18T23:29:16Z,master,human,CONTRIBUTOR,4.7,2ae60b41081361693a1815735a26b8b5fd48ef0f
116209,2026-02-12T16:23:37Z,2026-02-13T13:43:22Z,master,human,CONTRIBUTOR,4.7,06793a947b0a95e2c18e4cb7ee51764619eb6705
116217,2026-02-12T18:53:44Z,2026-02-16T16:24:54Z,master,human,CONTRIBUTOR,4.7,11541c8533f2101b0934f835034d5f7020f12306
116218,2026-02-12T20:20:27Z,2026-02-18T14:35:30Z,master,human,MEMBER,4.7,62c6ae120ff0057f02f8655f0bf2ae3a2298efe6
116219,2026-02-12T20:38:22Z,2026-02-16T21:10:17Z,master,human,MEMBER,4.7,c069f5526ba36e18dc0cea839ecc76f8dcc51d9d
116220,2026-02-12T20:40:45Z,2026-03-23T21:45:26Z,master,human,CONTRIBUTOR,4.7,7958080d65673266bf33e6a58cf3faa8b11a4319
116225,2026-02-12T21:44:03Z,2026-02-13T13:43:22Z,master,human,MEMBER,4.7,d41677587ce95b67cdbfa7778cdf9d4051643462
116226,2026-02-12T22:17:59Z,2026-02-13T13:43:22Z,master,human,CONTRIBUTOR,4.7,fd49f2ac10e62ee2fb141cf6d47446ce96910a16
116227,2026-02-12T22:49:13Z,2026-04-17T02:50:30Z,master,human,CONTRIBUTOR,4.7,2dd28a53b0c974c22c4903e067d40e8a300f6f7a
116236,2026-02-13T02:16:49Z,2026-02-16T16:24:54Z,master,human,MEMBER,4.7,41f4ca32479933bcdb454fc48a98a258dc92392a
116238,2026-02-13T03:02:16Z,2026-04-08T14:35:08Z,master,human,CONTRIBUTOR,4.7,c3afd5b8e1a77fdc4e236c9ab8a95585f26b7e73
116241,2026-02-13T08:55:28Z,2026-02-17T20:09:43Z,master,human,MEMBER,4.7,e0971e63490b09010e4efa99a7c743ed9649a14b
116242,2026-02-13T08:58:41Z,2026-02-26T22:24:10Z,master,human,MEMBER,4.7,e3837c24fd525a24f0c470d39f5c6ba1e69d88a6
116244,2026-02-13T09:39:18Z,2026-02-17T20:09:43Z,master,human,CONTRIBUTOR,4.7,d7392aff0211a2f9b387be8e190b31743832eac6
116248,2026-02-13T12:39:46Z,2026-02-26T22:24:10Z,master,human,MEMBER,4.7,77c66698e6a0ade52759c3af9a81da3324634482
116256,2026-02-13T17:50:46Z,2026-02-16T16:24:54Z,master,human,CONTRIBUTOR,4.7,4106b5cdccce15a7a179b0b87a5b4cd81e8b4779
116261,2026-02-13T21:57:15Z,2026-02-20T17:41:30Z,master,human,MEMBER,4.7,9fc90a0441fea4baa62784f241d4449b9258e919
116263,2026-02-13T22:24:42Z,2026-02-20T10:19:41Z,master,human,MEMBER,4.7,95030c2932c3b84e51f9ffb60e6b433d14264d9e
116264,2026-02-13T22:25:16Z,2026-02-23T18:06:06Z,master,human,MEMBER,4.7,383af3f070bfec342055b00d5c602be239d367ec
116265,2026-02-14T00:25:54Z,2026-02-16T21:10:17Z,master,human,NONE,4.7,349a07c4c99f1809e96ef95181c5c098881c39f4
116269,2026-02-14T01:59:18Z,2026-02-24T15:34:27Z,master,human,MEMBER,4.7,b7eb50db44ef788d70f10501fd096a2614ad6e26
116270,2026-02-14T03:55:22Z,2026-02-26T22:24:10Z,master,human,CONTRIBUTOR,4.7,409584e0e69c177a14f29ff039507ac3d55e0fc5
116274,2026-02-14T06:32:35Z,2026-02-18T23:29:16Z,master,human,MEMBER,4.7,ae604e73e0f699da469cc04537d645ea7c4b7efb
116277,2026-02-14T08:14:32Z,2026-02-23T18:06:06Z,master,human,CONTRIBUTOR,4.7,9a1a0e927be5b5200af77d1a253e3a5a063ddc15
116280,2026-02-14T10:35:22Z,2026-02-17T20:09:43Z,master,human,CONTRIBUTOR,4.7,33eb9ff990f9ee6243ac2449dbf794ca39764c45
116283,2026-02-14T12:11:31Z,2026-02-17T15:35:24Z,master,human,CONTRIBUTOR,4.7,7268edf5a60a08e899306dce23b71ea3a5e448ce
116284,2026-02-14T12:22:00Z,2026-02-16T16:24:54Z,master,human,MEMBER,4.7,96a2994b216031699e30e1be7b797ee32ce67559
116286,2026-02-14T13:18:00Z,2026-04-10T15:38:26Z,master,human,MEMBER,4.7,46a2cf6d2528663ff09e6f28e6fc1f2b5bf4c341
116287,2026-02-14T13:26:05Z,2026-03-04T20:35:15Z,master,human,MEMBER,4.7,5824614bed4e7b24714aec022978615874ef9228
116292,2026-02-14T15:33:06Z,2026-02-16T21:10:17Z,master,human,CONTRIBUTOR,4.7,b7b205c4101fe3bc4b065ece5510ba89095354df
116295,2026-02-14T16:07:33Z,2026-02-17T20:09:42Z,master,human,CONTRIBUTOR,4.7,8ab040cc4472d0426f439f9a6c57042f2b5627df
116299,2026-02-15T01:29:46Z,2026-02-18T14:35:30Z,master,human,CONTRIBUTOR,4.7,8db94f7b5eb0e97829d1f4fceac2784b55c112c6
116300,2026-02-15T02:12:29Z,2026-09-26T15:13:20Z,master,human,CONTRIBUTOR,4.8,1d797566ee4f2dafe0a016ef3b7842f97f01da58
116307,2026-02-15T07:44:25Z,2026-02-19T16:24:55Z,master,human,NONE,4.7,c67a8a16f49da42a1af0b00f0557774ca5953f67
116308,2026-02-15T07:50:41Z,2026-04-15T10:45:29Z,master,human,MEMBER,4.7,0fd8c2cf2f7174086e92fd2187b13736e395a7a7
116309,2026-02-15T08:48:59Z,2026-02-16T16:24:54Z,master,human,MEMBER,4.7,b769ae2d5f134eb556495d87d1f9c87f31092848
116312,2026-02-15T13:08:26Z,2026-02-18T23:29:16Z,master,human,MEMBER,4.7,30faebb20828bc56313fe6728550c9f864a1b8f0
116326,2026-02-15T17:47:22Z,2026-02-16T21:10:17Z,master,human,MEMBER,4.7,4e84cd8a6be3ecd3c688269e1e4d05afa92eee5a
116328,2026-02-15T18:19:55Z,2026-02-18T23:29:16Z,master,human,MEMBER,4.7,325dc44c085f837031be7982a6cf82dc3a982590
116330,2026-02-15T18:50:36Z,2026-09-27T16:30:19Z,master,human,CONTRIBUTOR,4.8,0af03dff9f3cf70126db5b9a3da613f6a9f2f83e
116331,2026-02-15T19:12:07Z,2026-02-18T23:29:16Z,master,human,MEMBER,4.7,6e5b661f3298ae968d40ad43706ff8ed45f44990
116343,2026-02-16T03:48:20Z,2026-02-16T16:24:54Z,master,human,CONTRIBUTOR,4.7,3110686b3aff1df0e07a01e019c9bae4bf258b46
116345,2026-02-16T04:17:40Z,2026-04-06T18:07:08Z,master,human,MEMBER,4.7,29a391430950759c3744e245c42f8aa085f09aad
116349,2026-02-16T09:13:58Z,2026-03-31T15:53:17Z,master,human,MEMBER,4.7,0dabee78c74165b982ab1b327f64cf45f1544e45
116351,2026-02-16T11:41:30Z,2026-04-07T23:25:49Z,master,human,MEMBER,4.7,01fa8cc2d2abb419164c342e577dfda0443ada48
116354,2026-02-16T14:17:40Z,2026-02-16T16:24:54Z,master,human,MEMBER,4.7,43c9a32b3d46f1333ee80b1e48ae77f8bf04b345
116355,2026-02-16T14:21:32Z,2026-02-18T18:11:04Z,master,human,MEMBER,4.7,4d4f7291edef168a8c2f3b82d7aec2ea5dfad75f
116366,2026-02-16T18:26:34Z,2026-02-16T21:10:17Z,master,human,MEMBER,4.7,5866e4f58f8c47e7d740e8626cc704dc5e198f97
116368,2026-02-16T18:49:06Z,2026-09-21T15:07:12Z,master,human,CONTRIBUTOR,4.8,89e877ce73d5181a072daba04bc7a4ce61a48ba0
116369,2026-02-16T19:06:23Z,2026-02-16T21:10:17Z,master,human,MEMBER,4.7,376903417de8873c2c542f49692b18bc032534a8
116371,2026-02-16T19:18:37Z,2026-02-17T15:35:24Z,master,human,CONTRIBUTOR,4.7,a8a582e28b91407e683d112724051266ff2df936
116373,2026-02-16T20:21:21Z,2026-03-11T01:12:37Z,master,human,MEMBER,4.7,b995a745217b9c57b161d12432c0f10bae12af32
116376,2026-02-16T21:14:15Z,2026-02-17T15:35:24Z,master,human,MEMBER,4.7,a82e210b5a7dc2dc5eb4b485c3414c44cda8fa7d
116380,2026-02-16T22:09:01Z,2026-02-18T23:29:15Z,master,human,MEMBER,4.7,aa6893931ddae7387737f46728d6c10ccc64ae16
116381,2026-02-16T22:09:18Z,2026-02-17T15:35:24Z,master,human,MEMBER,4.7,23d7147d1e27f19397ed573aeafab76d2a7bb7af
116389,2026-02-17T00:03:22Z,2026-02-24T15:34:27Z,master,human,MEMBER,4.7,165a0272c0aeb213b82a8904ce002529ea824069
116390,2026-02-17T00:11:16Z,2026-02-20T01:26:13Z,master,human,CONTRIBUTOR,4.7,aa094e93e36d9c310d0f40c466f0e063b7a7c9d4
116394,2026-02-17T05:05:28Z,2026-03-09T10:53:24Z,master,human,CONTRIBUTOR,4.7,f1f62d78689a6bb97c8f748d0769c4628a5e7348
116395,2026-02-17T06:29:49Z,2026-02-20T10:19:41Z,master,human,MEMBER,4.7,db77a462b48f2ff951a0be09de12dd0e42ba0042
116400,2026-02-17T10:16:21Z,2026-02-20T17:41:30Z,master,human,MEMBER,4.7,726de897d080a00adb4d7571ce90c6f06a93df10
116403,2026-02-17T11:32:06Z,2026-02-17T15:35:24Z,master,human,MEMBER,4.7,8a4df69e22a74ee66f063958e9ee15908796fe73
116405,2026-02-17T12:32:07Z,2026-03-26T15:10:30Z,master,human,CONTRIBUTOR,4.7,c7de9524af8ea24b3ca31541be1b4f727c11019e
116406,2026-02-17T12:54:46Z,2026-02-18T14:35:30Z,master,human,MEMBER,4.7,d07793e7baac1950d2803579028e12eac36b691b
116412,2026-02-17T16:23:12Z,2026-03-09T20:20:52Z,master,human,MEMBER,4.7,b5613b27e45178dd9743e404b02067b740de85ae
116413,2026-02-17T16:24:37Z,2026-02-27T21:45:43Z,master,human,MEMBER,4.7,dd150a38239de059edf12b7e5636ba3dbde28192
116418,2026-02-17T20:37:31Z,2026-02-18T23:29:16Z,master,human,CONTRIBUTOR,4.7,bcbdd73ab9efbdfb7426fb7db1ab519eba37734f
116419,2026-02-17T21:09:58Z,2026-02-18T14:35:30Z,master,human,CONTRIBUTOR,4.7,9fe699e4a0ae360de02b3886447707ca2b1a910c
116424,2026-02-18T01:38:44Z,2026-09-10T18:16:37Z,master,human,CONTRIBUTOR,4.8,bb48b529a569589da247016c516da290f427e8a1
116427,2026-02-18T09:02:37Z,2026-03-12T14:13:30Z,master,human,MEMBER,4.7,106cff756714c5e57a654878e66c04edaa3a6549
116428,2026-02-18T11:00:04Z,2026-03-04T20:35:15Z,master,human,CONTRIBUTOR,4.7,93bc47df3864512494f205da0892b6b1f7e495aa
116430,2026-02-18T12:35:49Z,2026-02-18T18:11:04Z,master,human,MEMBER,4.7,46729d4b5e421d7e6ddbbc596df1dcd5355f6f8a
116434,2026-02-18T14:56:05Z,2026-02-20T20:39:26Z,master,human,MEMBER,4.7,8bae78e21b341604cbb22618bc09fab72eb2e21b
116440,2026-02-18T17:31:01Z,2026-02-18T18:11:04Z,master,human,CONTRIBUTOR,4.7,b79355e0c35ff59747a8924f6a69478f7dfb7758
116450,2026-02-18T20:08:02Z,2026-02-20T01:26:13Z,master,human,CONTRIBUTOR,4.7,afc720e35c123c84bcb1ef4926435f85bb4b7d6b
116451,2026-02-18T20:40:34Z,2026-02-19T16:24:55Z,master,human,MEMBER,4.7,70771e3290c1262929a4711eca57ac47c2fdb3fd
116454,2026-02-18T22:12:46Z,2026-02-26T11:04:54Z,master,human,MEMBER,4.7,ebc126193a7ebf5a128256eb9e76d8a9c4d3ad16
116455,2026-02-18T22:28:52Z,2026-02-18T23:29:15Z,master,human,MEMBER,4.7,d73f6aab4ec179fc7b8b72cb66f5d3be3883717e
116457,2026-02-18T22:51:12Z,2026-03-04T20:35:15Z,master,human,MEMBER,4.7,2b856f3800d92b73a4fd77a0e886abe604924a04
116461,2026-02-19T02:06:37Z,2026-07-27T14:53:38Z,master,human,NONE,4.8,755bcf72df279ac718d8d4000b9199c5d8c79617
116463,2026-02-19T03:22:22Z,2026-02-20T01:26:13Z,master,human,CONTRIBUTOR,4.7,4c6246052b11f8ad1e5aad2b73d70df53ab9da87
116470,2026-02-19T09:31:52Z,2026-02-27T21:45:43Z,master,human,CONTRIBUTOR,4.7,3f3120586eb4db27df77434a162297fed72cb0ae
116475,2026-02-19T11:15:51Z,2026-02-20T20:39:26Z,master,human,CONTRIBUTOR,4.7,4dca1eae4246412a41970026c0c2596448cd1505
116480,2026-02-19T14:40:11Z,2026-04-08T14:35:09Z,master,human,MEMBER,4.7,0adfb22e41f9786677af94c5764e5402f8826ed4
116486,2026-02-19T16:21:06Z,2026-02-19T16:24:51Z,master,human,CONTRIBUTOR,4.7,897172fa25699455f0a537f054654068b3dda5d5
116490,2026-02-19T17:32:39Z,2026-07-24T14:25:35Z,master,human,CONTRIBUTOR,4.8,0f628105717a11468d504c87cce11e8b5e26fbde
116494,2026-02-19T18:36:28Z,2026-09-25T15:55:38Z,master,human,CONTRIBUTOR,4.8,c402ee7e3705f3dd7b55f2ae907a87d9473c4e8f
116496,2026-02-19T19:27:58Z,2026-08-18T12:10:35Z,master,human,MEMBER,4.8,d1b3117730454101594cca869a256515ea9e6bf5
116504,2026-02-19T21:13:10Z,2026-02-24T15:34:26Z,master,human,CONTRIBUTOR,4.7,a73db52592ba5d9f5295775ad7c1a976c3faa434
116512,2026-02-19T23:38:20Z,2026-02-20T02:31:49Z,master,human,CONTRIBUTOR,4.7,cdf9834d1fa2e3a8be656187e3c4fb8ff2015140
116513,2026-02-19T23:50:48Z,2026-03-19T15:24:15Z,master,human,MEMBER,4.7,fa4d24cbb537877319d72beebd31569695ead8e5
116515,2026-02-20T00:27:33Z,2026-02-20T17:41:30Z,master,human,MEMBER,4.7,0d9d77ebc3a9629372f0e765380a7dbf2b71fffd
116519,2026-02-20T03:42:21Z,2026-02-25T15:34:13Z,master,human,CONTRIBUTOR,4.7,c521ed8f7136eba624505ddd38c20f94403e1fc4
116520,2026-02-20T06:03:32Z,2026-02-20T17:41:30Z,master,human,CONTRIBUTOR,4.7,342109e01fef9e27ec5a2d15877b415951ef0959
116524,2026-02-20T08:23:41Z,2026-03-06T11:46:04Z,master,human,MEMBER,4.7,8f63f6e9561044f16dca9394f8f82ffccc0bc603
116525,2026-02-20T08:27:19Z,2026-02-20T10:19:40Z,master,human,CONTRIBUTOR,4.7,51ab98414f69c70881384692ebd84e1c9e025a97
116526,2026-02-20T08:30:35Z,2026-02-23T18:06:06Z,master,human,CONTRIBUTOR,4.7,811cf1728e52434f3f5957450fa072365e528cc5
116527,2026-02-20T09:07:14Z,2026-02-20T23:33:24Z,master,human,CONTRIBUTOR,4.7,8120fb1242065202775831c04f099d9156c37ba2
116528,2026-02-20T09:18:05Z,2026-02-20T20:39:27Z,master,human,MEMBER,4.7,e0d0a65830d65f383b33f2958caf82d8eb1aa91c
116529,2026-02-20T09:22:38Z,2026-02-25T15:34:13Z,master,human,CONTRIBUTOR,4.7,44675a7002dd88a9c771760b4a1ff2029677ded6
116530,2026-02-20T10:48:45Z,2026-02-23T18:06:06Z,master,human,CONTRIBUTOR,4.7,26c982fe98579db7b9a4931c6fe4b8159f198dae
116531,2026-02-20T11:00:48Z,2026-02-20T11:34:47Z,3.x,human,MEMBER,3.7,4bf9324fe62f1d6dd74c6b91a052ee4db970b836
116532,2026-02-20T11:12:16Z,2026-02-25T15:34:13Z,master,human,CONTRIBUTOR,4.7,c73b13cd8bef07cff15db7b8789d46104294f8fc
116537,2026-02-20T13:37:32Z,2026-02-20T20:39:26Z,master,human,CONTRIBUTOR,4.7,a19892054e871b3db3645eacb5eae0b5e69c7957
116539,2026-02-20T14:24:46Z,2026-02-20T17:41:30Z,master,human,MEMBER,4.7,0df713417b6b7f4ba077923fde624691c3f19014
116541,2026-02-20T16:04:31Z,2026-02-21T18:23:05Z,master,human,MEMBER,4.7,9a19d32fdbd7c4d1f76afc2fec15055f00dfbc31
116542,2026-02-20T16:35:29Z,2026-02-21T18:23:05Z,master,human,MEMBER,4.7,a3e84cc2af14aa4cffbefd8e13492e59567a64e3
116543,2026-02-20T16:37:59Z,2026-02-24T15:34:27Z,master,human,NONE,4.7,4d92b0b8a598d426014dbb6001ee0c79ca8e3976
116544,2026-02-20T17:02:35Z,2026-02-20T20:39:26Z,master,human,MEMBER,4.7,96327bbfd8a1dee321e6fe9e335412a3263f762d
116545,2026-02-20T17:10:33Z,2026-02-27T14:53:46Z,master,human,CONTRIBUTOR,4.7,343f1329ed97aeeed7ec3bf90f58d1bb4ba91080
116546,2026-02-20T18:06:36Z,2026-03-02T22:00:15Z,master,human,MEMBER,4.7,524d2309277eb8c03c6a1d101fe75686946a0d23
116547,2026-02-20T18:34:00Z,2026-02-27T15:42:01Z,4.6,human,CONTRIBUTOR,4.6,423b85f43a68d68ed2c60b142543d6197523ce1a
116548,2026-02-20T18:54:40Z,2026-02-23T18:06:06Z,master,human,CONTRIBUTOR,4.7,2db05b08de983358f9ad12f28280939d997a0be5
116550,2026-02-20T19:17:17Z,2026-02-20T20:39:26Z,master,human,CONTRIBUTOR,4.7,4602a8103c1d17c77078acb1577fc6ca5d6ff173
116552,2026-02-20T19:49:41Z,2026-02-20T20:39:27Z,master,human,MEMBER,4.7,2829092a2a121bac86bf7c4c6360e39978ede1ea
116553,2026-02-20T20:12:41Z,2026-02-23T18:06:06Z,master,human,CONTRIBUTOR,4.7,da0c029cfecbbd588c1b3f0c130ae359ba2c970e
116555,2026-02-20T20:51:17Z,2026-02-26T14:20:55Z,master,human,MEMBER,4.7,fc572669ded72a4e1844ccae6e7a2a58cdebaa14
116557,2026-02-20T21:25:28Z,2026-02-26T22:24:10Z,master,human,MEMBER,4.7,20f1e1000fed1902faaa90e0e1ed19450be2850b
116560,2026-02-20T22:33:53Z,2026-08-14T17:11:50Z,master,human,CONTRIBUTOR,4.8,52c34c92c2b8eadd1a519641f4b6b4d7c4bec942
116562,2026-02-20T22:46:54Z,2026-03-31T15:53:20Z,master,human,CONTRIBUTOR,4.7,385c4208525d6dab12de2f254bc699d71feab59c
116564,2026-02-20T23:11:13Z,2026-02-20T23:33:24Z,master,human,MEMBER,4.7,e3af0a0de407cf658a6e47ed804b060c7ff59a1f
116565,2026-02-21T00:26:36Z,2026-03-04T20:35:15Z,master,human,MEMBER,4.7,c53c5a1f49fa1edf97e6b570297c90a57d30a558
116568,2026-02-21T03:44:16Z,2026-02-24T15:34:26Z,master,human,CONTRIBUTOR,4.7,15e285eb639a5f2c73e8c259913ed7604b83958e
116584,2026-02-21T14:49:32Z,2026-02-23T18:06:06Z,master,human,CONTRIBUTOR,4.7,974993eb7a61eb4d0dee14e8c6b4ec332ef42234
116585,2026-02-21T15:21:38Z,2026-03-04T17:23:56Z,master,human,CONTRIBUTOR,4.7,db25be36466d8c43e3dbb4b60a04cf1ae9cc2fac
116586,2026-02-21T15:32:08Z,2026-02-21T18:23:05Z,master,human,CONTRIBUTOR,4.7,3d7cd421ea90997e4ce8cb5ca41bd6a6d27359f6
116588,2026-02-21T16:38:31Z,2026-02-21T18:23:05Z,master,human,CONTRIBUTOR,4.7,a0d955d586f3ff7a592579604c9cf5b388788765
116589,2026-02-21T16:59:07Z,2026-03-14T11:21:12Z,master,human,CONTRIBUTOR,4.7,8415bd710529da70bccde9c5ba8d05e2eee7f7ec
116596,2026-02-21T18:41:08Z,2026-03-05T03:07:31Z,master,human,MEMBER,4.7,2972645aa8a7183cf2e8a2ca29c09481727c29a6
116597,2026-02-21T19:25:14Z,2026-03-02T22:00:14Z,master,human,MEMBER,4.7,22e44501fa1f475f0cc97695ce4a23db4aca36db
116601,2026-02-21T20:54:36Z,2026-02-23T18:06:06Z,master,human,CONTRIBUTOR,4.7,93a59728fbbe1e9ed27c61dd40b7da23c765bca8
116617,2026-02-22T10:40:14Z,2026-02-23T18:06:06Z,master,human,MEMBER,4.7,8953cea927e06257196450a6c105b9e558f34b4a
116619,2026-02-22T13:40:03Z,2026-08-20T15:54:57Z,master,human,CONTRIBUTOR,4.8,73fa32f314fce72a9c33bb0e54d54a70f09a00cb
116620,2026-02-22T14:02:03Z,2026-03-23T21:45:25Z,master,human,CONTRIBUTOR,4.7,cd8ee7d229bfd48a94b307b5edd2e9a4b96f4e38
116622,2026-02-22T16:09:56Z,2026-04-30T16:00:53Z,master,human,CONTRIBUTOR,4.7,05f52c245d16556d3f06a72de5ef2e19e550cf75
116624,2026-02-22T17:03:07Z,2026-02-24T15:34:26Z,master,human,MEMBER,4.7,c948ff1be6c37e225b642e859cb94656138c1150
116625,2026-02-22T17:03:21Z,2026-03-11T01:12:36Z,master,human,CONTRIBUTOR,4.7,b8c9400c63957911a782cd3f15fef13a7b09ec0b
116626,2026-02-22T17:45:43Z,2026-04-29T17:34:17Z,master,human,CONTRIBUTOR,4.7,d4a6f1597b2a42c42aab29182b860b229f855e5d
116628,2026-02-22T18:46:45Z,2026-02-23T18:06:06Z,master,human,MEMBER,4.7,d301ecab3b205f4ea4e1cc0547fdc5baaa680098
116630,2026-02-22T19:27:40Z,2026-03-13T17:18:18Z,master,human,MEMBER,4.7,f6f892ed3c5f8e456feea76f8e2602d89969bc90
116631,2026-02-22T20:08:01Z,2026-02-25T17:31:53Z,master,human,MEMBER,4.7,a338853bf56855a1fbc9c3bc93ade3a2ce5ad632
116633,2026-02-22T20:20:33Z,2026-03-16T22:49:39Z,master,human,CONTRIBUTOR,4.7,b8f501d37f9e0b6901c3e228a5e2e6d7a20d00bf
116634,2026-02-22T20:21:14Z,2026-05-25T17:56:42Z,master,human,CONTRIBUTOR,4.7,fa09dd17a68a5741cb2361f1d07af271c7a40c4f
116640,2026-02-22T23:16:52Z,2026-04-07T23:25:49Z,master,human,CONTRIBUTOR,4.7,266e8f715adc69ba12f8f5d292bef178f7bdda1a
116641,2026-02-23T00:26:41Z,2026-04-13T16:47:46Z,master,human,CONTRIBUTOR,4.7,471371dbccab969d1424b141983d2e64ed478d4e
116645,2026-02-23T01:59:45Z,2026-03-09T20:20:52Z,master,human,MEMBER,4.7,ef1142ed695d2082b69559d8e047d2e4fc915601
116646,2026-02-23T02:01:19Z,2026-03-06T18:44:27Z,master,human,CONTRIBUTOR,4.7,992b3ff73ae23e348260956149b46adb433f0167
116647,2026-02-23T04:02:22Z,2026-02-23T18:06:06Z,master,human,CONTRIBUTOR,4.7,69a412afcd53dfa360d91e7993205bdc40951645
116648,2026-02-23T04:58:35Z,2026-03-26T15:10:30Z,master,human,CONTRIBUTOR,4.7,915f8dcba73fb92f1428def7774e2790ea5444fc
116651,2026-02-23T06:23:46Z,2026-06-18T15:25:19Z,master,human,CONTRIBUTOR,4.8,fcb6d8892fda11273d3b799962c98777c56b7229
116658,2026-02-23T12:00:48Z,2026-02-25T15:34:13Z,master,human,CONTRIBUTOR,4.7,594c587a1aa31b789c701ce3141d4da2f25b2e07
116661,2026-02-23T12:51:47Z,2026-02-23T18:06:06Z,master,human,CONTRIBUTOR,4.7,c99494be4d1cb9daff4f5554dac1694f838b16a2
116662,2026-02-23T14:24:54Z,2026-02-24T15:34:26Z,master,human,MEMBER,4.7,b5ff3b5e3b78ed0630febb11afcc81b9accc20a7
116670,2026-02-23T15:59:15Z,2026-03-31T15:53:17Z,master,human,CONTRIBUTOR,4.7,0e3479a4837fe67e96f663eb9b3dd57c2c48ef18
116676,2026-02-23T17:16:30Z,2026-02-24T15:34:26Z,master,human,MEMBER,4.7,6e96b028e10dbe7381bdeecde80fe7492f4b810c
116678,2026-02-23T18:11:12Z,2026-02-26T14:20:55Z,master,human,CONTRIBUTOR,4.7,edb345db45649322820e256c2c8a41fa32577011
116681,2026-02-23T19:42:09Z,2026-02-24T15:34:26Z,master,human,MEMBER,4.7,9a39e0c6e729fff10627ac55c2bf02614f1018e0
116683,2026-02-23T19:47:53Z,2026-03-02T22:00:15Z,master,human,MEMBER,4.7,d89e19f556acc495f652cadbee9ebb28e2fc3972
116684,2026-02-23T19:51:56Z,2026-03-02T11:43:29Z,master,human,MEMBER,4.7,c830bf70ced17e5090b57a5436831c4f85145524
116685,2026-02-23T20:08:13Z,2026-03-06T18:44:27Z,master,human,MEMBER,4.7,cac8aad3599692dd5949afedb55204f2959e085c
116688,2026-02-23T21:07:29Z,2026-05-15T20:49:46Z,master,human,MEMBER,4.7,67f8f93b216ec36ae2532ab13a01c425402dec1b
116691,2026-02-23T22:19:32Z,2026-05-07T16:16:41Z,master,human,CONTRIBUTOR,4.7,441b63a91d509a14db0abeda6707a002130e50b0
116692,2026-02-23T22:33:18Z,2026-03-26T15:10:30Z,master,human,MEMBER,4.7,c19a2705af05adf6ba39804906179dc18f656547
116693,2026-02-23T22:49:12Z,2026-02-25T15:34:12Z,master,human,CONTRIBUTOR,4.7,a048ea0ffec5492e690ecebcbb35f19196addb0f
116701,2026-02-24T01:49:27Z,2026-02-24T15:34:26Z,master,human,CONTRIBUTOR,4.7,6bcbf8913dff0b402eee7b5e589e23700ead2408
116711,2026-02-24T09:07:27Z,2026-02-25T15:34:12Z,master,human,CONTRIBUTOR,4.7,017e690e47e705f592fb794ede6ec8d152decf2e
116714,2026-02-24T11:36:25Z,2026-02-27T21:45:43Z,master,human,MEMBER,4.7,bba2e018bd038ce21af2566751a486e69f57d64a
116719,2026-02-24T15:06:41Z,2026-02-25T15:34:12Z,master,human,CONTRIBUTOR,4.7,badba19c105e504fd9d92b3bfee0f166d6196e4b
116720,2026-02-24T16:02:46Z,2026-02-25T15:34:12Z,master,human,CONTRIBUTOR,4.7,e8c69d41084cedbe2c3176d79ee39a23dcc02b5e
116724,2026-02-24T16:30:26Z,2026-03-02T11:43:29Z,master,human,CONTRIBUTOR,4.7,d3e5ba0d6bede3deca88d2b795247da5f5113177
116725,2026-02-24T16:45:25Z,2026-05-25T16:23:27Z,master,human,CONTRIBUTOR,4.7,5653d1a42f90d8aa297820287177412558713c4d
116731,2026-02-24T18:56:13Z,2026-02-25T17:31:53Z,master,human,CONTRIBUTOR,4.7,2e7fbae506ec164d4dec13756b855e2bbd58e2d6
116734,2026-02-24T20:16:05Z,2026-03-06T18:44:27Z,master,human,CONTRIBUTOR,4.7,938369749aec0c0077f1d0acab32d6b75266e949
116737,2026-02-24T21:45:34Z,2026-02-27T14:53:46Z,master,human,CONTRIBUTOR,4.7,6cccb37f2ef2676f47052cff028a7cbbd59c9a98
116749,2026-02-25T06:34:14Z,2026-03-04T20:35:15Z,master,human,CONTRIBUTOR,4.7,66a96d92c65ffaf73b62a7371f694ccd2b6e611b
116751,2026-02-25T09:58:13Z,2026-06-22T13:34:29Z,master,human,MEMBER,4.8,41e336445594dd663e80b4272cda703109ce4ffa
116752,2026-02-25T10:11:43Z,2026-03-04T20:35:14Z,master,human,CONTRIBUTOR,4.7,4296a0c1587f398eb7bd983537eb5fb20f9c9f17
116756,2026-02-25T13:09:44Z,2026-02-25T15:34:12Z,master,human,MEMBER,4.7,3930111b5f580eb00b437d2985f787dad3945e5b
116763,2026-02-25T15:36:44Z,2026-06-30T13:50:26Z,master,human,CONTRIBUTOR,4.8,d396c8179569070a0bcb590e456f287ae1dbbb66
116766,2026-02-25T16:19:42Z,2026-02-25T17:31:53Z,master,human,CONTRIBUTOR,4.7,a79323e3ec73d1c84f7b24f2cef688eb3dd7f23d
116768,2026-02-25T16:52:29Z,2026-02-26T14:20:55Z,master,human,CONTRIBUTOR,4.7,5a5a806eaf22d57a677d63cca96690409a3f8a0f
116773,2026-02-25T19:17:00Z,2026-02-26T22:24:10Z,master,human,NONE,4.7,d8fadb8e6ba907aeb77da3f9ca1bd81e9951a62d
116776,2026-02-25T21:06:24Z,2026-03-02T22:00:14Z,master,human,MEMBER,4.7,14fcc7132ef1eb6fcefb20a6e858e5dfb3b1457e
116777,2026-02-25T21:46:08Z,2026-07-08T15:14:31Z,master,human,CONTRIBUTOR,4.8,4fdd746e1af4529161000bfc126719d2b948bda9
116778,2026-02-25T22:44:44Z,2026-02-27T14:53:45Z,master,human,MEMBER,4.7,95535167b33975afa4e82228eb71800d36cf51dd
116786,2026-02-26T02:39:37Z,2026-03-04T20:35:14Z,master,human,CONTRIBUTOR,4.7,e72018ee3496cb1399c9367e42ded921646ed665
116789,2026-02-26T03:02:55Z,2026-03-09T10:53:23Z,master,human,MEMBER,4.7,4bee1639b23d33e648a02abd4c5820f5690f2f08
116790,2026-02-26T03:05:45Z,2026-02-26T14:20:55Z,master,human,CONTRIBUTOR,4.7,99864862425c8dccc5a1555d405e6b842df509ff
116791,2026-02-26T03:10:43Z,2026-08-18T12:10:35Z,master,human,CONTRIBUTOR,4.8,c382f9c7bb066abf47995e3fab2dfadf2f86d9c1
116793,2026-02-26T03:41:19Z,2026-03-02T22:00:14Z,master,human,CONTRIBUTOR,4.7,1f6955ba52e89d9154d37c5a05ab69b8a063229c
116795,2026-02-26T08:26:49Z,2026-02-26T22:24:10Z,master,human,MEMBER,4.7,4b70dacebab32563a68b2f540154c03769ca37bd
116798,2026-02-26T09:31:18Z,2026-03-30T18:51:46Z,master,human,MEMBER,4.7,2e56f4ee538f0093c37568ef9e02938d08d2fe42
116800,2026-02-26T10:25:33Z,2026-02-26T14:20:55Z,master,human,MEMBER,4.7,97852d84918cbc03012ef74c47ab0335700ad7dd
116802,2026-02-26T12:46:01Z,2026-02-26T14:20:55Z,master,human,MEMBER,4.7,5cba18ff3bbe5adc9b4a8d7e970084979014b5f4
116805,2026-02-26T13:42:50Z,2026-04-08T14:35:09Z,master,human,CONTRIBUTOR,4.7,299f2b0ffb1187606a9c1fc82d8c1b54930b4d3c
116813,2026-02-26T17:24:28Z,2026-03-04T17:23:55Z,master,human,MEMBER,4.7,78beaadf60a038286fb7bd989d7cf1599039abfb
116814,2026-02-26T17:31:12Z,2026-03-06T18:44:27Z,master,human,MEMBER,4.7,363de271057ef8fc96a86335e0f48c08ecb2f395
116818,2026-02-26T18:20:52Z,2026-03-18T16:46:37Z,master,human,CONTRIBUTOR,4.7,3e051d8fe16fc40aa0028cc132dd5fecde1a250d
116823,2026-02-26T19:06:15Z,2026-02-26T22:24:10Z,master,human,CONTRIBUTOR,4.7,f9f441270aa21070e90fa413df7ee63d3f8a2370
116824,2026-02-26T19:34:53Z,2026-02-27T14:53:46Z,master,human,MEMBER,4.7,4108ed03a0fa6c05ebc86563ee38c6d41a61726f
116826,2026-02-26T20:46:14Z,2026-02-26T22:24:10Z,master,human,CONTRIBUTOR,4.7,f630133a012031f6074923e62db7ca7dc23f2a1a
116827,2026-02-26T21:11:58Z,2026-02-26T22:24:10Z,master,human,MEMBER,4.7,802c8fe65939b0d52550391e3b9fb9e38e8700b8
116830,2026-02-26T22:28:57Z,2026-03-02T22:00:14Z,master,human,CONTRIBUTOR,4.7,a19e5c4b53c4af811f6d76f3547f5eb695ee7928
116834,2026-02-27T00:42:27Z,2026-03-02T22:00:15Z,master,human,CONTRIBUTOR,4.7,d1eaa0f88dfa962e02b7b43613f1a8bb4904f204
116839,2026-02-27T10:43:19Z,2026-03-02T13:08:56Z,master,human,MEMBER,4.7,54c6cfee0d4ae12d49fb79c18a37f1139dce09b2
116843,2026-02-27T12:47:27Z,2026-04-23T13:40:50Z,master,human,CONTRIBUTOR,4.7,a712b7acc3e09ec667428f2245081ddb455d94a7
116847,2026-02-27T14:56:24Z,2026-03-02T22:00:14Z,master,human,CONTRIBUTOR,4.7,89f9ab049471e0f0e835531228d2083ac47cb437
116848,2026-02-27T15:44:34Z,2026-03-04T17:23:55Z,master,human,CONTRIBUTOR,4.7,bed242666a80a6250bb4665dc2cc45abcb0ebbfa
116849,2026-02-27T15:58:24Z,2026-04-08T14:35:08Z,master,human,MEMBER,4.7,9af407f416001080bf586d75a56b379221ffd457
116850,2026-02-27T16:13:04Z,2026-03-16T16:42:18Z,master,human,CONTRIBUTOR,4.7,326a2f4af6b199bd54a1e7e5494a41c56c065d4d
116852,2026-02-27T16:45:33Z,2026-03-12T14:13:30Z,master,human,MEMBER,4.7,d7ed107cd8167a2e747d7798e95e9fe3d4f7158a
116857,2026-02-27T18:45:33Z,2026-02-27T21:45:43Z,master,human,CONTRIBUTOR,4.7,9dc85c90ee3f531e307ebd9da48e581406633c22
116863,2026-02-27T22:06:25Z,2026-03-02T11:43:29Z,master,human,CONTRIBUTOR,4.7,db89e9b3cf95363d6d5dfbe8009892f28e20ec9b
116868,2026-02-27T23:24:25Z,2026-03-09T10:53:23Z,master,human,CONTRIBUTOR,4.7,3bfde00aac5371b832799e0d1e04b656ed8a5f9d
116882,2026-02-28T10:57:42Z,2026-03-02T22:00:15Z,master,human,CONTRIBUTOR,4.7,a14035c910bab26d1920fcc45e9a17ac99238184
116888,2026-02-28T12:10:05Z,2026-03-09T20:20:52Z,master,human,MEMBER,4.7,cc970e91e5bfebdf077e026e48b2a22a479591b5
116899,2026-02-28T18:56:23Z,2026-03-16T11:12:02Z,master,human,CONTRIBUTOR,4.7,5631c0ae87bf123c271bdc14cafcb4390a2226be
116900,2026-02-28T19:21:26Z,2026-03-04T20:35:14Z,master,human,CONTRIBUTOR,4.7,0aacb285761a4ba63249d80496b19ef5d65b9097
116905,2026-02-28T22:18:40Z,2026-05-07T16:16:40Z,master,human,MEMBER,4.7,9c36ef4749e15de293da4cb8e9bb6127321486d2
116908,2026-02-28T23:53:33Z,2026-03-06T18:44:27Z,master,human,MEMBER,4.7,388cb535fb12c040d165e31b9e40540a23cc6f72
116910,2026-03-01T03:25:38Z,2026-03-12T14:13:29Z,master,human,CONTRIBUTOR,4.7,c410547bfa1ecebeffb0d34f9d0a84842a2f9b15
116928,2026-03-01T18:36:33Z,2026-03-02T11:43:29Z,master,human,MEMBER,4.7,4683f3806f27d006f3ee77eeded72740283e8130
116939,2026-03-01T22:58:00Z,2026-06-19T20:16:55Z,master,human,CONTRIBUTOR,4.8,79c4b1dda78060abfe61d4b7bfee1903e86633a8
116940,2026-03-02T00:12:55Z,2026-03-04T17:23:55Z,master,human,CONTRIBUTOR,4.7,6c1652235c77a61fc3edfb521e9d6b3b34151012
116946,2026-03-02T08:10:44Z,2026-03-02T22:00:14Z,master,human,CONTRIBUTOR,4.7,dcbdac00f6935ffeb087235c0fadb2912f9806a4
116953,2026-03-02T12:29:55Z,2026-03-14T11:21:12Z,master,human,CONTRIBUTOR,4.7,45d9d6e2f173c91ca06ff546081997bfe141636c
116955,2026-03-02T12:53:28Z,2026-03-16T22:49:39Z,master,human,CONTRIBUTOR,4.7,aa25369052970af95db0a148d59ccec927d10257
116956,2026-03-02T12:56:15Z,2026-03-04T20:35:14Z,master,human,MEMBER,4.7,98e6b3c46064ba601afff02e0b6a9b98fd47f200
116960,2026-03-02T14:16:12Z,2026-03-02T17:05:42Z,master,human,MEMBER,4.7,fbb918b699a679d4ded7e1996abb344a56f57a72
116962,2026-03-02T15:03:54Z,2026-04-02T17:33:56Z,master,human,MEMBER,4.7,7351e6909bc61f922f22fffe588cff0c980250a6
116963,2026-03-02T16:02:56Z,2026-03-04T17:23:55Z,master,human,CONTRIBUTOR,4.7,d9a2afe977c52983bea5ad0606b6037f93497bf3
116966,2026-03-02T16:46:10Z,2026-05-25T17:56:41Z,master,human,CONTRIBUTOR,4.7,34bf5f156b66883d7d4d569cbc0bb06021b6a20d
116970,2026-03-02T17:43:56Z,2026-03-09T20:20:52Z,master,human,CONTRIBUTOR,4.7,8130dde5097f49edaa85c12f779051bdc0eb6c7c
116971,2026-03-02T17:53:16Z,2026-03-04T17:23:55Z,master,human,MEMBER,4.7,c86601bc4d290748939d23f0219a02563de77d45
116972,2026-03-02T18:01:09Z,2026-03-14T11:21:12Z,master,human,CONTRIBUTOR,4.7,77264a708792884cf515721c63fe9e5ec9fa6d6b
116973,2026-03-02T18:58:54Z,2026-03-06T18:44:27Z,master,human,MEMBER,4.7,83f396d0dd3152a11aaffab58d886c7c7b16b420
116974,2026-03-02T19:40:41Z,2026-07-10T15:26:04Z,master,human,MEMBER,4.8,61cf042d39f0b0a75175c5823517c04bef8dfc4c
116976,2026-03-02T20:11:28Z,2026-03-03T23:21:17Z,master,human,MEMBER,4.7,accfd9932b57dd17709a42d0833443b071d81bb2
116977,2026-03-02T20:25:07Z,2026-03-04T17:23:55Z,master,human,CONTRIBUTOR,4.7,85b9dfb500312ee8b4c325c3f03c8eb0f51454a6
116981,2026-03-02T21:27:07Z,2026-03-04T17:23:55Z,master,human,CONTRIBUTOR,4.7,b83356283d1fa79257f68d5db452f21e3cd01ecc
116986,2026-03-02T22:34:07Z,2026-04-27T17:08:32Z,master,human,MEMBER,4.7,759b6977697f55188b2417b9ab762c2e79f5dafb
116991,2026-03-02T23:41:19Z,2026-03-04T17:23:55Z,master,human,NONE,4.7,d5e2ac7e02bee92ca6e38caedc083c71d6642816
116992,2026-03-02T23:47:53Z,2026-03-04T17:23:55Z,master,human,CONTRIBUTOR,4.7,b8fc607ef4fa5a1013246305ec41146d30d0c9dd
116993,2026-03-03T00:10:27Z,2026-03-06T18:44:27Z,master,human,MEMBER,4.7,a356899375988fe472343fe6ad7b189fc0df286d
116995,2026-03-03T00:33:38Z,2026-03-09T20:20:52Z,master,human,MEMBER,4.7,8e58bc2cf6dea0fb83b5b5b8025a5726818e4e70
117008,2026-03-03T09:48:50Z,2026-03-04T17:23:55Z,master,human,CONTRIBUTOR,4.7,eb516e3d126b7c79f0cbdf8184d90200f0375cdf
117010,2026-03-03T10:24:02Z,2026-03-30T18:51:46Z,master,human,MEMBER,4.7,656a268688cbb03723bb82116da7eb5b83989720
117011,2026-03-03T11:16:09Z,2026-03-04T17:23:55Z,master,human,MEMBER,4.7,c646b57c278e8bd1aa6c42193bde3ca69dee6ecf
117013,2026-03-03T11:27:14Z,2026-03-04T20:35:14Z,master,human,CONTRIBUTOR,4.7,f67eca1afb78d1a08ca4bf03d856c10fd97fbb18
117016,2026-03-03T12:14:19Z,2026-03-09T20:20:52Z,master,human,CONTRIBUTOR,4.7,3f040adfac8253646646abb2fadc69cadfab5ae8
117018,2026-03-03T12:53:39Z,2026-04-21T21:48:32Z,master,human,CONTRIBUTOR,4.7,72853b13eb4a76ec1769b610da084efd3fa0fb5e
117023,2026-03-03T14:01:39Z,2026-03-03T23:21:17Z,master,human,MEMBER,4.7,74b5be24f405492e50403948045830d13472e01e
117025,2026-03-03T14:28:31Z,2026-04-13T16:47:46Z,master,human,CONTRIBUTOR,4.7,5adbdac72bd45baaaf05e655fc6a0ac54ecc128c
117030,2026-03-03T17:24:56Z,2026-03-14T11:21:11Z,master,human,CONTRIBUTOR,4.7,269ccadae07a7cffdb18dcace644c97b3d67fef9
117031,2026-03-03T17:30:14Z,2026-09-30T16:57:13Z,master,human,CONTRIBUTOR,4.8,dec4e29a978502f19a6c5c8425e7dfa9d9e448bd
117033,2026-03-03T18:38:05Z,2026-03-18T16:46:37Z,master,human,CONTRIBUTOR,4.7,a042e07db690178e14c368a854e236107407dcc0
117036,2026-03-03T19:12:25Z,2026-03-05T03:07:31Z,master,human,MEMBER,4.7,fe6f78a4c788e6a9fddb333d1cb467ee572262e8
117039,2026-03-03T19:51:31Z,2026-03-12T14:13:29Z,master,human,MEMBER,4.7,f7cf8d3e6bf963c874c0f1ad51507b5716aaabfa
117041,2026-03-03T21:16:08Z,2026-03-16T16:42:18Z,master,human,CONTRIBUTOR,4.7,f13b291f2808bc8b61d2067df56ccaa7cb98b009
117051,2026-03-04T04:29:41Z,2026-03-04T17:23:55Z,master,human,CONTRIBUTOR,4.7,d72af002d0e71a394e3e66d03c6be54b5d7b2446
117053,2026-03-04T08:14:48Z,2026-03-12T14:13:29Z,master,human,CONTRIBUTOR,4.7,4e34c6ea63cadcd79a495c17212fd9ba2ecdd870
117054,2026-03-04T08:57:07Z,2026-03-04T10:20:42Z,master,human,MEMBER,4.7,c0ebded926fcec84a72656f8ff6d7f87a20064c2
117056,2026-03-04T10:13:55Z,2026-03-04T20:35:14Z,master,human,MEMBER,4.7,7a25ab859fe8a920c4afd512764ea2c66915795b
117057,2026-03-04T10:24:10Z,2026-03-04T14:44:04Z,master,human,MEMBER,4.7,02cbed84ce355d165474aada6157fc06970bf5e6
117058,2026-03-04T11:14:48Z,2026-03-04T17:23:55Z,master,human,MEMBER,4.7,1cbe90a1e95b50c82a491aeb333bf3fe3b54dd26
117059,2026-03-04T11:35:18Z,2026-03-05T03:07:30Z,master,human,CONTRIBUTOR,4.7,f8f3e95b4767587404daff05a865697fb36d7294
117060,2026-03-04T12:33:26Z,2026-04-15T10:45:29Z,master,human,MEMBER,4.7,96c2ddf39a864290c07398993eaee85b973b0f66
117062,2026-03-04T14:03:42Z,2026-03-04T17:23:55Z,master,human,MEMBER,4.7,5b5dfa56bb14d96f5278ae407b392893b7f5a3d5
117067,2026-03-04T17:54:51Z,2026-03-04T20:35:14Z,master,human,MEMBER,4.7,47612473f94de914c68d6f3c69dc67e39a04edf4
117070,2026-03-04T18:14:10Z,2026-03-30T18:51:46Z,master,human,CONTRIBUTOR,4.7,f9dfbbb0edef7c71a6931b5285b1df7988b992cb
117072,2026-03-04T19:16:36Z,2026-04-16T14:56:02Z,master,human,MEMBER,4.7,e5d0a8d814d6f5e3ab66fcb0c918617886e5f88b
117074,2026-03-04T22:16:37Z,2026-03-06T18:44:27Z,master,human,CONTRIBUTOR,4.7,737ae54ef6c2401210e63f41b9f8f80ada19d070
117075,2026-03-04T23:11:06Z,2026-06-19T17:12:22Z,master,human,NONE,4.8,a7f2f93c3e503a9612afe1c535d20be7763ad5ef
117080,2026-03-05T01:28:30Z,2026-06-24T19:56:48Z,master,human,MEMBER,4.8,ce0463c3bfe7535530229d04a79ca0b95fd044e4
117087,2026-03-05T06:19:22Z,2026-03-10T11:40:45Z,master,human,CONTRIBUTOR,4.7,c7dd32929369947876dbf0fdf798b0743b01c7ba
117088,2026-03-05T07:09:42Z,2026-03-11T20:49:15Z,master,human,MEMBER,4.7,2073a2bbd6bc4930dca3bfd725d58a4348bba2b6
117089,2026-03-05T07:44:23Z,2026-03-06T18:44:27Z,master,human,CONTRIBUTOR,4.7,308ebc9bfe607c60a3399d64f5580e65e827798c
117097,2026-03-05T10:17:46Z,2026-03-05T10:56:40Z,master,human,MEMBER,4.7,c4969dfa4e7e5581a75a1076a578b5dd97217155
117098,2026-03-05T10:46:57Z,2026-03-05T13:53:23Z,master,human,MEMBER,4.7,bfbe95e510a82f8db6e56220b268ca5945b726fd
117101,2026-03-05T11:58:38Z,2026-03-11T20:49:15Z,master,human,MEMBER,4.7,84889d6fe761d7fc22526c2143cdceb070fafcd6
117107,2026-03-05T15:20:06Z,2026-08-19T22:21:38Z,master,human,CONTRIBUTOR,4.8,e082338384e3421c92a92c9276b4cc82be780dfa
117109,2026-03-05T15:57:27Z,2026-03-06T11:46:04Z,master,human,MEMBER,4.7,a772f1638735f8f50dbc52f3633fc9b6c1a49b5e
117110,2026-03-05T17:06:17Z,2026-03-05T21:30:34Z,4.6,human,CONTRIBUTOR,4.6,3aa4fab65d280fdf35fb0c8d9b2a18220af40757
117117,2026-03-05T21:58:50Z,2026-03-06T11:46:04Z,master,human,CONTRIBUTOR,4.7,dc5b7d5547e88b05fedb1d4426f483f9bf150a32
117126,2026-03-05T23:37:54Z,2026-03-06T11:46:04Z,master,human,CONTRIBUTOR,4.7,ddfb4f1e44083bb4fe8a27b90a50c6a0dd38b46e
117128,2026-03-06T00:06:08Z,2026-03-06T17:50:34Z,4.6,human,CONTRIBUTOR,4.6,257ac353291f56ce1857836924a6e0625ab21b75
117131,2026-03-06T00:23:12Z,2026-03-06T11:46:04Z,master,human,MEMBER,4.7,19726167ce043cea56242d87b218bf587557f3bc
117134,2026-03-06T02:40:39Z,2026-03-06T18:44:27Z,master,human,CONTRIBUTOR,4.7,fd3a9b340dea58d2f73dbeb50e80de5d8d17a809
117135,2026-03-06T02:41:22Z,2026-03-16T16:42:18Z,master,human,CONTRIBUTOR,4.7,10c829e6239f0f4d98c4120249a49392b6ca94d2
117139,2026-03-06T07:25:58Z,2026-03-11T20:49:15Z,master,human,MEMBER,4.7,fe18073d07867e98b933dfbd13b21b7768c2705f
117142,2026-03-06T10:12:29Z,2026-03-26T15:10:30Z,master,human,MEMBER,4.7,231b5dc0d42729fd66a3b5961469e4c5532af513
117147,2026-03-06T14:07:03Z,2026-03-06T18:44:27Z,master,human,CONTRIBUTOR,4.7,27b004f4b1823377e0975255ce256dbc2857e36a
117148,2026-03-06T14:38:26Z,2026-04-06T18:07:08Z,master,human,MEMBER,4.7,fdc9f351196fd0cf54f701b08818292db584c969
117149,2026-03-06T15:26:41Z,2026-03-18T16:46:37Z,master,human,MEMBER,4.7,87b0010244450c6f9c6c0e583c07b7362b3a99fa
117151,2026-03-06T16:08:51Z,2026-03-12T14:13:29Z,master,human,CONTRIBUTOR,4.7,a8e37fc01048823f639c4011af645d2e8e2b79d3
117154,2026-03-06T17:26:58Z,2026-03-23T21:45:26Z,master,human,CONTRIBUTOR,4.7,8a72ab019d87fa322585a257d1721d6356a5d372
117156,2026-03-06T18:42:23Z,2026-03-09T10:53:23Z,master,human,CONTRIBUTOR,4.7,533f832d523c846f60ef65c82f66b1a379d2fa15
117157,2026-03-06T19:14:42Z,2026-03-12T14:13:29Z,master,human,MEMBER,4.7,22a140486b913c3e5d2d97210ed7811d7136c735
117158,2026-03-06T19:52:55Z,2026-03-11T20:49:15Z,master,human,CONTRIBUTOR,4.7,197b37bd73dd8885df5848642ddab29e5c6f45f5
117160,2026-03-06T19:56:47Z,2026-04-10T15:38:25Z,master,human,CONTRIBUTOR,4.7,e8b9abba7cf61fab50de25bf45d3ac65eee4d7cf
117162,2026-03-06T20:59:18Z,2026-08-19T22:21:38Z,master,human,CONTRIBUTOR,4.8,7e8fb0ee55e9f25198ecb42fafb85fd8f82ac170
117172,2026-03-07T09:55:44Z,2026-03-09T20:20:52Z,master,human,CONTRIBUTOR,4.7,c78eac252e2593a653f3a4e9b9b34f73edd41552
117173,2026-03-07T10:05:16Z,2026-03-17T18:52:49Z,master,human,MEMBER,4.7,29d2c7ece514127cc449ce37994ef4b369a3a9c6
117178,2026-03-07T14:39:12Z,2026-03-09T10:53:23Z,master,human,CONTRIBUTOR,4.7,8f0468f28102ea0bcf4628b91142c6a5e06b957b
117179,2026-03-07T14:56:21Z,2026-03-09T20:20:52Z,master,human,CONTRIBUTOR,4.7,1a86cf1eaaa0b08f812d28df40b3a708de648c8f
117180,2026-03-07T15:23:59Z,2026-03-14T11:21:12Z,master,human,CONTRIBUTOR,4.7,f06fe5254bd7e0efa04c50c8b477c91e87fd5330
117187,2026-03-07T17:01:13Z,2026-03-09T20:20:52Z,master,human,CONTRIBUTOR,4.7,8dc8e91fe976ab4f585bcadcfcbcb979078211c9
117189,2026-03-07T17:48:01Z,2026-03-09T20:20:52Z,master,human,MEMBER,4.7,5cfccbee34013b14216d753f918ffe1271161d3c
117192,2026-03-07T20:27:17Z,2026-03-09T20:20:52Z,master,human,CONTRIBUTOR,4.7,e4d0368c24902ebef22b0fe6b9a207aa2a190eb5
117194,2026-03-07T20:48:52Z,2026-03-10T19:29:31Z,master,human,CONTRIBUTOR,4.7,3837993f055710cac20ee99fe65dd5802b89b589
117198,2026-03-07T22:10:59Z,2026-03-14T11:21:11Z,master,human,CONTRIBUTOR,4.7,889af50e563aa59cd581633cb5ed8fe2fc89d766
117201,2026-03-08T01:32:13Z,2026-03-17T18:52:49Z,master,human,CONTRIBUTOR,4.7,8423b86dd45de9a09031809a95777bcaa7be3677
117203,2026-03-08T02:42:03Z,2026-03-09T20:20:52Z,master,human,CONTRIBUTOR,4.7,fbc00f1f84c41ab5fdc20e450819f3f2e44c1c3b
117206,2026-03-08T05:07:13Z,2026-03-09T10:53:23Z,master,human,CONTRIBUTOR,4.7,f3cacbdb4e708e73f4c5c554d93b684695369d48
117208,2026-03-08T07:06:16Z,2026-03-13T17:18:18Z,master,human,CONTRIBUTOR,4.7,784af6c94dad23c0a716a8a82d49acfad94007dc
117214,2026-03-08T14:23:52Z,2026-03-09T20:20:52Z,master,human,CONTRIBUTOR,4.7,a1eaac8171a53e5a74cd511bc144bd28afc4c7ff
117216,2026-03-08T15:22:51Z,2026-08-20T15:54:57Z,master,human,CONTRIBUTOR,4.8,b1616b9f471d8c37f11c0a335d1b846c6c45a6fb
117217,2026-03-08T15:34:27Z,2026-05-23T00:27:02Z,master,human,CONTRIBUTOR,4.7,44a215ec06f893b91601597ee729a1474633aafe
117219,2026-03-08T16:08:39Z,2026-03-09T10:53:23Z,master,human,MEMBER,4.7,74de2ec0477690f9b1817c15741117ef929d3249
117220,2026-03-08T16:13:09Z,2026-06-18T15:25:19Z,master,human,CONTRIBUTOR,4.8,9fd9e12949886bcb04ed96c32626c828ee72431a
117224,2026-03-08T18:44:59Z,2026-03-09T20:20:52Z,master,human,CONTRIBUTOR,4.7,1a43145761ad3750ce85ba1bbfc995691af7afce
117227,2026-03-08T19:45:45Z,2026-03-23T21:45:25Z,master,human,CONTRIBUTOR,4.7,0f0f9cae4145c4429c1dc2d89654cd40b869e875
117228,2026-03-08T19:45:45Z,2026-03-09T20:20:52Z,master,human,CONTRIBUTOR,4.7,642056ad824e6246fad22ba83327ab8ab1d37a02
117232,2026-03-08T20:59:50Z,2026-03-12T14:13:29Z,master,human,CONTRIBUTOR,4.7,73f979b03a40d11a0feff721dc8721e1b0368913
117235,2026-03-09T01:15:26Z,2026-03-14T11:21:11Z,master,human,CONTRIBUTOR,4.7,bc344d584571566415ec8e88b1be7ccd6ac09594
117242,2026-03-09T09:07:32Z,2026-03-09T20:20:52Z,master,human,CONTRIBUTOR,4.7,e77db812ff9cb6b888618d58bedc1625c893eb9b
117244,2026-03-09T13:13:56Z,2026-03-30T18:51:46Z,master,human,MEMBER,4.7,3eb96c83132f619e8f807ba1fcf45beb6ad2af21
117250,2026-03-09T14:39:16Z,2026-03-11T20:49:15Z,master,human,MEMBER,4.7,e295eba0eb4767fd45ea8534765307d8e9b1c328
117253,2026-03-09T14:52:43Z,2026-03-11T20:49:15Z,master,human,MEMBER,4.7,7c2a2b06a97fd6b0139a80d14e1087173253b88e
117255,2026-03-09T16:38:31Z,2026-03-09T20:20:52Z,master,human,MEMBER,4.7,01af00957c26c822dc8d090545fca63ee49a29dd
117256,2026-03-09T17:05:12Z,2026-04-30T16:00:53Z,master,human,MEMBER,4.7,1225aa7d45e95ef0f4d07f9e1206b45c164f3d74
117268,2026-03-09T21:35:53Z,2026-04-21T13:54:45Z,master,human,CONTRIBUTOR,4.7,630a58a12d2cde110c370626c8a461f415273b59
117270,2026-03-09T23:32:05Z,2026-09-07T15:30:55Z,master,human,MEMBER,4.8,21fd9d56403c0b089dd1d2cff00c090651b4551a
117273,2026-03-10T00:59:18Z,2026-03-15T14:15:33Z,master,human,CONTRIBUTOR,4.7,ed256ec38176c5f4215a1d1dc9818fb8442b70e0
117275,2026-03-10T01:37:16Z,2026-04-13T16:47:46Z,master,human,CONTRIBUTOR,4.7,eac17ddc5582d24392f5bcd511495731fac4b6fd
117277,2026-03-10T03:35:00Z,2026-03-14T11:21:12Z,master,human,CONTRIBUTOR,4.7,96436e33f9120ce2f3728bdefcfee01c8e10533a
117280,2026-03-10T08:28:33Z,2026-06-18T20:20:24Z,master,human,CONTRIBUTOR,4.8,870de716f509558d3b47ee35ecee88de5ac1a999
117281,2026-03-10T08:35:30Z,2026-04-20T14:23:48Z,master,human,CONTRIBUTOR,4.7,5e9ac69702347b28f509b3d122a190b10cb03c35
117282,2026-03-10T08:37:23Z,2026-03-30T18:51:46Z,master,human,MEMBER,4.7,e03a2c4c76c4b9141ec29fb3d46afdd18c0fa4ac
117283,2026-03-10T10:00:00Z,2026-03-11T09:53:40Z,master,human,MEMBER,4.7,e65f65f94b929a63c73f44468fa672ab1a87ee20
117286,2026-03-10T13:40:09Z,2026-03-10T19:29:31Z,master,human,MEMBER,4.7,ca77be8d0ada2f5cd9befebe8dd7800b274de133
117289,2026-03-10T14:07:09Z,2026-03-10T19:29:31Z,master,human,CONTRIBUTOR,4.7,96488ce266746cab8acebcbaed9df3d909dcf16a
117290,2026-03-10T14:11:21Z,2026-03-14T11:21:12Z,master,human,CONTRIBUTOR,4.7,e37ef60e8c45bdbb8304ceae26d13f2577bcf1ed
117294,2026-03-10T16:38:45Z,2026-03-12T14:13:29Z,master,human,CONTRIBUTOR,4.7,0e3249941c297d64cf57f4334ddc04cff9be73a5
117295,2026-03-10T16:46:06Z,2026-03-11T01:12:36Z,master,human,MEMBER,4.7,847d68431451a8988ab9385bf617a52ae0f43d11
117301,2026-03-10T23:42:13Z,2026-03-11T09:53:39Z,master,human,MEMBER,4.7,d103efb6ea076ec52b4deca358e83f1fd177d163
117313,2026-03-11T07:32:16Z,2026-03-11T20:49:15Z,master,human,MEMBER,4.7,075d6f27f1a07d15b392aadde6064bab8ab60eff
117319,2026-03-11T11:00:04Z,2026-03-11T11:59:27Z,master,human,CONTRIBUTOR,4.7,9095a76ff54ff96778c75260ac629cd4d1f1535f
117321,2026-03-11T12:26:34Z,2026-03-14T11:21:11Z,master,human,CONTRIBUTOR,4.7,11970cb0ce5e40efd34a58b497dd903ef3a82ca2
117322,2026-03-11T12:46:11Z,2026-03-11T20:49:14Z,master,human,MEMBER,4.7,7851fa442ec78726cbcf8804cf6c38abbc9a7e2d
117328,2026-03-11T16:03:12Z,2026-03-15T14:15:33Z,master,human,MEMBER,4.7,8993c549330176a30a801fe348c35810c03d1108
117333,2026-03-11T19:08:19Z,2026-03-13T17:18:18Z,master,human,CONTRIBUTOR,4.7,46dd8eb6e95e6b7ae9d257ab0be93074d92033c0
117334,2026-03-11T19:21:08Z,2026-03-19T15:24:15Z,master,human,MEMBER,4.7,a74ec70626e5645973dacd22e1a5b5e8dc9cf910
117335,2026-03-11T20:04:26Z,2026-03-13T17:18:18Z,master,human,CONTRIBUTOR,4.7,f9a8302c8395db323fdeebcb1d8024b9fc661999
117337,2026-03-11T20:33:21Z,2026-06-01T16:17:45Z,master,human,MEMBER,4.7,24028e82fde1c24dfce7117532fad2cc09e1843f
117340,2026-03-11T22:52:37Z,2026-03-14T10:08:02Z,4.6,human,MEMBER,4.6,773450daa87d06d12e18b54e58aae55ea3c121c5
117341,2026-03-11T23:28:20Z,2026-04-08T14:35:08Z,master,human,CONTRIBUTOR,4.7,9dd0719d30626015414fa1f86f82498f96e1b4e6
117353,2026-03-12T06:35:18Z,2026-03-12T14:13:29Z,master,human,MEMBER,4.7,750b0c766e50ab6850546a5d537ed2473e301855
117355,2026-03-12T07:30:31Z,2026-03-19T15:24:14Z,master,human,CONTRIBUTOR,4.7,e3173f4ec4327e57a4a9b4d5eb3745f7252c1355
117357,2026-03-12T07:56:59Z,2026-03-13T17:18:18Z,master,human,CONTRIBUTOR,4.7,1195cada54e0e60afd299aa8ff6f8aa8d5ae427a
117358,2026-03-12T08:36:32Z,2026-03-30T18:51:46Z,master,human,MEMBER,4.7,879a3012c887adb682a910611fab962c9620c278
117359,2026-03-12T08:55:12Z,2026-03-16T11:12:02Z,master,human,MEMBER,4.7,967c23c6ce10eac544cb62b2943c114e4f0979e3
117361,2026-03-12T09:32:50Z,2026-03-12T14:13:29Z,master,human,MEMBER,4.7,257fb9e20e94eb63e021d64fc629aabbd088d563
117363,2026-03-12T09:56:44Z,2026-03-12T14:13:30Z,master,human,MEMBER,4.7,ce66ff689ec93327563972f8324b19a29f73b28a
117366,2026-03-12T11:04:12Z,2026-03-15T20:08:33Z,master,human,MEMBER,4.7,db5da10d21bad1691865b188c55a208d26ad3b33
117369,2026-03-12T11:55:05Z,2026-04-01T23:14:16Z,master,human,MEMBER,4.7,6a6162070d97c76bee6af6c80f467c43f06259ce
117371,2026-03-12T13:02:31Z,2026-03-14T11:21:11Z,master,human,MEMBER,4.7,b15bc2894f1fa6a88fffe793a2d6989f09234701
117373,2026-03-12T15:49:16Z,2026-03-23T21:45:25Z,master,human,CONTRIBUTOR,4.7,6cd467eab379fc6589dddd1b4be2ede9075d4737
117375,2026-03-12T17:53:34Z,2026-03-16T22:49:39Z,master,human,CONTRIBUTOR,4.7,280e06c2fee803cd065e38bf77f8e38ec03d51b8
117376,2026-03-12T18:25:16Z,2026-03-23T21:45:25Z,master,human,MEMBER,4.7,34e02d031fdba0cbb34fad5b7813033d80d22326
117377,2026-03-12T19:43:40Z,2026-03-14T11:21:12Z,master,human,CONTRIBUTOR,4.7,aa470f01b6740822401b8e36267872fdf0408bd7
117378,2026-03-12T20:41:17Z,2026-03-16T16:42:18Z,master,human,MEMBER,4.7,31a8c0904c6fcf2cf86270c389398a3d976bf1e8
117380,2026-03-12T21:07:59Z,2026-03-17T18:52:49Z,master,human,CONTRIBUTOR,4.7,f8d2e19bf68373d487341694e8ad08cea634a9ff
117382,2026-03-13T00:45:56Z,2026-03-18T16:46:37Z,master,human,CONTRIBUTOR,4.7,ce4dec913767c7f238296a09176dd77216970dea
117385,2026-03-13T07:23:55Z,2026-03-14T11:21:11Z,master,human,MEMBER,4.7,bd8b832893797a8d078e681d1dd890dcd968239c
117388,2026-03-13T09:19:57Z,2026-03-13T17:18:18Z,master,human,CONTRIBUTOR,4.7,405f9dfc8fd50d214565fe7769d3e60dab03254d
117392,2026-03-13T12:05:02Z,2026-03-13T17:18:18Z,master,human,MEMBER,4.7,4cdc711201fcb0b1419f1ca95854fc8b53745e94
117393,2026-03-13T12:12:54Z,2026-03-13T17:18:18Z,master,human,MEMBER,4.7,f8a479fde966de26c974359e1c67bac02c5bc08d
117397,2026-03-13T15:10:41Z,2026-03-14T11:21:11Z,master,human,CONTRIBUTOR,4.7,fb177243ac34b786e476a4bbeffefed8fc81ad90
117399,2026-03-13T17:46:26Z,2026-04-10T15:38:25Z,master,human,CONTRIBUTOR,4.7,c83925eaf0ae587d7d10badc2380e4a190d94f31
117401,2026-03-13T19:36:43Z,2026-03-14T11:21:11Z,master,human,CONTRIBUTOR,4.7,a596178702219099c502db363d86d66c0f8edabe
117402,2026-03-13T20:14:52Z,2026-03-16T16:42:18Z,master,human,MEMBER,4.7,642f14b5bb2fe985a511dcb55651fe2b0adb6039
117428,2026-03-15T00:34:04Z,2026-03-15T14:15:33Z,master,human,CONTRIBUTOR,4.7,e2c614fe9ac159d5812ed9752340abc434e8f40c
117432,2026-03-15T10:19:01Z,2026-04-15T10:45:29Z,master,human,CONTRIBUTOR,4.7,316bdc1d1a10fed63991f39d517ab011d2f26ad0
117433,2026-03-15T10:33:18Z,2026-03-17T16:13:14Z,4.6,human,MEMBER,4.6,eaadb59480382042cf8173feaf51e425c2f51f93
117434,2026-03-15T11:13:03Z,2026-04-18T12:36:16Z,master,human,MEMBER,4.7,1b74131694e0cd245dee7173e122420610a50b77
117436,2026-03-15T11:45:33Z,2026-05-06T20:00:02Z,master,human,CONTRIBUTOR,4.7,2ac8d197b71978ca808834ff7ed49f6171190cac
117438,2026-03-15T13:28:16Z,2026-08-25T17:19:10Z,master,human,MEMBER,4.8,f284937f4f1d28e06748066b6c05c80097784e23
117441,2026-03-15T13:51:26Z,2026-03-16T11:12:02Z,master,human,CONTRIBUTOR,4.7,d49ce0c98976e95d67f90300d9304cfe202ca807
117442,2026-03-15T13:56:32Z,2026-03-16T11:12:02Z,master,human,MEMBER,4.7,6e07a6c3c95a3fb68b4b952707ca625a36c92d99
117445,2026-03-15T16:02:01Z,2026-03-26T15:10:30Z,master,human,MEMBER,4.7,e030230a99889e666fa320cdf7b24fdbef36f02b
117448,2026-03-15T16:11:35Z,2026-03-23T21:45:25Z,master,human,MEMBER,4.7,938f3e376e923d591017a1cea17b63ea794e1904
117451,2026-03-15T16:45:48Z,2026-07-06T15:45:02Z,master,human,CONTRIBUTOR,4.8,e548e0b0ac41b5fad8eac529a888c9b8f50236b6
117454,2026-03-15T19:58:19Z,2026-03-16T11:12:02Z,master,human,CONTRIBUTOR,4.7,ad21e3fbb5e829f3f854bba2792f519018512f03
117457,2026-03-15T21:44:45Z,2026-03-16T16:42:18Z,master,human,CONTRIBUTOR,4.7,8ec2a3de1918cb798ca8d9a1099b8fc2769a07d9
117461,2026-03-15T22:48:54Z,2026-03-16T11:12:02Z,master,human,CONTRIBUTOR,4.7,9f2688c20454aabef704e7dc4e6fa54d4a7ad6b8
117462,2026-03-15T23:54:35Z,2026-03-16T11:12:02Z,master,human,CONTRIBUTOR,4.7,9ddccdec1298d72ba14794ac917715a7d417d137
117463,2026-03-16T01:05:08Z,2026-04-02T17:33:55Z,master,human,CONTRIBUTOR,4.7,a53c795c78674758ae7301de6a6fc3da9f9e63a2
117464,2026-03-16T01:56:05Z,2026-03-23T21:45:25Z,master,human,CONTRIBUTOR,4.7,01448cc202cddc671ac4ee244cb884abcf038325
117469,2026-03-16T08:26:38Z,2026-03-16T11:12:02Z,master,human,CONTRIBUTOR,4.7,874f500acb28bf1d7aebc22049493b8ebce8c097
117471,2026-03-16T10:52:51Z,2026-03-16T16:42:18Z,master,human,MEMBER,4.7,17b3a3829fe0b83be8f16b24b5de17e20c0eaa4e
117474,2026-03-16T13:01:15Z,2026-03-18T16:46:37Z,master,human,MEMBER,4.7,4e7fefbf6217f6440534e47f4b6e1742bd619fb5
117477,2026-03-16T15:21:23Z,2026-03-19T15:24:14Z,master,human,MEMBER,4.7,6782fe44c23209b6f302037bfdd3f16dc4520735
117479,2026-03-16T16:13:04Z,2026-03-16T16:42:18Z,master,human,CONTRIBUTOR,4.7,a9afde84055573cd51c0bb03b6bd3ae047b85d91
117480,2026-03-16T16:53:17Z,2026-03-16T22:49:39Z,master,human,MEMBER,4.7,c40d3b9b0d6025a281bb6a9f2a7dc04e2b2b5856
117485,2026-03-16T20:03:20Z,2026-08-10T16:14:37Z,master,human,CONTRIBUTOR,4.8,1752c94dc589ac8c82a0ce3e07edef83097ebc7d
117488,2026-03-16T21:06:18Z,2026-03-16T22:49:39Z,master,human,MEMBER,4.7,1eb0374e5f3efa05d8a9914f482b894b5b1f6b9c
117491,2026-03-16T23:10:06Z,2026-03-18T07:00:45Z,master,human,MEMBER,4.7,734f5473c15d90b3edc452c08b4e43bebfefd1ce
117495,2026-03-17T02:12:57Z,2026-03-17T18:52:49Z,master,human,CONTRIBUTOR,4.7,e37ed101268cee246e17e8ec7ed42e4b8b739c63
117498,2026-03-17T05:40:03Z,2026-04-09T22:48:10Z,master,human,CONTRIBUTOR,4.7,df824815bc3128843ecea1ddd3a5fbf8646fe4b1
117499,2026-03-17T05:44:42Z,2026-08-14T17:11:50Z,master,human,CONTRIBUTOR,4.8,00932449c9f372b30301d8b5fdc1be70ec12b5c0
117502,2026-03-17T09:07:46Z,2026-03-17T18:52:49Z,master,human,MEMBER,4.7,8dfdf5998ec372376fcb866c5b5842033a29c2a4
117504,2026-03-17T09:16:49Z,2026-03-23T21:45:25Z,master,human,CONTRIBUTOR,4.7,9b9a533ed23310e32adac464a5b09a2e738e2e81
117505,2026-03-17T09:27:02Z,2026-03-17T18:52:49Z,master,human,CONTRIBUTOR,4.7,5d2548f524e28c36fafb19977007e35d444086fe
117508,2026-03-17T12:18:18Z,2026-03-19T20:45:06Z,master,human,MEMBER,4.7,bf6ec9141714981cb941e0a71cdb2677bcf39d6e
117511,2026-03-17T13:07:42Z,2026-03-17T18:52:49Z,master,human,CONTRIBUTOR,4.7,c9e87de0422c5791d558c231c32e350238c1bd90
117521,2026-03-17T16:29:24Z,2026-03-23T21:45:25Z,master,human,MEMBER,4.7,86b84d861b4e2c73450d88d231d3c1f139389e7e
117525,2026-03-17T18:14:27Z,2026-03-23T21:45:25Z,master,human,MEMBER,4.7,8416dbe3d9f52e1349fbad560d58d271f5c1fb19
117529,2026-03-17T18:35:50Z,2026-03-23T21:45:25Z,master,human,CONTRIBUTOR,4.7,0026f7ea69e20d19ce79d7a4a87d3be9047c2c99
117530,2026-03-17T18:54:53Z,2026-03-18T16:46:37Z,master,human,CONTRIBUTOR,4.7,179ee951b601f445aa5fb4ed187e5c3d7e28b8a0
117532,2026-03-17T19:55:11Z,2026-04-16T14:56:02Z,master,human,MEMBER,4.7,343655bfa312c6c14c29908c9debc3d872d805d2
117534,2026-03-17T20:22:17Z,2026-04-08T14:35:08Z,master,human,CONTRIBUTOR,4.7,7f60a851362dba2d1757481d6b697f886d238e46
117535,2026-03-17T20:26:16Z,2026-03-18T10:49:32Z,master,human,CONTRIBUTOR,4.7,68dd8db336fae4f4131010d96dbf155b8b1b651c
117537,2026-03-17T21:17:58Z,2026-04-10T15:38:25Z,master,human,CONTRIBUTOR,4.7,4a9684b0fffe30dd72e6088b8b5e09a5ac46807a
117538,2026-03-17T21:28:17Z,2026-03-19T20:45:06Z,master,human,CONTRIBUTOR,4.7,331c8297658e366db23fae7784db986120cc7ef8
117545,2026-03-17T23:43:36Z,2026-06-24T15:21:14Z,master,human,CONTRIBUTOR,4.8,0c3a1330514a46a7f05d4233f4312880cc47a49f
117555,2026-03-18T11:09:27Z,2026-03-18T16:46:37Z,master,human,MEMBER,4.7,7544660ca4cdf3997422e6459e1c943a55ccb211
117562,2026-03-18T13:05:07Z,2026-03-19T20:45:06Z,master,human,CONTRIBUTOR,4.7,f90d71ffe842360774bc2d0eb5afdb970926d9de
117564,2026-03-18T13:56:30Z,2026-03-18T14:17:25Z,master,human,MEMBER,4.7,33b487690e59d5e0902ff6a527e3c96c7811dd33
117565,2026-03-18T14:09:57Z,2026-03-18T16:03:08Z,4.5,human,MEMBER,4.5,2c214e3f03cd13c3d2b3aea0e9f3769bfd8ef1ae
117566,2026-03-18T14:49:39Z,2026-03-18T16:37:45Z,4.6,human,CONTRIBUTOR,4.6,7ac2da56c7aff101bfdc591f2f5b2e3a4d93621e
117569,2026-03-18T15:49:17Z,2026-06-26T13:55:22Z,master,human,MEMBER,4.8,bc34369367654a0258a338149c40de867eccd1b4
117574,2026-03-18T17:20:00Z,2026-04-01T18:03:19Z,master,human,MEMBER,4.7,e1bd3176ce474405a312cc2c66a0669bd8471f96
117575,2026-03-18T17:55:12Z,2026-04-10T15:38:25Z,master,human,MEMBER,4.7,aa73f2c43fa10f3b122167bf0dcb7f2f75358eff
117578,2026-03-18T18:04:07Z,2026-03-18T19:57:56Z,4.3,human,MEMBER,4.3,7db47b2c0b7d83cbf24019a841721d4f4ba070ad
117580,2026-03-18T18:53:31Z,2026-03-19T15:24:14Z,master,human,MEMBER,4.7,2addc30fb3175dbc4365c7ab45657f334c7171cf
117582,2026-03-18T19:22:44Z,2026-03-19T15:24:14Z,master,human,MEMBER,4.7,44b302b153334151e5ce12ee37b893ee270e9b42
117583,2026-03-18T19:25:40Z,2026-03-23T21:45:25Z,master,human,CONTRIBUTOR,4.7,09437400e060ded26937152ec071aa6d9d0493c0
117584,2026-03-18T19:38:41Z,2026-03-18T19:58:05Z,4.2,human,MEMBER,4.2,a75925a184a23e50a27d46d0d933d2f459ba6b48
117585,2026-03-18T19:39:29Z,2026-03-18T19:58:10Z,4.1,human,MEMBER,4.1,6f66338950e7783a7998e51eed1f457045d78d54
117586,2026-03-18T19:40:20Z,2026-03-18T19:58:12Z,4.0,human,MEMBER,4.0,a7371ce4d169b5053f9c162e5bee21ccf0dc3f4a
117587,2026-03-18T19:41:25Z,2026-03-18T19:58:14Z,3.5,human,MEMBER,3.5,192b71139a168ca79026d258ef4b7512724d771f
117588,2026-03-18T19:42:02Z,2026-03-18T19:58:15Z,3.4,human,MEMBER,3.4,ab7ffde73f6e9b5530e91ebb0f7aa8a5a63f4073
117589,2026-03-18T19:42:35Z,2026-03-18T19:58:18Z,3.3,human,MEMBER,3.3,827bd3cc0ec5e7090db1ed0f090d784db3e138db
117590,2026-03-18T19:43:19Z,2026-03-18T19:58:20Z,3.2,human,MEMBER,3.2,66ca034c2df2970ee95ca792d8965fce2f9eac81
117596,2026-03-18T21:37:12Z,2026-06-19T17:12:21Z,master,human,MEMBER,4.8,b6c2548c81911ed5a1a4802365683d5066ebdf10
117597,2026-03-18T21:45:34Z,2026-03-19T15:24:14Z,master,human,CONTRIBUTOR,4.7,d385b9e608253bb40400103eddc8b311b7167ea5
117598,2026-03-18T22:18:09Z,2026-03-19T15:24:14Z,master,human,CONTRIBUTOR,4.7,5d206ad31477950c3bd589aa9eb437c2f77febc6
117599,2026-03-18T22:31:35Z,2026-08-18T12:10:35Z,master,human,MEMBER,4.8,19bafcc12b17bd129efb47b7a9f121faa7496ad6
117600,2026-03-18T22:40:13Z,2026-03-23T21:45:25Z,master,human,MEMBER,4.7,41c856ab42428a9d56d95e6fef9841de0b172eb7
117606,2026-03-19T02:45:38Z,2026-03-23T21:45:25Z,master,human,CONTRIBUTOR,4.7,9af848159bc6b67d36acaca3f5f7c0a9e36ba42b
117611,2026-03-19T07:26:50Z,2026-04-08T14:35:08Z,master,human,CONTRIBUTOR,4.7,1b577dc2c0c4db942d49ae4e1b896bd331c973dc
117612,2026-03-19T07:37:30Z,2026-03-23T21:45:25Z,master,human,CONTRIBUTOR,4.7,151eeb8a6443502c77c50d4a25edc3d681fe7eef
117615,2026-03-19T07:49:35Z,2026-03-23T21:45:25Z,master,human,CONTRIBUTOR,4.7,e448c538bad2707f070fd09927ca952a18fbb6ee
117616,2026-03-19T08:07:36Z,2026-03-23T21:45:25Z,master,human,MEMBER,4.7,d767971087f5e8bfc4a47a0b2c6aaf63d7f727ff
117617,2026-03-19T08:22:56Z,2026-03-19T15:24:14Z,master,human,MEMBER,4.7,ffec02fee72f73bc7741ad6675f7e70d5dc4fbb5
117619,2026-03-19T08:33:53Z,2026-04-10T15:38:25Z,master,human,CONTRIBUTOR,4.7,9268bc73a060c9615053e6375c7a9d332f73ba91
117626,2026-03-19T12:29:20Z,2026-05-12T17:37:51Z,master,human,CONTRIBUTOR,4.7,96ef330f3bfd7c80c89f9dc6c70d1374168193a2
117633,2026-03-19T14:07:14Z,2026-04-02T17:33:56Z,master,human,CONTRIBUTOR,4.7,0df88c38e13b3281e50facb08decdd456c16c213
117634,2026-03-19T14:22:43Z,2026-03-23T21:45:25Z,master,human,CONTRIBUTOR,4.7,70752fab60ad94372f5e6250c841afbcdc774ad5
117643,2026-03-19T17:43:40Z,2026-03-26T15:10:30Z,master,human,CONTRIBUTOR,4.7,40b218a679c460bd107320b0990a1e52571926d6
117647,2026-03-19T18:27:21Z,2026-03-23T21:45:25Z,master,human,CONTRIBUTOR,4.7,45d8f4a832b82fe804e010f5211ef0448b67cf5a
117648,2026-03-19T18:31:53Z,2026-03-19T20:45:06Z,master,human,MEMBER,4.7,c71c2bfc5e61e937cbbf2bd8eefa499ba6864ef5
117649,2026-03-19T18:50:39Z,2026-03-23T21:45:25Z,master,human,CONTRIBUTOR,4.7,ff6034dc0aec2b2c4034829fee500d5c37c881ce
117653,2026-03-19T20:38:46Z,2026-04-07T23:25:49Z,master,human,CONTRIBUTOR,4.7,5c2b6814eab6ef07e27be431cd7e88d887436037
117654,2026-03-19T20:44:17Z,2026-03-20T15:29:31Z,master,human,CONTRIBUTOR,4.7,4a280218fcfdd69408cceb74577c9e69086be23a
117655,2026-03-19T21:19:27Z,2026-03-23T12:12:47Z,master,human,CONTRIBUTOR,4.7,8d0b2387274660be3b5f8b88ad7ddd08b8a43df0
117659,2026-03-20T02:49:26Z,2026-03-23T12:12:47Z,master,human,CONTRIBUTOR,4.7,a1c0ffaf706bbc4749114c91a439e3bc957b165f
117666,2026-03-20T09:06:19Z,2026-06-30T13:50:27Z,master,human,MEMBER,4.8,f4c57c2824951a5df945392923bdfdc1c4055395
117672,2026-03-20T13:17:04Z,2026-04-09T22:48:09Z,master,human,MEMBER,4.7,daa913af6384e3788c75d287a66bc4f346396282
117673,2026-03-20T14:32:29Z,2026-03-23T21:45:25Z,master,human,MEMBER,4.7,5d2bac78e8110648c2d7284d0c7730e00f39bd59
117674,2026-03-20T14:35:54Z,2026-03-20T15:29:43Z,4.6,human,MEMBER,4.6,638b2f1e923cfb75cc812c2cc168d81fc09ee493
117675,2026-03-20T14:38:50Z,2026-03-20T15:08:09Z,4.5,human,MEMBER,4.5,04a42cebc03533e25759de1881dd380f7174f0ca
117678,2026-03-20T15:17:01Z,2026-03-20T17:27:11Z,4.4,human,MEMBER,4.4,57289976b5e952970a45543dac990f7cdb81e7ea
117682,2026-03-20T17:12:16Z,2026-03-23T21:45:25Z,master,human,MEMBER,4.7,0f53286459a1140b8acfd388de75a1e1c67f8349
117683,2026-03-20T17:14:06Z,2026-03-23T21:45:25Z,master,human,MEMBER,4.7,040bc686d04a5eb8d3eb97311d5502061ba4af48
117687,2026-03-20T18:59:38Z,2026-04-08T22:02:56Z,master,human,CONTRIBUTOR,4.7,78995d3f4a5b0e153aee4e89f4d87dabfc77f80c
117688,2026-03-20T20:05:19Z,2026-03-23T21:45:25Z,master,human,MEMBER,4.7,6bc2cf8d6ae8c644b8a1d23b3f264eb67f949840
117690,2026-03-20T21:06:41Z,2026-04-28T14:14:31Z,master,human,CONTRIBUTOR,4.7,2101e25a1034f153554c4e3d05fc67901e840255
117691,2026-03-20T21:42:08Z,2026-06-23T19:55:12Z,master,human,CONTRIBUTOR,4.8,1e81514037434a3a57f894b4ef628f3d37bed7c2
117692,2026-03-20T22:01:05Z,2026-03-23T21:45:25Z,master,human,MEMBER,4.7,3fe52f554de24b1f7f29cf473816cb9be994a0d9
117701,2026-03-21T09:18:22Z,2026-03-23T12:12:46Z,master,human,CONTRIBUTOR,4.7,435fe7ad0fd947409790201df2d2d1ff2bfd9583
117702,2026-03-21T09:33:58Z,2026-03-21T11:05:29Z,master,human,CONTRIBUTOR,4.7,65e73b3a5eec19e3269809b0f00e73a646723067
117707,2026-03-21T16:50:36Z,2026-03-23T21:45:25Z,master,human,MEMBER,4.7,bfc504a0cc14dea48665a97daf7f93bc0a03257a
117709,2026-03-21T19:33:29Z,2026-03-23T12:12:47Z,master,human,MEMBER,4.7,270ebad9ed9e53492fe582b6787fb5e7903c0f41
117710,2026-03-21T20:08:00Z,2026-04-06T18:07:08Z,master,human,MEMBER,4.7,7c720b815fb80f9daadc6d61cbce3a2031a7a501
117725,2026-03-22T13:08:03Z,2026-03-23T12:12:46Z,master,human,MEMBER,4.7,3f020a02ade79dbbd3d26b0d151f93c64da6688b
117726,2026-03-22T13:32:27Z,2026-04-10T15:38:25Z,master,human,MEMBER,4.7,a782d0e8cfd7a573daf278008518e3899e4edbcd
117730,2026-03-22T15:20:03Z,2026-03-23T21:45:25Z,master,human,MEMBER,4.7,7484a2e256d97b95dc32f5eb0fc6a889e5f26200
117733,2026-03-22T16:59:17Z,2026-03-23T21:45:25Z,master,human,MEMBER,4.7,970f8236b5b532af4d5862d413bb53869eb0148e
117735,2026-03-22T17:48:57Z,2026-03-23T21:45:25Z,master,human,MEMBER,4.7,64596092ae60e8fc10da7b61ac024d099a80a3b7
117740,2026-03-22T21:31:42Z,2026-03-26T15:10:30Z,master,human,CONTRIBUTOR,4.7,89379c4fcfb59f103c3450949f0474ef958ddfb0
117742,2026-03-22T23:37:48Z,2026-04-01T18:03:19Z,master,human,CONTRIBUTOR,4.7,edd83fa534010254976c7c98e1dc258822cc5808
117744,2026-03-22T23:56:23Z,2026-03-23T12:12:46Z,master,human,CONTRIBUTOR,4.7,c3169e09e1e159c1a70c1e6fca75b8030a122209
117748,2026-03-23T08:26:24Z,2026-03-23T12:12:46Z,master,human,MEMBER,4.7,b0c1084a10f146c31b38a4682572e7483dc514ce
117754,2026-03-23T15:28:00Z,2026-04-07T11:47:32Z,master,human,CONTRIBUTOR,4.7,8f0ebc2f2b2da9e8f7d2743b9f0c98ba124b72e5
117755,2026-03-23T16:57:03Z,2026-03-31T15:53:17Z,master,human,MEMBER,4.7,fa50d196c001bc2fb0a0249a22d08e12f27e45d0
117760,2026-03-23T19:45:28Z,2026-03-31T15:53:17Z,master,human,MEMBER,4.7,94485a31d756896e76472f86c9c87c706752623a
117762,2026-03-23T20:09:55Z,2026-03-26T15:10:30Z,master,human,MEMBER,4.7,da8ea211ebafb845c11d081c00d8afcd83b3a2b5
117763,2026-03-23T20:11:04Z,2026-03-23T21:33:50Z,4.6,human,MEMBER,4.6,5bd79ab53ffe9952f371a10e31c17947cf9a176b
117767,2026-03-23T22:17:00Z,2026-07-28T20:05:18Z,master,human,MEMBER,4.8,0100c44057b4dac8532ecab99cc1daa9384616d1
117768,2026-03-23T22:23:36Z,2026-03-26T15:10:30Z,master,human,MEMBER,4.7,1fe96dd51749525c6f7788737ac6274e1afa28a8
117771,2026-03-23T23:01:23Z,2026-04-06T18:07:08Z,master,human,MEMBER,4.7,201a68f700f3d3bd0316b8c7fbf56c58e665ec9d
117773,2026-03-24T00:22:49Z,2026-05-14T14:12:13Z,master,human,MEMBER,4.7,1378c909f09cb04d084fbd2d4a0b112f2138bd6f
117774,2026-03-24T00:40:51Z,2026-03-27T16:45:10Z,master,human,CONTRIBUTOR,4.7,428cee41f67a4e4bdcff166a1999a4680318e999
117776,2026-03-24T01:43:16Z,2026-04-15T10:45:29Z,master,human,CONTRIBUTOR,4.7,37b6d4d8be51aa6480150deda075adef6d68d02f
117785,2026-03-24T07:33:40Z,2026-09-26T15:13:20Z,master,human,MEMBER,4.8,a69a4edff7f5dbce82fb5017b5b665f24ef3ed47
117788,2026-03-24T12:39:45Z,2026-04-15T10:45:29Z,master,human,MEMBER,4.7,cc212fb90a98825795d98c9bd844448ed25795a6
117790,2026-03-24T14:05:35Z,2026-03-26T15:10:30Z,master,human,CONTRIBUTOR,4.7,a803a436a01c20934bcd3158c3dc5b9c8153148d
117792,2026-03-24T14:35:41Z,2026-03-26T15:10:30Z,master,human,MEMBER,4.7,14d626ec1df7a43b7e9bbac4d2b82fb1c2615287
117800,2026-03-24T17:19:21Z,2026-04-01T23:14:16Z,master,human,CONTRIBUTOR,4.7,803c6df71af4bb4caba3153c275374e85a4fbb03
117801,2026-03-24T17:20:33Z,2026-03-26T15:10:30Z,master,human,CONTRIBUTOR,4.7,ed86445bcb36b2e11ba572294f815448864dbade
117805,2026-03-24T18:49:12Z,2026-05-20T19:38:33Z,master,human,CONTRIBUTOR,4.7,3bfa50fd329cb9a7b01b0ab1cd7ac8f27f7391ac
117808,2026-03-24T20:12:00Z,2026-03-30T18:51:46Z,master,human,CONTRIBUTOR,4.7,d46ba38387decd37cd0f1a19b3e3d35da8b3adc4
117812,2026-03-25T00:57:25Z,2026-03-30T18:51:46Z,master,human,MEMBER,4.7,91030b8d8e3181f0887fe0d9cf352f13b44c0e34
117815,2026-03-25T06:08:35Z,2026-03-26T15:10:30Z,master,human,CONTRIBUTOR,4.7,99f53a2524fe004df2fb8c64b206a5c06812834b
117818,2026-03-25T10:07:53Z,2026-03-26T15:10:29Z,master,human,MEMBER,4.7,07c1fcd4bd75709a88097cbe7924892ce68c32a2
117819,2026-03-25T10:59:33Z,2026-03-28T10:15:46Z,master,human,MEMBER,4.7,2af785641ae249573f45eb61852d22e0b1a8a03c
117820,2026-03-25T11:06:51Z,2026-03-25T11:24:01Z,master,human,MEMBER,4.7,60fff00a660a2aeb03f88c07fb7baed353bcb72f
117821,2026-03-25T11:49:29Z,2026-09-29T19:11:39Z,master,human,MEMBER,4.8,1d0b6559d123102a800239918b2af88cd261191c
117822,2026-03-25T12:02:14Z,2026-07-06T15:45:01Z,master,human,CONTRIBUTOR,4.8,f5af32893ba3774235b5d3c570d8433d079a4b82
117823,2026-03-25T12:20:37Z,2026-04-14T09:37:05Z,3.x,human,MEMBER,3.7,b8f0d51e6328aa803b3589e523204f398d1e6ef8
117827,2026-03-25T14:38:46Z,2026-03-30T18:51:45Z,master,human,MEMBER,4.7,89672d1341c04c4800d111a068927b0c9bd1f852
117828,2026-03-25T14:39:08Z,2026-04-14T12:16:32Z,master,human,MEMBER,4.7,15438d2d64c0d3b99fb8a3d38c66cfd6b7f2edbd
117830,2026-03-25T15:09:05Z,2026-03-26T15:10:30Z,master,human,MEMBER,4.7,ab9175302ed30d57f888c35cc20c9641447ccfc6
117831,2026-03-25T15:13:52Z,2026-03-31T15:53:17Z,master,human,CONTRIBUTOR,4.7,cf1ff4fb63c9ede4867b37f648646afd3fb316f2
117835,2026-03-25T16:59:40Z,2026-04-10T15:38:25Z,master,human,CONTRIBUTOR,4.7,b5c906478db75c5900bc28af0f17d1ac6636fd29
117837,2026-03-25T18:32:32Z,2026-04-07T23:25:49Z,master,human,CONTRIBUTOR,4.7,82e3e44bb2f16c0ce38ac017f1ef2555bdf5c7bb
117838,2026-03-25T18:58:14Z,2026-04-21T13:54:45Z,master,human,MEMBER,4.7,c63e6000b174afc4a42ac489bd9cb677ff291ab6
117843,2026-03-25T22:46:06Z,2026-03-26T15:10:29Z,master,human,MEMBER,4.7,e3dc665263bba9d76977ee6aa4d0c2a5758c6f4c
117846,2026-03-25T22:52:45Z,2026-05-06T20:00:02Z,master,human,MEMBER,4.7,8699d855f71848794f99be3e63e4a37178640095
117847,2026-03-25T23:16:52Z,2026-04-09T22:48:09Z,master,human,CONTRIBUTOR,4.7,27799eb87157cf123f4224b07529637f94e813f5
117849,2026-03-25T23:56:25Z,2026-06-18T20:20:23Z,master,human,CONTRIBUTOR,4.8,32159caaf401376454a8eb0ca00be06466738860
117850,2026-03-26T00:00:03Z,2026-03-30T18:51:45Z,master,human,CONTRIBUTOR,4.7,5f07b0ff882a8ff768ba5fb160167d93d5032480
117861,2026-03-26T13:34:44Z,2026-04-08T14:35:08Z,master,human,CONTRIBUTOR,4.7,bbc7150c95382024f299424a7e2ce205b3a7676c
117867,2026-03-26T15:18:37Z,2026-04-01T23:14:16Z,master,human,CONTRIBUTOR,4.7,9ced6369bd08fb65546ae596b04646bf80e7b06e
117868,2026-03-26T16:07:13Z,2026-04-01T18:03:19Z,master,human,CONTRIBUTOR,4.7,b6995b54a29b1409e85f2d66e6debb479972ac7d
117869,2026-03-26T16:09:49Z,2026-03-26T16:45:53Z,master,human,MEMBER,4.7,a1aa0fa2fa13a3c28de232a08bb8074086abf1f4
117873,2026-03-26T17:18:11Z,2026-03-30T18:51:45Z,master,human,MEMBER,4.7,5ee90d8e82712bc09e016cde28c611b9314435b8
117874,2026-03-26T17:37:40Z,2026-03-26T20:48:16Z,master,human,MEMBER,4.7,babc272d44ecfbd86e3b3fc5397ef936b1ce12d8
117878,2026-03-26T19:49:08Z,2026-03-30T18:51:45Z,master,human,CONTRIBUTOR,4.7,adeed3a45b1cc561cbe1e880b07a60aa29fd617e
117879,2026-03-26T20:16:23Z,2026-03-30T18:51:45Z,master,human,CONTRIBUTOR,4.7,d76390fa365f89bdefa9dff26daaf5980fa8d87a
117882,2026-03-26T22:38:52Z,2026-04-06T18:07:08Z,master,human,CONTRIBUTOR,4.7,1bae2fc5242749907655eac6a0a48bb9b21c0e97
117883,2026-03-26T22:41:42Z,2026-04-03T16:54:47Z,master,human,MEMBER,4.7,ab43b15f2f6c1a8801bfbdbbab709509b858c66d
117887,2026-03-27T02:55:28Z,2026-04-14T20:49:20Z,master,human,CONTRIBUTOR,4.7,90113707f2fd8386533134531e954baf4049e0fa
117891,2026-03-27T06:35:55Z,2026-04-17T02:50:30Z,master,human,CONTRIBUTOR,4.7,77caa1c178aa115e148b736189dfdbff863c752c
117892,2026-03-27T07:05:08Z,2026-04-01T23:14:16Z,master,human,CONTRIBUTOR,4.7,c3fdf826026d18403f905bf38b88e846902a26b8
117893,2026-03-27T07:14:53Z,2026-03-31T15:53:20Z,master,human,CONTRIBUTOR,4.7,c3049ea727a80ab3737d9b097260ab740225e5ab
117906,2026-03-27T16:57:54Z,2026-03-30T18:51:45Z,master,human,MEMBER,4.7,06c3946e3501a7f52a10eed96d200b93df17d373
117907,2026-03-27T17:13:34Z,2026-04-01T18:03:19Z,master,human,CONTRIBUTOR,4.7,50ca4061e26fc5273547387e47233e5f554f0616
117909,2026-03-27T17:49:26Z,2026-04-01T23:14:16Z,master,human,CONTRIBUTOR,4.7,7e3bf93f8a7e803633e1afc44e021efce926705a
117913,2026-03-27T19:15:19Z,2026-04-24T20:46:57Z,master,human,CONTRIBUTOR,4.7,7a8adcf4d898a21112a9fbe3f5977a6729dfc468
117919,2026-03-27T22:20:47Z,2026-03-28T07:58:14Z,master,human,MEMBER,4.7,a3c62ca6d39102ef10ca8ae50dc330e1ebdd9944
117922,2026-03-28T02:42:47Z,2026-04-10T15:38:25Z,master,human,CONTRIBUTOR,4.7,ee441aa00acbebd3fe74dbfd821a282cf836675b
117923,2026-03-28T03:02:44Z,2026-04-10T15:38:25Z,master,human,CONTRIBUTOR,4.7,5708ad13a66c07247a906f6611247e172c9597de
117924,2026-03-28T05:04:51Z,2026-04-01T23:14:16Z,master,human,CONTRIBUTOR,4.7,b91e6caf5e55bdea27809b46af486504e8b734f2
117926,2026-03-28T10:49:50Z,2026-04-01T23:14:16Z,master,human,MEMBER,4.7,b3f17335a0e89fa43cd25184ce7490816351d902
117932,2026-03-28T15:25:24Z,2026-04-01T23:14:16Z,master,human,CONTRIBUTOR,4.7,a074a96527fbaa29c8b8b710fb1b7c152585dc95
117933,2026-03-28T15:34:57Z,2026-04-17T02:50:30Z,master,human,MEMBER,4.7,f47b9bd6e91e21bc32c4674697a34f16590e56d2
117938,2026-03-28T18:19:41Z,2026-08-26T19:39:27Z,master,human,CONTRIBUTOR,4.8,7a170708ced7879c3fedc3ee72e3136641c03202
117939,2026-03-28T18:21:23Z,2026-04-13T16:47:46Z,master,human,CONTRIBUTOR,4.7,8a91ee8fcb4dc9b010c3c5a278578b43161d4d8a
117944,2026-03-28T21:35:58Z,2026-03-31T15:53:17Z,master,human,CONTRIBUTOR,4.7,21af15773497f2ffd4fd646467387be966277598
117945,2026-03-28T22:06:45Z,2026-04-01T23:14:16Z,master,human,CONTRIBUTOR,4.7,bf055e3bf6fe2ccd9590c9414bd024de4305160b
117946,2026-03-28T22:07:49Z,2026-06-19T20:16:55Z,master,human,MEMBER,4.8,ef79fa3fc05d1cbb089d11cf75c08be5b53df556
117947,2026-03-28T22:11:14Z,2026-04-01T23:14:16Z,master,human,CONTRIBUTOR,4.7,01006b8c91519a1931e572fb131913f6b4e24a60
117949,2026-03-28T22:40:53Z,2026-09-28T23:26:16Z,master,human,MEMBER,4.8,68b2876ba6f89c501383343dd7dd95880dc08303
117951,2026-03-29T00:23:05Z,2026-03-31T15:53:17Z,master,human,CONTRIBUTOR,4.7,589cf660432a935a5471119082595727833f799e
117956,2026-03-29T08:19:45Z,2026-03-30T18:51:45Z,master,human,CONTRIBUTOR,4.7,1d6e1416cbf52e02d0e5d73b59e026cceeae8e0f
117958,2026-03-29T09:54:57Z,2026-04-01T23:14:16Z,master,human,CONTRIBUTOR,4.7,a7733e5e0a95a7e6c2309952cf8fb352153641c7
117959,2026-03-29T10:45:54Z,2026-04-06T18:07:08Z,master,human,MEMBER,4.7,abfb91d1e2893bc18decf7716284cef8fa3e03b5
117961,2026-03-29T11:59:09Z,2026-04-08T14:35:08Z,master,human,CONTRIBUTOR,4.7,fb608d72d6646f530e8d070decb37ebdc289c2f3
117968,2026-03-29T13:28:05Z,2026-04-01T23:14:16Z,master,human,NONE,4.7,0eee380851871f43c313342319617aa083b5d790
117983,2026-03-29T22:43:07Z,2026-09-03T17:51:13Z,master,human,CONTRIBUTOR,4.8,4ec6d7e691b8443ab71dce18f6c4186d9183f5bc
117989,2026-03-30T05:51:30Z,2026-03-30T07:47:13Z,4.6,human,MEMBER,4.6,fdc9af6cdcee27edad16df50433b4f2a1bf01f57
117990,2026-03-30T05:54:34Z,2026-03-30T07:48:38Z,4.5,human,MEMBER,4.5,c434c4528ad1aeaefbda80816b397bfb51f466cd
117991,2026-03-30T06:43:57Z,2026-06-18T20:20:24Z,master,human,CONTRIBUTOR,4.8,0dd6299f7146362d36b130ac1dc42406cfb3ede6
117995,2026-03-30T09:42:37Z,2026-08-03T19:26:59Z,master,human,MEMBER,4.8,c6b9f6c7a3ec4c0817d33c58dbb7d9e19a69cea1
117996,2026-03-30T10:02:28Z,2026-04-01T23:14:16Z,master,human,MEMBER,4.7,ac97d0850676b26e9627d85d85be37cdb304e657
117998,2026-03-30T11:44:07Z,2026-04-01T23:14:16Z,master,human,MEMBER,4.7,bbf8e2653cac044f85b3bb41508073be13f78732
117999,2026-03-30T12:00:58Z,2026-08-26T19:39:27Z,master,human,CONTRIBUTOR,4.8,3b6c68c0c251f7b08e2099021dced48ef1785ad0
118000,2026-03-30T12:06:29Z,2026-05-12T17:37:52Z,master,human,MEMBER,4.7,af75f8173858833afdbcb2f988872d4985531dd1
118001,2026-03-30T12:50:08Z,2026-04-07T23:25:49Z,master,human,MEMBER,4.7,d558ace2b822b3149a357caea68733de596063b4
118002,2026-03-30T12:55:56Z,2026-04-21T13:54:45Z,master,human,CONTRIBUTOR,4.7,e998e94ff181128d881cf5f502acfcf2d681c729
118008,2026-03-30T16:13:15Z,2026-04-06T18:07:07Z,master,human,MEMBER,4.7,46c55c83ba59702f3c115bc9b5ab06ac7e4e91d3
118014,2026-03-30T18:55:37Z,2026-04-01T23:14:16Z,master,human,CONTRIBUTOR,4.7,bd463cfe5067aa704306a82e01542323e56ecb87
118015,2026-03-30T19:54:39Z,2026-04-03T16:54:47Z,master,human,MEMBER,4.7,3b2dabf339a033e7f7461bb8e3cfa6f56f76b1d5
118024,2026-03-31T06:35:09Z,2026-04-01T18:03:19Z,master,human,MEMBER,4.7,712f39f5a5dfcdf7ba779624e8cffb02bc73a4e2
118027,2026-03-31T09:16:31Z,2026-03-31T15:53:17Z,master,human,CONTRIBUTOR,4.7,4a919adccf8e398aceca75399c539078c54fe97f
118032,2026-03-31T11:29:01Z,2026-04-21T13:54:45Z,master,human,CONTRIBUTOR,4.7,24e54e743f6dab2ba1bf0fa334436edd3dbe9916
118035,2026-03-31T13:48:54Z,2026-03-31T17:46:16Z,4.6,human,CONTRIBUTOR,4.6,d64a8f17e58223ee5265a4716d3c2115243ab1a0
118037,2026-03-31T14:44:53Z,2026-04-07T23:25:49Z,master,human,CONTRIBUTOR,4.7,54d2cacf67bb7734412ad4e91a4c9a8cd6e08df4
118041,2026-03-31T17:39:24Z,2026-04-08T14:35:08Z,master,human,CONTRIBUTOR,4.7,92a41bc222767731b0ddbaebf54c6782bc2b1771
118044,2026-03-31T18:51:12Z,2026-04-10T15:38:25Z,master,human,MEMBER,4.7,014e3b70ec68244cf95b920ce7c64fe91f822b94
118045,2026-03-31T18:58:34Z,2026-09-10T18:16:36Z,master,human,MEMBER,4.8,b8da69bec55850b39f070cc86cfc8b222356b79e
118049,2026-03-31T22:04:18Z,2026-04-01T18:03:19Z,master,human,CONTRIBUTOR,4.7,7e911ad73ad1887cc215277744c48175807c7acb
118054,2026-03-31T23:16:56Z,2026-04-01T23:14:16Z,master,human,CONTRIBUTOR,4.7,137fa73ed4d71d2e7b3a53e2ab6b2690e1f46149
118055,2026-04-01T00:37:53Z,2026-04-21T21:48:31Z,master,human,CONTRIBUTOR,4.7,ba11d2842627fc9771d7c3ed850d9cd4f254449d
118060,2026-04-01T08:48:01Z,2026-04-15T10:45:29Z,master,human,MEMBER,4.7,4de52251de7a40fda3111565ff7373cb71e52e4e
118062,2026-04-01T09:10:59Z,2026-04-06T18:07:07Z,master,human,CONTRIBUTOR,4.7,a0e5996d8264658539860a842ea4ccc6492a49e0
118063,2026-04-01T09:32:36Z,2026-04-02T17:33:55Z,master,human,MEMBER,4.7,ab23d15e17c3453684a9aea98ebac7872d902451
118064,2026-04-01T09:38:24Z,2026-04-01T18:03:19Z,master,human,MEMBER,4.7,29c5e98e5e110728b9e1dd13027f97958b04382d
118070,2026-04-01T12:22:08Z,2026-08-18T12:10:35Z,master,human,CONTRIBUTOR,4.8,66b4826fca6400f3a7181d49077235f2f4b558f9
118073,2026-04-01T13:12:25Z,2026-08-24T17:10:38Z,master,human,MEMBER,4.8,4eb9f0216ff820ae64afc927d168a42b24a5e6a3
118074,2026-04-01T14:05:29Z,2026-04-01T23:14:16Z,master,human,MEMBER,4.7,237eae66ed7603e620d1d99a4fd3ad46c846e802
118076,2026-04-01T15:04:25Z,2026-04-03T16:54:47Z,master,human,CONTRIBUTOR,4.7,e37b5c4035a53ed14d16acca9411578bf2b6bdba
118079,2026-04-01T15:54:09Z,2026-04-13T16:47:46Z,master,human,CONTRIBUTOR,4.7,13db19e3a7a5a5ba558226c2722e26a032aa83ec
118080,2026-04-01T15:56:32Z,2026-04-03T16:54:47Z,master,human,CONTRIBUTOR,4.7,376b3b041eb6c73d52aaa70118342338f7a5b439
118082,2026-04-01T17:18:12Z,2026-04-02T17:33:55Z,master,human,MEMBER,4.7,53a957907ea970dd8622dd0a88c49b9a5158a975
118083,2026-04-01T18:39:37Z,2026-04-07T11:47:33Z,master,human,CONTRIBUTOR,4.7,cd32d9949feec581631995a839a6120579b034d1
118089,2026-04-01T20:59:06Z,2026-04-02T17:33:55Z,master,human,CONTRIBUTOR,4.7,54bac151e56a37f472db9cc7c4327ec062bcdf90
118090,2026-04-01T20:59:43Z,2026-04-28T14:14:31Z,master,human,MEMBER,4.7,320e81846979bd716341e0669231954543c4afbd
118096,2026-04-01T23:28:53Z,2026-04-02T17:33:55Z,master,human,CONTRIBUTOR,4.7,33536fbe1187664c0cea9c3066b6d3978e2b0fc8
118102,2026-04-02T04:56:10Z,2026-04-13T16:47:46Z,master,human,CONTRIBUTOR,4.7,2268647efebaecb36488c0a7ee5537ef96ef2422
118111,2026-04-02T10:23:48Z,2026-04-08T14:35:08Z,master,human,CONTRIBUTOR,4.7,6c1f211da0b526f0702eecff1420a9fe5a568af2
118114,2026-04-02T11:54:21Z,2026-04-07T11:47:32Z,master,human,CONTRIBUTOR,4.7,83aef4c70d94d3eaecba84c5a368a3a11ef09950
118116,2026-04-02T13:29:49Z,2026-04-08T14:35:08Z,master,human,MEMBER,4.7,d5e974d098f2433685db1277d0e0077c30bef4b9
118117,2026-04-02T13:57:07Z,2026-04-02T17:33:55Z,master,human,CONTRIBUTOR,4.7,40a377e4343ed69167257d78edaabcbf995159ae
118120,2026-04-02T14:30:19Z,2026-04-08T14:35:08Z,master,human,CONTRIBUTOR,4.7,ccdb6fdb291ed3053a126cb6e7fe6ca6c3482635
118126,2026-04-02T18:23:12Z,2026-04-02T19:36:00Z,master,human,CONTRIBUTOR,4.7,3911e0963d39b79a85cb329340c6918397d2d05e
118128,2026-04-02T18:35:00Z,2026-04-16T14:56:02Z,master,human,NONE,4.7,2dc3039d5615e2f58675e906daa090ca4d5c4a60
118129,2026-04-02T18:50:28Z,2026-04-03T16:54:47Z,master,human,CONTRIBUTOR,4.7,ee713ccb7cbaddf59f8258ed6663461779d00856
118135,2026-04-02T21:16:38Z,2026-04-08T14:35:07Z,master,human,CONTRIBUTOR,4.7,5481528adab00ca9e877ca5ca8232dcaa966a894
118137,2026-04-02T22:55:35Z,2026-04-08T14:35:08Z,master,human,CONTRIBUTOR,4.7,59d29ed05fd897efa2779b8f4e982964db4e0324
118139,2026-04-02T23:22:53Z,2026-04-08T14:35:07Z,master,human,CONTRIBUTOR,4.7,a16b3b01bfd2ecb1cecd4b051cb23a8d95c4394d
118140,2026-04-02T23:32:07Z,2026-04-08T14:35:07Z,master,human,CONTRIBUTOR,4.7,02312e693e2ab74b0c371f71774002f386490117
118148,2026-04-03T09:13:54Z,2026-04-03T16:54:47Z,master,human,CONTRIBUTOR,4.7,a987bcc2f598e8b56398fe202b97835b9918e596
118152,2026-04-03T11:15:02Z,2026-04-21T21:48:31Z,master,human,MEMBER,4.7,5884e31ab7ceee6f3c811f020486b7c363ca2b3c
118155,2026-04-03T12:38:17Z,2026-05-11T22:14:59Z,master,human,CONTRIBUTOR,4.7,70dcb2aa848a30853fd8cccd98eb51bca7fd9095
118159,2026-04-03T14:40:05Z,2026-04-06T18:07:07Z,master,human,MEMBER,4.7,d91e97967dab0df8d5547d45bf2b0e6faf40c9ce
118163,2026-04-03T16:29:47Z,2026-04-06T18:07:07Z,master,human,CONTRIBUTOR,4.7,03723198e0a249922216f42a56ac7345a3a106de
118165,2026-04-03T16:57:31Z,2026-04-07T11:47:33Z,master,human,CONTRIBUTOR,4.7,df7e539878a8b0f8a2db2bf26e16d6d5df4f99b1
118168,2026-04-03T20:14:22Z,2026-04-08T14:35:08Z,master,human,MEMBER,4.7,4f0eccae9cf90a5c92d26b8a878bad96a27f3455
118169,2026-04-03T21:37:39Z,2026-04-08T14:35:07Z,master,human,MEMBER,4.7,2efa9d3bceb0234e1a70ef8b1cb6b548c14aade7
118174,2026-04-04T01:16:18Z,2026-04-21T13:54:45Z,master,human,MEMBER,4.7,ad40295e5320e8025fd75494ad1182df88cb87bb
118179,2026-04-04T07:04:36Z,2026-04-08T14:35:08Z,master,human,MEMBER,4.7,d7a88c4dc2264f257b241757981a5ec7fe95725a
118186,2026-04-04T13:59:28Z,2026-04-10T15:38:25Z,master,human,MEMBER,4.7,2a1ccc077d3574a42aacfeaa10c1598a09497860
118187,2026-04-04T14:30:39Z,2026-04-10T15:38:25Z,master,human,CONTRIBUTOR,4.7,7c5ca4442bb370ce87548b2b9c54d3295748fb30
118190,2026-04-04T15:18:05Z,2026-05-23T00:27:01Z,master,human,CONTRIBUTOR,4.7,f7d37c74c15007dbfae3e9a40ce4fd28ba005d63
118192,2026-04-04T16:04:45Z,2026-04-10T15:38:25Z,master,human,CONTRIBUTOR,4.7,98f9c79d4fb3602fcb0ad5ee70369d35760a800b
118197,2026-04-04T17:48:30Z,2026-04-06T18:07:07Z,master,human,CONTRIBUTOR,4.7,d261582d25663583f23882e46609fd68a287a04f
118198,2026-04-04T18:32:27Z,2026-04-30T16:00:53Z,master,human,CONTRIBUTOR,4.7,179899680b588fcd64c7a8c5dce14ef663c6ff42
118204,2026-04-04T20:07:16Z,2026-04-09T22:48:09Z,master,human,CONTRIBUTOR,4.7,64f4eb51a9625f7a1fa788a98a3d31398d97977e
118205,2026-04-04T21:14:22Z,2026-04-06T18:07:07Z,master,human,MEMBER,4.7,07b6f875221ef3e66ab2c898e4077e005c667962
118208,2026-04-05T06:07:53Z,2026-04-08T14:35:08Z,master,human,CONTRIBUTOR,4.7,623f64d3104318bae3e2fa4acb46a828076054a5
118214,2026-04-05T10:53:40Z,2026-04-14T20:49:21Z,master,human,MEMBER,4.7,8f7bdc1722740286b3f01cda25523cd0961d6f69
118217,2026-04-05T12:23:39Z,2026-04-13T16:47:46Z,master,human,MEMBER,4.7,514d76aa3f90b992f53ed2f76867e59341781628
118220,2026-04-05T14:50:34Z,2026-04-06T18:07:07Z,master,human,CONTRIBUTOR,4.7,f7692aa47dbbbf9049ea4225ad8047c6d8d3040f
118221,2026-04-05T15:21:10Z,2026-06-19T17:12:22Z,master,human,MEMBER,4.8,77faa60a900c6fd63ea73d1b4baee78d2f0f7319
118225,2026-04-05T18:06:20Z,2026-05-19T16:22:52Z,master,human,CONTRIBUTOR,4.7,9a0bc6431bb66d1ec5ce841a6004f875b2f7ecdb
118226,2026-04-05T18:33:24Z,2026-06-30T13:50:26Z,master,human,CONTRIBUTOR,4.8,bdaf19e353556d3cbb0f7921c3e1c8325de4b8b6
118227,2026-04-05T19:18:58Z,2026-08-13T23:58:48Z,master,human,CONTRIBUTOR,4.8,3defa2466e4f2c767c347f74620ee86b23282902
118229,2026-04-05T19:43:09Z,2026-08-13T17:26:30Z,master,human,CONTRIBUTOR,4.8,68b54c3ac7f929f14998491e74ee66b1affc48ac
118232,2026-04-05T21:59:25Z,2026-04-07T23:25:49Z,master,human,CONTRIBUTOR,4.7,b903c1070a6c1f53918ce6a46075d3ee28fd9bcd
118236,2026-04-06T02:53:07Z,2026-08-28T17:02:17Z,master,human,CONTRIBUTOR,4.8,c279998fef82964b409b9cf8a697aa4fbb9abb57
118239,2026-04-06T09:53:22Z,2026-04-09T22:48:09Z,master,human,MEMBER,4.7,bed5d2774af6ec96d5d86896d66cbd5e592d1c1b
118240,2026-04-06T10:25:52Z,2026-04-08T14:35:07Z,master,human,MEMBER,4.7,ed0d6fa48ee0b173980655d550f6008b1cd31f2b
118242,2026-04-06T11:23:26Z,2026-04-13T20:53:20Z,master,human,CONTRIBUTOR,4.7,cee489f46eb3e2bb36daf65179b38773ed8bf0c4
118244,2026-04-06T14:38:30Z,2026-04-07T11:47:33Z,master,human,MEMBER,4.7,f3dfd4bf332a0d72f56212465361a13dcf04a261
118245,2026-04-06T15:00:11Z,2026-08-12T17:20:27Z,master,human,CONTRIBUTOR,4.8,b3ea205a8907c7ea955f44300cda5fe639156301
118246,2026-04-06T15:06:34Z,2026-04-20T14:23:48Z,master,human,CONTRIBUTOR,4.7,3bf2d1e3d5f5eab338c3fabd77e51b52eb37ab45
118247,2026-04-06T15:10:05Z,2026-05-15T20:49:46Z,master,human,MEMBER,4.7,c14b043d25ff62074a91fc46ed3ab61fb8338e94
118257,2026-04-06T20:36:42Z,2026-06-19T17:12:21Z,master,human,MEMBER,4.8,02836713691f8846ebfb34612ede78eaa46ce33e
118259,2026-04-06T21:00:21Z,2026-04-20T14:23:48Z,master,human,MEMBER,4.7,1b4944974989cf5dbad36987db18e5b77c28140f
118265,2026-04-07T03:27:46Z,2026-05-15T20:49:46Z,master,human,CONTRIBUTOR,4.7,b8c2d43bdf8744eae6ce5ce0e54c3a995ff8395a
118266,2026-04-07T04:23:35Z,2026-04-13T16:47:46Z,master,human,MEMBER,4.7,53156fc13550ae3fef0ebb940254009f6e809456
118269,2026-04-07T08:30:20Z,2026-04-21T21:48:31Z,master,human,CONTRIBUTOR,4.7,63a5e781e590f658a7fea7b388840c1d54ab44a9
118270,2026-04-07T10:13:35Z,2026-04-28T14:14:30Z,master,human,CONTRIBUTOR,4.7,bbc17e3757c138c2daac9b8c13e1bd65d0d2b762
118273,2026-04-07T11:25:55Z,2026-04-10T15:38:25Z,master,human,MEMBER,4.7,e2bfe1af8edfeafb6dab8242fb935e0dafd18950
118274,2026-04-07T11:49:58Z,2026-04-07T23:25:49Z,master,human,CONTRIBUTOR,4.7,1f5427ab546c3c5843449e1904c8c6714a8c1fe3
118277,2026-04-07T14:13:02Z,2026-04-07T23:25:49Z,master,human,MEMBER,4.7,4c8cdd2ec0ded601362bce8ac5d14be563f1f4f6
118280,2026-04-07T15:29:06Z,2026-04-10T15:38:25Z,master,human,MEMBER,4.7,78a31b2aec2eb33e2763515ce69cf0d4b278ab0e
118283,2026-04-07T17:24:47Z,2026-04-15T10:45:29Z,master,human,CONTRIBUTOR,4.7,972d21ebf443ce4d4b771117182c5a55752f7d09
118285,2026-04-07T18:36:41Z,2026-04-07T23:25:49Z,master,human,CONTRIBUTOR,4.7,06ce2079002223080376482b4fac0b3d92bf0ebb
118287,2026-04-07T19:38:38Z,2026-04-07T23:25:49Z,master,human,MEMBER,4.7,6b5a8733f700c2b5e6898e83b7f0b855f34f3eb3
118291,2026-04-07T22:51:04Z,2026-04-07T23:25:49Z,master,human,CONTRIBUTOR,4.7,653fed37e07cd37c5dc741b3959fb07538d1147f
118294,2026-04-08T04:28:46Z,2026-06-24T15:21:14Z,master,human,CONTRIBUTOR,4.8,59bb0e125fdc8498bc3130b1b86968a37ef4853d
118301,2026-04-08T11:02:25Z,2026-04-10T15:38:25Z,master,human,CONTRIBUTOR,4.7,8462ad479d84628cf32a9b2497ad2f28a3d6e507
118305,2026-04-08T12:33:41Z,2026-04-08T14:35:07Z,master,human,MEMBER,4.7,9273a6a9a04d12299f05aa34606a1c386a00deda
118306,2026-04-08T12:42:07Z,2026-04-10T15:38:25Z,master,human,CONTRIBUTOR,4.7,1aabcb9e9bc7a222a972731523831ec86b77ee20
118309,2026-04-08T13:39:04Z,2026-08-24T19:51:14Z,master,human,CONTRIBUTOR,4.8,e1a8a4e98e0558fb35e76dd15aeb785151d70c9b
118311,2026-04-08T14:05:38Z,2026-04-08T22:02:56Z,master,human,MEMBER,4.7,7524a1814c3a512c0483585952eb23bd5b9d9f41
118312,2026-04-08T14:20:13Z,2026-04-08T22:02:56Z,master,human,MEMBER,4.7,d48f9d3afef748d49ba5a92b4109e52621309f21
118314,2026-04-08T14:56:08Z,2026-04-09T22:48:09Z,master,human,CONTRIBUTOR,4.7,9cde903388f312e3ef495f8e3352b7b81a6ec967
118315,2026-04-08T16:37:49Z,2026-04-09T22:48:09Z,master,human,MEMBER,4.7,780b49ca3b568e3a44c5b43c9e3e2ef901bf846e
118317,2026-04-08T17:40:19Z,2026-04-08T22:02:56Z,master,human,MEMBER,4.7,967b56efec27129fd31a1446e765d0ca87902036
118318,2026-04-08T17:43:02Z,2026-04-08T22:02:56Z,master,human,MEMBER,4.7,755fa449c4aa94fdf2c58e2b726fd62efde07e09
118319,2026-04-08T17:52:17Z,2026-04-09T22:48:09Z,master,human,MEMBER,4.7,c751ac4cecc0eddf64dbacb9bd2e5f2bd737d008
118320,2026-04-08T18:16:28Z,2026-04-09T22:48:09Z,master,human,CONTRIBUTOR,4.7,578e6ff407f2a1619bcbaed19085ca18d9070027
118323,2026-04-08T18:47:52Z,2026-04-10T15:38:25Z,master,human,CONTRIBUTOR,4.7,4286c20dac11a658fb162b372445d3a853a04874
118333,2026-04-09T00:22:21Z,2026-04-13T16:47:46Z,master,human,CONTRIBUTOR,4.7,a4982318a4ace4f8a3aa03837efd122012a50067
118339,2026-04-09T09:52:07Z,2026-04-16T14:56:02Z,master,human,MEMBER,4.7,a6dccbf731f62c09c59dfbcc495befaecf1fb105
118351,2026-04-09T15:19:32Z,2026-04-14T12:16:32Z,master,human,CONTRIBUTOR,4.7,57af0d2cf2f4a748633723430a1d29118a0269e2
118352,2026-04-09T15:42:58Z,2026-04-10T15:38:25Z,master,human,MEMBER,4.7,5a8765b30c5de7694bc5065a3662ffc9167950b5
118353,2026-04-09T15:53:35Z,2026-04-14T12:16:32Z,master,human,MEMBER,4.7,f94bbfc07c8ee6f61165848b7abf45a148d51747
118355,2026-04-09T18:58:54Z,2026-04-20T14:23:48Z,master,human,CONTRIBUTOR,4.7,dd6a398e9052c7a470fcbcaf89d01374b2bb4848
118363,2026-04-10T00:30:21Z,2026-04-10T15:38:25Z,master,human,CONTRIBUTOR,4.7,825e762c99f3e533741ed65a3629054773d79d0f
118364,2026-04-10T00:38:02Z,2026-04-10T15:38:25Z,master,human,MEMBER,4.7,57d4250b3ee82af8b2aa521599163b7872a210a5
118365,2026-04-10T00:45:13Z,2026-04-13T20:53:20Z,master,human,MEMBER,4.7,0b3dc97fba7d82d4401bf1a452d27e35a28a4f18
118372,2026-04-10T09:45:58Z,2026-04-15T10:45:29Z,master,human,CONTRIBUTOR,4.7,c1c88f88c1055046c44e518dd42e3c5ebaaa6a39
118373,2026-04-10T09:49:07Z,2026-04-10T10:09:37Z,master,human,MEMBER,4.7,9495deaf7532313ff7154d8a06aa6fc100807532
118377,2026-04-10T11:42:00Z,2026-04-13T16:47:46Z,master,human,MEMBER,4.7,631c290f0e6b77fac109dc5754ad06b9e6c49503
118383,2026-04-10T14:51:01Z,2026-08-24T19:51:14Z,master,human,CONTRIBUTOR,4.8,099ca2713b413f80080011cc366cf7900739d221
118385,2026-04-10T16:13:15Z,2026-04-13T16:47:46Z,master,human,CONTRIBUTOR,4.7,2ee7ef719657f640f706dbfde0953c66f5ca1730
118387,2026-04-10T16:43:59Z,2026-06-01T16:17:45Z,master,human,MEMBER,4.7,73e08d2882c789525efcb1c81f4c0a259c5d68d3
118393,2026-04-10T19:41:13Z,2026-04-13T20:53:20Z,master,human,CONTRIBUTOR,4.7,35e62dad5ca24d4534560fc00fc1aa33ea2e677b
118396,2026-04-10T23:14:13Z,2026-04-13T16:47:46Z,master,human,MEMBER,4.7,6e6d480fd383f8a5eb7c946e6b2d4517ae73e4f4
118401,2026-04-11T01:13:00Z,2026-04-13T16:47:46Z,master,human,CONTRIBUTOR,4.7,317a491b35a28bf948c1c2b0aa86713c0f1d260e
118404,2026-04-11T09:34:35Z,2026-04-13T16:47:46Z,master,human,CONTRIBUTOR,4.7,50cc2823d51540661bc3d3a0e4d5a83a99450d68
118405,2026-04-11T10:06:28Z,2026-04-14T12:16:32Z,master,human,CONTRIBUTOR,4.7,473b449df766e9ab40f1bad37864960fd25459b5
118410,2026-04-11T13:10:09Z,2026-08-10T16:14:38Z,master,human,MEMBER,4.8,ba85fd043709d6f23ae279678c477492b7e7733b
118413,2026-04-11T14:28:23Z,2026-04-21T21:48:31Z,master,human,MEMBER,4.7,2aa39f0d742609b21cff96e5eb07de1f09620b36
118415,2026-04-11T15:34:31Z,2026-04-14T20:49:21Z,master,human,MEMBER,4.7,3aa4ebc418869fcd5cb6d767ad935bc168a4e067
118416,2026-04-11T15:52:27Z,2026-07-20T16:05:06Z,master,human,MEMBER,4.8,4382d15137f77ebb0b23c815f11283380f1e58c9
118417,2026-04-11T16:51:33Z,2026-04-16T14:56:02Z,master,human,MEMBER,4.7,f4c839f7b32e8da5b06d364993bfc7e6fd43dfd8
118420,2026-04-11T18:01:34Z,2026-04-13T20:53:20Z,master,human,CONTRIBUTOR,4.7,c481829ef4b4177e109aef7d94f3c58f60fa8f97
118421,2026-04-11T18:04:05Z,2026-04-13T16:47:45Z,master,human,MEMBER,4.7,935e7bc10e34a619135aca5bf60ceca41a1a0f89
118446,2026-04-12T01:33:52Z,2026-04-13T16:47:45Z,master,human,CONTRIBUTOR,4.7,b5feab25cbd0d37b9d01d47e0dbe4cb99ec5d6be
118449,2026-04-12T04:04:45Z,2026-06-18T18:19:40Z,master,human,CONTRIBUTOR,4.8,4924ab8ce70173a938ff5139f7ed184afddb28b2
118483,2026-04-12T11:41:09Z,2026-04-13T16:47:46Z,master,human,CONTRIBUTOR,4.7,e7eb8127509e41d0d8a318e05ca311742280e9e1
118486,2026-04-12T13:02:54Z,2026-07-25T14:38:02Z,master,human,MEMBER,4.8,4525f39bb617a9d7388d5c535fc8c2dad01d80cb
118487,2026-04-12T14:06:49Z,2026-04-13T16:47:45Z,master,human,CONTRIBUTOR,4.7,c36827986d91b151b6b835b2129eb3acca3f37e4
118488,2026-04-12T14:25:13Z,2026-05-27T16:31:51Z,master,human,CONTRIBUTOR,4.7,da7924dfa3e329ebd5dde9dbc750aa2ac9de013a
118489,2026-04-12T14:55:22Z,2026-05-20T19:38:33Z,master,human,CONTRIBUTOR,4.7,89f3bc1847986ee68122da9c47fdbe1a25556f4c
118494,2026-04-12T17:57:13Z,2026-04-13T16:47:46Z,master,human,MEMBER,4.7,2788762844e30d2422c6456055572ec3d089b237
118503,2026-04-13T00:07:04Z,2026-04-15T19:08:40Z,master,human,CONTRIBUTOR,4.7,3f63a400fa8f454b09f12201152025c1805b3df5
118504,2026-04-13T01:08:21Z,2026-07-10T19:10:33Z,master,human,CONTRIBUTOR,4.8,05ee5cf0f09e6da9111f6ed55bdf23073fc209ba
118510,2026-04-13T08:15:05Z,2026-04-15T10:45:29Z,master,human,MEMBER,4.7,9fc8f0e0cffd8e27f25ead4a483ee2aa7e70ac6a
118511,2026-04-13T08:20:47Z,2026-09-11T22:25:27Z,master,human,CONTRIBUTOR,4.8,dea4e92bf63222955a64749dc4a8006a82dfd74d
118512,2026-04-13T08:29:50Z,2026-04-13T16:47:45Z,master,human,MEMBER,4.7,d1f2007d495426d140c4cecea3cf406b50c1679d
118514,2026-04-13T09:42:48Z,2026-04-13T16:47:45Z,master,human,MEMBER,4.7,8d80b74623f59b4b1a5794581df3cb51f6f3e455
118516,2026-04-13T12:50:55Z,2026-04-13T20:53:20Z,master,human,MEMBER,4.7,e15961f6810e3776ea06a4f67c78179ebb0984b3
118519,2026-04-13T14:47:09Z,2026-04-13T20:53:20Z,master,human,MEMBER,4.7,b042e9688e3aef6c4ff2647f18e965611c61c0bb
118522,2026-04-13T15:44:18Z,2026-04-20T14:23:48Z,master,human,MEMBER,4.7,19981327d1f56a74772401ac0361743a5634e986
118527,2026-04-13T16:46:40Z,2026-04-18T12:36:16Z,master,human,MEMBER,4.7,f1edeb4acc4ca7aae658c78357841820fa460620
118531,2026-04-13T17:35:25Z,2026-04-13T21:34:55Z,4.6,human,CONTRIBUTOR,4.6,8f0647b00ea750be863626ed6641f7bb799e0024
118533,2026-04-13T19:05:13Z,2026-04-13T20:53:20Z,master,human,MEMBER,4.7,4a54b894619a49bfb6b8d43d2d3d4746fac84cf3
118535,2026-04-13T19:22:48Z,2026-04-14T12:16:32Z,master,human,MEMBER,4.7,8e303ff6d930f8e82feb209e54606620d031cf4b
118536,2026-04-13T19:33:11Z,2026-04-14T12:16:32Z,master,human,CONTRIBUTOR,4.7,0880a908d7ad1de26325d4f45b08b31f2461fcf7
118541,2026-04-13T21:00:49Z,2026-05-11T22:14:59Z,master,human,CONTRIBUTOR,4.7,ea1fb9095e9692a8ffc32465ef53d45043044c56
118542,2026-04-13T21:12:19Z,2026-04-15T10:45:29Z,master,human,CONTRIBUTOR,4.7,60c2e1e59d17ffeb71bebee7ff0ab1d767ac1232
118546,2026-04-13T22:04:52Z,2026-04-14T12:16:32Z,master,human,CONTRIBUTOR,4.7,31aaec1f2bf5cfa87542c2aa1b61ea47c202d96d
118548,2026-04-13T22:17:35Z,2026-04-14T12:16:32Z,master,human,CONTRIBUTOR,4.7,5651d1c40750eff03e12f609098c335eefdaef81
118552,2026-04-13T23:22:05Z,2026-06-25T13:37:19Z,master,human,CONTRIBUTOR,4.8,745cdef6317540399aa16a845245eda61b613dc2
118554,2026-04-14T00:46:13Z,2026-04-14T12:16:32Z,master,human,MEMBER,4.7,8e0030b4ee3b4612e6c5e30ea331a6ff8d2228a2
118559,2026-04-14T05:26:57Z,2026-04-14T12:16:32Z,master,human,MEMBER,4.7,d3bbd95ccf6331313e8126bb979cca9219279a2f
118561,2026-04-14T08:37:05Z,2026-04-14T12:16:32Z,master,human,MEMBER,4.7,86075f7af1c6ce978c4561c3ef63d6990ddaa8ad
118563,2026-04-14T12:10:29Z,2026-04-21T13:54:45Z,master,human,CONTRIBUTOR,4.7,81cecf018b0ab5ce648e9834a76fd88b20de2602
118564,2026-04-14T12:35:30Z,2026-04-14T20:49:20Z,master,human,MEMBER,4.7,a33f4855f8c418ece4631dc2ac4977b25e1ad75f
118567,2026-04-14T13:51:24Z,2026-04-15T10:45:29Z,master,human,CONTRIBUTOR,4.7,705c96e3c871b9311a86a9b747d5cf19decd041f
118569,2026-04-14T14:11:24Z,2026-08-10T16:14:37Z,master,human,MEMBER,4.8,ec13cb19a8b2197816ee8b5cfd0a9925f1aec48f
118570,2026-04-14T14:26:59Z,2026-04-14T20:49:20Z,master,human,MEMBER,4.7,734d7ec33339a9880d4045bdb035794457259571
118575,2026-04-14T17:49:06Z,2026-06-19T20:16:55Z,master,human,CONTRIBUTOR,4.8,f964fa714f503bd063b96f6194eb3e45355c1084
118577,2026-04-14T18:14:55Z,2026-04-21T13:54:45Z,master,human,CONTRIBUTOR,4.7,eb2bafbc859c5e28e34063b1dbe9dded36c2195c
118580,2026-04-14T18:39:57Z,2026-05-18T16:09:53Z,master,human,CONTRIBUTOR,4.7,9a60cdd74ececda3b9cfcafc6a69a6c2c74157ab
118582,2026-04-14T19:50:22Z,2026-04-15T19:08:40Z,master,human,MEMBER,4.7,66dd6fe737dd6b1b275ea4d23869aa16a379e500
118583,2026-04-14T20:35:46Z,2026-06-19T20:16:55Z,master,human,MEMBER,4.8,cf1bf73aa7906c5345ed4502803c6d2cb7438288
118585,2026-04-14T21:18:40Z,2026-08-03T19:26:59Z,master,human,MEMBER,4.8,482bafb9d57a6229a2edb249efb35b7defb58da8
118588,2026-04-14T23:09:58Z,2026-04-16T14:56:02Z,master,human,CONTRIBUTOR,4.7,9b4b3831d2d37dfa5f7a6ceffbf4e2e7430d6610
118590,2026-04-14T23:30:26Z,2026-04-16T14:56:02Z,master,human,CONTRIBUTOR,4.7,790c68368f509f79179b2cf20001520cb438384c
118591,2026-04-14T23:45:49Z,2026-04-15T10:45:29Z,master,human,CONTRIBUTOR,4.7,2bd673bc30e1594be70c282eb35c96941d99cca0
118597,2026-04-15T08:46:06Z,2026-04-15T10:45:29Z,master,human,CONTRIBUTOR,4.7,4fe68a9ed4a27047e8b5eab15765430c9cef4610
118598,2026-04-15T09:15:37Z,2026-06-25T13:37:19Z,master,human,CONTRIBUTOR,4.8,3089ceed8d48b414cd70ceb5dbe691f0dc1fea94
118604,2026-04-15T11:44:06Z,2026-04-16T14:56:02Z,master,human,CONTRIBUTOR,4.7,c8c9a07a62a9d1701ee92d7b76e2a4651a9bd93e
118608,2026-04-15T12:48:08Z,2026-04-16T14:56:02Z,master,human,CONTRIBUTOR,4.7,070d9a408be452beeb3644a323dda58bd172871e
118609,2026-04-15T13:28:29Z,2026-04-15T19:08:40Z,master,human,MEMBER,4.7,37e53d7a54912cdb429110bbfdd5702576367e61
118613,2026-04-15T17:47:50Z,2026-05-23T00:27:01Z,master,human,MEMBER,4.7,f75646311636a1d54c9139d6b6f802cb9c2e21c7
118614,2026-04-15T18:08:40Z,2026-04-16T14:56:02Z,master,human,MEMBER,4.7,12a980d13d0af70fcf5c10257d606b2cd6dab5a4
118616,2026-04-15T18:21:01Z,2026-06-18T20:20:23Z,master,human,CONTRIBUTOR,4.8,ab0a9627e2b88c8a28add82bfe3d2bc557d119f2
118617,2026-04-15T18:21:03Z,2026-04-16T14:56:02Z,master,human,CONTRIBUTOR,4.7,59c7d31bdac4b9b8a2f91d74e3548f6966b1fe91
118620,2026-04-15T18:52:46Z,2026-04-16T14:56:02Z,master,human,CONTRIBUTOR,4.7,771325eb5925b328938ebf5b0f84b741f652cef6
118623,2026-04-15T19:48:27Z,2026-04-16T14:56:02Z,master,human,MEMBER,4.7,a6ed51df17a2afce9459cf9f46ded0baac79b9cb
118629,2026-04-15T22:45:13Z,2026-04-24T20:46:57Z,master,human,CONTRIBUTOR,4.7,4d794c4ffbcda9a71738d16d6902f9f8c7efb26b
118631,2026-04-16T02:12:54Z,2026-07-07T14:40:41Z,master,human,CONTRIBUTOR,4.8,ce0438ac64d48ddacbf7bdef83a5e30eea974a1c
118633,2026-04-16T05:10:22Z,2026-04-16T14:56:02Z,master,human,CONTRIBUTOR,4.7,e0815c0bc9d77f4a99e9f03acbddc429ef0cbbe1
118634,2026-04-16T08:26:28Z,2026-06-23T19:55:12Z,master,human,CONTRIBUTOR,4.8,462725b61fda0232edb8cd6d04f5d30ba35c37c5
118642,2026-04-16T13:30:33Z,2026-05-07T16:16:40Z,master,human,MEMBER,4.7,38aef34e1ae50cb53c6a887b84ea1e88882de7de
118645,2026-04-16T14:46:58Z,2026-04-23T13:40:50Z,master,human,CONTRIBUTOR,4.7,908983880baf80be399fb82e48965c3666c9d410
118648,2026-04-16T16:06:16Z,2026-04-17T02:50:30Z,master,human,MEMBER,4.7,e2355e8e0b77d73cf0a2a9d23e457301f2c22e4d
118649,2026-04-16T16:28:04Z,2026-04-22T17:57:20Z,master,human,MEMBER,4.7,11203a733995c8cb28c07bccece077a7f21ab6e6
118651,2026-04-16T17:05:52Z,2026-05-07T21:25:47Z,master,human,CONTRIBUTOR,4.7,42e4ec1c3874ee43e28c7b1cab46078da5083519
118653,2026-04-16T17:26:53Z,2026-05-14T14:12:13Z,master,human,MEMBER,4.7,d58cd48e468a67c864d443b7c194cd2a1c7bdf42
118655,2026-04-16T17:57:42Z,2026-09-18T15:48:03Z,master,human,CONTRIBUTOR,4.8,be20a1bc80ad2ac91726924d788cf95c1e8124e9
118656,2026-04-16T19:14:54Z,2026-04-20T14:23:48Z,master,human,CONTRIBUTOR,4.7,f6a80478ac1329a5be0a227fcd1a0d568b47f196
118658,2026-04-16T20:20:34Z,2026-04-18T12:36:16Z,master,human,MEMBER,4.7,b97089bf6aab858e4d5b7d37f9ae9d6e0cdf12b6
118659,2026-04-16T21:55:17Z,2026-05-07T16:16:40Z,master,human,MEMBER,4.7,ea8f8ec983436cf62e595fe35e80a9478c1237aa
118661,2026-04-16T23:59:27Z,2026-04-17T02:50:29Z,master,human,MEMBER,4.7,a8643700ce8affae9fed0d2688b9f7867f5b7d4e
118664,2026-04-17T04:12:14Z,2026-06-30T13:50:26Z,master,human,CONTRIBUTOR,4.8,88beb379d5ef248fbaf10cd39a6f7a3172c33322
118665,2026-04-17T06:11:48Z,2026-04-18T12:36:16Z,master,human,CONTRIBUTOR,4.7,a5b181f58cb74223de2957d76b23b6e519edcf56
118675,2026-04-17T08:38:54Z,2026-04-18T12:36:16Z,master,human,MEMBER,4.7,7244af0beb205d300ac546170a8ea71ae85b271f
118676,2026-04-17T09:04:13Z,2026-04-20T14:23:49Z,master,human,MEMBER,4.7,54f1178d3c8fbbaaf5e50a5caa32124430808b84
118678,2026-04-17T10:10:09Z,2026-04-22T15:10:29Z,master,human,MEMBER,4.7,01603e77df711142fe2769ff8ab1d0191c3a49d1
118679,2026-04-17T10:41:47Z,2026-04-18T12:36:16Z,master,human,CONTRIBUTOR,4.7,6f2f6824b784a9df829985e393932803e10b5713
118680,2026-04-17T12:50:52Z,2026-04-18T12:36:16Z,master,human,MEMBER,4.7,1d218e652e5a3a9fd9620590d9866d4cef2be492
118687,2026-04-17T15:55:38Z,2026-04-18T12:36:16Z,master,human,MEMBER,4.7,c065d8a44121a95560b04e53d38bf563f661a27c
118688,2026-04-17T15:59:34Z,2026-04-21T21:48:31Z,master,human,CONTRIBUTOR,4.7,17b6a656d4f96efb8debccc797cd3af38a0d067e
118689,2026-04-17T16:23:34Z,2026-04-21T13:54:45Z,master,human,MEMBER,4.7,1df8f1d38685d8122806378dd2657600c2ed6e5b
118690,2026-04-17T16:43:33Z,2026-06-29T20:19:15Z,master,human,MEMBER,4.8,cf74485687a13b96cb027aa25a8a1a48ea64d6e1
118692,2026-04-17T18:25:45Z,2026-05-04T17:46:51Z,master,human,CONTRIBUTOR,4.7,a5741fcd0a7862330491bc2b4d878559826ce7a8
118695,2026-04-17T20:33:39Z,2026-04-18T12:36:16Z,master,human,CONTRIBUTOR,4.7,caf16709af9f08bb430ddb8cffc10cbf66c62437
118704,2026-04-18T00:38:41Z,2026-04-22T17:57:20Z,master,human,CONTRIBUTOR,4.7,783c614766afe5eb07a117dee58624788612ebe6
118705,2026-04-18T00:48:58Z,2026-04-21T13:54:45Z,master,human,CONTRIBUTOR,4.7,3a8d1def48b561191e5db642645e346f8c14e41b
118710,2026-04-18T11:39:47Z,2026-04-20T14:23:48Z,master,human,MEMBER,4.7,450fb9b8e3e9b500f425fc4e3ca686e5aa4db7ac
118711,2026-04-18T12:11:34Z,2026-04-20T14:23:48Z,master,human,CONTRIBUTOR,4.7,50b17444047a86d9fda708627db5050354244838
118712,2026-04-18T12:18:13Z,2026-04-20T14:23:49Z,master,human,CONTRIBUTOR,4.7,2863a2a205b6381d35d2cfb82d6d0d1b387060cf
118722,2026-04-18T19:24:37Z,2026-04-20T14:23:49Z,master,human,CONTRIBUTOR,4.7,f8ee5eca47fd6f2377245f62a6fe0d25d9eb25d7
118725,2026-04-18T21:06:24Z,2026-04-20T14:23:48Z,master,human,MEMBER,4.7,a5fa0c920a6bb1107d2095eb823906b91604d337
118733,2026-04-19T00:10:43Z,2026-04-21T13:54:45Z,master,human,CONTRIBUTOR,4.7,3bccdd2e4b1e00317b46ed1e4423f709fdb55938
118738,2026-04-19T03:05:29Z,2026-05-18T16:09:54Z,master,human,CONTRIBUTOR,4.7,b077c20bf283c85d0af35f9b0a6d4d2df082bf7a
118742,2026-04-19T06:42:31Z,2026-04-20T14:23:48Z,master,human,MEMBER,4.7,2a8b3d6618b1ca3ff74fd5fbb19f6b086d729980
118748,2026-04-19T12:17:41Z,2026-04-22T17:57:20Z,master,human,CONTRIBUTOR,4.7,a4ca6aad9e491b590891203199c4959571b48317
118749,2026-04-19T12:32:02Z,2026-04-20T14:23:48Z,master,human,CONTRIBUTOR,4.7,f6b442f7a877d8f9d79108cb539afaddea52f845
118750,2026-04-19T13:29:13Z,2026-04-20T19:53:40Z,master,human,CONTRIBUTOR,4.7,b2b661d3bcff045e95d25005e96473b77b23a9bc
118751,2026-04-19T13:38:44Z,2026-04-20T19:53:40Z,master,human,MEMBER,4.7,abd4a0613e6a83143f8bbd361f09a7f2b1e0c6cc
118752,2026-04-19T13:47:41Z,2026-04-21T21:48:31Z,master,human,CONTRIBUTOR,4.7,dc12c5f48eda610453642ae6b5201a18c6797337
118756,2026-04-19T16:06:46Z,2026-04-20T19:53:40Z,master,human,MEMBER,4.7,a95a10e55d0b89700b73e3a73599c2eef7349094
118757,2026-04-19T17:16:27Z,2026-04-20T14:23:48Z,master,human,CONTRIBUTOR,4.7,f83a2e37426ee6741413e2002948623bc001b54b
118758,2026-04-19T18:16:08Z,2026-04-29T17:34:17Z,master,human,CONTRIBUTOR,4.7,4d5f1645599dd5d13d02826ab25146aca367eb53
118760,2026-04-19T19:24:14Z,2026-04-20T14:23:48Z,master,human,MEMBER,4.7,22969efdbe6e4be62fae916ce4b8a118e4d5245b
118767,2026-04-20T07:52:54Z,2026-06-19T17:12:21Z,master,human,MEMBER,4.8,74578fa41ab3d0d5fead520b7793373a6c02177a
118770,2026-04-20T10:05:27Z,2026-04-20T14:23:48Z,master,human,CONTRIBUTOR,4.7,5cb4bee8ff98ac0a19852103773ddf57f8f5acb3
118771,2026-04-20T10:48:13Z,2026-06-17T00:12:43Z,master,human,CONTRIBUTOR,4.7,f7fcb79c4399070be07caadfbe2304a9c94711fa
118773,2026-04-20T11:37:58Z,2026-04-20T14:23:48Z,master,human,CONTRIBUTOR,4.7,e91640c755044a4c6bd4ff6605b4db02d61095d3
118774,2026-04-20T12:29:08Z,2026-04-20T14:23:47Z,master,human,CONTRIBUTOR,4.7,cd752cf79319150f8d2fbf5692b9b8f6b571a745
118776,2026-04-20T12:39:54Z,2026-04-20T14:23:47Z,master,human,CONTRIBUTOR,4.7,f40e79536a14178cf93835c0041ac6dcc3b112cf
118777,2026-04-20T12:49:59Z,2026-04-23T13:40:50Z,master,human,CONTRIBUTOR,4.7,7ffe0a57ccb6a33bb4390e97e2c9d75b8ad708eb
118778,2026-04-20T13:08:45Z,2026-04-20T19:53:40Z,master,human,CONTRIBUTOR,4.7,f03b9c9eb1c4572bc03a6fa3ff91aa7316c6ea06
118779,2026-04-20T13:34:37Z,2026-04-20T19:53:40Z,master,human,CONTRIBUTOR,4.7,b9bc5af3c2da8f8a2a1d1bfa0722c85846ed4840
118780,2026-04-20T13:43:23Z,2026-04-20T19:53:40Z,master,human,CONTRIBUTOR,4.7,bee85a1057ec6c1a8a9114ee15f4d0a2ed8634cc
118783,2026-04-20T17:19:09Z,2026-04-20T19:53:40Z,master,human,CONTRIBUTOR,4.7,3e4f5480689653e21433c9766e0643bf91c00e46
118785,2026-04-20T18:09:01Z,2026-04-23T13:40:50Z,master,human,MEMBER,4.7,e2115157f18477c7ef47fe5c30758db7a2e49b82
118786,2026-04-20T18:23:03Z,2026-04-20T19:53:40Z,master,human,MEMBER,4.7,889c8602fc72f2d9913d01f0363ec83c33765acc
118787,2026-04-20T18:40:38Z,2026-05-15T20:49:45Z,master,human,MEMBER,4.7,cd5a07648d2e43e2fa131882a5219ccfb10ee6e0
118789,2026-04-20T18:51:55Z,2026-08-24T19:51:14Z,master,human,CONTRIBUTOR,4.8,3bc97b79be2442651ddfa90d885c287d892e06d0
118790,2026-04-20T20:05:03Z,2026-06-19T17:12:21Z,master,human,CONTRIBUTOR,4.8,5849609275d702a4012701e6952bfba0091065f1
118791,2026-04-20T20:07:23Z,2026-04-28T14:14:30Z,master,human,CONTRIBUTOR,4.7,9eda898eb81064f7f0c4480a25b4f9c93204c612
118793,2026-04-20T22:19:57Z,2026-04-21T21:48:31Z,master,human,MEMBER,4.7,0dc7152366eae85bcb98a73540dfa4acbddb2691
118796,2026-04-21T03:10:34Z,2026-04-22T15:10:29Z,master,human,MEMBER,4.7,0e2564465542b3201e507f1fda6f749772fcf36b
118797,2026-04-21T04:12:39Z,2026-04-21T21:48:31Z,master,human,MEMBER,4.7,df910723dbee422f12e1115d193b2554dce3981e
118798,2026-04-21T05:00:09Z,2026-04-27T17:08:32Z,master,human,MEMBER,4.7,714d71f24703c5658835492efdd3103e376e1b73
118799,2026-04-21T05:19:33Z,2026-04-22T17:57:20Z,master,human,CONTRIBUTOR,4.7,3352f2221b0e5cb70c924bd8acc6a96079d90161
118800,2026-04-21T06:00:05Z,2026-04-21T21:48:31Z,master,human,MEMBER,4.7,acad86698f5beb59bea9025941a9832dcf29ceaa
118805,2026-04-21T10:04:44Z,2026-04-21T21:48:31Z,master,human,CONTRIBUTOR,4.7,864f0b12cc72e050b7a6760e9b13da5e1e0180c6
118808,2026-04-21T10:48:15Z,2026-07-03T21:50:57Z,master,human,CONTRIBUTOR,4.8,af8e2b28766cc7435dae30fbbcfaba01e1e8e124
118809,2026-04-21T11:01:46Z,2026-04-21T21:48:31Z,master,human,MEMBER,4.7,835e2dcbba974d72d23e348e1ba48f9231fdcd3c
118812,2026-04-21T12:33:32Z,2026-04-22T15:10:29Z,master,human,MEMBER,4.7,45aea977dd8ed5c49ef753f64dcbd1b6694c1074
118813,2026-04-21T13:00:48Z,2026-06-26T13:55:23Z,master,human,CONTRIBUTOR,4.8,d7c45b19ccf6ddadc73d1c8423cd2848f59de437
118814,2026-04-21T14:03:24Z,2026-05-01T17:51:07Z,master,human,CONTRIBUTOR,4.7,972244b4431ff5152cda9791f245fc31cd670948
118815,2026-04-21T14:58:24Z,2026-04-23T13:40:50Z,master,human,MEMBER,4.7,1c8cc9e7e2c9a083cf726e74193d3824fb38cda4
118824,2026-04-21T22:54:42Z,2026-05-06T20:00:02Z,master,human,MEMBER,4.7,599f2bd5b92aeb58edbb5c85e0470163d7e1ba95
118836,2026-04-22T09:43:06Z,2026-04-22T17:57:19Z,master,human,MEMBER,4.7,c2ad2d1fb17b6b79252e5e28fce324126faf7ae9
118842,2026-04-22T10:36:13Z,2026-04-22T17:57:19Z,master,human,CONTRIBUTOR,4.7,583596cd50bbdd29c5ee033d944410035eeb87fb
118846,2026-04-22T11:14:46Z,2026-04-22T17:57:19Z,master,human,CONTRIBUTOR,4.7,dbb2050439a9438a395c05bf11a4fb824b545692
118848,2026-04-22T11:40:48Z,2026-04-23T13:40:50Z,master,human,CONTRIBUTOR,4.7,28200b1bcef26dd54e7e20f568bc7a886864bd09
118849,2026-04-22T12:42:35Z,2026-04-22T17:57:19Z,master,human,CONTRIBUTOR,4.7,a70600a061738bf4854c890cae8046d1e891eb6e
118850,2026-04-22T13:26:55Z,2026-04-22T17:57:19Z,master,human,MEMBER,4.7,c3f8f7f04026c5d1603ab8fabf50b0ee700f41eb
118853,2026-04-22T15:54:12Z,2026-05-12T17:37:51Z,master,human,MEMBER,4.7,fe34aa9aed8ce2c7eb747622245a9f9ab33cda75
118855,2026-04-22T16:56:55Z,2026-05-11T16:12:55Z,master,human,CONTRIBUTOR,4.7,8c8aa3eaf020ea1f1d27d902c8b89058bb8a6a05
118856,2026-04-22T17:04:06Z,2026-06-23T12:02:18Z,master,human,MEMBER,4.8,8222d0983aa49f0bd4d74dde05d1a801269231db
118857,2026-04-22T17:31:44Z,2026-04-27T17:08:32Z,master,human,CONTRIBUTOR,4.7,75444feae7304924316f09ce5abb48685294d8f2
118860,2026-04-22T17:48:29Z,2026-04-27T17:08:32Z,master,human,MEMBER,4.7,d8227b7a78a8fda7b81517824f6a50047a93a8f0
118863,2026-04-22T19:41:42Z,2026-04-23T13:40:50Z,master,human,CONTRIBUTOR,4.7,d57f844e7975bee9309c188f462721406bfdcc47
118865,2026-04-22T20:18:22Z,2026-05-15T20:49:46Z,master,human,CONTRIBUTOR,4.7,037c9a99e20a239daff61ecbf60b9c143b67cb24
118867,2026-04-22T22:43:40Z,2026-04-23T13:40:50Z,master,human,MEMBER,4.7,a3b1272962af8f45da509221e88d63011857cb4f
118868,2026-04-22T22:50:01Z,2026-04-27T17:08:32Z,master,human,CONTRIBUTOR,4.7,bc6610d735fe0925676fdae5ae36be17820f0fcb
118869,2026-04-23T00:06:13Z,2026-06-19T20:16:55Z,master,human,CONTRIBUTOR,4.8,1aba8abf670690724290c15fd400c749322884d4
118870,2026-04-23T02:52:19Z,2026-06-25T13:37:19Z,master,human,CONTRIBUTOR,4.8,fbbd06812dbb8e2499ca8ddf84bb388be399b7aa
118876,2026-04-23T06:03:17Z,2026-04-27T17:08:32Z,master,human,CONTRIBUTOR,4.7,b233e85c1115c6c7c5a27d6b15624d5fdec9ec95
118878,2026-04-23T06:51:26Z,2026-05-05T15:33:51Z,master,human,MEMBER,4.7,04811607011a897bf0a50d616d307573b8baa7e0
118879,2026-04-23T07:44:58Z,2026-05-05T15:33:52Z,master,human,MEMBER,4.7,d39dc7eb085c4bb14dc9de68318bf19a0bc90263
118883,2026-04-23T09:15:25Z,2026-06-19T20:16:55Z,master,human,MEMBER,4.8,d4b1e2a9dbcef0e71a7a3346609181b7ab36847c
118886,2026-04-23T13:53:54Z,2026-05-14T14:12:13Z,master,human,CONTRIBUTOR,4.7,f2ca4b0f629543e0ff65fdc4ac638abdb1df23bc
118887,2026-04-23T15:10:44Z,2026-04-27T17:08:32Z,master,human,MEMBER,4.7,0e24341c1ad4dfde26ff2770ba0f6023c250a839
118888,2026-04-23T15:41:42Z,2026-04-28T14:14:31Z,master,human,MEMBER,4.7,e35649944e99e6a9569945ca2775a8f8ff4e4751
118890,2026-04-23T16:28:07Z,2026-04-29T17:34:17Z,master,human,CONTRIBUTOR,4.7,dabca93d11e07e22918facf3a98da578af53106c
118891,2026-04-23T18:38:05Z,2026-05-04T17:46:51Z,master,human,MEMBER,4.7,65f8546689afcdd304c244dc7778ce9c762c4b62
118893,2026-04-23T19:19:23Z,2026-04-27T17:08:32Z,master,human,CONTRIBUTOR,4.7,ad6ead96a265dd3673e291f4f304ba002a46af72
118895,2026-04-23T20:16:46Z,2026-05-14T14:12:13Z,master,human,CONTRIBUTOR,4.7,db0467cc6aa1175eb2026e25bb11ce8d0c0fc2e3
118896,2026-04-23T20:44:12Z,2026-04-28T14:14:31Z,master,human,MEMBER,4.7,651bc9d79c0edb51b6756f50582032caa52f0119
118898,2026-04-23T20:56:07Z,2026-06-19T20:16:55Z,master,human,CONTRIBUTOR,4.8,166a2c37e7c5d93f90ae79164bf28c2450e2e3e4
118901,2026-04-23T22:38:45Z,2026-04-28T14:14:31Z,master,human,CONTRIBUTOR,4.7,ff85b793b5b4ef8153a3e758a7bb541c9eb3553a
118906,2026-04-24T02:13:05Z,2026-04-24T20:46:57Z,master,human,MEMBER,4.7,28eecef6f18587bd130e0c40bce52a42d06991ec
118909,2026-04-24T07:07:53Z,2026-04-28T14:14:31Z,master,human,CONTRIBUTOR,4.7,e8a58d1343dfee9f5c0ec26c965d582eb92bb504
118911,2026-04-24T09:08:07Z,2026-04-27T17:08:32Z,master,human,MEMBER,4.7,ba193121fe7196daf87621e39336f59a1c475701
118915,2026-04-24T12:51:43Z,2026-09-03T17:51:13Z,master,human,CONTRIBUTOR,4.8,00b6fa379f701189ce9553affdb2351d18ba5c22
118916,2026-04-24T13:01:01Z,2026-05-01T17:51:07Z,master,human,CONTRIBUTOR,4.7,16bb065ac31b79c0ed24b3b944d3b5275123e854
118917,2026-04-24T14:22:02Z,2026-04-28T14:14:31Z,master,human,MEMBER,4.7,45e923c45f4d2979c7eee7f13545e3033d05b3dc
118921,2026-04-24T16:10:51Z,2026-04-27T17:08:32Z,master,human,CONTRIBUTOR,4.7,dfa352d18159f55c52c24b1eabc22e7bb9564cbc
118922,2026-04-24T16:37:16Z,2026-06-22T13:34:28Z,master,human,CONTRIBUTOR,4.8,73bb0509d6ae9b1b2455e22c04fe4c241fc89954
118924,2026-04-24T17:41:34Z,2026-06-19T20:16:55Z,master,human,CONTRIBUTOR,4.8,c150a4af5c0ba9c2afcd3f9f415118104a7e8455
118926,2026-04-24T18:26:39Z,2026-04-29T17:34:17Z,master,human,MEMBER,4.7,01ff9da2377a7e1fd714152d523401c7ea218022
118928,2026-04-24T20:47:36Z,2026-04-27T17:08:32Z,master,human,MEMBER,4.7,e9b93fffaef6ee68257cda4dc43446d244e5750a
118942,2026-04-25T05:47:49Z,2026-04-27T17:08:32Z,master,human,MEMBER,4.7,a02cead472438a0178467ebf15815c89856f5214
118948,2026-04-25T11:37:21Z,2026-04-28T14:14:30Z,master,human,CONTRIBUTOR,4.7,c784aa082269a15184b425a558465571cd5ccf3e
118949,2026-04-25T11:39:26Z,2026-04-28T14:14:31Z,master,human,CONTRIBUTOR,4.7,82ab65b02e07aa1befbe599834f43784c2f2bc5e
118952,2026-04-25T12:25:00Z,2026-04-27T17:08:32Z,master,human,CONTRIBUTOR,4.7,08f01333d375b86758096f77d97af7c6db8b2285
118954,2026-04-25T14:26:48Z,2026-05-01T17:51:06Z,master,human,CONTRIBUTOR,4.7,edf4fb97c706b3678eff2163cf4092ea1c7f095a
118955,2026-04-25T17:01:17Z,2026-07-17T17:33:08Z,master,human,CONTRIBUTOR,4.8,723fb576db5e0289dac7aae8646e6e741efbbc7d
118957,2026-04-25T19:31:03Z,2026-06-19T20:16:55Z,master,human,CONTRIBUTOR,4.8,eb098a2ae7fdb003b1cc23df942c819673e61c6d
118962,2026-04-26T10:41:29Z,2026-04-28T14:14:30Z,master,human,MEMBER,4.7,393d854f7a904286e6749e6e0f837e41b4ebd2cf
118963,2026-04-26T11:59:59Z,2026-04-27T17:08:32Z,master,human,MEMBER,4.7,6c9c5a383c99f461504064dc0e12b9e1b68ca49a
118968,2026-04-26T13:44:50Z,2026-04-30T16:00:53Z,master,human,CONTRIBUTOR,4.7,f059d64e3d0388583e877d3e13c8cd25bd884421
118971,2026-04-26T15:00:59Z,2026-04-28T14:14:30Z,master,human,MEMBER,4.7,38fd04d40690b5a6395a8450fcce6dc85fbe47e9
118973,2026-04-26T17:09:03Z,2026-06-19T17:12:21Z,master,human,CONTRIBUTOR,4.8,c85abe1020283e85c30edd5441916cf1538d241f
118975,2026-04-26T17:43:14Z,2026-04-29T17:34:17Z,master,human,CONTRIBUTOR,4.7,08b4d30baceeef355a423de596c1a6b0c78c57c4
118979,2026-04-26T19:21:41Z,2026-05-04T17:46:51Z,master,human,MEMBER,4.7,f1e8491c16f5f65fc86d092dc8ed72f64faced8f
118985,2026-04-26T20:48:34Z,2026-04-29T17:34:17Z,master,human,CONTRIBUTOR,4.7,dec7cdb31b1358aa2b9c539de7359f87ba9af895
118993,2026-04-27T08:57:11Z,2026-04-27T17:08:31Z,master,human,MEMBER,4.7,7de9cdf7dc30b5b9c3f9999d3419f7b8e2b91dd6
118997,2026-04-27T14:00:57Z,2026-06-23T12:02:18Z,master,human,CONTRIBUTOR,4.8,05924d62591382e580454c95c44ceac421decc35
119001,2026-04-27T17:01:17Z,2026-04-29T17:34:17Z,master,human,MEMBER,4.7,7a8ebaed077f1ba473f4bc1c5bfabd03ec994d2d
119002,2026-04-27T17:24:53Z,2026-04-29T17:34:17Z,master,human,CONTRIBUTOR,4.7,bafddf210cdce255d2809c9621744f7c31db0b43
119004,2026-04-27T17:54:41Z,2026-05-01T04:11:30Z,4.6,human,CONTRIBUTOR,4.6,457333bb66ff45e1d49e786ef45239d2adac64c7
119007,2026-04-27T18:29:14Z,2026-04-29T17:34:17Z,master,human,MEMBER,4.7,9e0e94b944db98f81402e78d645ef9bb1692adb9
119008,2026-04-27T18:46:19Z,2026-04-29T17:34:17Z,master,human,MEMBER,4.7,83e84e81568eaad8062322e8c229ea5a47a52800
119009,2026-04-27T18:51:00Z,2026-04-27T18:55:50Z,master,human,CONTRIBUTOR,4.7,fd8c4ef3e982b9e6973c858f6c3354abc1331b6a
119013,2026-04-27T20:12:41Z,2026-04-29T17:34:16Z,master,human,MEMBER,4.7,665d46bdef50bd57a9b51ffe18b90cb06872510d
119019,2026-04-27T22:57:59Z,2026-04-28T14:14:30Z,master,human,CONTRIBUTOR,4.7,38fc4ffd476892138786dd3b6e55d4d73f089ee1
119022,2026-04-28T00:08:48Z,2026-05-12T22:57:13Z,master,human,CONTRIBUTOR,4.7,78105f19480669e014e0e0c22132dedea758d8a1
119030,2026-04-28T05:29:22Z,2026-04-30T16:00:53Z,master,human,CONTRIBUTOR,4.7,fe5200b65879dd38d529a785627b25a26b4e0a4a
119038,2026-04-28T11:35:07Z,2026-04-28T12:39:30Z,4.5,human,MEMBER,4.5,b81c232f043371f35407c69d26fa136daded385d
119040,2026-04-28T12:25:23Z,2026-04-29T17:34:16Z,master,human,MEMBER,4.7,0fa31a0fa9594344a8d5614cbbc1d269bbe7cd8f
119047,2026-04-28T14:51:54Z,2026-06-18T18:19:40Z,master,human,CONTRIBUTOR,4.8,f233ec36e47bb0baa13c27fa77f5d66688bea4c6
119052,2026-04-28T17:47:13Z,2026-06-24T15:21:14Z,master,human,CONTRIBUTOR,4.8,fc1e44370063c8b30acec6090e8ec73ba4aec9fa
119053,2026-04-28T17:59:20Z,2026-04-29T17:34:16Z,master,human,CONTRIBUTOR,4.7,2375f07fb63bf588bda076f9b7c9279f8aaebd23
119054,2026-04-28T18:25:40Z,2026-04-29T17:34:16Z,master,human,CONTRIBUTOR,4.7,e8504f8f307f9548e704290c7be32c50c112d40c
119056,2026-04-28T18:59:25Z,2026-07-13T15:44:20Z,master,human,CONTRIBUTOR,4.8,a1fe4a7d8164691109f5acf76d94f6344fd21b6f
119061,2026-04-28T20:47:03Z,2026-04-30T16:00:53Z,master,human,CONTRIBUTOR,4.7,903644eebfba1c6ecd1a7e622bb293c519bfd02e
119063,2026-04-28T20:47:26Z,2026-04-30T16:00:53Z,master,human,CONTRIBUTOR,4.7,a0375dde960ee9dba46d461e0145123609691950
119069,2026-04-28T20:47:34Z,2026-05-12T17:37:51Z,master,human,CONTRIBUTOR,4.7,2828be93cf81e565d45911f4b338c0d5d1dea14c
119070,2026-04-28T20:47:35Z,2026-05-12T17:37:51Z,master,human,CONTRIBUTOR,4.7,d3a741d3f7fcd95919361f3067e953c14922f339
119071,2026-04-28T21:11:37Z,2026-06-18T15:25:19Z,master,human,MEMBER,4.8,9e2a5e85566fcc8915667a84fb2a84cf3a4d017b
119072,2026-04-28T21:41:49Z,2026-07-20T16:05:07Z,master,human,MEMBER,4.8,07a12b7de3effb2c2204d11834ae23a16aa33f00
119076,2026-04-29T01:51:41Z,2026-04-29T17:34:16Z,master,human,CONTRIBUTOR,4.7,e06dd8106e4c9113f2a3b20e4ceef16f3e85735e
119080,2026-04-29T08:09:39Z,2026-06-30T13:50:26Z,master,human,CONTRIBUTOR,4.8,5248091d02c29b62112a53ea058f1c0b00b7778a
119083,2026-04-29T11:37:09Z,2026-04-29T17:34:16Z,master,human,CONTRIBUTOR,4.7,05e93d70c1575df52cbfc5e966a63745315bf227
119084,2026-04-29T12:13:46Z,2026-07-13T15:44:20Z,master,human,MEMBER,4.8,d3349574386650e5f3c00983366b1c1ac334f94c
119086,2026-04-29T14:56:42Z,2026-07-06T15:45:01Z,master,human,MEMBER,4.8,9ff94cf27f9494a0f473e1d3e60d694918e800ff
119088,2026-04-29T15:30:30Z,2026-05-01T17:51:06Z,master,human,CONTRIBUTOR,4.7,60ead927f5aab3d6515f95836137a3be3f6d54cb
119089,2026-04-29T15:35:59Z,2026-04-30T16:00:53Z,master,human,CONTRIBUTOR,4.7,b4d772626026b7a7289a63903acbd8b604b326ae
119090,2026-04-29T15:39:01Z,2026-04-30T16:00:53Z,master,human,CONTRIBUTOR,4.7,0b41f26b9b8b3bebce5417c3809d12c78502f05d
119091,2026-04-29T15:50:35Z,2026-05-06T20:00:02Z,master,human,CONTRIBUTOR,4.7,fddd45ea1c1f7c45d0ae8150e009828f98ed5d68
119092,2026-04-29T16:45:53Z,2026-04-30T16:00:53Z,master,human,CONTRIBUTOR,4.7,98bfffa66f8ed3a6ef58e550a1667c2e7771a0a0
119093,2026-04-29T16:57:37Z,2026-09-10T18:16:36Z,master,human,MEMBER,4.8,45b556aacec301215271b92d6cd8e9cfd5c6e18d
119096,2026-04-29T19:01:31Z,2026-04-30T16:00:53Z,master,human,CONTRIBUTOR,4.7,98e9e3027ff7e683d97023fdd170eb18110f990e
119099,2026-04-29T20:56:33Z,2026-04-30T16:00:53Z,master,human,MEMBER,4.7,086b82c9312d4df523d1101a535d003602eb9d53
119103,2026-04-30T07:07:48Z,2026-07-22T18:53:44Z,master,human,CONTRIBUTOR,4.8,ca9cc669e7eeed0413c4de35c454df2334af92a4
119106,2026-04-30T08:44:27Z,2026-05-06T15:54:10Z,master,human,CONTRIBUTOR,4.7,a99bf0622c4c69a2270944853142bef8b965906f
119108,2026-04-30T08:52:04Z,2026-05-01T17:51:06Z,master,human,CONTRIBUTOR,4.7,c5a8169e0bb59afebe95ec06babcdacbd3a846e6
119112,2026-04-30T13:42:16Z,2026-05-01T17:51:06Z,master,human,CONTRIBUTOR,4.7,d96ba6edbe4bf0378d6b5399c2fb545eeec79a09
119117,2026-04-30T14:00:06Z,2026-05-07T21:25:48Z,master,human,CONTRIBUTOR,4.7,08df0c78a78a8f9cde0c3488e32ac19315ae7908
119123,2026-04-30T17:47:22Z,2026-06-19T17:12:21Z,master,human,MEMBER,4.8,9700abd3ba77ac3b9119c1bf4cd6e2a8570d4916
119124,2026-04-30T17:51:06Z,2026-05-04T17:46:51Z,master,human,CONTRIBUTOR,4.7,9e9e81e8465bfcdd775648f6e252c5be4d4607e3
119126,2026-04-30T21:09:55Z,2026-05-05T15:33:51Z,master,human,MEMBER,4.7,83e42d041da03c3532d4f99ea6b58b5e29cedd02
119130,2026-05-01T00:06:45Z,2026-05-05T15:33:51Z,master,human,CONTRIBUTOR,4.7,d5d3a200dfb15c123ed69b80154116585b3d5beb
119132,2026-05-01T04:52:47Z,2026-05-04T17:46:51Z,master,human,CONTRIBUTOR,4.7,771d727bea90b69f075d36c0ee966fadd67c0d7c
119133,2026-05-01T05:00:09Z,2026-05-01T17:51:06Z,master,human,CONTRIBUTOR,4.7,d18a244cb3d3908f7b08d005440cf404d2641b5a
119141,2026-05-01T14:30:33Z,2026-05-26T15:14:29Z,master,human,MEMBER,4.7,3572bad2920ce0cf57ab4296642d7c057dd8e39e
119142,2026-05-01T14:39:35Z,2026-08-31T14:12:30Z,master,human,CONTRIBUTOR,4.8,cd7767872c13f54023b489e5f16d8d35305ec184
119143,2026-05-01T14:58:22Z,2026-09-01T18:32:20Z,master,human,MEMBER,4.8,9448e6909cc9990b4065925c32c6d5edb67acd00
119145,2026-05-01T16:14:45Z,2026-06-19T17:12:21Z,master,human,CONTRIBUTOR,4.8,fcfc285774bcaae4322f1c23d8006ff275d3ee7f
119150,2026-05-01T19:01:23Z,2026-05-04T17:46:51Z,master,human,CONTRIBUTOR,4.7,f4d14dd54fdea175619e5dfe5d1599fc7aa3ecd3
119154,2026-05-01T20:19:26Z,2026-05-05T15:33:51Z,master,human,CONTRIBUTOR,4.7,1f012286cf9321b2209259539d1e638dac4eed73
119156,2026-05-01T20:49:27Z,2026-06-22T13:34:28Z,master,human,MEMBER,4.8,26ff15b695b72b2783cca4a5e37e9bdf82d37c1a
119158,2026-05-01T21:46:07Z,2026-05-04T17:46:51Z,master,human,CONTRIBUTOR,4.7,691840003930724e56098d237975f856b87b8ca9
119161,2026-05-02T00:23:19Z,2026-07-01T15:36:14Z,master,human,CONTRIBUTOR,4.8,6e72052dfc624299eb6366b21307dfb3ceffbcf5
119168,2026-05-02T10:40:05Z,2026-05-05T15:33:51Z,master,human,CONTRIBUTOR,4.7,4a5321b5a7bb0ed6829dd65e1c2a4e6e9de6afc4
119172,2026-05-02T11:36:02Z,2026-05-06T15:54:10Z,master,human,MEMBER,4.7,cb490e6e232adfb00a103f6c7e3a89d6105826b2
119173,2026-05-02T13:44:27Z,2026-05-06T20:00:01Z,master,human,MEMBER,4.7,bd4003e581c47eaad4eb9b3db011469c516baa15
119174,2026-05-02T14:14:15Z,2026-05-04T17:46:51Z,master,human,CONTRIBUTOR,4.7,176b7951777555cedb6677cea9ca64c3913e9fff
119175,2026-05-02T14:33:24Z,2026-05-11T16:12:55Z,master,human,CONTRIBUTOR,4.7,1c517ea6de113a264421f0d32686ff3a820e9e01
119176,2026-05-02T17:53:46Z,2026-06-18T20:20:23Z,master,human,CONTRIBUTOR,4.8,bbeb4a2557fa3a3b377eaf2b982db83146eb75b5
119182,2026-05-02T23:45:39Z,2026-05-11T16:12:55Z,master,human,MEMBER,4.7,bdaedccc17f4344d2d05518f25dfde0599227931
119185,2026-05-03T02:00:16Z,2026-05-04T17:46:51Z,master,human,MEMBER,4.7,c3284cd6968d44730272495219bf822c1645387b
119196,2026-05-03T14:33:46Z,2026-06-26T13:55:22Z,master,human,CONTRIBUTOR,4.8,f2b3a70414d6720f46d87640cffe542c3e6c06a1
119199,2026-05-03T17:11:06Z,2026-05-11T16:12:55Z,master,human,CONTRIBUTOR,4.7,7775792057009cb27068f1a3252902fb9c991836
119200,2026-05-03T17:53:28Z,2026-05-06T20:00:01Z,master,human,MEMBER,4.7,b6a10ee02b86a2748e675a13e92115a204a508c1
119204,2026-05-03T20:53:17Z,2026-05-04T17:46:51Z,master,human,CONTRIBUTOR,4.7,0183f295f99892d3fd4c19f1ccfc392bb0096c98
119210,2026-05-04T08:40:38Z,2026-05-06T20:00:01Z,master,human,CONTRIBUTOR,4.7,bc3bc82706583225b5af576c83541ed97063dab1
119212,2026-05-04T12:33:29Z,2026-05-05T15:33:51Z,master,human,MEMBER,4.7,9d2246cb11638addebad893b1cd330d09901d6af
119216,2026-05-04T14:38:11Z,2026-09-17T18:03:49Z,master,human,MEMBER,4.8,f549c8eaf4ba4328b6d0f24bae6a6b5aaada6e35
119218,2026-05-04T15:37:47Z,2026-05-06T20:00:01Z,master,human,CONTRIBUTOR,4.7,a9de7afd056d49aebdf090fe5afbde8c85753d18
119222,2026-05-04T17:06:24Z,2026-05-05T15:33:51Z,master,human,MEMBER,4.7,9f30b78b98727487c1fabf3895da099fa5218d02
119223,2026-05-04T17:30:26Z,2026-05-07T21:25:47Z,master,human,MEMBER,4.7,aaaf76403e88a3316073f8506672d7e88f167df8
119226,2026-05-04T18:38:03Z,2026-05-06T15:54:10Z,master,human,CONTRIBUTOR,4.7,0067214c1eae1af4e40147148bf5ab7c04a036bc
119230,2026-05-04T20:41:52Z,2026-05-07T21:25:47Z,master,human,CONTRIBUTOR,4.7,ce26629ff51b8f5d259103ed8a5dba3734d06282
119231,2026-05-04T20:46:23Z,2026-05-06T20:00:01Z,master,human,MEMBER,4.7,05168e359c06ba83e631bad82d0941cc72fd6155
119233,2026-05-04T21:00:19Z,2026-05-05T15:33:51Z,master,human,MEMBER,4.7,3646d973220d44485f90e6727e5bd5d953323816
119237,2026-05-04T22:19:11Z,2026-05-06T15:54:10Z,master,human,MEMBER,4.7,314bbd21a9364ffc0efd3ec942bb17cb30e7f204
119239,2026-05-04T22:33:38Z,2026-05-05T15:33:51Z,master,human,MEMBER,4.7,9345fd7ab26a7610aade2a1acf55210312ac7f06
119241,2026-05-04T23:53:41Z,2026-05-21T14:32:03Z,master,human,MEMBER,4.7,78ff43f99541d404834b363005c81fcecc0919fb
119244,2026-05-05T01:57:08Z,2026-05-06T20:00:01Z,master,human,CONTRIBUTOR,4.7,ee959388f90beaac7098056fa9109244bc6e9fa1
119251,2026-05-05T11:10:22Z,2026-05-06T15:54:10Z,master,human,CONTRIBUTOR,4.7,d0d34287f83f14086e818d3197f87b288673be91
119252,2026-05-05T11:14:21Z,2026-05-06T20:00:01Z,master,human,MEMBER,4.7,b786c890b6956013a0e47a877a7bda0ae62a713e
119254,2026-05-05T13:36:41Z,2026-05-06T15:54:10Z,master,human,MEMBER,4.7,303364492042fbd7a3562ff8f4ddbad85c168bfd
119258,2026-05-05T16:06:46Z,2026-05-06T20:00:01Z,master,human,MEMBER,4.7,28bbccc483b4b5e3174f3c7f05bcfe8c0dcf8f5e
119259,2026-05-05T17:48:24Z,2026-05-06T15:54:10Z,master,human,MEMBER,4.7,efd747838522dec7b7a6f9c113b625053e2a977c
119261,2026-05-05T19:11:47Z,2026-05-07T16:16:40Z,master,human,CONTRIBUTOR,4.7,f46fad29743491272ef8c35b1b78b30a4faa0765
119264,2026-05-05T20:54:04Z,2026-05-06T20:00:01Z,master,human,CONTRIBUTOR,4.7,864bad270557b3413d6e1f6d7a4cb5b08992b915
119265,2026-05-05T23:06:31Z,2026-05-06T15:54:10Z,master,human,CONTRIBUTOR,4.7,d8d45b8efa9a1ed3b5a01bb430ae755986dc28dc
119273,2026-05-06T06:44:25Z,2026-05-06T15:54:10Z,master,human,MEMBER,4.7,f8b84e09624a912b2fbeac7aa686d7e966ccce4a
119274,2026-05-06T06:45:15Z,2026-05-06T15:54:10Z,master,human,MEMBER,4.7,aaa63588f6c0bd58ae958003c109b45d6451da10
119278,2026-05-06T09:04:04Z,2026-05-06T15:54:09Z,master,human,MEMBER,4.7,952d4860b261d15b3c8036ad4f47f6b851c3e822
119281,2026-05-06T12:38:25Z,2026-06-25T13:37:18Z,master,human,MEMBER,4.8,b7d37177818e8ce665d94162c05ffc2193ac8688
119285,2026-05-06T16:18:57Z,2026-05-07T16:16:40Z,master,human,MEMBER,4.7,b72112f05b9076c3b447bd106f9ed0bb6541ad4f
119289,2026-05-06T17:12:53Z,2026-05-07T16:16:40Z,master,human,MEMBER,4.7,d51d1ec68204bfa91b0fd5499bf5eb7d79c88256
119290,2026-05-06T17:13:04Z,2026-05-06T19:33:37Z,4.6,human,CONTRIBUTOR,4.6,6357d9e4cd17bb0d6f7c78183753b76f6852eb05
119291,2026-05-06T17:14:13Z,2026-05-06T20:00:01Z,master,human,MEMBER,4.7,b22e24eaef2fe3596ceb88c60c087300de1cc6e2
119295,2026-05-06T19:22:22Z,2026-05-06T20:00:01Z,master,human,MEMBER,4.7,bc192293b13a8891cb8739a36d8c0736a5c4c4b8
119297,2026-05-06T20:20:44Z,2026-05-13T14:58:24Z,master,human,CONTRIBUTOR,4.7,9a33066a27d70c6d4f74cae44c1ce023d8082a59
119303,2026-05-07T06:34:05Z,2026-05-07T16:16:40Z,master,human,CONTRIBUTOR,4.7,ee4e7e51bc121ff85e95ac5681200bb9b8b92c01
119304,2026-05-07T09:07:21Z,2026-05-07T21:25:47Z,master,human,CONTRIBUTOR,4.7,96c9b3e8aaa228217265f4566795a0457b832215
119305,2026-05-07T09:26:20Z,2026-06-24T19:56:48Z,master,human,MEMBER,4.8,f0de846aa35adbdfdc22e895d3870d842cde7111
119306,2026-05-07T14:04:16Z,2026-08-10T16:14:37Z,master,human,CONTRIBUTOR,4.8,fc4bfcbca5835093c81f75b0cd41a5b704d2c033
119309,2026-05-07T14:31:58Z,2026-05-11T16:12:55Z,master,human,CONTRIBUTOR,4.7,654e5f55fde49f767511cc304cd740ada0758c31
119310,2026-05-07T14:41:08Z,2026-05-12T17:37:51Z,master,human,MEMBER,4.7,9dc22aa76cb8c4b0352722bb2d2d26ac6fbda314
119312,2026-05-07T15:18:59Z,2026-05-13T14:58:24Z,master,human,CONTRIBUTOR,4.7,9ca8dfe7a697bc0775f5fed3b7f19372590172e2
119313,2026-05-07T15:25:03Z,2026-05-13T14:58:23Z,master,human,MEMBER,4.7,630781a6a363cfb631e4bcbcc44f00ccfacfa87a
119314,2026-05-07T15:41:22Z,2026-05-11T16:12:55Z,master,human,CONTRIBUTOR,4.7,b2c99dab4753d4b56032070ffc7b97f9c1bf0caf
119316,2026-05-07T18:44:42Z,2026-05-11T16:12:55Z,master,human,CONTRIBUTOR,4.7,d3eef6c7222cce24b881cafea017e330a1e1d935
119319,2026-05-07T19:19:40Z,2026-06-23T19:55:12Z,master,human,MEMBER,4.8,c3e6b2c09354f804f6cf60c73f1513ab1e31ccb0
119328,2026-05-08T05:39:27Z,2026-05-12T17:37:52Z,master,human,MEMBER,4.7,eb7cfe13625ce49d57834b3fbbc96df8f0cbf447
119329,2026-05-08T06:43:08Z,2026-05-26T15:14:29Z,master,human,MEMBER,4.7,c96e11965f1568343c65d783833250a6a9411cb2
119331,2026-05-08T07:42:46Z,2026-05-18T16:09:53Z,master,human,CONTRIBUTOR,4.7,819cae99f81e37b514ae414e33eb12bbbeb4b68a
119332,2026-05-08T09:00:55Z,2026-06-26T13:55:22Z,master,human,CONTRIBUTOR,4.8,10ba06cac844bddf520f9e7df902df1b8532d2b8
119336,2026-05-08T13:56:20Z,2026-06-05T14:30:10Z,master,human,CONTRIBUTOR,4.7,72eac09f5caf1bc5323e886b0ce612cdd5400d02
119337,2026-05-08T14:14:09Z,2026-05-11T16:12:55Z,master,human,MEMBER,4.7,872f2f073c2b9b357ae16510f7e41f14122f49ee
119338,2026-05-08T14:35:44Z,2026-05-11T22:14:59Z,master,human,CONTRIBUTOR,4.7,cc8edf78ad3f089c18244d5107364910964fb227
119340,2026-05-08T14:42:10Z,2026-05-11T16:12:55Z,master,human,MEMBER,4.7,8d3d0ea6caa6306f4df59025b1021c02a4b1396f
119342,2026-05-08T17:23:15Z,2026-06-18T18:19:40Z,master,human,MEMBER,4.8,1c518a8f870c74c94f8fe11d6c63d7824598e4d2
119344,2026-05-08T18:46:11Z,2026-05-18T16:09:53Z,master,human,CONTRIBUTOR,4.7,cd702593c97e5b5b84aa7baac88a7b616ffd6163
119347,2026-05-08T19:46:48Z,2026-09-17T18:03:49Z,master,human,CONTRIBUTOR,4.8,9c776068d6ed23acd0c78bfe534272d1d2a3a619
119349,2026-05-08T20:54:31Z,2026-05-11T16:12:55Z,master,human,CONTRIBUTOR,4.7,ae7f6dbfba23b79e3b284d3ce0e7d0691cb35c70
119351,2026-05-08T21:47:57Z,2026-05-11T16:12:55Z,master,human,MEMBER,4.7,a2ac1b2af1a6cd611c1c5a7e88b7106dbc204505
119352,2026-05-08T22:02:46Z,2026-05-11T16:12:55Z,master,human,MEMBER,4.7,aec3c3cb19d61a001efb7a25c34462ed2700088e
119361,2026-05-09T11:38:53Z,2026-06-30T19:52:56Z,master,human,CONTRIBUTOR,4.8,213bad9abf9b11f0cbe1165089a3ced2a5bd3596
119362,2026-05-09T16:31:01Z,2026-05-12T17:37:51Z,master,human,NONE,4.7,07ced0474a98dfe8d7745e86cab5f9e346bd42b1
119367,2026-05-09T22:30:28Z,2026-05-19T16:22:52Z,master,human,MEMBER,4.7,f04809882bf1437532256a51473c765677f466aa
119370,2026-05-10T02:39:36Z,2026-06-30T19:52:55Z,master,human,CONTRIBUTOR,4.8,fb6a87f4a51e740b9f91315c88465ecbe5b93251
119373,2026-05-10T04:22:51Z,2026-05-12T22:57:13Z,master,human,CONTRIBUTOR,4.7,8075f4250f301b8cf7cf60a3d7fcfbdb33d77dbd
119375,2026-05-10T07:50:17Z,2026-05-14T14:12:13Z,master,human,MEMBER,4.7,ef7d768e65e6e8c56bfeccf2ec34bbf87f18e741
119385,2026-05-10T17:39:34Z,2026-05-11T16:12:55Z,master,human,CONTRIBUTOR,4.7,2a03590eaf57b7af7fcf614b35e664c522a9675b
119387,2026-05-10T18:10:06Z,2026-05-14T14:12:12Z,master,human,CONTRIBUTOR,4.7,720caf476d0d2b322177b5f69916fd20be2f9e0b
119389,2026-05-10T20:53:03Z,2026-06-19T17:12:21Z,master,human,CONTRIBUTOR,4.8,cdc7e707c37e52ed776fed93fbcb32285a5ccea5
119394,2026-05-11T03:28:57Z,2026-05-11T16:12:54Z,master,human,CONTRIBUTOR,4.7,afdab2d6b36c3b410ac8d82b5435a0f588c6f80b
119396,2026-05-11T06:32:27Z,2026-05-15T20:49:45Z,master,human,MEMBER,4.7,321b8c944fa32ee94eef44a56925105d7091be03
119399,2026-05-11T12:07:01Z,2026-06-23T19:55:12Z,master,human,MEMBER,4.8,3d76d7d15e40d93d688f4e22a5a48d7c5e3d3b54
119401,2026-05-11T12:39:36Z,2026-05-25T16:23:26Z,master,human,MEMBER,4.7,12a102e93cac2c61c71c73a2723714113ae0db43
119403,2026-05-11T14:30:08Z,2026-05-11T16:12:55Z,master,human,MEMBER,4.7,7c0f2ef2a3bc2e5293c176be8bfc00a6c516a556
119408,2026-05-11T17:02:55Z,2026-06-22T13:34:28Z,master,human,CONTRIBUTOR,4.8,c4e8d89f2355fec1d92cae843dc8eecfc5dcde54
119411,2026-05-11T18:08:41Z,2026-05-12T17:37:51Z,master,human,MEMBER,4.7,93528c1ad7de9db593fe6c2167a7ab32c5a3459c
119412,2026-05-11T18:58:26Z,2026-05-11T22:14:59Z,master,human,MEMBER,4.7,54360ea67bd6c790982301d4da6e04c85843a288
119414,2026-05-12T02:13:11Z,2026-05-12T22:57:13Z,master,human,MEMBER,4.7,1078619908a1314f46c0439920b82fc187de92e4
119418,2026-05-12T13:27:02Z,2026-06-19T17:12:21Z,master,human,MEMBER,4.8,fad1ac1e2b582b5b322ef426cf6de3c2ed0bfa1d
119419,2026-05-12T13:59:43Z,2026-05-12T17:37:51Z,master,human,CONTRIBUTOR,4.7,482c1b1373839064688acdee5e0b1778ca848c1d
119420,2026-05-12T14:40:58Z,2026-05-13T14:58:23Z,master,human,MEMBER,4.7,3d601008d07390ff2d955cf734bacc017ff9e23e
119422,2026-05-12T15:10:02Z,2026-05-13T14:58:23Z,master,human,MEMBER,4.7,1414995357f37f79b0fb8b405df64ac006ed4687
119428,2026-05-12T21:57:10Z,2026-05-13T14:58:23Z,master,human,MEMBER,4.7,582e6f1d2b7432ed79324efd5f30c6b14fa68116
119429,2026-05-12T22:41:25Z,2026-05-15T20:49:46Z,master,human,CONTRIBUTOR,4.7,0c08cfb5d7a6ac57ba60282dcafd9cffabf94bb4
119433,2026-05-13T08:25:40Z,2026-05-13T14:58:23Z,master,human,MEMBER,4.7,e333258f94619d1862a85b08b662c36b044199d6
119439,2026-05-13T17:18:30Z,2026-05-14T14:12:12Z,master,human,CONTRIBUTOR,4.7,6b8828da121e8709051227429c26f18c63bfc2a3
119443,2026-05-13T20:52:14Z,2026-06-19T17:12:21Z,master,human,MEMBER,4.8,be912aeaff342419a9e3416d7265dd02aa9b1a42
119445,2026-05-13T22:49:42Z,2026-05-15T20:49:45Z,master,human,CONTRIBUTOR,4.7,6f46168b05cd8abeb2731dd3eeac11a8d6cce029
119448,2026-05-14T02:09:36Z,2026-05-15T20:49:46Z,master,human,CONTRIBUTOR,4.7,7af66e02ef4ed5cecabcf5b0909dac208fe773d7
119450,2026-05-14T05:03:10Z,2026-05-22T16:09:09Z,master,human,CONTRIBUTOR,4.7,4b72c6c1ab64b8f002c908d4bc4596f78a514004
119451,2026-05-14T05:16:44Z,2026-06-08T14:14:59Z,master,human,MEMBER,4.7,b7eb57977a0ec5b8b69f59c9d567f9307c689cf4
119454,2026-05-14T07:58:41Z,2026-09-26T15:13:21Z,master,human,CONTRIBUTOR,4.8,37a7b7b1ef2508333a4ec1012c509cf829368a1f
119455,2026-05-14T08:21:44Z,2026-05-18T16:09:53Z,master,human,MEMBER,4.7,0e57853371b58d9438184810e490de910a51a3ad
119463,2026-05-14T14:55:44Z,2026-05-14T20:24:54Z,4.6,human,CONTRIBUTOR,4.6,e880d6bbfb74479376a0cba9b106ac0c39b4cfe4
119464,2026-05-14T15:00:05Z,2026-05-18T16:09:53Z,master,human,MEMBER,4.7,d7e1e41201d62ea4b904a4fe43254b8b525839a6
119466,2026-05-14T16:49:10Z,2026-06-24T19:56:48Z,master,human,MEMBER,4.8,cb8387dbcbf9ff52bfa4442ee00ab81754de1588
119469,2026-05-14T19:48:42Z,2026-07-03T15:02:40Z,master,human,CONTRIBUTOR,4.8,ad6377df7d4e16c91cba73525cff6fc209e028e6
119475,2026-05-14T22:07:24Z,2026-05-15T20:49:46Z,master,human,MEMBER,4.7,61ac9d4c341dd425a3217cfe828b7e6b1db38717
119490,2026-05-15T12:57:20Z,2026-09-11T16:26:15Z,master,human,CONTRIBUTOR,4.8,cc677df57d7a2d510b9ccc50beaa9f09eb32d0ef
119494,2026-05-15T16:49:19Z,2026-05-20T19:38:33Z,master,human,MEMBER,4.7,0389590b8f996c3b1a2e92dc158317523b1685ee
119495,2026-05-15T17:00:29Z,2026-05-18T16:09:53Z,master,human,CONTRIBUTOR,4.7,8ae90e9442add0fe3108ddbdc7dbf0f9c5ca7104
119496,2026-05-15T17:54:17Z,2026-05-15T20:49:45Z,master,human,CONTRIBUTOR,4.7,57894b5e717826f96833472b881eb21a6961b4a8
119497,2026-05-15T17:54:19Z,2026-06-01T16:17:45Z,master,human,CONTRIBUTOR,4.7,d569fcf207aea355ea9d0822255ad490945f5572
119502,2026-05-15T22:21:10Z,2026-05-19T16:22:52Z,master,human,MEMBER,4.7,3cd3136e8a01ed5795795bfee94b240114a4649a
119506,2026-05-16T09:33:41Z,2026-05-20T19:38:33Z,master,human,CONTRIBUTOR,4.7,344b64e5086174dd071db06e877b1cf619dd6b42
119507,2026-05-16T13:02:48Z,2026-05-25T16:23:26Z,master,human,MEMBER,4.7,673c2869eb29fece06f6ca80002d0513c45daf7f
119508,2026-05-16T16:07:10Z,2026-05-25T17:56:41Z,master,human,CONTRIBUTOR,4.7,988497948bba6b8fc1d5b04dff470e1cb28bfa01
119509,2026-05-16T16:37:18Z,2026-08-18T12:10:35Z,master,human,MEMBER,4.8,051b32239e4c0ac0e0708a5a639724a75a3f604e
119510,2026-05-16T17:24:03Z,2026-05-18T16:09:53Z,master,human,CONTRIBUTOR,4.7,2c5bdd1f9c476bd0fa3c324b8f89960353ab7eb7
119529,2026-05-17T22:31:55Z,2026-06-19T17:12:21Z,master,human,CONTRIBUTOR,4.8,e2f617d7c8ce43aa2bfb9838882e976579709ecd
119538,2026-05-18T08:13:26Z,2026-05-19T16:22:52Z,master,human,MEMBER,4.7,014ff66970483d505d9c63a6621ccf960187b17b
119541,2026-05-18T09:43:03Z,2026-05-18T16:09:53Z,master,human,MEMBER,4.7,a3854569a2e2cf0127fef24dfdfe9c3ab49e2d6c
119545,2026-05-18T12:45:01Z,2026-05-18T16:09:53Z,master,human,MEMBER,4.7,ef02314f2bd0305035ecbe907883401a393da7a7
119547,2026-05-18T15:57:08Z,2026-05-19T16:22:52Z,master,human,CONTRIBUTOR,4.7,fbe9a8e56a2cbab1285bf9f4e5ed58abc4e407cf
119551,2026-05-18T16:10:37Z,2026-05-19T16:22:52Z,master,human,CONTRIBUTOR,4.7,ed1e9ae6c262074e7629924995cbd3490289a949
119554,2026-05-18T19:04:39Z,2026-05-19T16:22:52Z,master,human,MEMBER,4.7,e558b07d8a8be2683929ff835d1b1ea09472179a
119555,2026-05-18T19:24:47Z,2026-05-19T16:22:52Z,master,human,MEMBER,4.7,3dc4e1ef7a1cb00d2d4caf6b3f2cde3450661207
119558,2026-05-18T22:23:57Z,2026-05-20T19:38:32Z,master,human,MEMBER,4.7,1f020a6c4f9bf2719e5f2c85056c0fd819b5a100
119561,2026-05-19T02:55:15Z,2026-05-19T16:22:52Z,master,human,CONTRIBUTOR,4.7,42f577b0c333f86dc87bd19758ade50e55465478
119563,2026-05-19T07:58:18Z,2026-05-19T16:22:52Z,master,human,MEMBER,4.7,d9fd641396067b7d4fa97f10a5efcf579f198557
119565,2026-05-19T08:39:17Z,2026-05-19T16:22:51Z,master,human,MEMBER,4.7,7a1dda1478ad8318ff84a65c3746e7cc0d39fc99
119567,2026-05-19T10:02:26Z,2026-05-19T16:22:52Z,master,human,MEMBER,4.7,450e28e62f05302dd53c740e2da0f960aa819d00
119570,2026-05-19T11:03:45Z,2026-05-19T16:22:51Z,master,human,MEMBER,4.7,f294c68bb580298432d18bfc7e606daec7d536d6
119573,2026-05-19T13:33:30Z,2026-05-19T16:22:52Z,master,human,MEMBER,4.7,425d1caa5e4da4bc8554c980a75553e08c512553
119575,2026-05-19T14:48:33Z,2026-05-19T15:52:38Z,4.6,human,CONTRIBUTOR,4.6,2c288995110f9d83d76d5e835fd7aaf1d4057956
119577,2026-05-19T16:06:23Z,2026-05-20T00:29:56Z,4.5,human,CONTRIBUTOR,4.5,f085b04b1a39b14ab9cbd893d1aa1249ef99e25a
119580,2026-05-19T19:00:23Z,2026-06-22T17:34:12Z,master,human,CONTRIBUTOR,4.8,6f3117d11a970d24324a57425538d66f9e3b6d5d
119581,2026-05-19T20:19:51Z,2026-05-20T19:38:32Z,master,human,MEMBER,4.7,5d5052428b898f3643419786569334073153d20c
119583,2026-05-19T21:04:16Z,2026-05-20T19:38:33Z,master,human,MEMBER,4.7,c79f191ee92120054516a98a64d34d6d3032a404
119584,2026-05-19T21:48:31Z,2026-05-21T01:41:46Z,4.5,human,CONTRIBUTOR,4.5,529a652bd5766b6ba4da2ac0f0f9322e8f8daa1d
119586,2026-05-19T23:19:50Z,2026-06-23T19:55:12Z,master,human,CONTRIBUTOR,4.8,a39af2bca7ea1f44b283af93fbd70c7d7cbbc739
119587,2026-05-20T00:18:42Z,2026-05-25T16:23:26Z,master,human,MEMBER,4.7,6c6d7c5ff66b504ee49bc83e358cb69904faf71f
119588,2026-05-20T00:46:05Z,2026-07-25T14:38:01Z,master,human,CONTRIBUTOR,4.8,617e333f89b98e8fce22a7fddddbd66c1a4bbd75
119590,2026-05-20T02:28:30Z,2026-06-23T19:55:12Z,master,human,MEMBER,4.8,10d32f7859ec4df656f88fbc45bc282ae2b2119e
119595,2026-05-20T05:52:07Z,2026-06-23T12:02:18Z,master,human,CONTRIBUTOR,4.8,78120676441fa3474ee86df98337b7984bf9ac81
119596,2026-05-20T06:13:58Z,2026-05-20T19:38:32Z,master,human,MEMBER,4.7,d9f03f2f929fba314c2deada55d1dc0fc9566dc5
119598,2026-05-20T06:32:53Z,2026-05-29T15:56:07Z,master,human,CONTRIBUTOR,4.7,bc209b4f1d28ef6f47c372ab1e729098582c01b4
119601,2026-05-20T08:30:36Z,2026-05-20T19:38:32Z,master,human,CONTRIBUTOR,4.7,79811ccc983d090f2bc764617fc7f2f52ccb25bf
119604,2026-05-20T16:01:07Z,2026-06-18T18:19:40Z,master,human,CONTRIBUTOR,4.8,16556607c7ed7f1c750cbdd796e69c90ad0b1007
119605,2026-05-20T16:03:46Z,2026-06-22T13:34:28Z,master,human,MEMBER,4.8,7bb0c8f567a415f37bcfae590c9bd3db709b7976
119606,2026-05-20T16:43:24Z,2026-07-05T16:00:27Z,master,human,MEMBER,4.8,ebbf577a041d1ab8d7824b6f90e7d0575461ca45
119608,2026-05-20T18:25:53Z,2026-05-21T14:32:03Z,master,human,MEMBER,4.7,86082170822e19ebb619c7f53c8fe54a6f8d3d2a
119612,2026-05-20T21:59:38Z,2026-05-29T15:56:07Z,master,human,CONTRIBUTOR,4.7,446abf985816d3ec0a3ff2ea9c1c783990903c06
119614,2026-05-20T23:49:37Z,2026-06-18T18:19:40Z,master,human,CONTRIBUTOR,4.8,89c9e56d2e59e71228c5df946d49963b5fba4d57
119616,2026-05-21T01:33:51Z,2026-06-29T15:58:39Z,master,human,MEMBER,4.8,9d7810751368edb8bf78120c168a96779195256b
119617,2026-05-21T02:02:12Z,2026-09-02T14:42:28Z,master,human,CONTRIBUTOR,4.8,f0b5a3d84a376b893c69fc960dffec1b711f0501
119619,2026-05-21T06:48:19Z,2026-05-21T07:58:10Z,4.6,human,CONTRIBUTOR,4.6,f110f15236ab0190ece3ef46396d77be7a271a8c
119620,2026-05-21T07:05:29Z,2026-05-22T16:09:09Z,master,human,MEMBER,4.7,f08e003ff23a667c24c76c0193ba31a02b5dae99
119624,2026-05-21T08:31:57Z,2026-05-21T14:32:03Z,master,human,MEMBER,4.7,a8a2ea14a50a838df91fcd83c76688b173d31675
119625,2026-05-21T08:56:20Z,2026-05-22T16:09:09Z,master,human,CONTRIBUTOR,4.7,2d7b307004bbc5b90fd3d4f35d3b799ec7d4b8fc
119627,2026-05-21T12:27:58Z,2026-05-21T14:32:02Z,master,human,MEMBER,4.7,41f4d7068239af3420549bd1e6541c835b09d72e
119630,2026-05-21T14:22:43Z,2026-05-21T14:32:02Z,master,human,CONTRIBUTOR,4.7,6b735de563141fc74108831de1723568914585bb
119631,2026-05-21T14:36:47Z,2026-06-11T20:29:19Z,master,human,CONTRIBUTOR,4.7,eb03ae8fc5465793f8f617d7a320e3b208f16919
119634,2026-05-21T15:09:19Z,2026-05-23T00:27:01Z,master,human,CONTRIBUTOR,4.7,330e012b5375e9eebbf10b28ae0e759ad140b313
119635,2026-05-21T15:54:56Z,2026-05-25T16:23:26Z,master,human,MEMBER,4.7,5d0ddf6803305001a835ce5a9d503c2eb5b6ffde
119638,2026-05-21T18:05:44Z,2026-08-27T01:39:50Z,master,human,CONTRIBUTOR,4.8,4ddb9b20619a90603e0990cac4eb17425107135b
119639,2026-05-21T19:27:56Z,2026-05-25T16:23:26Z,master,human,MEMBER,4.7,243f3537edbc914b3b4dadb39b305d71b80b7b43
119642,2026-05-21T19:51:32Z,2026-05-26T15:14:29Z,master,human,MEMBER,4.7,38aa1881d93fd1143891b070854dd49fe3ba8c78
119644,2026-05-21T21:45:03Z,2026-05-23T00:27:01Z,master,human,MEMBER,4.7,8a5af716e1b99ab24951d0303afd7dbc0fca5941
119648,2026-05-22T05:40:08Z,2026-05-22T16:09:09Z,master,human,MEMBER,4.7,df3168ad6ec86638744c33ab39af022a05405867
119651,2026-05-22T09:50:24Z,2026-05-22T16:09:09Z,master,human,MEMBER,4.7,6137953493eba13a4e594787d2198c6a03ad2242
119659,2026-05-22T14:45:18Z,2026-05-25T17:56:41Z,master,human,CONTRIBUTOR,4.7,92b674706c28e9be640cf0df8add1d4bd55786e8
119665,2026-05-22T17:41:57Z,2026-05-23T00:27:01Z,master,human,MEMBER,4.7,fa6cad230f638d65a5a897008c5fc512edc237ad
119668,2026-05-22T18:58:03Z,2026-08-26T19:39:28Z,master,human,CONTRIBUTOR,4.8,432120621fbf65dfbb1cf24b5cb37647f6f3e98f
119669,2026-05-22T19:00:30Z,2026-06-25T13:37:19Z,master,human,CONTRIBUTOR,4.8,57836078857fe89e27b1f0a1e8e9c16442c2dee5
119679,2026-05-23T00:01:57Z,2026-05-25T16:23:26Z,master,human,MEMBER,4.7,6d236606c378d2912bef9f807842c06b99012c59
119682,2026-05-23T03:04:20Z,2026-05-25T16:23:26Z,master,human,CONTRIBUTOR,4.7,b0d2251aebc2b65beb3227d268c7708087ff0792
119689,2026-05-23T16:03:32Z,2026-05-25T16:23:26Z,master,human,MEMBER,4.7,8ac58f7d6723d358b67565037f3206ebfe65afe0
119692,2026-05-23T20:26:04Z,2026-05-26T15:14:29Z,master,human,MEMBER,4.7,2014874dbdbfa3a1e22917fd7549ede87d73f6e0
119701,2026-05-24T03:23:14Z,2026-06-02T14:44:05Z,master,human,CONTRIBUTOR,4.7,29743b29c286792cf221a73044db6332e2a099f2
119704,2026-05-24T11:13:41Z,2026-09-01T22:55:44Z,master,human,CONTRIBUTOR,4.8,396a51fad67566cda3a4c3c92b8272fc3e95cc9a
119706,2026-05-24T11:34:58Z,2026-06-30T13:50:26Z,master,human,MEMBER,4.8,1ef0889b73b7f95efb3292038b59e1ab266048fd
119710,2026-05-24T14:45:08Z,2026-05-25T16:23:26Z,master,human,CONTRIBUTOR,4.7,08558acb36d69bdd76b522cd235eba2c0eaffca9
119711,2026-05-24T15:05:11Z,2026-05-25T16:23:26Z,master,human,CONTRIBUTOR,4.7,932e68953f62b21f2d572db23df3ec0bcd5d8ad8
119717,2026-05-24T20:39:08Z,2026-05-25T16:23:26Z,master,human,CONTRIBUTOR,4.7,ff37378bedd6be9bf4c4bed766abb1ecd25de5f5
119719,2026-05-24T22:04:05Z,2026-05-25T16:23:26Z,master,human,MEMBER,4.7,a7344b574f927d1eac533c80b389b7777af0e4cf
119720,2026-05-24T22:22:29Z,2026-08-05T14:52:34Z,master,human,CONTRIBUTOR,4.8,0c696aab95e1a3fc7098b51aec932cd031256c90
119721,2026-05-24T22:26:03Z,2026-05-25T16:23:26Z,master,human,MEMBER,4.7,ab3c1e24923f3f370bf7cd2024cf005ee1cd724b
119722,2026-05-24T23:30:59Z,2026-05-25T17:56:41Z,master,human,CONTRIBUTOR,4.7,e6af20f0e3c02403559eebbfce04a9c5b77434ed
119736,2026-05-25T12:58:19Z,2026-09-14T14:22:40Z,master,human,MEMBER,4.8,24d40d20bfe4415fc42a99aeb8b7a5856ded243d
119737,2026-05-25T13:23:57Z,2026-05-26T15:14:29Z,master,human,MEMBER,4.7,66658e7f4ce4def925257ee217704b9719101092
119741,2026-05-25T15:49:26Z,2026-05-25T17:56:41Z,master,human,MEMBER,4.7,88ad186627e9dc071d44523a2db081fd7e5ddef1
119745,2026-05-25T16:24:48Z,2026-05-25T17:56:41Z,master,human,CONTRIBUTOR,4.7,fb324ed2cf6d82b4eb80b6c6acbefb54bd9dc9ca
119746,2026-05-25T16:31:36Z,2026-06-22T13:34:28Z,master,human,MEMBER,4.8,f011e5044f285ed1f565f6bb0da83c2cc2642bcb
119750,2026-05-25T19:06:03Z,2026-09-27T16:30:19Z,master,human,CONTRIBUTOR,4.8,ae6f2af908fa498c7bd504d886c34495c5197bf8
119751,2026-05-25T19:28:26Z,2026-06-15T13:56:42Z,master,human,MEMBER,4.7,645638db91769059ed061450e6b348a7033d4225
119755,2026-05-25T20:26:16Z,2026-06-01T16:17:45Z,master,human,CONTRIBUTOR,4.7,ef3b82356d1dbcff12b2714644338775d255bf26
119756,2026-05-25T20:27:40Z,2026-05-26T15:14:29Z,master,human,CONTRIBUTOR,4.7,b404bc6a744a3754337e906c0249d2bf838c9348
119757,2026-05-25T20:43:50Z,2026-05-29T15:56:06Z,master,human,MEMBER,4.7,93d16cc84c479c0f6b22187882a48336f040a78a
119761,2026-05-25T23:26:34Z,2026-05-26T15:14:29Z,master,human,CONTRIBUTOR,4.7,3cbd4358fc2673f5b68239c103cd29db27e5ac89
119771,2026-05-26T08:11:33Z,2026-08-19T17:22:26Z,master,human,CONTRIBUTOR,4.8,3792b02c556aec6061a380d24b100faee38468db
119773,2026-05-26T08:23:17Z,2026-05-27T16:31:51Z,master,human,CONTRIBUTOR,4.7,5ed6ae232567f1ade07dd0f396797b3d8f7d3101
119775,2026-05-26T08:27:52Z,2026-05-27T16:31:51Z,master,human,MEMBER,4.7,0f551ab0cd82ef9f747570d5f557ccd63a0a1587
119781,2026-05-26T13:21:47Z,2026-05-26T15:14:29Z,master,human,MEMBER,4.7,242084198c456bbcf1ddc956df278645fb17b8a0
119784,2026-05-26T13:58:01Z,2026-06-18T15:25:18Z,master,human,NONE,4.8,f3b6d131aca3b258f9fbc29aaa6c8aa56ec77328
119789,2026-05-26T17:08:58Z,2026-09-15T22:57:10Z,master,human,CONTRIBUTOR,4.8,dfa06cafb4546eac47d863dfa12aec54e4efa586
119790,2026-05-26T17:24:42Z,2026-06-18T15:25:19Z,master,human,MEMBER,4.8,c48458d5ba9b0c40324ebf324df004c626bd70b7
119792,2026-05-26T18:16:27Z,2026-06-18T15:25:18Z,master,human,CONTRIBUTOR,4.8,237cdd71581e9a5f04d1c429504ebe3891f10201
119797,2026-05-26T23:43:16Z,2026-06-18T18:19:40Z,master,human,CONTRIBUTOR,4.8,7d448ad0a2f490191013171b0ae30d4d93270704
119798,2026-05-27T02:04:20Z,2026-06-18T15:25:18Z,master,human,CONTRIBUTOR,4.8,52a600f0508822a621a5aa4d09f8cf5ea880a5ce
119806,2026-05-27T07:52:17Z,2026-06-22T13:34:28Z,master,human,MEMBER,4.8,b0890caadef842ce370613178e57f7c2d516ebfe
119807,2026-05-27T08:00:55Z,2026-07-05T16:00:27Z,master,human,CONTRIBUTOR,4.8,8b4459d7d77de7a410ee509716729471de67c84c
119808,2026-05-27T08:01:06Z,2026-06-09T11:49:27Z,master,human,CONTRIBUTOR,4.7,f92a322ad49811f608146750a40fcb31439f24d2
119810,2026-05-27T10:45:08Z,2026-06-25T13:37:18Z,master,human,MEMBER,4.8,0d9ffd70b21f833d891bbb31e5f53feb44596734
119813,2026-05-27T11:57:38Z,2026-06-22T13:34:28Z,master,human,MEMBER,4.8,46a03b03a21a1b61f9b4db0277853dfc6ba9f9c2
119816,2026-05-27T13:02:36Z,2026-08-04T16:52:30Z,master,human,CONTRIBUTOR,4.8,3b44df35abaa7ad831af92d9eb13ccacb61916e1
119819,2026-05-27T15:44:02Z,2026-05-27T16:31:51Z,master,human,MEMBER,4.7,e82870e250a326c94e03d658306db94e1b116c2d
119820,2026-05-27T16:28:48Z,2026-06-18T18:19:40Z,master,human,MEMBER,4.8,c2b4471b03f4c4d0f2323504307ea9fbae1d1909
119823,2026-05-27T17:10:37Z,2026-06-01T16:17:44Z,master,human,MEMBER,4.7,076428bdb80f72fc3f62f7c955c91f49f7017a08
119829,2026-05-27T18:52:46Z,2026-05-29T15:56:06Z,master,human,MEMBER,4.7,c5b9b59d7a56486db879e901315653cc51b8cf07
119830,2026-05-27T20:12:20Z,2026-06-25T13:37:18Z,master,human,CONTRIBUTOR,4.8,40c2ff700fd5a938a9a1cc132c6832ec457e94af
119831,2026-05-27T21:51:07Z,2026-05-29T15:56:06Z,master,human,MEMBER,4.7,dff2b9bb66a01d8c1a207531b0752405c7399124
119834,2026-05-28T01:31:17Z,2026-06-26T13:55:22Z,master,human,CONTRIBUTOR,4.8,d29129001a0e628205b20a9ef6efef13a2897674
119842,2026-05-28T09:37:39Z,2026-06-02T14:44:05Z,master,human,CONTRIBUTOR,4.7,105eb8d61d90eba73d21a59f92203d856dfe5e5d
119854,2026-05-28T17:53:39Z,2026-05-29T15:56:06Z,master,human,MEMBER,4.7,468534bf0a4263d3a635301037bd952f9f35b572
119871,2026-05-29T13:29:21Z,2026-06-02T14:44:05Z,master,human,CONTRIBUTOR,4.7,9da915af9f023843a7a2c844e0eb3832006d743b
119872,2026-05-29T13:49:54Z,2026-06-01T16:17:44Z,master,human,CONTRIBUTOR,4.7,f3ec4cee64bc26b8a99d13f045f243de5df1f4e5
119875,2026-05-29T15:38:53Z,2026-06-24T15:21:14Z,master,human,CONTRIBUTOR,4.8,4a2f1a6fd0a40309153dd32c13632261db752750
119876,2026-05-29T15:45:33Z,2026-06-23T19:55:12Z,master,human,CONTRIBUTOR,4.8,49d0b2812204f3e80bf144cef558b76f498f0b5e
119880,2026-05-29T18:46:23Z,2026-06-01T16:17:44Z,master,human,MEMBER,4.7,17203c1658b6ea7cc4867cfa9d5cf5358acaca5a
119883,2026-05-29T21:11:48Z,2026-06-01T16:17:45Z,master,human,MEMBER,4.7,9edad8884f9f4459165a68cbfae96737a46a0289
119890,2026-05-30T05:28:42Z,2026-06-02T14:44:04Z,master,human,MEMBER,4.7,1abed4c810dd2e170f2e75abc5189eeaf91fdab7
119893,2026-05-30T06:55:00Z,2026-06-18T18:19:40Z,master,human,CONTRIBUTOR,4.8,e6769fdfa7373024cd0ed00b95a7f90d3883208c
119905,2026-05-31T01:22:22Z,2026-07-03T15:02:40Z,master,human,CONTRIBUTOR,4.8,ec4710b531091242057eeb83f476aa7390c363f3
119908,2026-05-31T04:19:20Z,2026-06-03T16:05:19Z,master,human,CONTRIBUTOR,4.7,1bfbab316a993e5a253535777839a5fd6c3987a1
119909,2026-05-31T05:37:30Z,2026-06-03T16:05:19Z,master,human,CONTRIBUTOR,4.7,dba2dd36d0659ae0f97a70924d2a5ee678b620e0
119910,2026-05-31T06:17:21Z,2026-06-05T14:30:10Z,master,human,CONTRIBUTOR,4.7,dc9049fbba5efff2b6156c11de3018e98368164c
119919,2026-05-31T19:09:39Z,2026-06-01T16:17:44Z,master,human,CONTRIBUTOR,4.7,5d5e27b2bd47f0d1ab261708da77bf543e396a71
119930,2026-06-01T06:36:23Z,2026-06-01T16:17:44Z,master,human,MEMBER,4.7,973060e0f7a0284fd5b234af2faf7224f0049f3b
119931,2026-06-01T07:59:38Z,2026-06-24T19:56:48Z,master,human,CONTRIBUTOR,4.8,ad74092df35246322c547ee99068d3d2bfd39a10
119932,2026-06-01T08:03:37Z,2026-07-13T15:44:20Z,master,human,CONTRIBUTOR,4.8,2cd047c26db4f5bcb1b48500820a016451eb0a8d
119936,2026-06-01T10:08:18Z,2026-06-18T20:20:23Z,master,human,MEMBER,4.8,8abf31dd55e039150195bd419b88f488f7019c90
119938,2026-06-01T11:09:00Z,2026-06-01T16:17:44Z,master,human,CONTRIBUTOR,4.7,2587d5181dbcf83f9440cba8eb1c252b158e43b0
119940,2026-06-01T12:10:00Z,2026-06-24T19:56:48Z,master,human,CONTRIBUTOR,4.8,c335d3f6f1ef6f40e4712337bfe8bd203fb4a731
119941,2026-06-01T12:16:25Z,2026-06-18T15:25:18Z,master,human,MEMBER,4.8,aee86943d6f87f63eeae908443791dff694d9b3c
119945,2026-06-01T16:48:51Z,2026-06-02T14:44:04Z,master,human,CONTRIBUTOR,4.7,dd0195d5b52975f8a447cbcc3af1a6bdb4ffe302
119950,2026-06-01T20:43:03Z,2026-06-02T14:44:04Z,master,human,MEMBER,4.7,dc0422466ccbafba16632fef242da917e547c8d1
119958,2026-06-02T06:50:12Z,2026-06-02T14:44:04Z,master,human,MEMBER,4.7,ee4c179b360fb36cea95b56891ff341add9223c9
119959,2026-06-02T08:20:04Z,2026-06-24T15:21:14Z,master,human,MEMBER,4.8,0fe4dfb2370a7554e6c04f14322c7780052520d3
119964,2026-06-02T11:17:11Z,2026-06-03T16:05:19Z,master,human,MEMBER,4.7,039d4d614feccacbb254a29745170e91da90d509
119965,2026-06-02T12:02:18Z,2026-06-02T14:44:04Z,master,human,MEMBER,4.7,339020a519bcc2bfdaa82d8ce8479eb66400c32b
119966,2026-06-02T12:34:22Z,2026-06-02T22:42:29Z,master,human,MEMBER,4.7,a8b64029658ca5bcf315ecf5947880a7ecc0fabf
119967,2026-06-02T13:05:16Z,2026-06-30T13:50:26Z,master,human,CONTRIBUTOR,4.8,da80e6c885aedc2ad5f265d50dde0f68a04f2e14
119968,2026-06-02T13:23:45Z,2026-06-02T14:44:04Z,master,human,MEMBER,4.7,417cd33bf636a0ede02e5e940e963306ea6fc21c
119970,2026-06-02T14:58:57Z,2026-06-02T22:42:29Z,master,human,MEMBER,4.7,cbc3aa33f64b1e376faa1c91a37a8dd593472b93
119971,2026-06-02T15:12:20Z,2026-06-02T22:42:29Z,master,human,CONTRIBUTOR,4.7,fc3585607d2de008fd7d4b1a3b136392b789f9ba
119975,2026-06-02T15:50:43Z,2026-06-02T22:42:29Z,master,human,CONTRIBUTOR,4.7,95efa7f46a00113a895ca7429cd8157009291083
119976,2026-06-02T15:51:20Z,2026-06-23T19:55:12Z,master,human,CONTRIBUTOR,4.8,cc2746ac2665a57d88412cd10ffec159a4c4a18e
119977,2026-06-02T16:04:21Z,2026-06-02T22:42:29Z,master,human,CONTRIBUTOR,4.7,9d2e20a046f9a008c15a24f1c6c83b04331763e4
119978,2026-06-02T17:26:43Z,2026-06-25T13:37:18Z,master,human,CONTRIBUTOR,4.8,02abdd89c6d11904a3f74aa8df52461185bfb1f1
119980,2026-06-02T18:55:36Z,2026-06-02T22:42:29Z,master,human,MEMBER,4.7,4d3bfd2b621a24ddafcc20893541a09eda5f1915
119982,2026-06-02T19:29:06Z,2026-06-02T22:42:29Z,master,human,CONTRIBUTOR,4.7,3badc0ee23caf1e5269fe90f8ee17e09d4d2b682
119983,2026-06-02T22:42:03Z,2026-06-08T14:14:59Z,master,human,MEMBER,4.7,6629ee4ec331cfc3c468239cbf7e5203ea18ebcd
119987,2026-06-03T06:07:37Z,2026-06-03T16:05:19Z,master,human,MEMBER,4.7,70ee45d0439f23e2bc62a1ef1ad827ffa52730ef
119989,2026-06-03T10:54:25Z,2026-06-18T15:25:18Z,master,human,CONTRIBUTOR,4.8,99c4eac0c6317919fe573ae895bc08502c2f0230
119990,2026-06-03T12:36:43Z,2026-09-14T14:22:40Z,master,human,CONTRIBUTOR,4.8,044952f78ad1c0b6eb5eb75699bba741442ddb27
119992,2026-06-03T13:49:58Z,2026-06-03T16:05:19Z,master,human,MEMBER,4.7,bbd3f43b57db5008539e87bd86ef9e3cc7a44a23
119994,2026-06-03T15:37:07Z,2026-06-18T15:25:18Z,master,human,MEMBER,4.8,eb316c6177cef3d41ac2f4e24c4a1a95643085b7
119995,2026-06-03T15:44:55Z,2026-06-18T15:25:18Z,master,human,CONTRIBUTOR,4.8,24363b23719407ff235d1de01d16eb2d0505f4e7
119997,2026-06-03T17:11:06Z,2026-06-04T14:54:49Z,master,human,MEMBER,4.7,5b45283c2aa22ddd7e249b385342c60c61646f7d
119998,2026-06-03T17:16:20Z,2026-06-04T14:54:49Z,master,human,CONTRIBUTOR,4.7,eea0ff082db51e09d99860da9688cadc7170360c
119999,2026-06-03T18:21:22Z,2026-06-08T14:14:59Z,master,human,MEMBER,4.7,f1ab81c99031e1e897217f6e6b80a7a01512534d
120001,2026-06-03T19:00:31Z,2026-06-04T14:54:49Z,master,human,CONTRIBUTOR,4.7,72cc0fc9a75bf041e84b9d37e7e31e17cb114a9e
120002,2026-06-03T19:06:05Z,2026-07-04T16:14:42Z,master,human,CONTRIBUTOR,4.8,a3fc1cbcfb88e59935194b2a873f32789656125f
120004,2026-06-03T21:38:22Z,2026-06-18T20:20:23Z,master,human,CONTRIBUTOR,4.8,1d88ddda0f263741c93b2b04dcc4066f81fc72a6
120006,2026-06-04T05:09:02Z,2026-06-05T14:30:10Z,master,human,MEMBER,4.7,070dc9897ea1b84ab2a7ec04b9bc1b94f38a0eaf
120007,2026-06-04T08:01:26Z,2026-06-08T20:23:17Z,master,human,MEMBER,4.7,fb5a83eb60820f77048479e6a48816c9fcc3b1f6
120009,2026-06-04T10:57:56Z,2026-08-26T19:39:27Z,master,human,CONTRIBUTOR,4.8,e317275e8e55773c4d0bf6f7a94a8e7ab1ea216f
120012,2026-06-04T17:28:07Z,2026-09-22T15:21:21Z,master,human,MEMBER,4.8,48c61bb6c7d4ae015cf0b63d3fa22af0ed090b6c
120016,2026-06-04T20:55:07Z,2026-06-18T15:25:18Z,master,human,CONTRIBUTOR,4.8,30f8b32d8edb241d994fdd63bf9c0800ac037b40
120018,2026-06-04T22:22:42Z,2026-09-03T17:51:13Z,master,human,CONTRIBUTOR,4.8,414ac89b0485534d3ec3f9f33c065541316dcfaf
120021,2026-06-05T02:44:36Z,2026-06-24T15:21:14Z,master,human,CONTRIBUTOR,4.8,cf2b36e13d7858dc8137916b71efd2a476a9ac88
120025,2026-06-05T05:36:38Z,2026-06-08T20:23:17Z,master,human,MEMBER,4.7,8bbedec7f97bbefc65e38a05b96620c03d757d19
120028,2026-06-05T08:31:31Z,2026-06-08T14:14:59Z,master,human,MEMBER,4.7,09522aea1c33fd4939714da3096f61242700db8a
120030,2026-06-05T10:05:01Z,2026-06-18T18:19:40Z,master,human,MEMBER,4.8,05e56dfe527bfaa95b95add6d13c0bdb5afd97d6
120031,2026-06-05T12:42:12Z,2026-06-18T18:19:40Z,master,human,CONTRIBUTOR,4.8,fd0166505af8500329145c022bd942d73971f6f7
120034,2026-06-05T15:43:09Z,2026-06-18T18:19:40Z,master,human,MEMBER,4.8,3725d4c61298e1c82ecd7d98e8aad897408b233c
120036,2026-06-05T17:39:23Z,2026-06-22T13:34:28Z,master,human,CONTRIBUTOR,4.8,9749dbfe764a705fe385d88476bac5c7a3fcf15c
120040,2026-06-05T23:44:42Z,2026-06-22T13:34:28Z,master,human,CONTRIBUTOR,4.8,bf3016d9cf4d797625dc1b4421d26ec9012397c7
120053,2026-06-07T07:56:09Z,2026-06-25T13:37:18Z,master,human,MEMBER,4.8,b6da0a52cce1aac7557d14dd85eab261fa86fc89
120055,2026-06-07T10:16:35Z,2026-06-22T13:34:28Z,master,human,MEMBER,4.8,18c64bcf88d10fb1d4af465b6421d2897f543419
120056,2026-06-07T12:39:59Z,2026-06-23T19:55:12Z,master,human,MEMBER,4.8,ca611c03a626e6615f2ae64e79da73249f4afc58
120059,2026-06-07T14:15:02Z,2026-06-08T14:14:58Z,master,human,MEMBER,4.7,6c325574cd8818ce6da0b27300ce0b6632d5f82a
120062,2026-06-07T15:12:32Z,2026-06-24T19:56:48Z,master,human,MEMBER,4.8,fd98f8452afdc80236ba01f69f27537f5a368dc1
120063,2026-06-07T15:44:18Z,2026-06-08T14:14:58Z,master,human,CONTRIBUTOR,4.7,15957647b57d85d657db47c1cdf890350dd6ae0a
120069,2026-06-07T20:04:55Z,2026-06-08T14:14:59Z,master,human,CONTRIBUTOR,4.7,5a49c75875e1b5bb19097ef0ca95fa57cd3df255
120071,2026-06-07T21:56:00Z,2026-06-08T14:14:59Z,master,human,MEMBER,4.7,279e7ca3cbd340553f8b7ce19e46570560564ccb
120072,2026-06-07T22:09:40Z,2026-06-10T18:52:07Z,master,human,MEMBER,4.7,3df26a02c446710c979daa541b74f87edeca81b0
120077,2026-06-08T02:58:00Z,2026-06-08T14:14:58Z,master,human,MEMBER,4.7,526528bd8d829c50b28d350df353ec22266660f2
120085,2026-06-08T15:12:22Z,2026-06-08T20:23:17Z,master,human,MEMBER,4.7,bd4b537c95ed0eb30b00beb99276490c31b76861
120086,2026-06-08T17:27:57Z,2026-07-20T16:05:07Z,master,human,MEMBER,4.8,8e8104d629d7e1726844a3be63d38d629152973b
120087,2026-06-08T17:31:04Z,2026-06-18T20:20:24Z,master,human,MEMBER,4.8,1f8239a668536eefd3f7950393a57b17b794ff30
120088,2026-06-08T17:31:51Z,2026-08-18T12:10:34Z,master,human,MEMBER,4.8,232d1ab8baff571015fb33337ccc9e58dfea478c
120092,2026-06-08T21:38:34Z,2026-06-09T11:49:27Z,master,human,MEMBER,4.7,c00ea3dc58d2d0e9fc5d264702da5e7f4cc79433
120093,2026-06-08T22:02:35Z,2026-08-04T16:52:30Z,master,human,MEMBER,4.8,afcf9f756cd3ddbd94e0d27a043e9eef27ab1160
120102,2026-06-09T07:06:49Z,2026-06-09T16:06:22Z,master,human,MEMBER,4.7,ec67cbe92628bdaf979b10594359ba6f02cf8838
120104,2026-06-09T08:43:19Z,2026-06-11T20:29:19Z,master,human,MEMBER,4.7,8879fa9c4a3cde7c438f1b9572d94b282a62348b
120106,2026-06-09T09:58:19Z,2026-06-09T11:49:27Z,master,human,MEMBER,4.7,dc59c8b250bec794d6f454e952e47d4a854eeab2
120108,2026-06-09T11:20:20Z,2026-06-11T20:29:19Z,master,human,CONTRIBUTOR,4.7,54819cde65c0d9954be78be51df854dbf5fb09bc
120111,2026-06-09T13:32:10Z,2026-06-09T16:06:22Z,master,human,MEMBER,4.7,9d876745b311044790cf6025095544ae7107d913
120116,2026-06-09T14:56:32Z,2026-06-12T18:46:58Z,master,human,MEMBER,4.7,c25fac660fc495cdb14e8faccefeafd13183ff0b
120117,2026-06-09T15:31:35Z,2026-06-09T16:06:22Z,master,human,MEMBER,4.7,d12dbb0a34802c15f85bc3b8df210b08c7b9b3ba
120120,2026-06-09T19:07:06Z,2026-06-11T20:29:19Z,master,human,MEMBER,4.7,a7a654a56509bcef058f8683d092aa5b33c7baa5
120122,2026-06-09T21:46:18Z,2026-06-25T13:37:18Z,master,human,MEMBER,4.8,3943539f6f7b2f396353591f8fde4f317f27769b
120125,2026-06-09T23:40:03Z,2026-07-30T16:14:00Z,master,human,CONTRIBUTOR,4.8,1c0337bb4e6a1c986722bc83d9af3b6299745d8d
120126,2026-06-09T23:57:17Z,2026-07-27T14:53:38Z,master,human,CONTRIBUTOR,4.8,d8c3ade8bdbf37a719ccb12fb12a71562f7b784a
120127,2026-06-10T01:29:42Z,2026-07-10T19:10:32Z,master,human,MEMBER,4.8,a970e54c11620e0150b0418176527256bf3ff05a
120128,2026-06-10T02:25:48Z,2026-06-23T12:02:18Z,master,human,CONTRIBUTOR,4.8,2e41e531b92cd9e74baa1a0652e49b1faf9f8b39
120139,2026-06-10T10:25:03Z,2026-06-22T13:34:28Z,master,human,MEMBER,4.8,28db2de289b3eb8dbc193b9fa5fdf012aed12da7
120141,2026-06-10T11:22:56Z,2026-09-14T18:54:11Z,master,human,CONTRIBUTOR,4.8,1a0d5d8c93ed4ccfa18e2850a465bd64a7be5295
120154,2026-06-10T16:09:16Z,2026-06-19T20:16:54Z,master,human,MEMBER,4.8,1567add1a70e9c01cc2e7a7bb96751c1ddecfac9
120158,2026-06-10T17:38:39Z,2026-09-16T16:22:29Z,master,human,MEMBER,4.8,66336f81096c404b0d799f56f8ad07d82385dbda
120159,2026-06-10T17:53:57Z,2026-09-11T16:26:15Z,master,human,CONTRIBUTOR,4.8,206a4ff6b4a803ab607e7f6870e52e21e0fbea98
120164,2026-06-10T19:45:00Z,2026-06-11T20:29:19Z,master,human,MEMBER,4.7,463bde5426590e21560c788aea0107d4d0f588a6
120179,2026-06-11T04:46:15Z,2026-06-24T15:21:14Z,master,human,CONTRIBUTOR,4.8,c319b2fa5d6f7580f0b3f96da04cad1dd6ea1d68
120180,2026-06-11T05:30:57Z,2026-06-18T18:19:40Z,master,human,MEMBER,4.8,c69c6dbed4ff393d39513d0f46b7a3865268395f
120181,2026-06-11T06:11:19Z,2026-06-18T18:19:40Z,master,human,MEMBER,4.8,ba9f8fd2ccd76c15632ea8b313aa2212ba884f95
120185,2026-06-11T07:43:42Z,2026-06-18T15:25:18Z,master,human,MEMBER,4.8,ff69b2730e92ad2f164cc13f76e398e8db4783d0
120191,2026-06-11T12:11:41Z,2026-06-22T13:34:28Z,master,human,CONTRIBUTOR,4.8,cb4b6883cb79a9b5a6fd42b7c2118ce9515f7722
120198,2026-06-11T16:27:13Z,2026-06-11T20:29:19Z,master,human,MEMBER,4.7,dadcef98bad49047cef1867110724c76c482c576
120207,2026-06-11T20:20:14Z,2026-06-18T20:20:24Z,master,human,MEMBER,4.8,d28c8495a218bfc97d5504c62f29d6e2bd82bab9
120208,2026-06-11T20:26:54Z,2026-06-29T15:58:39Z,master,human,CONTRIBUTOR,4.8,6f44e80f6db43159339c873645d5692c59450042
120212,2026-06-11T21:07:37Z,2026-06-29T20:19:15Z,master,human,CONTRIBUTOR,4.8,8d271b89ecc9c308278bed7cc8d5c76b23aa168d
120213,2026-06-11T21:22:47Z,2026-06-18T18:19:40Z,master,human,MEMBER,4.8,88849e714c11fa3d183deaea71e95e710a639a74
120230,2026-06-12T05:21:47Z,2026-06-18T18:19:40Z,master,human,MEMBER,4.8,3408519fccf734ccda639e6142c395393dfa653d
120231,2026-06-12T05:23:01Z,2026-06-25T13:37:18Z,master,human,CONTRIBUTOR,4.8,2c3a349fba64aef63cf8bb8135f439fd4809144f
120239,2026-06-12T14:01:56Z,2026-06-12T18:46:58Z,master,human,MEMBER,4.7,5074fb4e929e4ac868f3a8370923e0f913336bcf
120241,2026-06-12T15:10:51Z,2026-06-15T13:56:42Z,master,human,MEMBER,4.7,ff92d4c9bb461f2693dbf6c53bec828b133c695d
120242,2026-06-12T15:23:31Z,2026-06-25T13:37:18Z,master,human,MEMBER,4.8,a8efe49df969d815a25c5808d45cea50b94323a8
120243,2026-06-12T15:31:49Z,2026-06-15T13:56:42Z,master,human,CONTRIBUTOR,4.7,9fae09dbb6da3270d1634400003472fb3971fc1d
120249,2026-06-12T17:20:10Z,2026-06-18T20:20:23Z,master,human,CONTRIBUTOR,4.8,495c29411d1c9e9b9bb1ad9a0d441312ee1b337d
120250,2026-06-12T17:35:15Z,2026-06-12T18:46:58Z,master,human,MEMBER,4.7,df6235838b63dd49f448547406e339848455c140
120252,2026-06-12T20:38:44Z,2026-06-15T13:56:42Z,master,human,MEMBER,4.7,8ab0735c9c38985dfb8e1b150d133b96231b3098
120254,2026-06-13T01:29:36Z,2026-06-16T17:51:54Z,master,human,CONTRIBUTOR,4.7,20fbec29fdd1996e732b6fa41ce9afc934722a8e
120258,2026-06-13T11:14:50Z,2026-06-15T13:56:42Z,master,human,CONTRIBUTOR,4.7,b4156a8833d366eb3c8efadabcb54db409851c96
120261,2026-06-13T14:11:08Z,2026-06-15T13:56:42Z,master,human,CONTRIBUTOR,4.7,d2102acab6bfc6e6e0840f9f79eca73cd10e7c80
120263,2026-06-13T14:31:38Z,2026-08-07T19:42:16Z,master,human,CONTRIBUTOR,4.8,ae96114a5efd1a75e5ade4df5df885d269065358
120265,2026-06-13T19:07:01Z,2026-06-25T13:37:18Z,master,human,MEMBER,4.8,43f48418d74afa1e092a1c791313e53992e663f9
120267,2026-06-13T19:21:25Z,2026-07-15T17:00:28Z,master,human,CONTRIBUTOR,4.8,85adc40a08dae4dcfe2857e575d1371e8a6a76ca
120271,2026-06-13T20:59:40Z,2026-06-25T13:37:18Z,master,human,MEMBER,4.8,6a096acc6193ba21f5c679a4a6e4f3c1cec3c576
120277,2026-06-14T00:41:03Z,2026-07-13T19:00:48Z,master,human,MEMBER,4.8,0c55a1f68a01933a423b2cf04df1b0322c57c7f7
120280,2026-06-14T08:32:34Z,2026-06-16T17:51:54Z,master,human,CONTRIBUTOR,4.7,0baf46a3c7c193c4a7f38a36c3369c9405bf6856
120285,2026-06-14T10:32:18Z,2026-06-18T18:19:40Z,master,human,CONTRIBUTOR,4.8,c57778be4a039e005d6ee5691cbc123137bd7eb4
120286,2026-06-14T10:45:21Z,2026-06-18T20:20:23Z,master,human,MEMBER,4.8,63c69a6101f49cb71a83ec825bd1a25732ccaa15
120298,2026-06-14T19:38:46Z,2026-06-16T17:51:54Z,master,human,CONTRIBUTOR,4.7,86637357b31405db2a4c709f77bf4378eb4ead51
120300,2026-06-14T19:50:58Z,2026-06-15T13:56:42Z,master,human,CONTRIBUTOR,4.7,1f92b45db3167896f3a1eac54eae9380c15e2ac0
120303,2026-06-14T20:13:17Z,2026-06-19T20:16:54Z,master,human,CONTRIBUTOR,4.8,47789b52be2e32e284ad72ee7e444fdf8604df0b
120304,2026-06-14T21:26:13Z,2026-07-13T15:44:20Z,master,human,MEMBER,4.8,40d194c12e3b3230aeb6f76df5f5fa9ee813ed5a
120305,2026-06-14T21:39:56Z,2026-08-11T00:21:27Z,master,human,CONTRIBUTOR,4.8,4c1862ec57bd1a71ec2d22a43c8d9af9c9ad73e1
120311,2026-06-15T05:13:45Z,2026-06-15T19:43:35Z,master,human,MEMBER,4.7,6b1004bbebe112ab27804160933f78eb4959bca6
120313,2026-06-15T06:37:12Z,2026-06-15T13:56:42Z,master,human,MEMBER,4.7,258ac916608afe5fc43cd78f3a541d44a23409bf
120316,2026-06-15T09:07:20Z,2026-07-10T15:26:04Z,master,human,CONTRIBUTOR,4.8,c1004735eb18b4a1ba175a6defd400da601a2a34
120320,2026-06-15T13:46:53Z,2026-06-23T19:55:12Z,master,human,MEMBER,4.8,bff324b16eb7282ec5d80f6e666eea16a95f452f
120327,2026-06-15T18:53:56Z,2026-06-18T20:20:23Z,master,human,CONTRIBUTOR,4.8,980e6ff1ca11c34061d1b9e21e43707b630f698b
120344,2026-06-16T11:17:32Z,2026-06-17T17:37:58Z,master,human,MEMBER,4.7,2301f3612231317bc919d20c6e0a6deaecf04531
120346,2026-06-16T13:02:23Z,2026-06-16T17:51:54Z,master,human,CONTRIBUTOR,4.7,f7890e3f996f0b29c990929978fc82a8d364610d
120350,2026-06-16T15:05:40Z,2026-06-18T20:20:23Z,master,human,CONTRIBUTOR,4.8,f4e801f332de4288655941451f6121b9f322f5b2
120351,2026-06-16T15:51:17Z,2026-06-18T18:19:40Z,master,human,CONTRIBUTOR,4.8,913b2a87c27f227c77543ab89ea775c3d47c3e62
120352,2026-06-16T15:53:05Z,2026-06-18T20:20:23Z,master,human,MEMBER,4.8,7472648ee21c507b6f5bc2931cd0505b7dfb3b49
120354,2026-06-16T17:02:43Z,2026-09-17T18:03:49Z,master,human,MEMBER,4.8,f587776c6df53748f0accf4798a4ab8d3a015151
120360,2026-06-17T11:02:31Z,2026-06-18T15:25:18Z,master,human,MEMBER,4.8,30dd41e4feac829e6b6bc6eb01704c889e959f85
120362,2026-06-17T12:00:01Z,2026-06-18T15:25:18Z,master,human,MEMBER,4.8,bfba5b0f4086ee4aa3956a16416fc6c7b3a7f4b3
120363,2026-06-17T12:06:47Z,2026-06-17T17:37:58Z,master,human,MEMBER,4.7,feeea39cb2f791c0df112dbc08b59ae0e001265b
120366,2026-06-17T15:23:55Z,2026-06-18T15:25:18Z,master,human,MEMBER,4.8,06fa82a667f16098e4f60b8e4ed7fd7c1a343865
120369,2026-06-17T16:24:46Z,2026-06-17T17:37:58Z,master,human,MEMBER,4.7,2a74ac212b406ec78b5f2794d9e23c9ff2e5fae1
120371,2026-06-17T16:35:33Z,2026-06-18T15:25:18Z,master,human,MEMBER,4.8,0700dd70bb239b2577bfdf5a089e46fd53348ed4
120373,2026-06-17T17:51:50Z,2026-09-14T14:22:40Z,master,human,MEMBER,4.8,79c7380def5497649314af8ac0bdb070d5dbadfe
120376,2026-06-17T18:30:38Z,2026-06-18T20:20:23Z,master,human,MEMBER,4.8,0805326979658b3d03a1817ab9f6838eff7761b2
120388,2026-06-18T05:24:18Z,2026-06-19T17:12:21Z,master,human,CONTRIBUTOR,4.8,a3ca8442f4b76e0be3d62f269abcc5f42dc775e0
120389,2026-06-18T07:31:24Z,2026-06-18T18:19:40Z,master,human,MEMBER,4.8,08d27b646053893d1e9d9c720e7fd600569f093c
120393,2026-06-18T09:21:16Z,2026-06-18T18:19:40Z,master,human,MEMBER,4.8,0217e8e010b825c0768d73da8172049b3b1d6488
120394,2026-06-18T09:43:07Z,2026-06-18T15:25:18Z,master,human,MEMBER,4.8,a80e2b299477088a30bdf05c1c84f1ced75c6592
120395,2026-06-18T13:43:09Z,2026-06-24T15:21:14Z,master,human,MEMBER,4.8,c364628302cae71296a085c006d859641738f741
120399,2026-06-18T16:08:29Z,2026-07-10T21:23:17Z,master,human,MEMBER,4.8,2c089e9bf0b8712d0bc444c2ceaf9c543ed9c777
120400,2026-06-18T16:47:04Z,2026-08-26T19:39:27Z,master,human,CONTRIBUTOR,4.8,0acf094a51c377d6b2ee7e4670c7ffaacd3734e7
120403,2026-06-18T17:14:03Z,2026-06-23T12:02:18Z,master,human,MEMBER,4.8,8101255d2b30f747d170a7cd77c6af02f450f5db
120411,2026-06-18T20:58:25Z,2026-06-25T13:37:18Z,master,human,CONTRIBUTOR,4.8,87e53984ce1c031f37b696882eea07cf98f5854a
120418,2026-06-18T23:20:20Z,2026-06-22T17:34:12Z,master,human,CONTRIBUTOR,4.8,d94d7d12a5c97c8134389257d8870811ecebf25f
120433,2026-06-19T04:14:29Z,2026-06-23T12:02:18Z,master,human,MEMBER,4.8,ff3cef0e5b36ef528d3a3b3f5109518281dee0b2
120435,2026-06-19T06:22:09Z,2026-06-19T17:12:21Z,master,human,MEMBER,4.8,b66f1d5b5c71f896b219c1ae778f963e4eaba10c
120443,2026-06-19T09:03:21Z,2026-06-19T20:16:54Z,master,human,MEMBER,4.8,9259ccaa6c86e33a196d2efa0c9ec8d08e58234c
120449,2026-06-19T11:50:24Z,2026-06-19T20:16:54Z,master,human,MEMBER,4.8,78b2935446274b8b3e58d1c52a2ad3ad94d1cb81
120453,2026-06-19T14:12:47Z,2026-06-24T15:21:14Z,master,human,CONTRIBUTOR,4.8,e78c7da64eed0ee2dd7245248b7dbe33a7ca42cd
120456,2026-06-19T16:50:38Z,2026-06-23T12:02:18Z,master,human,MEMBER,4.8,43a27350ee41ba60f9c1734a8ced7245a249f076
120464,2026-06-19T21:31:55Z,2026-06-29T15:58:39Z,master,human,MEMBER,4.8,90fd654b19d64ba5631ca34ebe0f89a27fa7ebf1
120466,2026-06-19T21:48:32Z,2026-06-23T12:02:18Z,master,human,CONTRIBUTOR,4.8,7aa756a4b3190827062395f583e134f09543e100
120469,2026-06-19T21:59:41Z,2026-06-22T13:34:28Z,master,human,CONTRIBUTOR,4.8,5f39b46011b2da8c1eaa8e68a309b45d0e2dde23
120478,2026-06-20T09:54:48Z,2026-06-23T12:02:18Z,master,human,CONTRIBUTOR,4.8,1f59966493ee82b93a3248e35146cdc876e60bee
120481,2026-06-20T13:21:07Z,2026-06-22T17:34:12Z,master,human,CONTRIBUTOR,4.8,0a277d26eb04a770deedbf5cbb8406ce39688498
120487,2026-06-20T15:47:43Z,2026-07-06T15:45:02Z,master,human,MEMBER,4.8,72e904ba90c4814fe48003052387fb7d47e39cef
120488,2026-06-20T15:50:11Z,2026-06-22T17:34:12Z,master,human,MEMBER,4.8,f96d91f0739d53aee0086a25738f4ea81410a984
120500,2026-06-20T22:13:20Z,2026-06-22T17:34:12Z,master,human,CONTRIBUTOR,4.8,7cd391d11815d56da238e9c8efd7868094684742
120517,2026-06-21T13:16:16Z,2026-07-25T14:38:01Z,master,human,MEMBER,4.8,bd231b5faf571e95b820014237b9d5787eb375fa
120530,2026-06-21T18:43:22Z,2026-06-24T15:21:14Z,master,human,MEMBER,4.8,e7fb8ccb5d48323e14f20fe2f49c76fc676a8415
120533,2026-06-21T20:00:47Z,2026-07-20T23:37:52Z,master,human,MEMBER,4.8,918e4b8f1d8b2bbe41c9ccb847fe8161c1f5beb4
120538,2026-06-22T00:19:15Z,2026-06-24T15:21:14Z,master,human,CONTRIBUTOR,4.8,e3326f804dd6db6288d8c216769b61ed0bfba46e
120544,2026-06-22T07:45:44Z,2026-07-05T16:00:27Z,master,human,MEMBER,4.8,5155f37bdc855e2d22e452140d70285cd237665c
120545,2026-06-22T08:23:41Z,2026-06-24T15:21:14Z,master,human,CONTRIBUTOR,4.8,6d9fc126044df61343ffa19ad53d899225599b0b
120548,2026-06-22T12:33:32Z,2026-07-17T17:33:08Z,master,human,CONTRIBUTOR,4.8,db489203b7c66d9486c50c12b9ea1c692190368f
120549,2026-06-22T12:40:19Z,2026-07-30T16:14:00Z,master,human,CONTRIBUTOR,4.8,e300ea229acd00655191a4cbc8e85e7e9cab143a
120554,2026-06-22T16:41:45Z,2026-06-23T12:02:18Z,master,human,CONTRIBUTOR,4.8,4d5a89bdf5f2e174d12b4842b5a22f86edf4a43d
120555,2026-06-22T17:02:52Z,2026-06-24T19:56:48Z,master,human,MEMBER,4.8,a7d010ed0b5f435dd867478345abc51c540c5187
120556,2026-06-22T17:08:16Z,2026-06-22T17:34:12Z,master,human,CONTRIBUTOR,4.8,e187cdbc3672a85299df00149d46f1ecef35159f
120558,2026-06-22T20:52:54Z,2026-09-23T17:49:47Z,master,human,CONTRIBUTOR,4.8,1323639f3cfb3b480374f6a65cef185050bc612e
120568,2026-06-23T06:46:57Z,2026-06-23T12:02:18Z,master,human,MEMBER,4.8,a8e758bb6967a5e487810f3edae927af7c512740
120577,2026-06-23T13:40:46Z,2026-06-29T18:37:48Z,4.7,human,CONTRIBUTOR,4.7,32ed611f237784db2647880fab85c6b1b6ef8d42
120578,2026-06-23T14:02:36Z,2026-06-24T15:21:14Z,master,human,MEMBER,4.8,6fccedc3cd58195cf29293b73e45a39f30e0e9a5
120584,2026-06-23T17:08:32Z,2026-06-23T19:55:12Z,master,human,MEMBER,4.8,643d407ba4aae6e2108e4f49dd94c04bdfe879ef
120589,2026-06-23T20:55:11Z,2026-06-24T15:21:14Z,master,human,CONTRIBUTOR,4.8,fd4c9db2a259b52bcc3558dfa5cd2d1b1329beb9
120590,2026-06-23T21:05:55Z,2026-07-25T14:38:01Z,master,human,MEMBER,4.8,f879e6fa676f16364c4573488c2b4b9d76960a4d
120591,2026-06-23T21:10:28Z,2026-06-26T12:56:15Z,master,human,MEMBER,4.8,bf6cdd03700601548c7457b990dc8a6f49c6f1d3
120592,2026-06-23T21:25:40Z,2026-06-26T13:55:22Z,master,human,CONTRIBUTOR,4.8,a1ebca4de7f3ae77a7719cff4e5db42abe74daa0
120593,2026-06-23T22:44:41Z,2026-06-26T13:55:22Z,master,human,CONTRIBUTOR,4.8,098e1959b8a77002c77a0a5dac5b97002643866a
120595,2026-06-23T23:36:35Z,2026-06-24T15:21:14Z,master,human,MEMBER,4.8,d886af1f22fae83acf15ee1a3e9fc701492256f5
120599,2026-06-24T02:17:32Z,2026-07-07T14:40:40Z,master,human,MEMBER,4.8,3a69a9b2cbebd9cfd614ef0d568dcf9138496b82
120602,2026-06-24T10:14:44Z,2026-07-27T14:53:38Z,master,human,CONTRIBUTOR,4.8,a94b316c159a22807fed9e77e98d5adf78471dfa
120607,2026-06-24T12:38:37Z,2026-08-03T19:26:59Z,master,human,CONTRIBUTOR,4.8,457470a8d0109b994bb8d6951b3abe5299fb6ee6
120609,2026-06-24T13:40:47Z,2026-08-24T19:51:14Z,master,human,MEMBER,4.8,d1c5d1b78fce9ce1f307b95254368c477d4f2045
120610,2026-06-24T13:43:03Z,2026-08-11T00:21:27Z,master,human,MEMBER,4.8,c8f0a366f06d440f849dea21b2b739f35dabf080
120612,2026-06-24T14:09:25Z,2026-06-25T17:26:43Z,3.x,human,CONTRIBUTOR,3.7,218d4a538463081e6ca342784338b03dd96094d5
120620,2026-06-24T19:47:38Z,2026-07-15T17:00:28Z,master,human,CONTRIBUTOR,4.8,a686a57f73125e453edef920405235aee04405ed
120626,2026-06-25T04:33:21Z,2026-06-29T15:58:38Z,master,human,CONTRIBUTOR,4.8,32e1c05610ae51f5fc64c997f59e810bc2b72960
120627,2026-06-25T05:02:11Z,2026-06-25T10:10:46Z,3.x,human,MEMBER,3.7,4927fd7a2c794423dbd2c07ab5c76f7967f2c5fd
120631,2026-06-25T11:56:28Z,2026-08-31T14:12:30Z,master,human,MEMBER,4.8,18a63d15e944eaaa107b2f37ebf40893c751ce20
120640,2026-06-25T14:21:20Z,2026-06-29T15:58:39Z,master,human,CONTRIBUTOR,4.8,0ba632d5136b1fde43dbe694126f4862f2468cf4
120643,2026-06-25T15:15:53Z,2026-06-25T15:27:18Z,master,human,CONTRIBUTOR,4.8,d3a5a85866fb4115b058506425d1d4e7f39dd194
120644,2026-06-25T16:52:19Z,2026-09-16T19:06:52Z,master,human,MEMBER,4.8,cb9eb90dc4273e42667ed52951568c1e09716337
120647,2026-06-25T20:05:22Z,2026-07-13T15:44:20Z,master,human,MEMBER,4.8,20ab4017209ffad0862e7d85bcc1fc73ceada637
120651,2026-06-25T23:27:58Z,2026-06-26T13:55:22Z,master,human,MEMBER,4.8,2da5ed6dd9b4e987f4eb559e9597bffa1220f9b4
120655,2026-06-26T02:00:40Z,2026-06-26T13:55:22Z,master,human,MEMBER,4.8,b472259396e19e5f163ace38dd18e75b7a62f8ad
120659,2026-06-26T05:05:20Z,2026-07-01T15:36:14Z,master,human,CONTRIBUTOR,4.8,549d1846bdfc0886b4696a1a76f15206364f69b0
120672,2026-06-26T22:35:47Z,2026-06-29T15:58:38Z,master,human,MEMBER,4.8,9758e93540c9ab3a7583b704c5673cd0aae81fbb
120674,2026-06-27T00:13:28Z,2026-06-29T15:58:39Z,master,human,MEMBER,4.8,33a2b79200f4a4deccb47a043de3de2de1932b14
120676,2026-06-27T00:55:28Z,2026-06-29T15:58:38Z,master,human,MEMBER,4.8,4488ce551546e4c081f09fe7cc3ef94ffd123e23
120684,2026-06-27T07:57:46Z,2026-06-29T15:58:39Z,master,human,MEMBER,4.8,b2ffd57c91debb93a2703cc3a8b9ef0b016b4a9a
120685,2026-06-27T09:24:11Z,2026-06-28T11:35:25Z,3.x,human,MEMBER,3.7,de4e0eacb29ec80b46f5fb34d7c77c4f90fba6e0
120686,2026-06-27T10:08:03Z,2026-07-21T17:30:12Z,master,human,CONTRIBUTOR,4.8,130eb99fe81e15778408d6e62ff7c27164b3814a
120687,2026-06-27T13:50:42Z,2026-06-29T15:58:38Z,master,human,CONTRIBUTOR,4.8,4e12a7706e1750984b9b48addf4fc838cde15445
120695,2026-06-27T16:28:07Z,2026-09-29T19:11:39Z,master,human,CONTRIBUTOR,4.8,59a59b564d960fb7527274c27143215060976159
120696,2026-06-27T17:05:17Z,2026-06-29T15:58:38Z,master,human,CONTRIBUTOR,4.8,25ac892820f8659fe7323725779925554241ec1a
120711,2026-06-28T12:26:05Z,2026-07-02T17:54:13Z,master,human,CONTRIBUTOR,4.8,5032a09361f52a1f5191b9a3afb59e28ff99876d
120714,2026-06-28T15:37:48Z,2026-06-29T15:58:38Z,master,human,CONTRIBUTOR,4.8,790bff3c2e26edfc95801b5bd420738bc444f95d
120715,2026-06-28T16:05:08Z,2026-07-05T16:00:27Z,master,human,CONTRIBUTOR,4.8,21fa70d947abd0a53f3f5e6c2c38e179a809499e
120721,2026-06-28T19:37:08Z,2026-08-14T17:11:50Z,master,human,CONTRIBUTOR,4.8,44c5b87354e4f156fe69b2b1f5ceb00ffb52635e
120723,2026-06-28T20:54:08Z,2026-06-29T15:58:38Z,master,human,CONTRIBUTOR,4.8,c32d641c066d573f20ef8912e5b9719c80b88d87
120725,2026-06-29T02:28:49Z,2026-07-04T16:14:41Z,master,human,COLLABORATOR,4.8,1b34d1e483a310eb9d58d82de52c83b2a8b4b67c
120726,2026-06-29T03:59:36Z,2026-09-07T15:30:55Z,master,human,CONTRIBUTOR,4.8,7c010cd2e05bd0a8ac74e5c32f2ba55a31f3ae27
120728,2026-06-29T06:58:38Z,2026-06-30T13:50:26Z,master,human,MEMBER,4.8,d9cd859aac80d0b8fed0200ac9fef05049262d94
120731,2026-06-29T12:24:37Z,2026-06-29T20:19:14Z,master,human,CONTRIBUTOR,4.8,94fca61a84fb414265bc66b75e2136b4147d782f
120732,2026-06-29T13:45:23Z,2026-06-29T20:19:15Z,master,human,MEMBER,4.8,761a08ccc8a6fa879f7546d4773a28055ceec140
120733,2026-06-29T14:46:19Z,2026-06-29T15:58:38Z,master,human,CONTRIBUTOR,4.8,77c0879cffe8cb7336fab2b7c18dcad2d9a0176c
120736,2026-06-29T15:28:53Z,2026-06-29T20:19:15Z,master,human,MEMBER,4.8,cde3a02be07f2ffc3d2091cfeac9c94fb7b4aa66
120737,2026-06-29T15:38:45Z,2026-06-30T13:50:26Z,master,human,CONTRIBUTOR,4.8,0909ffeed71dcd3052a8c5099f274529d06aaa8d
120741,2026-06-29T16:54:55Z,2026-06-29T20:19:14Z,master,human,MEMBER,4.8,ff3f7325849fcda94396240978d7efa4a885f7b4
120744,2026-06-29T19:08:37Z,2026-06-30T19:52:55Z,master,human,MEMBER,4.8,73f238b0551cff81419a3d4bbf6ed80e86c71a2a
120746,2026-06-29T20:46:01Z,2026-06-30T13:50:26Z,master,human,MEMBER,4.8,db2d2a9ecc648765417f467743d175f8f6e2a3b2
120749,2026-06-29T21:51:28Z,2026-07-10T21:23:17Z,master,human,CONTRIBUTOR,4.8,5f808ee9dafd9e2d2b5e78689432588d4e8d5428
120760,2026-06-30T06:23:59Z,2026-07-14T17:02:13Z,master,human,CONTRIBUTOR,4.8,ccb8004960b1638f5532048db6c33a0bf5f0769e
120762,2026-06-30T08:39:48Z,2026-06-30T11:55:27Z,3.x,human,MEMBER,3.7,59059dd5356335244399a2010ee44b34268ba0f8
120763,2026-06-30T08:40:26Z,2026-07-27T14:53:38Z,master,human,CONTRIBUTOR,4.8,5582e354dd791a2f29f2789732144b1481f17262
120764,2026-06-30T08:41:17Z,2026-08-19T22:21:38Z,master,human,CONTRIBUTOR,4.8,42dc55537e5f0ad38441a38f4f414b56061c07a6
120768,2026-06-30T10:05:29Z,2026-07-03T19:08:06Z,master,human,MEMBER,4.8,11acc404b0f6ffe046009daa5e0cdbc6a9c214da
120773,2026-06-30T14:18:06Z,2026-06-30T17:30:40Z,4.7,human,CONTRIBUTOR,4.7,17e2686e0127943a221143e8ef35972c9ab11188
120774,2026-06-30T14:52:25Z,2026-06-30T19:52:55Z,master,human,MEMBER,4.8,0635ec50f31c7576b7ea6e6354a2170edf6d321d
120775,2026-06-30T15:15:00Z,2026-06-30T19:52:55Z,master,human,CONTRIBUTOR,4.8,7a3700feb14103cef8442c8ed9f1394201b12175
120776,2026-06-30T15:23:11Z,2026-09-16T16:22:29Z,master,human,MEMBER,4.8,7e7a3595df3a8894bffa36aabedef32fb5749a83
120777,2026-06-30T16:19:17Z,2026-06-30T19:52:55Z,master,human,CONTRIBUTOR,4.8,b79da676533f7403999b10b25196c3bb5ae9d3b0
120782,2026-06-30T18:57:57Z,2026-07-14T17:02:13Z,master,human,CONTRIBUTOR,4.8,6e9ef5c2a0d10b7886d0a01a5ab0f5e8e76f35f2
120784,2026-06-30T19:36:08Z,2026-07-06T15:45:01Z,master,human,MEMBER,4.8,a3561f1c1e098e6816a0e9e8fc1c8ab92fb34def
120785,2026-06-30T19:38:21Z,2026-07-01T15:36:14Z,master,human,MEMBER,4.8,886a2251721df13f9c934793cfaf438198f5ecb9
120786,2026-06-30T19:39:48Z,2026-09-03T17:51:13Z,master,human,MEMBER,4.8,88477d2e6391b20669d2150b32ea9a43f135464c
120787,2026-06-30T19:40:16Z,2026-07-02T17:54:13Z,master,human,MEMBER,4.8,b6bfb88224aa4f1c7cc0590bf33262cd1f7be49f
120789,2026-06-30T20:56:27Z,2026-08-24T17:10:38Z,master,human,CONTRIBUTOR,4.8,f48dcc26e05f8cdfdfe996d6a5659b500101bd73
120791,2026-06-30T21:27:53Z,2026-07-09T17:48:40Z,master,human,MEMBER,4.8,e3278ec9c8b1d837eed9474635b92b1f29c31b0e
120792,2026-06-30T21:48:17Z,2026-07-05T16:00:27Z,master,human,CONTRIBUTOR,4.8,8274cf21af27283a0d05bae6678ad3362f815902
120794,2026-06-30T22:00:10Z,2026-07-01T15:36:14Z,master,human,NONE,4.8,01e34cb3900f01ebb2c63416702e6de4a326a9e1
120795,2026-06-30T22:51:54Z,2026-07-29T17:25:31Z,master,human,MEMBER,4.8,0a32ff3b0b9de92c77cec1f3cf995845e426fb1d
120796,2026-06-30T22:58:05Z,2026-07-10T21:23:17Z,master,human,CONTRIBUTOR,4.8,53d42112723f2f5c41127b55cc4c0bf0bb33348d
120800,2026-07-01T01:38:19Z,2026-07-02T17:54:13Z,master,human,CONTRIBUTOR,4.8,efce2b1017111f75480ff160117f52a1b3a720d0
120805,2026-07-01T03:52:43Z,2026-08-10T16:14:38Z,master,human,CONTRIBUTOR,4.8,37d60da6938b75b30a42c717cd18e90c377b8e17
120807,2026-07-01T05:58:41Z,2026-07-01T08:25:51Z,3.x,human,MEMBER,3.7,0da93bbf8c9fb2adeebb7712e14bb1a605a67f04
120810,2026-07-01T08:42:43Z,2026-07-01T15:36:14Z,master,human,MEMBER,4.8,3cdd7abf4897ccc50514a974339c7badf80bc63b
120812,2026-07-01T09:26:46Z,2026-07-01T12:31:17Z,3.x,human,MEMBER,3.7,525b946356e8363d5f668bb7955e8c9e4cb68352
120814,2026-07-01T10:25:58Z,2026-07-01T15:36:14Z,master,human,CONTRIBUTOR,4.8,0b67dabdae2cacb0f2dcc32f6528160826066e0b
120815,2026-07-01T11:20:21Z,2026-07-01T11:57:47Z,3.x,human,MEMBER,3.7,8573134cd52e837af5ff4215d6f5ca7077b7b06c
120823,2026-07-01T15:05:19Z,2026-07-02T17:54:13Z,master,human,CONTRIBUTOR,4.8,a6cc45d2f6c5744dccaaaa4879c07a7887f89fda
120825,2026-07-01T15:44:51Z,2026-07-20T23:37:51Z,master,human,MEMBER,4.8,de4b58757c6b9039936b4c080ae5166e0025c7e3
120826,2026-07-01T17:31:44Z,2026-07-02T17:54:13Z,master,human,MEMBER,4.8,00e66b2e1e06e706cc60c77d5048ed9e2b37b2b1
120829,2026-07-01T18:00:12Z,2026-07-03T21:50:57Z,master,human,CONTRIBUTOR,4.8,4d074ea2ff575950f135579a6dcbc1040dcbe103
120831,2026-07-01T19:15:07Z,2026-07-10T19:10:33Z,master,human,MEMBER,4.8,c6fd489dc5e869cc72a80cd8680e9ea915d322cc
120834,2026-07-01T20:47:47Z,2026-07-03T15:02:40Z,master,human,CONTRIBUTOR,4.8,9e40167f9a861ca6a5bb54c1b7bf91c35373851f
120836,2026-07-01T20:55:22Z,2026-07-03T15:02:40Z,master,human,CONTRIBUTOR,4.8,8d07c62bb895044804302fab9ea07e9aa73eba8b
120838,2026-07-01T21:04:33Z,2026-07-03T15:02:40Z,master,human,CONTRIBUTOR,4.8,e8e7a0529caa55d7585e886113fa02dbb2125bd4
120840,2026-07-01T21:41:00Z,2026-07-03T15:02:40Z,master,human,MEMBER,4.8,8af2abb1c336bb8c178f2542b1c4793902514aaf
120844,2026-07-01T23:53:49Z,2026-07-22T18:53:44Z,master,human,MEMBER,4.8,db88f30a008b60535f7dfee9b6533e0a9aee6082
120845,2026-07-02T00:48:47Z,2026-07-15T17:00:28Z,master,human,CONTRIBUTOR,4.8,88ceef0557dc845df4186463e9778f1f051dfe68
120847,2026-07-02T07:59:40Z,2026-07-02T17:54:13Z,master,human,COLLABORATOR,4.8,c3362c1cf75e867fdc6ed57cbf71aa8876d3ddfb
120849,2026-07-02T10:56:08Z,2026-07-07T14:40:40Z,master,human,CONTRIBUTOR,4.8,c1cf29587f8fb767365680ae934b02e87b5d3c4d
120853,2026-07-02T12:34:41Z,2026-07-07T14:40:40Z,master,human,CONTRIBUTOR,4.8,1058994c479b037b68c397184be159386c151ebe
120858,2026-07-02T15:42:42Z,2026-07-02T17:54:13Z,master,human,CONTRIBUTOR,4.8,8c8fcd9285cd302bab00ae722dab716ccc265e8a
120859,2026-07-02T15:53:15Z,2026-07-02T17:54:13Z,master,human,MEMBER,4.8,87716da8ef0eee49b39df3e1ab1dea436a9bc453
120861,2026-07-02T16:34:15Z,2026-07-03T15:02:40Z,master,human,CONTRIBUTOR,4.8,7177493c122a563c2473073c039e568e0eec4079
120864,2026-07-02T18:15:04Z,2026-07-04T16:14:42Z,master,human,MEMBER,4.8,dae536ab517af86deff1874d935c82b6ab834799
120865,2026-07-02T19:08:49Z,2026-07-13T15:44:20Z,master,human,CONTRIBUTOR,4.8,82f9fe0bd774747b8d6b6c8146477f764a515b3d
120869,2026-07-02T20:00:46Z,2026-07-03T21:50:57Z,master,human,MEMBER,4.8,6815eff09550ddcd8837728bb19c5674360fad3c
120870,2026-07-02T21:10:36Z,2026-07-03T21:50:57Z,master,human,MEMBER,4.8,c55079e0b19aa0072ec7b33d94a4cd64e5f86401
120874,2026-07-02T22:13:53Z,2026-07-03T21:50:57Z,master,human,CONTRIBUTOR,4.8,95baa6f29a89416ecd0afa546e62032479739891
120876,2026-07-03T01:23:49Z,2026-07-03T15:02:40Z,master,human,CONTRIBUTOR,4.8,eadffb185c3c4a80f5ed8aa0ef8925582929479b
120882,2026-07-03T08:15:36Z,2026-07-06T15:45:01Z,master,human,CONTRIBUTOR,4.8,eb71229890f4f52c457318fbac948f5b8168c837
120883,2026-07-03T08:17:47Z,2026-07-04T16:54:45Z,3.x,human,MEMBER,3.7,98518cee9aac95962dfdece34e246ec0cf299f56
120886,2026-07-03T09:19:12Z,2026-07-03T21:50:57Z,master,human,CONTRIBUTOR,4.8,388ea4436d414d108ebbab817bbca5d7c687b130
120887,2026-07-03T09:25:50Z,2026-07-09T17:48:40Z,master,human,MEMBER,4.8,528ff33778563f5a09110a34a59215fd6792b784
120890,2026-07-03T09:47:39Z,2026-07-08T15:14:31Z,master,human,MEMBER,4.8,e17f949f934246f8951f1a926f22b22514698cb3
120891,2026-07-03T10:32:32Z,2026-07-15T17:00:28Z,master,human,CONTRIBUTOR,4.8,4b80850721c4f8d3f412d381d97e469c28b99482
120895,2026-07-03T10:58:38Z,2026-07-03T15:02:40Z,master,human,CONTRIBUTOR,4.8,6ef8091d9f8bfb31f8395dbb1d475e6a1b8543cf
120896,2026-07-03T11:09:36Z,2026-07-04T16:14:42Z,master,human,CONTRIBUTOR,4.8,73b66bb56a81539f859da98b7490528cb118ad47
120898,2026-07-03T15:50:47Z,2026-07-03T19:08:06Z,master,human,CONTRIBUTOR,4.8,0139b3af267856860c3910a2b5233fc6bff10ce8
120902,2026-07-03T16:46:38Z,2026-07-03T19:08:06Z,master,human,MEMBER,4.8,c68c74d2f247c0a13a4ad1ae19b4ed8d97352f72
120903,2026-07-03T17:29:17Z,2026-07-04T16:14:42Z,master,human,COLLABORATOR,4.8,6688271f6bed662993f45bd9eb8abc5a04a7785c
120907,2026-07-03T18:58:39Z,2026-07-03T19:08:06Z,master,human,CONTRIBUTOR,4.8,7e729ec09e097c81949d256ae8512a0f97e3a7cb
120912,2026-07-03T21:01:33Z,2026-09-01T18:32:20Z,master,human,CONTRIBUTOR,4.8,9e60af61ff93025d65d35d916894b761054e570e
120913,2026-07-03T21:45:20Z,2026-07-05T16:00:27Z,master,human,CONTRIBUTOR,4.8,4cc04cc0c1eafb1a69e40dda736aa38974a94b9e
120917,2026-07-04T01:23:25Z,2026-07-07T23:57:38Z,4.7,human,CONTRIBUTOR,4.7,7b97b90e14264d673572a7d151d93090b1c4c033
120928,2026-07-04T11:39:34Z,2026-07-09T17:48:40Z,master,human,CONTRIBUTOR,4.8,aa8c840bfac568fcc7d7f464f47d7ce4f7f6e6b8
120930,2026-07-04T13:01:50Z,2026-07-09T17:48:40Z,master,human,CONTRIBUTOR,4.8,a7d957cd6417a7c39dc22f0cd687c355b837a5e1
120936,2026-07-04T15:40:40Z,2026-07-04T16:14:42Z,master,human,MEMBER,4.8,d46028b0dce17df3c913ea3424342cfe77f1d158
120938,2026-07-04T16:21:06Z,2026-07-05T16:00:27Z,master,human,MEMBER,4.8,0b60028c47648ffcb9097383641eacf21c62b615
120939,2026-07-04T16:33:13Z,2026-07-06T15:45:01Z,master,human,CONTRIBUTOR,4.8,68bc4af882a7ec6c6323e19f81674b1517401c61
120940,2026-07-04T16:44:17Z,2026-07-05T16:00:27Z,master,human,CONTRIBUTOR,,1698a8b206b0c12785146b81165fa64d9cb666b3
120942,2026-07-04T18:45:15Z,2026-07-06T15:45:01Z,master,human,CONTRIBUTOR,4.8,a2fd8165d2bc32f8ee69c3baf030c2815eeec964
120944,2026-07-04T19:17:14Z,2026-07-05T16:00:27Z,master,human,CONTRIBUTOR,4.8,82e85adc2b0baa67d21d944e2d646f7e9fe50e9e
120947,2026-07-04T19:43:11Z,2026-07-06T15:45:01Z,master,human,CONTRIBUTOR,4.8,baf264382fe68c0c4e3eca8a998222140bf6b2cc
120955,2026-07-05T09:26:32Z,2026-07-05T16:00:26Z,master,human,CONTRIBUTOR,4.8,f50d84e7648fd010fa1da60befb273d29466cdc1
120958,2026-07-05T09:57:10Z,2026-07-14T17:02:13Z,master,human,CONTRIBUTOR,4.8,ca12a2be543f7bd20a5f8e0990df05386694ee4f
120962,2026-07-05T11:35:36Z,2026-07-10T19:10:33Z,master,human,MEMBER,4.8,91cb8e97688643bc00b7bede92c1d7b13716a22e
120968,2026-07-05T14:38:23Z,2026-07-17T17:33:08Z,master,human,CONTRIBUTOR,4.8,3be35b33515a5a86417303168faf168180abaf6a
120971,2026-07-05T14:57:32Z,2026-07-22T01:26:40Z,master,human,CONTRIBUTOR,4.8,d514eeb8e5027f9266fe9dc76b28528455b50b8e
120974,2026-07-05T16:00:28Z,2026-07-06T15:45:01Z,master,human,CONTRIBUTOR,4.8,fe8b3ee48a9913789ed0b59ae8c2915779485245
120976,2026-07-05T17:06:52Z,2026-07-13T15:44:20Z,master,human,MEMBER,4.8,bbad33562d2edbef59ee23f2ad83d0b12725454f
120978,2026-07-05T18:12:56Z,2026-07-06T15:45:01Z,master,human,MEMBER,4.8,4641426ace5741b3e613da52a77df79c48a28079
120982,2026-07-05T20:43:18Z,2026-07-06T15:45:01Z,master,human,MEMBER,4.8,2384a33d2a6fcaaba78507252e230514a5b386f1
120983,2026-07-05T21:06:19Z,2026-07-06T15:45:01Z,master,human,CONTRIBUTOR,4.8,9ca25ddaf93a8082a9a7b7940b3d72c9b72c0473
120984,2026-07-05T21:09:56Z,2026-07-10T15:26:04Z,master,human,CONTRIBUTOR,4.8,a01ecd94ad108e2a97f2657c1196805f9cc530c3
120985,2026-07-05T21:26:53Z,2026-08-11T00:21:27Z,master,human,MEMBER,4.8,33564ebbc21a7744a313efae9af180518030c894
121000,2026-07-06T08:37:57Z,2026-07-06T15:45:01Z,master,human,CONTRIBUTOR,4.8,9790baaefd18c8c1a5cc4a413e809104bd954ac9
121009,2026-07-06T15:14:18Z,2026-07-06T15:45:01Z,master,human,MEMBER,4.8,8e71f27910e9e0f11325c39f59ecbeba00582096
121012,2026-07-06T16:03:40Z,2026-08-05T14:52:34Z,master,human,CONTRIBUTOR,4.8,ab1947083cf7fc7fd4b8c2ce534a4bbf3e5672e5
121013,2026-07-06T16:20:21Z,2026-07-14T17:02:13Z,master,human,MEMBER,4.8,586fee171b9ed86a717338cf28bba9b46103dada
121014,2026-07-06T18:17:33Z,2026-07-07T14:40:40Z,master,human,CONTRIBUTOR,4.8,09df5f66493df4498cd90e229b91183c1c4f28d6
121019,2026-07-06T21:45:46Z,2026-07-07T14:40:40Z,master,human,MEMBER,4.8,e0e03920afb76f078a232157297f408e1675c85f
121026,2026-07-07T02:41:54Z,2026-07-07T14:40:40Z,master,human,CONTRIBUTOR,4.8,be4d2bcbe8173cbc33393c772c78ef07ca932fff
121030,2026-07-07T06:43:36Z,2026-07-07T14:40:40Z,master,human,MEMBER,4.8,c939bf3791ce40ff70e0ee29f06486da1ebb6a84
121036,2026-07-07T08:47:04Z,2026-07-10T15:26:04Z,master,human,CONTRIBUTOR,4.8,a22c0f4fe58335aa7394dd3aee987bf3545c4c80
121041,2026-07-07T10:35:19Z,2026-07-07T14:40:40Z,master,human,MEMBER,4.8,68a77f4610cd419fe848a5377ad5f6b3dc7014b4
121043,2026-07-07T11:27:51Z,2026-07-08T15:14:31Z,master,human,MEMBER,4.8,5b23892b8756b5d2083e28b51d4c169a77db4017
121049,2026-07-07T15:57:03Z,2026-10-02T14:42:15Z,master,human,CONTRIBUTOR,4.8,ef67ff681d36dbd49ee13ffa942927481c0d7270
121050,2026-07-07T15:57:56Z,2026-07-07T18:12:02Z,master,human,COLLABORATOR,4.8,194d66a92b0f62e643d89899bd072713872fae64
121053,2026-07-07T16:19:50Z,2026-09-16T19:06:51Z,master,human,MEMBER,4.8,d7164f01af5873254b2b285707f609e4f65b957a
121054,2026-07-07T16:20:04Z,2026-07-15T17:00:28Z,master,human,CONTRIBUTOR,4.8,12f885a18364ff01035716a08b44a3d8330abd63
121055,2026-07-07T16:29:03Z,2026-07-07T23:58:40Z,4.7,human,COLLABORATOR,4.7,d6096250e5d7dbc5850de5bfb415edaee3a4595e
121058,2026-07-07T17:13:28Z,2026-07-07T18:12:02Z,master,human,MEMBER,4.8,c1e3cbfcdc82704df09144818aed02889f7a5d76
121059,2026-07-07T18:56:22Z,2026-07-07T20:04:06Z,master,human,MEMBER,4.8,56d440ff546f1a4bf3a120d7136969f11964aea3
121063,2026-07-07T20:29:26Z,2026-08-24T19:51:14Z,master,human,CONTRIBUTOR,4.8,2211bdd16801161638e44a8bbe42b5b4a097cc2b
121064,2026-07-07T20:45:24Z,2026-07-09T17:48:40Z,master,human,MEMBER,4.8,0be83dae259d4ba2b1a7ec9c05b97b69f651009d
121065,2026-07-07T21:25:01Z,2026-09-11T22:25:27Z,master,human,CONTRIBUTOR,4.8,6f4311849f5843ea7f086ab22d179266958649ad
121071,2026-07-08T01:39:31Z,2026-07-20T16:05:06Z,master,human,CONTRIBUTOR,4.8,db01b4f730819cb39bce1922a7ec377b18239c0f
121076,2026-07-08T02:36:30Z,2026-07-09T17:48:40Z,master,human,CONTRIBUTOR,4.8,96d0c9107ec0adf5d09427f86ec2ac99b79d813e
121080,2026-07-08T04:21:33Z,2026-08-27T17:33:12Z,master,human,CONTRIBUTOR,4.8,62995466d754fa8b62ecd146d5137bbc69d040fc
121090,2026-07-08T12:39:12Z,2026-07-09T17:48:40Z,master,human,MEMBER,4.8,f1f143e1f72002cd6b92562e887422b14d4d9a21
121100,2026-07-08T17:34:43Z,2026-07-09T17:48:40Z,master,human,CONTRIBUTOR,4.8,89e8bc1d1a6eddd0a575b72f63d30376f655c027
121101,2026-07-08T17:41:11Z,2026-07-09T17:48:40Z,master,human,CONTRIBUTOR,4.8,851425e71b8fc033011071a9825ca6845f274354
121107,2026-07-08T19:27:11Z,2026-07-09T10:09:07Z,4.6,human,CONTRIBUTOR,4.6,f2fb4087ab01a500574ea4c4f5341dd44dd854f7
121108,2026-07-08T19:27:21Z,2026-07-26T16:44:33Z,4.5,human,CONTRIBUTOR,4.5,b1db0b49d040630e594cdad8d211f94c6b422977
121109,2026-07-08T19:27:33Z,2026-07-26T16:44:39Z,4.4,human,CONTRIBUTOR,4.4,ef77911c9586e430f0692c509beb436c999d5dd7
121110,2026-07-08T19:34:28Z,2026-07-09T07:18:50Z,3.x,human,CONTRIBUTOR,3.7,093c80362fb0e90d91cfdfee86d4ba6e166a65a8
121111,2026-07-08T19:39:50Z,2026-08-04T16:52:30Z,master,human,CONTRIBUTOR,4.8,28714ab401de8df8b2e43d3f80694d772a911371
121112,2026-07-08T21:03:22Z,2026-07-10T15:26:04Z,master,human,MEMBER,4.8,eb066bbdf37a72e0a71255766bd9728954038e4d
121118,2026-07-09T03:16:36Z,2026-07-17T17:33:08Z,master,human,CONTRIBUTOR,4.8,c12e51972a41665743be79c7d3e3fd5c871d97f3
121120,2026-07-09T06:13:42Z,2026-07-10T19:10:33Z,master,human,MEMBER,4.8,23f84e98f83b715509aed749bd56c9ea5942bbfc
121121,2026-07-09T06:14:45Z,2026-07-09T17:48:40Z,master,human,CONTRIBUTOR,4.8,6358123e877d10144795c1dd34f60fe60323193f
121122,2026-07-09T06:32:25Z,2026-07-22T21:28:39Z,master,human,CONTRIBUTOR,4.8,5fbabdb0879efa4ffeb17758c01b6c606b9c615c
121123,2026-07-09T06:54:18Z,2026-08-03T19:26:59Z,master,human,CONTRIBUTOR,4.8,63bb98a83f26b4617b60a08544c393eac9561bbf
121128,2026-07-09T08:59:01Z,2026-07-09T17:48:40Z,master,human,CONTRIBUTOR,4.8,ab07ac5c869c2cb1b122b4ba0db5da7a465accae
121129,2026-07-09T09:05:17Z,2026-07-10T15:32:14Z,4.7,human,MEMBER,4.7,7eae03352a04fadc82b4e0e373c6985f20514252
121131,2026-07-09T10:35:07Z,2026-07-10T19:10:32Z,master,human,MEMBER,4.8,c6ec3d1d418c7a4623aa0295c1bbf6ae8c92c1cf
121133,2026-07-09T12:09:47Z,2026-07-15T17:00:28Z,master,human,CONTRIBUTOR,4.8,c27cc67489f8f61532232c4c2ded7cab36f223df
121134,2026-07-09T13:43:12Z,2026-07-10T15:26:04Z,master,human,MEMBER,4.8,a9d27d4be5d8ec97b135fbd355e26218916528ab
121135,2026-07-09T14:23:13Z,2026-07-10T19:10:32Z,master,human,CONTRIBUTOR,4.8,08cb886a597d3f1cfe37eac567a98b9863785d31
121138,2026-07-09T16:13:51Z,2026-07-13T15:44:20Z,master,human,CONTRIBUTOR,4.8,0be0f7814db6ee8fa2938f47315aef807bc863c9
121139,2026-07-09T17:56:35Z,2026-07-09T18:09:35Z,master,human,CONTRIBUTOR,4.8,370b759037cf4bafd8f7904fc31551a5505efd22
121140,2026-07-09T18:07:50Z,2026-07-10T14:32:41Z,4.7,human,CONTRIBUTOR,4.7,9a59ab148e0fc4c3da4a7f3328d836645d1ceacc
121141,2026-07-09T18:33:20Z,2026-07-10T19:10:32Z,master,human,CONTRIBUTOR,4.8,652be13524360461dc43d5db6e609a291ff4c688
121142,2026-07-09T18:55:48Z,2026-07-22T21:28:39Z,master,human,CONTRIBUTOR,4.8,fa71ed29efc538262403911496024d5451b16328
121146,2026-07-09T21:20:00Z,2026-07-10T19:10:32Z,master,human,CONTRIBUTOR,4.8,4cc8702c2ec65e0792653818e4b8c4106bc260c1
121147,2026-07-09T21:25:23Z,2026-08-26T19:39:27Z,master,human,CONTRIBUTOR,4.8,d59ff2def9e4ce5ba3cf129bbbeeaf9b6797b6eb
121148,2026-07-09T21:47:00Z,2026-07-10T19:10:32Z,master,human,MEMBER,4.8,384cabb04162d14c5290faad023da2c42e6caf7e
121149,2026-07-09T22:08:04Z,2026-09-27T16:30:19Z,master,human,CONTRIBUTOR,4.8,111704d16d969445bbe2e511fc12056001493463
121150,2026-07-09T22:31:34Z,2026-07-28T14:42:09Z,master,human,MEMBER,4.8,316c7223003f354e71c04e92cee641218cdbd306
121155,2026-07-10T04:50:16Z,2026-07-10T15:26:04Z,master,human,MEMBER,4.8,eaa04c3830f5bcab286f62eccae11f62df2dc0a0
121157,2026-07-10T05:54:27Z,2026-07-10T19:10:32Z,master,human,CONTRIBUTOR,4.8,a3371022c3cda6e53f3b3c7b023ac4d97f86cfee
121160,2026-07-10T09:25:34Z,2026-07-13T15:44:20Z,master,human,MEMBER,4.8,2167456f00480daef893c4e267e689a4da5fe384
121161,2026-07-10T11:00:15Z,2026-07-15T17:00:28Z,master,human,MEMBER,4.8,2146cbb500fb173ccc5f2360d09af316a95a457c
121163,2026-07-10T12:16:55Z,2026-07-10T15:26:04Z,master,human,MEMBER,4.8,fd6016799021dc510d49f65f91dddb5b1ca2f324
121164,2026-07-10T13:13:04Z,2026-09-10T18:16:36Z,master,human,MEMBER,4.8,6e218271a17c9f435034e61804fb14f6e9824792
121165,2026-07-10T13:16:43Z,2026-07-10T19:10:32Z,master,human,MEMBER,4.8,f2fd79517594ea22fc945a643138b31b55df46dd
121168,2026-07-10T14:27:12Z,2026-07-10T15:26:04Z,master,human,CONTRIBUTOR,4.8,8344d482ea9efc4a9550202797a5c666d370fa6e
121171,2026-07-10T15:11:24Z,2026-07-24T14:25:35Z,master,human,MEMBER,4.8,cd989401ee59e06623b9eaa7c5d7e313c446b247
121177,2026-07-10T17:26:43Z,2026-08-14T17:11:50Z,master,human,MEMBER,4.8,9b4800f439349b2877fafc8ff38005285778ba19
121180,2026-07-10T18:25:27Z,2026-09-17T18:03:49Z,master,human,MEMBER,4.8,37a3193b6122b70d32b1704f31976b51339438b2
121182,2026-07-10T18:35:41Z,2026-07-10T21:23:17Z,master,human,CONTRIBUTOR,4.8,18de9de9a5e9c8f0b06517e28d23cd0eb28c5629
121192,2026-07-10T19:41:41Z,2026-07-10T21:23:17Z,master,human,NONE,4.8,2dd74924227aba06b0da9a2667836b68bf5b9b31
121200,2026-07-11T00:03:57Z,2026-07-13T15:44:20Z,master,human,MEMBER,4.8,4f60343c5e8956186fd9602d63befcf58d1208e4
121212,2026-07-11T05:32:30Z,2026-07-13T15:44:21Z,master,human,CONTRIBUTOR,4.8,e482becebec3eecd13ccd945971eb73c4fc733ab
121222,2026-07-11T10:04:47Z,2026-07-13T15:44:20Z,master,human,CONTRIBUTOR,4.8,18fb8c93fd09ea33f3fc905fe644b8384bcf6210
121223,2026-07-11T10:24:17Z,2026-07-13T15:44:20Z,master,human,CONTRIBUTOR,4.8,87577674b8dad62e58791cb59c60c6ac5fcd89bb
121224,2026-07-11T10:58:05Z,2026-07-13T19:00:47Z,master,human,CONTRIBUTOR,4.8,ada9ef7e917bd5474e5c70676ed902aede01fe79
121225,2026-07-11T11:53:06Z,2026-07-13T19:00:47Z,master,human,CONTRIBUTOR,4.8,7cc0ab8ab8a8377a7cd929611cd2da5ca87343ce
121226,2026-07-11T12:19:29Z,2026-07-13T19:00:47Z,master,human,CONTRIBUTOR,4.8,90d901b62d5c4878229850df31b9e43f3564697a
121227,2026-07-11T13:05:16Z,2026-07-16T18:11:27Z,master,human,MEMBER,4.8,42a694c7a0fe2f7693335a0b5942904ed7b83bac
121232,2026-07-11T15:54:49Z,2026-07-31T17:53:17Z,master,human,CONTRIBUTOR,4.8,f411eb952aaba3001b614c96f8157b215c2f580f
121233,2026-07-11T16:40:46Z,2026-07-20T23:37:52Z,master,human,CONTRIBUTOR,4.8,cec5abf6b004ffff51f6d0ae72ca17a3951520c3
121237,2026-07-11T17:49:55Z,2026-07-13T19:00:48Z,master,human,CONTRIBUTOR,4.8,6c6d3066077465fd374e9a1a5119c4b7737183b1
121243,2026-07-11T20:32:03Z,2026-07-13T19:00:47Z,master,human,CONTRIBUTOR,4.8,9954515e04e2f3c96ac7e89c29971246d7a3f5ad
121251,2026-07-12T02:10:00Z,2026-07-13T15:44:20Z,master,human,CONTRIBUTOR,4.8,42d70570d6fd9ac8d42ec4e3411ddfee143044ac
121255,2026-07-12T04:12:59Z,2026-07-15T11:03:40Z,master,human,CONTRIBUTOR,4.8,26228372b9a3d766058f886d390293c3592bac6d
121259,2026-07-12T08:31:30Z,2026-07-13T19:00:47Z,master,human,CONTRIBUTOR,4.8,720ce1cf578e265ce52b19f76082934b2b17dc01
121260,2026-07-12T08:43:33Z,2026-07-13T19:00:47Z,master,human,CONTRIBUTOR,4.8,f9b5cb7879042265140b3431e4bb619e739673e3
121262,2026-07-12T09:29:10Z,2026-07-14T17:02:13Z,master,human,MEMBER,4.8,9a3daa172c95b7433354923ce0b80164bc994af7
121265,2026-07-12T09:49:54Z,2026-09-27T16:30:19Z,master,human,CONTRIBUTOR,4.8,b13043816a0f234985030ec035363a005bc86c32
121274,2026-07-12T10:46:42Z,2026-07-13T19:00:48Z,master,human,MEMBER,4.8,9335ddf9684f1273190cf8c1ec8a9ad174a992cd
121277,2026-07-12T11:26:12Z,2026-07-13T15:44:20Z,master,human,CONTRIBUTOR,4.8,1d12125cd34c878ef80c67129a1761e77438cbb6
121278,2026-07-12T11:35:33Z,2026-07-15T17:00:28Z,master,human,MEMBER,4.8,b68623f1cf20accbc649acfa8d98999d69ec2f28
121283,2026-07-12T13:46:40Z,2026-07-14T17:02:13Z,master,human,CONTRIBUTOR,4.8,6e826be27b6ae0e2420b6fc9ce54f7f631158358
121291,2026-07-12T15:48:28Z,2026-07-13T15:44:20Z,master,human,CONTRIBUTOR,4.8,0fbc70fbe5a7899ce89ee89fb5ae7f76f015c607
121296,2026-07-12T19:27:50Z,2026-07-13T15:44:20Z,master,human,CONTRIBUTOR,4.8,574b713b9f29fac00b39cceb37993a659d1cafac
121304,2026-07-12T22:46:44Z,2026-07-13T19:00:47Z,master,human,CONTRIBUTOR,4.8,d05ca02bb8aab4d4f78aeae2b86b49a0e6ea145f
121311,2026-07-13T02:42:20Z,2026-08-18T12:10:34Z,master,human,CONTRIBUTOR,4.8,7e4db61676bf1072457dce70a1a645f260670b99
121313,2026-07-13T06:04:35Z,2026-07-13T19:00:47Z,master,human,MEMBER,4.8,6afe30da691956ca89f232cbbf4e5ffa4ee928a8
121315,2026-07-13T06:14:54Z,2026-07-13T19:00:47Z,master,human,CONTRIBUTOR,4.8,16400ddacccba1c4740722660502628ff6cdcd97
121317,2026-07-13T07:28:01Z,2026-07-13T19:00:47Z,master,human,MEMBER,4.8,f9c50012ee4f934c0975116fed242d67975b1718
121318,2026-07-13T08:42:07Z,2026-07-13T15:44:20Z,master,human,CONTRIBUTOR,4.8,d7c16f3a8d223c51f4de1286eea8be5a22b25822
121319,2026-07-13T09:55:21Z,2026-07-14T17:02:13Z,master,human,MEMBER,4.8,c1901a2d03c21ffb70a349ab3eb89056a4b44dbf
121320,2026-07-13T10:02:50Z,2026-07-13T15:44:20Z,master,human,CONTRIBUTOR,4.8,ffe8e05562c3e3fa5142c4c31de63c31635e9280
121322,2026-07-13T11:52:53Z,2026-09-08T17:14:12Z,master,human,MEMBER,4.8,64cb3f4195d08d5c762e53308c93ab5f30b7b621
121326,2026-07-13T13:52:18Z,2026-07-13T19:00:47Z,master,human,CONTRIBUTOR,4.8,4efc6b49e354989709c040f90bdfa7d929292ed4
121327,2026-07-13T14:48:57Z,2026-07-13T19:00:47Z,master,human,CONTRIBUTOR,4.8,82ed614c77259e5f2dad022fec3652dfd8349214
121331,2026-07-13T15:59:46Z,2026-07-13T17:54:09Z,4.7,human,CONTRIBUTOR,4.7,07cb117920589dc2bf146633b088c927b3c17fef
121333,2026-07-13T16:59:41Z,2026-07-13T19:00:47Z,master,human,CONTRIBUTOR,4.8,40d5f4cddebf4ce1bade49a81677a0a3a57c616d
121334,2026-07-13T17:41:22Z,2026-09-29T19:11:39Z,master,human,CONTRIBUTOR,4.8,b3caa18dbb9d713df0957930d1a4f9de26eb69a2
121337,2026-07-13T19:38:23Z,2026-07-13T19:39:58Z,master,human,CONTRIBUTOR,4.8,8d22f30fe0c49f4d9e6faed65984d3389dc18921
121339,2026-07-13T20:35:29Z,2026-07-20T16:05:06Z,master,human,CONTRIBUTOR,4.8,6640eae4320188152423fed84106e14d093d320d
121342,2026-07-13T21:24:08Z,2026-08-11T00:21:27Z,master,human,CONTRIBUTOR,4.8,2f2a9f4cc6ecba0d802c5f4ca46f0d6d4d88a18b
121348,2026-07-13T21:38:17Z,2026-07-14T17:02:13Z,master,human,CONTRIBUTOR,4.8,88fa2daa56dae2d142dac1c723e38d0ed155e7d8
121357,2026-07-14T05:16:28Z,2026-07-14T17:02:13Z,master,human,MEMBER,4.8,4a9543e48e05975bbcfda7e6aae4be3e7f20bda5
121358,2026-07-14T06:19:46Z,2026-07-14T17:02:13Z,master,human,MEMBER,4.8,e38cab73923be0302bba5c7eb707dc8604f8252a
121360,2026-07-14T09:19:55Z,2026-07-17T17:33:08Z,master,human,CONTRIBUTOR,4.8,83b6753a5cb8f7af5cb8ea3d200678d3f16eec02
121363,2026-07-14T11:04:56Z,2026-07-14T17:02:13Z,master,human,MEMBER,4.8,928297ad635e941c58f9ad2647930fedef36e7dd
121364,2026-07-14T11:51:56Z,2026-07-20T23:37:51Z,master,human,MEMBER,4.8,7220d456dcf116ae5499505a237b449c0b00cfce
121367,2026-07-14T13:40:45Z,2026-07-14T17:02:13Z,master,human,MEMBER,4.8,37013a9d931b9e5e943b979faa9d7ca784d83f3b
121371,2026-07-14T15:23:25Z,2026-07-15T23:18:27Z,master,human,CONTRIBUTOR,4.8,9c5136b228ed12a1b44f8735aeef6b5a72ccf20d
121374,2026-07-14T16:15:10Z,2026-07-15T17:00:28Z,master,human,MEMBER,4.8,151c9f48ac8d09526b5b957b265403233f4e1e97
121377,2026-07-14T16:58:53Z,2026-09-21T15:07:12Z,master,human,MEMBER,4.8,f10ee3023ee9d741ba5f2a632e00007b8923289e
121385,2026-07-14T20:57:00Z,2026-07-17T17:33:08Z,master,human,MEMBER,4.8,a8fb4020e8f74a7f893bf074ab7c65be226fe49c
121387,2026-07-14T21:44:01Z,2026-07-25T14:38:01Z,master,human,MEMBER,4.8,643bb6d27b245402016126e9d949839e5dd15c3d
121391,2026-07-15T01:57:49Z,2026-08-11T00:21:27Z,master,human,MEMBER,4.8,d14fe2a414f905a5503d6495cc7e4967a357fa51
121392,2026-07-15T02:05:10Z,2026-08-31T19:55:07Z,master,human,CONTRIBUTOR,4.8,20a52a8988b1170a53e0e04a7d71a0cb26f71656
121393,2026-07-15T05:01:11Z,2026-07-15T17:00:28Z,master,human,MEMBER,4.8,584aa88f2365e6f16f82afdee58f30e8561c9606
121394,2026-07-15T05:32:45Z,2026-08-11T00:21:27Z,master,human,MEMBER,4.8,d2e6c12516a1ccd6ae343c417a97d8e5299d6f7b
121395,2026-07-15T05:45:22Z,2026-08-11T00:21:27Z,master,human,MEMBER,4.8,a1f149e4bf32c14afd3eb2cda860cb2a31f5b01a
121398,2026-07-15T08:41:54Z,2026-07-15T17:00:28Z,master,human,MEMBER,4.8,0038ffc2c52e6baad02f1b2f9fbd87e4faf4b831
121403,2026-07-15T12:26:27Z,2026-07-16T18:11:26Z,master,human,MEMBER,4.8,9b39f0a4a6387fe623b2231055d2b4017e2a79e3
121404,2026-07-15T12:38:49Z,2026-08-05T14:52:34Z,master,human,MEMBER,4.8,197c08233ce968a02f8c23a8a6750c20820d460f
121408,2026-07-15T13:55:30Z,2026-09-16T19:06:52Z,master,human,MEMBER,4.8,3e060351854f716edf2b3d2f999b66fc15581e19
121409,2026-07-15T14:20:51Z,2026-07-22T18:53:44Z,master,human,MEMBER,4.8,8ccbeaca3e4832df9b4db277e15174c60f2fc2d3
121411,2026-07-15T15:37:38Z,2026-07-15T17:00:28Z,master,human,MEMBER,4.8,cb4142bc3912755b41a132e7645be997630cb608
121416,2026-07-15T16:06:23Z,2026-07-15T23:18:27Z,master,human,CONTRIBUTOR,4.8,d9652139767a3b36ec3ae69699db66de6ed94ab7
121417,2026-07-15T16:11:33Z,2026-07-16T18:11:27Z,master,human,CONTRIBUTOR,4.8,78e011866c5c7c07379944502d95b870aed6073b
121420,2026-07-15T16:32:19Z,2026-07-15T23:18:27Z,master,human,CONTRIBUTOR,4.8,49f68a134ec7997dda2eb5b92a1f43eb37273498
121423,2026-07-15T17:34:46Z,2026-07-15T23:18:27Z,master,human,MEMBER,4.8,19911d397caa2541393082b5cd8fc88b99ef6e38
121425,2026-07-15T18:08:11Z,2026-07-15T23:18:27Z,master,human,MEMBER,4.8,eb0edaf79623efc597a665f39555d2e58531b55d
121426,2026-07-15T18:34:41Z,2026-07-15T23:18:27Z,master,human,MEMBER,4.8,7046f978027d8180724109f8894a24a96e8e24d5
121427,2026-07-15T19:28:57Z,2026-07-15T23:18:27Z,master,human,CONTRIBUTOR,4.8,7eba2de31e2dedfa559e4c86170570bf7b49b967
121431,2026-07-15T22:33:28Z,2026-07-16T08:47:52Z,3.x,human,MEMBER,3.7,0843454fb859bd1bdd309c03b30ccfb1ef563372
121432,2026-07-15T23:18:04Z,2026-07-16T18:11:27Z,master,human,CONTRIBUTOR,4.8,b8a6a05607ec14b1ca464328c517d621bd029e09
121437,2026-07-16T00:13:26Z,2026-07-17T17:33:08Z,master,human,MEMBER,4.8,45f7a215dd022798e6c8c1ac7404b1a4cf2f09de
121439,2026-07-16T00:32:33Z,2026-09-02T14:42:28Z,master,human,CONTRIBUTOR,4.8,cb21626f072a403523623b888b901046fe4feea8
121446,2026-07-16T06:12:44Z,2026-08-19T17:22:26Z,master,human,CONTRIBUTOR,4.8,d238a74a36ebea170d37f1ec9c0793508cb6ae1e
121447,2026-07-16T08:58:02Z,2026-07-16T18:11:26Z,master,human,MEMBER,4.8,de71747c947562c952a40df01b5fd297b1748dcc
121448,2026-07-16T09:01:47Z,2026-07-17T17:33:08Z,master,human,MEMBER,4.8,ee65f9a3269266d54aacddbeb85494c2e44c5cef
121453,2026-07-16T13:10:50Z,2026-07-20T23:37:52Z,master,human,MEMBER,4.8,12898c38991c3c9cf2cc9a5557ef8cf584f73eac
121459,2026-07-16T15:31:34Z,2026-07-28T20:05:18Z,master,human,CONTRIBUTOR,4.8,d488d11119b4e0c67619b0c720d7c335ad2d0565
121463,2026-07-16T16:34:37Z,2026-08-10T08:22:12Z,3.x,human,MEMBER,3.7,a0414dd6f4c49f8591ad7b6f2bd79703bab824a7
121465,2026-07-16T18:03:44Z,2026-07-22T21:28:39Z,master,human,CONTRIBUTOR,4.8,30a0296cc25d7d62fd16e6f9ed5977c6c0ec0e3c
121466,2026-07-16T19:11:41Z,2026-07-17T17:33:08Z,master,human,CONTRIBUTOR,4.8,915af72378ca6db507ca7d3a4a0a9d51fc3543e2
121470,2026-07-16T19:27:30Z,2026-07-22T01:26:40Z,master,human,CONTRIBUTOR,4.8,9a29e70ffcfc3510803a1998d6fe27ae22f259b0
121472,2026-07-16T19:41:48Z,2026-07-17T17:33:07Z,master,human,MEMBER,4.8,123a03a169b2e96c789154f70138222f652c85b6
121473,2026-07-16T19:51:46Z,2026-07-17T17:33:07Z,master,human,MEMBER,4.8,1c05bd7e8901c8742c69af4b8ff73c8e07f171f2
121475,2026-07-16T21:15:29Z,2026-07-20T16:05:06Z,master,human,MEMBER,4.8,c8672d048790aaac21903fa23d3478aa5aa7774f
121477,2026-07-16T22:47:16Z,2026-07-22T01:26:39Z,master,human,MEMBER,4.8,9fe20dc03c9214ed17331950304c672fbc02c691
121478,2026-07-16T22:52:43Z,2026-07-17T17:33:08Z,master,human,MEMBER,4.8,b421d7425768ca2132f1b4063ccb28f1224fa3e9
121480,2026-07-16T23:18:17Z,2026-09-18T15:48:03Z,master,human,MEMBER,4.8,d751fde9c8b49467ad3f216da58d2aa49cc7cc61
121483,2026-07-17T00:14:52Z,2026-07-17T17:33:08Z,master,human,CONTRIBUTOR,4.8,9aabdb26ed736716c67a22a77a518b98e63dc1ab
121487,2026-07-17T02:33:49Z,2026-08-11T16:46:21Z,master,human,CONTRIBUTOR,4.8,4e802c9ebba5c779ffae82355ec582bbee814f7b
121488,2026-07-17T04:10:02Z,2026-08-04T16:52:30Z,master,human,CONTRIBUTOR,4.8,ac7ef92b78e66c6fd8e10144ac83a6ac997c7224
121489,2026-07-17T05:03:09Z,2026-07-25T14:38:01Z,master,human,MEMBER,4.8,a9ff07fce66aa6102998c3d56eacf046148b9fad
121495,2026-07-17T11:23:58Z,2026-07-17T17:33:08Z,master,human,CONTRIBUTOR,4.8,c806472612d456f8b6e920c067f85b3f2f5c0aff
121497,2026-07-17T11:51:23Z,2026-07-17T17:33:07Z,master,human,CONTRIBUTOR,4.8,b0958f87553d7111faeda420e82debf1eda8dc7e
121498,2026-07-17T11:57:54Z,2026-07-17T17:33:07Z,master,human,CONTRIBUTOR,4.8,7ba1df2a14f5ce405b1e89371503f16b0e78d052
121501,2026-07-17T13:30:20Z,2026-08-16T15:35:34Z,3.x,human,MEMBER,3.7,044207cf5fbe30e75885160b33afdd3a0c61139f
121504,2026-07-17T14:18:04Z,2026-08-14T17:11:50Z,master,human,MEMBER,4.8,fd3412cdc56794b1ced622efe9148fc9efefd7b1
121505,2026-07-17T14:36:44Z,2026-07-28T14:42:11Z,master,human,CONTRIBUTOR,4.8,839de3dfd69233476031693114087e5095dd5432
121507,2026-07-17T16:10:37Z,2026-09-30T16:57:13Z,master,human,MEMBER,4.8,579eea1c8cab6d3f740b7ca1a79e26fbc554d6ac
121509,2026-07-17T18:22:02Z,2026-07-21T17:30:12Z,master,human,CONTRIBUTOR,4.8,2e11cb98559998eafe2228d7153ec68580815110
121512,2026-07-17T19:53:33Z,2026-07-22T18:53:44Z,master,human,MEMBER,4.8,d8e89168f922f6cea6f3d19b1170f51a34efa8c4
121514,2026-07-17T21:25:06Z,2026-07-21T17:30:12Z,master,human,MEMBER,4.8,5dd5e2f2560dd5e703d6a6381374fda8bb5bd329
121519,2026-07-17T23:58:06Z,2026-07-20T16:05:06Z,master,human,MEMBER,4.8,84db9bbb85ae99208c1588e27fd3f89e3b240ec5
121521,2026-07-18T06:12:34Z,2026-07-18T08:16:46Z,3.x,human,MEMBER,3.7,b0e2278e91722deb5a8b7fa60526841965708f1f
121523,2026-07-18T06:53:11Z,2026-07-18T08:33:07Z,3.x,human,MEMBER,3.7,f6c8ce7ca989104ab1d37cd47e65bfb7408b2b6f
121525,2026-07-18T08:17:19Z,2026-07-20T16:05:06Z,master,human,MEMBER,4.8,c5c00e0de95ce9285bf34f25b9840a20db8a64ed
121526,2026-07-18T08:42:35Z,2026-07-18T09:36:21Z,3.x,human,MEMBER,3.7,8799d8bf435265ea14bb8177432f1a0dfb91fbba
121527,2026-07-18T10:46:19Z,2026-07-18T15:26:59Z,3.x,human,MEMBER,3.7,cbe73b148ee161dce6b9315bc953d7a0634ce47b
121528,2026-07-18T10:56:52Z,2026-07-20T16:05:06Z,master,human,MEMBER,4.8,1c286b3c3f344a25120832bc372d5135292db373
121530,2026-07-18T12:23:49Z,2026-07-20T16:05:06Z,master,human,CONTRIBUTOR,4.8,b673acddeb5b7e35c70cca67852afcb14c5ae223
121532,2026-07-18T13:06:57Z,2026-08-24T17:10:38Z,master,human,MEMBER,4.8,cbeedf04c3e07976e0bc49cc9f9c4cf85aa1ca07
121533,2026-07-18T14:12:58Z,2026-07-21T17:30:12Z,master,human,MEMBER,4.8,dc37f8961a3cb0a4b0d13f220680c4130a52ced6
121534,2026-07-18T14:55:03Z,2026-08-14T17:11:50Z,master,human,MEMBER,4.8,e32c54bed728824d390607226c1515052891c9ce
121535,2026-07-18T15:10:27Z,2026-07-20T16:05:06Z,master,human,CONTRIBUTOR,4.8,09c7113eff316bb1c6618793425e680eadce746e
121536,2026-07-18T17:23:42Z,2026-07-20T16:05:06Z,master,human,CONTRIBUTOR,4.8,1bf8590de7ed92bf7ef5859426b39779bf1f7d25
121546,2026-07-19T10:16:40Z,2026-07-20T16:05:06Z,master,human,CONTRIBUTOR,4.8,539e6b6090efe8f72565792c83d277db8626aa27
121547,2026-07-19T10:24:42Z,2026-07-22T01:26:39Z,master,human,CONTRIBUTOR,4.8,d0e7367628f7816a0e13f7548182926e34b19955
121548,2026-07-19T10:53:41Z,2026-07-21T17:30:12Z,master,human,CONTRIBUTOR,4.8,a11d9ada2887aec04e1cfd27d8f09c26508e9ac0
121549,2026-07-19T11:14:36Z,2026-07-21T17:30:12Z,master,human,CONTRIBUTOR,4.8,85aa6b3515ead5a095b1e845c7548c909e5c6493
121550,2026-07-19T11:17:59Z,2026-07-20T16:05:06Z,master,human,CONTRIBUTOR,4.8,97507fa18dc7379950e1b365ffd7380e89a14acc
121552,2026-07-19T13:50:10Z,2026-07-22T01:26:39Z,master,human,CONTRIBUTOR,4.8,b4fb06cdb3db0c61db40c7b365bfa7adec3cb2ce
121553,2026-07-19T14:16:33Z,2026-09-01T22:55:44Z,master,human,CONTRIBUTOR,4.8,10b83014d1d336f42036b20fad0d67dc5624dfb3
121557,2026-07-19T19:46:03Z,2026-07-20T16:05:06Z,master,human,CONTRIBUTOR,4.8,2b036b19cf0d1c64bcf304b1a1454af10d8e61ff
121560,2026-07-19T22:45:32Z,2026-07-24T14:25:34Z,master,human,CONTRIBUTOR,4.8,6dfb16c723a48dd1d312cf9854df5f69d825d017
121564,2026-07-20T13:28:11Z,2026-07-22T21:28:39Z,master,human,MEMBER,4.8,3d69f6e6ac56125b87a129406701462d57bd06ea
121565,2026-07-20T13:34:24Z,2026-07-20T23:37:51Z,master,human,MEMBER,4.8,cbaecfd3763809ff221f8b7846b4f34ddf0c90d9
121567,2026-07-20T14:45:45Z,2026-07-28T20:05:18Z,master,human,MEMBER,4.8,b420181798139baaa8053bec7810de37a1f7e7e0
121571,2026-07-20T16:33:37Z,2026-07-21T17:30:12Z,master,human,CONTRIBUTOR,4.8,d173ef90de9e40f3ec4e42119b291d65591b1b40
121575,2026-07-20T18:28:54Z,2026-08-11T16:46:21Z,master,human,COLLABORATOR,4.8,5916394b99e80659087254c9ea8251371db65ca2
121577,2026-07-20T18:41:00Z,2026-07-20T23:37:51Z,master,human,MEMBER,4.8,87d9cda89dae57b07fa8de50c8c07ebca3d72fc7
121588,2026-07-21T00:05:08Z,2026-08-10T16:14:37Z,master,human,CONTRIBUTOR,4.8,b4559ec82eec2c211847a48a74133143c5379eea
121593,2026-07-21T06:02:47Z,2026-07-22T01:26:39Z,master,human,MEMBER,4.8,c6cdf5300bd1855329f149210d37d04386403918
121597,2026-07-21T09:27:37Z,2026-08-07T19:42:17Z,master,human,MEMBER,4.8,e66a20fbd44edb8956844c988a04e929b6e6f410
121598,2026-07-21T10:51:05Z,2026-07-22T01:26:39Z,master,human,CONTRIBUTOR,4.8,589a2409ffc01ac2554f0b9be0e1d98ef5a64124
121602,2026-07-21T13:20:15Z,2026-07-22T18:53:44Z,master,human,MEMBER,4.8,bcdbb53bffcff8baf17c2b9aa21a87f667fce2b7
121603,2026-07-21T13:36:15Z,2026-07-25T19:18:54Z,4.5,human,CONTRIBUTOR,4.5,b0837fe7a96cb5d61685e5122e17d5d80c3013c0
121604,2026-07-21T13:36:22Z,2026-07-25T19:19:12Z,4.4,human,CONTRIBUTOR,4.4,17dcf8bca77eaaac4803bec742ff9d1fde2c38da
121605,2026-07-21T14:18:36Z,2026-07-21T17:30:12Z,master,human,CONTRIBUTOR,4.8,161bcb9460c37fb3596feeb44ac837e3043acbc4
121606,2026-07-21T14:55:33Z,2026-07-21T17:30:12Z,master,human,MEMBER,4.8,39b9933e63e58169889b73c48837c69de274a6e7
121610,2026-07-21T17:42:34Z,2026-07-28T14:42:09Z,master,human,NONE,4.8,d0741c7124a397392afa1423584360289eee9078
121617,2026-07-21T23:02:09Z,2026-08-10T16:14:37Z,master,human,MEMBER,4.8,fe5bed28a7eb54bec04f1a863224c77ef5326716
121622,2026-07-22T02:33:42Z,2026-07-22T18:53:44Z,master,human,MEMBER,4.8,6b18b2ce4c059fb1ab1ef13de9133efbf799bc7c
121628,2026-07-22T07:26:26Z,2026-07-22T18:53:44Z,master,human,MEMBER,4.8,e00ed9d02133d2d0bf7fe657cd23a81d9ca06484
121629,2026-07-22T08:06:40Z,2026-08-27T01:39:50Z,master,human,MEMBER,4.8,26ddd851584341d8f605799966792fc774f9a87e
121632,2026-07-22T09:16:57Z,2026-07-22T21:28:39Z,master,human,MEMBER,4.8,bbfdec7c681746ccdfa26af0f4dba14a49246b5b
121633,2026-07-22T09:53:24Z,2026-08-10T16:14:37Z,master,human,MEMBER,4.8,97100eefc23a0cb57aa876511f188884ac046f36
121634,2026-07-22T11:05:12Z,2026-09-04T14:14:59Z,master,human,CONTRIBUTOR,4.8,c9ed8ad768f971a2cc9f2f7b7c4eea946755f470
121636,2026-07-22T12:09:39Z,2026-07-22T18:53:43Z,master,human,CONTRIBUTOR,4.8,707f5ee39e947e53c5ae0343ce232e26be3e02c0
121638,2026-07-22T13:50:26Z,2026-07-22T18:53:44Z,master,human,CONTRIBUTOR,4.8,59036b43b6bc1c6233724ceff0a7566e6bc9419c
121642,2026-07-22T15:53:51Z,2026-07-24T14:25:35Z,master,human,CONTRIBUTOR,4.8,40aa113174af6a37ce661e30748b3606131d6417
121647,2026-07-22T17:10:03Z,2026-07-22T21:28:39Z,master,human,CONTRIBUTOR,4.8,0b118863fbdcf9e39bc6bb8bc8bc7d3a00fdf923
121651,2026-07-22T18:35:22Z,2026-07-28T20:05:19Z,master,human,CONTRIBUTOR,4.8,682b7144c82d3777b734f17b0186047033144813
121655,2026-07-22T21:34:31Z,2026-09-18T15:48:03Z,master,human,MEMBER,4.8,1dda9e715aa72425d268284dbc82bd071570a574
121658,2026-07-23T00:30:43Z,2026-07-24T14:25:34Z,master,human,CONTRIBUTOR,4.8,f277b56a0899ab7875f63468fe94f6c046326759
121661,2026-07-23T03:39:37Z,2026-07-29T17:25:31Z,master,human,MEMBER,4.8,2f0dbac72b6c3750416c868f03abcf78c30e7e9a
121666,2026-07-23T05:41:27Z,2026-07-24T14:25:34Z,master,human,CONTRIBUTOR,4.8,6c58f7e6455df1fc8e190172cbb22586bc9b4408
121668,2026-07-23T06:28:55Z,2026-08-12T17:20:26Z,master,human,MEMBER,4.8,0baa2df6d562cdc410d3434eb18fe038ed6b2f3d
121670,2026-07-23T08:25:58Z,2026-07-24T14:25:34Z,master,human,CONTRIBUTOR,4.8,cd9818958eced8fb4148673c8bb0b3010bbcaf8b
121671,2026-07-23T09:23:46Z,2026-07-24T14:25:34Z,master,human,CONTRIBUTOR,4.8,8ad6b2784d4ceb3e6f6efa226776d991a44a71a5
121673,2026-07-23T09:35:56Z,2026-07-24T14:25:34Z,master,human,CONTRIBUTOR,4.8,e799d4efe2b91a2a111faa5d28ac9988f6fc4b25
121675,2026-07-23T10:28:02Z,2026-09-17T18:03:49Z,master,human,CONTRIBUTOR,4.8,2e461441377261c2b5be6c1b6fd14e062d6d015e
121676,2026-07-23T10:34:58Z,2026-07-24T14:25:34Z,master,human,CONTRIBUTOR,4.8,474ab25b6701a17ea6e9be1ee3b8952f61a67fe0
121677,2026-07-23T10:57:56Z,2026-07-24T14:25:34Z,master,human,CONTRIBUTOR,4.8,fb1821384214b901c86793b09150d3e74b37153d
121679,2026-07-23T11:39:27Z,2026-07-27T14:53:38Z,master,human,CONTRIBUTOR,4.8,45a98064e977c70caf44b6abd1c9717d0ea736f6
121684,2026-07-23T12:16:20Z,2026-08-04T16:52:30Z,master,human,CONTRIBUTOR,4.8,e86fa108e5e7c340cd4c11eddcece8007a5fed15
121685,2026-07-23T13:19:45Z,2026-07-25T14:38:01Z,master,human,CONTRIBUTOR,4.8,751d42050d93b77b1d7174958658c3a9b87aecda
121691,2026-07-23T16:14:57Z,2026-09-17T18:03:49Z,master,human,MEMBER,4.8,64e3269554e9450050b111a97a430734b44d8733
121692,2026-07-23T16:50:17Z,2026-07-27T14:53:38Z,master,human,CONTRIBUTOR,4.8,3b407d8365be71d776fbf00d19924941e2d3daaa
121699,2026-07-23T22:10:17Z,2026-09-26T15:13:20Z,master,human,CONTRIBUTOR,4.8,d036ad9ea15e0cf84d2fd207881093a36cf8163c
121701,2026-07-23T22:59:27Z,2026-07-24T14:25:34Z,master,human,CONTRIBUTOR,4.8,963b878a9fc88c1a22e2d4548cf06177a706f076
121703,2026-07-24T01:09:38Z,2026-09-21T15:07:11Z,master,human,MEMBER,4.8,185f698afa8029aae7723ff6ba2472d4f49f22b4
121709,2026-07-24T07:07:06Z,2026-08-14T17:11:50Z,master,human,CONTRIBUTOR,4.8,d8ef09238ca6c31fa2860d76af039ef6182ad7aa
121711,2026-07-24T08:33:19Z,2026-08-11T16:46:21Z,master,human,MEMBER,4.8,9f28aa0a3975f99fb2f2865911d46be0729fc9f9
121714,2026-07-24T10:55:37Z,2026-07-25T14:38:01Z,master,human,NONE,4.8,c9807055e7a8164192b45a8fb8e9bd73cbe31eef
121715,2026-07-24T11:20:37Z,2026-07-28T14:42:09Z,master,human,CONTRIBUTOR,4.8,2d2925f6d6dc9c1dce22db6868f1c2d3071007ab
121718,2026-07-24T12:02:06Z,2026-07-25T14:38:01Z,master,human,CONTRIBUTOR,4.8,c7c25f57ce7020e6023ed93975791667e76bfab0
121719,2026-07-24T12:41:32Z,2026-07-24T14:25:34Z,master,human,CONTRIBUTOR,4.8,e11904c06058dab0d214e1db8fcc0922183473fa
121722,2026-07-24T15:06:54Z,2026-07-27T21:06:33Z,4.7,human,CONTRIBUTOR,4.7,8df813a09b71d5c08656d038a24df9bb92bdad9f
121732,2026-07-24T21:31:04Z,2026-09-25T15:55:38Z,master,human,MEMBER,4.8,d4fd80e3cb5f5e59225100eb7659125780e91761
121733,2026-07-24T21:44:48Z,2026-07-25T14:38:01Z,master,human,CONTRIBUTOR,4.8,82209867e8bc918e94e82bb8e26a6b067be82526
121734,2026-07-24T21:49:40Z,2026-07-25T14:38:01Z,master,human,CONTRIBUTOR,4.8,5da8f4252c68adb129a32b3da186a98b25e0bb35
121740,2026-07-25T00:22:00Z,2026-08-14T17:11:50Z,master,human,CONTRIBUTOR,4.8,f1d507fb49cd34a6863b64280f7171db4bfac48a
121746,2026-07-25T03:19:51Z,2026-07-25T14:38:01Z,master,human,MEMBER,4.8,3fb0b36a1a27936629c071ff87307788e64f8a44
121749,2026-07-25T05:28:48Z,2026-08-13T17:50:14Z,4.0,human,MEMBER,4.0,351dbd1d74198140498b0a5725b83bc6672904ad
121750,2026-07-25T05:29:24Z,2026-08-13T17:49:43Z,4.1,human,MEMBER,4.1,22a72294b56f77d9f29504b97e00d5566222ef08
121751,2026-07-25T05:29:35Z,2026-08-13T17:49:35Z,4.2,human,MEMBER,4.2,e4becfb0a1a8423d3bbc6fd7afcfeee4fd840b13
121752,2026-07-25T05:30:36Z,2026-08-13T17:49:26Z,4.3,human,MEMBER,4.3,24f8d6ecc79d69e0272dc3ff8da53d5bfabc970c
121758,2026-07-25T08:23:01Z,2026-09-22T15:21:21Z,master,human,CONTRIBUTOR,4.8,27e92c9ac4f2e0ac4834e68dda1b63aa04563dac
121759,2026-07-25T08:24:07Z,2026-07-30T15:43:55Z,4.7,human,COLLABORATOR,4.7,73635de7f961ea8b3b2938a86fc0b9c28d22769d
121762,2026-07-25T10:22:13Z,2026-07-27T14:53:38Z,master,human,MEMBER,4.8,0e16a11bab623f1f79ca4992d17be84dbfa23467
121764,2026-07-25T12:07:42Z,2026-07-27T14:53:38Z,master,human,COLLABORATOR,4.8,597dee5cae17d1726d5b1a55a6ac7547483c1ebf
121766,2026-07-25T13:50:03Z,2026-08-07T19:42:16Z,master,human,CONTRIBUTOR,4.8,391b92b7eca5bfe7c0df07b24a88fa9e3b53963a
121767,2026-07-25T15:07:55Z,2026-07-25T16:36:42Z,master,human,CONTRIBUTOR,4.8,159701651ad44335691dcbd632d8074307074c7b
121770,2026-07-25T18:15:38Z,2026-08-05T14:52:34Z,master,human,COLLABORATOR,4.8,363319df1fc7b8ea52e595e3d5b58f710635453e
121771,2026-07-25T18:24:40Z,2026-07-27T21:06:36Z,4.6,human,CONTRIBUTOR,4.6,5a9bcf923e8fbaa4f48da759de27758946453f0c
121773,2026-07-25T20:42:01Z,2026-07-28T20:05:18Z,master,human,CONTRIBUTOR,4.8,623a9be549d2ded50b76949e66b0f9f3e58f3c27
121775,2026-07-25T22:11:58Z,2026-07-30T16:13:59Z,master,human,CONTRIBUTOR,4.8,2a4cfcbdc364bc18defdba61134c39d8d29ff0f2
121781,2026-07-26T03:12:18Z,2026-08-11T00:21:27Z,master,human,MEMBER,4.8,fd25c03da718f7c76b3e06d25dc99de9ca58914c
121784,2026-07-26T06:12:18Z,2026-07-27T14:53:38Z,master,human,MEMBER,4.8,6504237279eea29a4c2156882c196871b73d58d2
121785,2026-07-26T06:12:28Z,2026-07-27T14:53:38Z,master,human,MEMBER,4.8,623f06a524674ca243f9647e20e6d27c3d3f1dfe
121786,2026-07-26T06:33:33Z,2026-07-27T14:53:38Z,master,human,MEMBER,4.8,1d79f3752e868aff3a967ca0e45c7858a24f86c6
121789,2026-07-26T08:31:55Z,2026-07-27T14:53:38Z,master,human,MEMBER,4.8,79d6877041e7f68724840d015dd833ddefe98dba
121795,2026-07-26T14:14:35Z,2026-07-28T20:05:18Z,master,human,CONTRIBUTOR,4.8,9439dca074780138bff96d29ef8ca308832bce6b
121798,2026-07-26T15:16:29Z,2026-07-30T16:13:59Z,master,human,MEMBER,4.8,33508a1b97bc6923de66405e9d1aacce1e1a026b
121810,2026-07-27T00:37:30Z,2026-07-27T14:53:38Z,master,human,MEMBER,4.8,6fbbfc1e46368be8ce6fb28c404fbdcf5c8987f8
121812,2026-07-27T03:09:34Z,2026-07-30T16:13:59Z,master,human,CONTRIBUTOR,4.8,8d4057ed25efea67706185cd4ed2aa0e94eaea7c
121815,2026-07-27T05:00:29Z,2026-07-28T20:05:18Z,master,human,CONTRIBUTOR,4.8,26d78217eb9b7cf20813602b6909f328c8b9dcbd
121819,2026-07-27T09:37:18Z,2026-07-28T20:05:18Z,master,human,MEMBER,4.8,77fcafce25cc61d12f00ec966ed2ce6391278946
121823,2026-07-27T13:08:13Z,2026-07-28T20:05:18Z,master,human,MEMBER,4.8,561b0c11f871ae4746082dbdeed442c6f52fe346
121825,2026-07-27T13:53:17Z,2026-07-28T14:42:09Z,master,human,CONTRIBUTOR,4.8,1f8fbf725f85db6d99a23f5977387f9d184f2c72
121826,2026-07-27T14:11:31Z,2026-07-28T20:05:18Z,master,human,MEMBER,4.8,d14ff9200908500a7fcddccc00aa14aaacb2c492
121829,2026-07-27T16:19:52Z,2026-07-28T14:42:09Z,master,human,CONTRIBUTOR,4.8,018d7dc4ad83a17ccb80a38ed10f1866bd87a6c0
121833,2026-07-27T19:27:50Z,2026-08-18T12:10:34Z,master,human,MEMBER,4.8,36130f8ac5d72012026ddd4a547fed00105c9d00
121834,2026-07-27T19:53:36Z,2026-07-28T20:05:17Z,master,human,CONTRIBUTOR,4.8,1161e0749a441d201c257fbe7f6a22aa583c0cd5
121835,2026-07-27T20:52:09Z,2026-07-30T16:13:59Z,master,human,CONTRIBUTOR,4.8,d0c1fd08e0bb456b63abbef0ab4b760a08b1bc55
121839,2026-07-27T22:38:45Z,2026-07-31T17:53:17Z,master,human,CONTRIBUTOR,4.8,b7181b6a410a0a7df6a5ed00777f1a75f250fe21
121844,2026-07-28T01:05:02Z,2026-07-28T20:05:18Z,master,human,NONE,4.8,c3adc0cf188c861aa5ae30b55802e944cb4d4882
121849,2026-07-28T07:57:45Z,2026-08-24T19:51:14Z,master,human,CONTRIBUTOR,4.8,74c4241a5ee0e904c611c1e726a4d6d47d53d041
121852,2026-07-28T08:50:25Z,2026-07-31T17:53:17Z,master,human,CONTRIBUTOR,4.8,7feafa699e6165e2566ddde9ae66ddd8fc8f07e9
121858,2026-07-28T12:17:04Z,2026-08-10T16:14:37Z,master,human,MEMBER,4.8,6f0222d6373821cb05ea546f30e0bedd5be6ace8
121859,2026-07-28T13:57:07Z,2026-07-29T17:25:30Z,master,human,CONTRIBUTOR,4.8,cdd3ac5e8c75d1dc5b07c92f1faaf0a3b2eee3de
121872,2026-07-28T20:06:18Z,2026-07-29T17:25:31Z,master,human,MEMBER,4.8,c90dd6934fd7f8ff595911f13fa4993c0060776c
121874,2026-07-28T23:06:59Z,2026-07-29T17:25:31Z,master,human,CONTRIBUTOR,4.8,f57e2b703dfb0f134f57ca3700cdb09701c319c7
121879,2026-07-29T06:29:54Z,2026-07-29T17:25:30Z,master,human,MEMBER,4.8,a06c9c5546d3e7e6be838d1c4bd31a722a5eca81
121881,2026-07-29T07:14:57Z,2026-07-29T17:25:31Z,master,human,CONTRIBUTOR,4.8,93ea0a87346b71b5b02d9c5f60ef60db6fd846ca
121882,2026-07-29T08:51:08Z,2026-08-10T16:14:37Z,master,human,NONE,4.8,102c26bdb977bd5fb866ef3472a5910446ae3282
121886,2026-07-29T11:04:49Z,2026-07-29T17:25:31Z,master,human,CONTRIBUTOR,4.8,c9621de3f63553d60f698574a78007578e7435e7
121887,2026-07-29T11:35:39Z,2026-09-16T19:06:52Z,master,human,MEMBER,4.8,65b6b082d5f60d9960461bd485d3b737831b278c
121889,2026-07-29T12:52:30Z,2026-07-29T17:25:31Z,master,human,MEMBER,4.8,5cb25becb01bd3a0c269d75fd62c9bcc5dd9a72c
121891,2026-07-29T13:46:08Z,2026-07-29T17:25:31Z,master,human,MEMBER,4.8,c3946d9c0bd6200efda4f9e0e6fcc29d481e02e9
121892,2026-07-29T14:32:11Z,2026-08-13T17:26:30Z,master,human,MEMBER,4.8,01ebfdceaa2fb510adf23c1b5c9cbb4baacb50e1
121893,2026-07-29T14:35:23Z,2026-09-16T19:06:52Z,master,human,MEMBER,4.8,97dab7a638ae8b613dcf6e657f93f020471d9040
121894,2026-07-29T14:50:33Z,2026-07-29T15:48:07Z,3.x,human,COLLABORATOR,3.7,6ac964295fe9ed4b4e5d14ea4f732223a00a0ac6
121895,2026-07-29T15:33:47Z,2026-08-31T19:55:07Z,master,human,MEMBER,4.8,144090394d6b48759c74bba2967a5e0dd5d61216
121905,2026-07-29T19:00:22Z,2026-07-30T16:13:59Z,master,human,MEMBER,4.8,2fe741386b070bc72e61f1bf225f1811fca4d854
121906,2026-07-29T19:02:16Z,2026-07-30T16:13:59Z,master,human,MEMBER,4.8,4e8c061c9b4a778102a085d9d10f64b3c6be0f87
121908,2026-07-29T19:47:39Z,2026-07-30T16:13:59Z,master,human,CONTRIBUTOR,4.8,60d562d96a06e32f9b2a3a9c4d8fc0b4fbce8eab
121911,2026-07-29T20:38:31Z,2026-07-31T17:53:17Z,master,human,CONTRIBUTOR,4.8,feee7004a30e2082fffa99f232f5ed4f773a4128
121913,2026-07-29T21:51:57Z,2026-09-18T15:48:03Z,master,human,MEMBER,4.8,b630aa17f576108f746a633baedbd99afdca53f7
121916,2026-07-30T00:25:17Z,2026-09-28T18:37:39Z,master,human,CONTRIBUTOR,4.8,e840075b2c3ce02f08b964f34dcad5cafd286511
121917,2026-07-30T01:08:09Z,2026-07-30T16:13:59Z,master,human,CONTRIBUTOR,4.8,00fced5ce5f567931f910b4be5cfc85fc4c74d59
121920,2026-07-30T06:12:15Z,2026-08-28T17:02:17Z,master,human,CONTRIBUTOR,4.8,5683585823b10258be00babfe6bef1d59a2364ae
121922,2026-07-30T06:30:13Z,2026-07-31T17:53:17Z,master,human,CONTRIBUTOR,4.8,979147c7df6a0a12872dfb43f43deb01b45f387b
121923,2026-07-30T06:32:12Z,2026-08-21T16:25:20Z,master,human,CONTRIBUTOR,4.8,8e1fa35c7fdbf29cd9f6824662459bbfac30f3a9
121924,2026-07-30T06:58:43Z,2026-07-30T16:13:59Z,master,human,CONTRIBUTOR,4.8,7586901d2e5f00069e1c2b935edb2b0f35e9a1b3
121926,2026-07-30T09:21:20Z,2026-07-30T16:13:59Z,master,human,MEMBER,4.8,2b71217d0e55b43f5bf981ba495a1694e81ecee0
121928,2026-07-30T10:20:29Z,2026-07-30T16:13:59Z,master,human,MEMBER,4.8,b7b028f251a9ee94d2008d8a96945e23c30bcde1
121937,2026-07-30T14:40:57Z,2026-08-28T17:02:17Z,master,human,CONTRIBUTOR,4.8,70a8a9aab70b8082f406f911f6ff9237e3739209
121940,2026-07-30T15:11:11Z,2026-07-31T17:53:17Z,master,human,MEMBER,4.8,2370615a98fc5e65209b4e131c8e4acc85b65a91
121942,2026-07-30T15:58:58Z,2026-08-14T18:19:18Z,4.6,human,CONTRIBUTOR,4.6,a80a06c3e819d5b77a1737441aec9ccf1d93eda7
121943,2026-07-30T15:58:58Z,2026-08-14T18:19:12Z,4.5,human,CONTRIBUTOR,4.5,9d9cbe7e97ecdc0639b16d3c88a44d7add849f58
121944,2026-07-30T15:58:59Z,2026-08-14T18:19:04Z,4.4,human,CONTRIBUTOR,4.4,21ca54848989635cbe3452dfed811c1914d09baa
121946,2026-07-30T16:12:57Z,2026-09-02T14:42:28Z,master,human,MEMBER,4.8,7a5895c5308a46b1a650eeeb40dd34e2b0ae7261
121947,2026-07-30T16:35:44Z,2026-07-30T23:59:26Z,4.7,human,CONTRIBUTOR,4.7,36a04fe528e63567203b28d0e8b27591ddee7915
121948,2026-07-30T17:37:12Z,2026-09-17T18:03:49Z,master,human,MEMBER,4.8,4c32b51e9828037968030cb7fc429fdb8f46ebfb
121951,2026-07-30T19:50:50Z,2026-07-31T17:53:17Z,master,human,MEMBER,4.8,12de2945d04620f81dcfb28a33ab1699c1d49dd9
121955,2026-07-30T21:43:28Z,2026-07-31T17:53:17Z,master,human,CONTRIBUTOR,4.8,f8019dcd423d1ea2d7536a9643fd0c6b4a8f4bf2
121957,2026-07-30T21:58:03Z,2026-08-12T17:20:26Z,master,human,MEMBER,4.8,582487baea0f6e6ec52f47baee205de7a3967466
121958,2026-07-30T21:58:19Z,2026-07-31T17:53:17Z,master,human,MEMBER,4.8,b460ec416dd94fc121d1c2597aa521359a0d588e
121959,2026-07-31T04:43:18Z,2026-08-05T14:52:35Z,master,human,CONTRIBUTOR,4.8,50814e3e41689b173e8739db671987a1705e61bb
121961,2026-07-31T05:23:33Z,2026-08-07T19:42:16Z,master,human,MEMBER,4.8,3d9401d3f5f471a111c1b343c5d8832832fbc25f
121971,2026-07-31T11:09:32Z,2026-08-03T19:26:59Z,master,human,MEMBER,4.8,7296e0871df604825bb98ac722c40348362bbfe7
121972,2026-07-31T11:29:51Z,2026-07-31T17:53:17Z,master,human,CONTRIBUTOR,4.8,07a97d8299830f999c209574fb418fc0ca16d9ad
121973,2026-07-31T13:07:35Z,2026-07-31T17:53:17Z,master,human,MEMBER,4.8,ca42c6b4a7801fcf90218df7f42d1ed4fd8a6ceb
121974,2026-07-31T13:08:40Z,2026-07-31T17:53:17Z,master,human,CONTRIBUTOR,4.8,eda2a482e9ce82e4056cfffae0ea98c1954605a1
121979,2026-07-31T16:08:31Z,2026-08-03T19:26:59Z,master,human,CONTRIBUTOR,4.8,f2b59a3e6861a4012efda262f75d71a75cb34aea
121981,2026-07-31T17:16:05Z,2026-08-03T19:26:59Z,master,human,CONTRIBUTOR,4.8,e4d9dc8bf902877344d482942122f76caed74dc4
121986,2026-07-31T18:18:56Z,2026-08-03T19:26:59Z,master,human,CONTRIBUTOR,4.8,ce45e62936d9e162c40c9ab36b3fdc4c89bc93b4
121988,2026-07-31T20:18:12Z,2026-08-04T16:52:30Z,master,human,CONTRIBUTOR,4.8,09d8453627161bf0711d6b35a6bf14dc4fe0b3a5
121990,2026-07-31T20:32:21Z,2026-08-03T19:26:59Z,master,human,MEMBER,4.8,443c539ba6e66e12c70e6190e505726ba449c555
121991,2026-07-31T20:56:10Z,2026-08-05T14:52:35Z,master,human,CONTRIBUTOR,4.8,51105ccbe58381774ecd7a7486d564b202a5192e
121994,2026-08-01T01:20:32Z,2026-08-03T19:26:59Z,master,human,MEMBER,4.8,6071fda463f2ecf0534411232e886120fe927767
121995,2026-08-01T01:41:54Z,2026-08-03T19:26:59Z,master,human,CONTRIBUTOR,4.8,43ac36a10ec0e9b304637d1ef1006c9033bf0534
121999,2026-08-01T10:50:46Z,2026-08-28T17:02:17Z,master,human,CONTRIBUTOR,4.8,926ff009d99b966b65e408278a9d7ebb1056f633
122006,2026-08-01T15:29:49Z,2026-08-14T17:11:50Z,master,human,CONTRIBUTOR,4.8,dd3c6142d6ccedd20bb24d800290e1d7c7a030d9
122012,2026-08-01T18:26:29Z,2026-08-24T17:10:38Z,master,human,CONTRIBUTOR,4.8,c2180c7b807f520d98e17dccadb6e7fd2ba33696
122033,2026-08-02T15:10:01Z,2026-08-10T16:14:37Z,master,human,CONTRIBUTOR,4.8,06a88e5f1fc429e1956c3a9fa4a193001fd590cc
122034,2026-08-02T15:13:58Z,2026-08-12T17:20:26Z,master,human,MEMBER,4.8,63b7e027254e6b77b3d1036c89973060fb5be088
122051,2026-08-03T09:26:09Z,2026-08-04T16:52:30Z,master,human,MEMBER,4.8,f3b471af78baf59144922f7d48416574ce49b19b
122056,2026-08-03T12:35:25Z,2026-08-03T19:26:59Z,master,human,CONTRIBUTOR,4.8,7c70426884c94e25ab4164e6079df281719ccec2
122057,2026-08-03T12:50:51Z,2026-08-04T16:52:30Z,master,human,MEMBER,4.8,ca17040925b6d6c16eb6607a3d351f716c601071
122064,2026-08-03T16:13:09Z,2026-08-11T16:46:21Z,master,human,MEMBER,4.8,299161177d17e7dd0c546233ea7b5ccbb35581f3
122069,2026-08-03T18:03:57Z,2026-08-04T16:52:29Z,master,human,MEMBER,4.8,7fe1022aff92d756d1d10116d03a43bb487669ae
122072,2026-08-03T21:58:30Z,2026-08-04T16:52:29Z,master,human,MEMBER,4.8,fe7c12085c6a6f158f3cae17b83c590c93f3cda2
122076,2026-08-04T02:08:16Z,2026-08-04T16:52:30Z,master,human,CONTRIBUTOR,4.8,53589c8de7e99ed647e3d4a6552d90bcbef540fc
122085,2026-08-04T08:52:42Z,2026-08-04T16:52:30Z,master,human,MEMBER,4.8,0431e8a125c157355e2140bdf29793f2a35ca815
122089,2026-08-04T09:40:01Z,2026-08-07T19:42:16Z,master,human,MEMBER,4.8,baf56e71f415bcda29a882e823f7f97934fe9a8c
122094,2026-08-04T17:24:20Z,2026-08-05T09:17:22Z,3.6,human,MEMBER,3.6,32115e784f7e9ee60c849fa729c9def786fd386d
122097,2026-08-04T18:14:26Z,2026-09-22T19:09:50Z,master,human,MEMBER,4.8,e63dd6bed89473cf195fa94c6321d6f808418084
122098,2026-08-04T18:29:48Z,2026-08-05T14:52:34Z,master,human,NONE,4.8,d6f3239e70f0c57b91d05507ea88d8f78f4ec779
122101,2026-08-04T21:15:10Z,2026-08-05T14:52:34Z,master,human,MEMBER,4.8,81e5da7fe3356c0e2eb70b6756926fc3c59e214e
122103,2026-08-04T21:46:38Z,2026-08-10T16:14:37Z,master,human,MEMBER,4.8,0e2f0bbc452a14e041732ab6c4889c65672e6c72
122104,2026-08-04T22:21:31Z,2026-08-05T14:52:34Z,master,human,CONTRIBUTOR,4.8,d33bce01a2d3767813c24a6c1b8c11fb85757d0a
122107,2026-08-04T22:59:38Z,2026-08-21T16:25:19Z,master,human,MEMBER,4.8,011cda385af185650b9dad568160e986e22678ef
122109,2026-08-04T23:35:57Z,2026-08-05T14:52:34Z,master,human,MEMBER,4.8,5978846041c47b7fd49bc308483d6753ed09d22b
122110,2026-08-04T23:55:46Z,2026-08-11T16:46:20Z,master,human,MEMBER,4.8,67258df4231feeb6f0470bf64f747a01a674f225
122117,2026-08-05T07:11:49Z,2026-08-05T07:49:47Z,3.x,human,MEMBER,3.7,ee908a43ca96d5d03735134cab328d62feee29c5
122120,2026-08-05T09:28:06Z,2026-08-05T14:52:34Z,master,human,MEMBER,4.8,da0e8d07b7fac3823dfc5d08ef1119960618c5ac
122122,2026-08-05T10:02:44Z,2026-08-07T19:42:16Z,master,human,CONTRIBUTOR,4.8,4e00e3b0cdd62c0daa25a83a20f8658e05129339
122123,2026-08-05T10:12:24Z,2026-08-10T16:14:37Z,master,human,MEMBER,4.8,def7e3836ffe1cc00a98a15e7cbfb804c6d438cf
122124,2026-08-05T10:13:47Z,2026-08-10T16:14:37Z,master,human,MEMBER,4.8,95350edac46ee6d1dcba6404b0545c89b0decf35
122128,2026-08-05T12:57:04Z,2026-09-21T15:07:11Z,master,human,CONTRIBUTOR,4.8,8b29967a47cfd443afe6273c505a594bf8d188cf
122130,2026-08-05T13:29:10Z,2026-08-07T19:42:16Z,master,human,CONTRIBUTOR,4.8,81b7ccaed3a243b718b37ee2786fa3bac87e3204
122131,2026-08-05T13:35:28Z,2026-08-07T19:42:16Z,master,human,CONTRIBUTOR,4.8,3e85a8032630843c65965a5782b43f49b62b2403
122139,2026-08-05T17:10:10Z,2026-08-07T19:42:16Z,master,human,MEMBER,4.8,36a106f70def40547c1a420ae166da06deb1e6c2
122144,2026-08-05T20:12:05Z,2026-09-21T15:07:11Z,master,human,MEMBER,4.8,42cf72229f94872bf33d5c0ec9d11b579ab54c01
122147,2026-08-05T21:15:00Z,2026-08-10T16:14:37Z,master,human,NONE,4.8,48db065d637e1cc3993538ec259af515b26b8425
122149,2026-08-05T21:51:45Z,2026-08-11T16:46:20Z,master,human,CONTRIBUTOR,4.8,f42f17fa4e59dcbeaa217367c07b2b726a581c19
122155,2026-08-06T01:48:16Z,2026-08-07T19:42:16Z,master,human,CONTRIBUTOR,4.8,480129ca681434d550fdd72c4be7fc65c852ae56
122157,2026-08-06T07:03:39Z,2026-08-07T19:42:16Z,master,human,MEMBER,4.8,561ba34446aa486d19ed502f5a69ee46d6975732
122160,2026-08-06T08:10:12Z,2026-08-07T19:42:16Z,master,human,CONTRIBUTOR,4.8,4661b291d0d0c961812dbea3c760bd24d03c45dd
122162,2026-08-06T08:50:43Z,2026-08-07T19:42:16Z,master,human,MEMBER,4.8,c8c745e5f06a9cbe4d1d6816014ccd1200ad330b
122164,2026-08-06T09:40:56Z,2026-08-07T19:42:16Z,master,human,MEMBER,4.8,c87885a8d43f91af52498200d4fcf61762879a54
122166,2026-08-06T11:52:15Z,2026-08-11T00:21:26Z,master,human,MEMBER,4.8,8858839daa024544b2a1373b31c472746e22906b
122175,2026-08-06T17:59:30Z,2026-08-07T19:42:16Z,master,human,CONTRIBUTOR,4.8,8b287864571bf2fb76bcf20fe02b3bf659344337
122178,2026-08-06T22:00:38Z,2026-09-01T18:32:20Z,master,human,CONTRIBUTOR,4.8,4e1c3932d3d7a57901060e964b27c1d12c2b95b7
122186,2026-08-07T12:41:23Z,2026-08-07T19:42:16Z,master,human,MEMBER,4.8,4173760fdf6c2c722e82e08cb58e55f34c9efd80
122188,2026-08-07T15:02:35Z,2026-08-10T16:14:37Z,master,human,MEMBER,4.8,88a6d15d07313ba6af03911c7a56189e52433443
122194,2026-08-07T20:48:20Z,2026-09-18T15:48:03Z,master,human,MEMBER,4.8,46b91a4c16ccf8f7ffee4390393f53f30f779c74
122195,2026-08-07T22:14:08Z,2026-08-11T00:21:26Z,master,human,CONTRIBUTOR,4.8,88814fbd4fc9ad3ae8605f9f59de3506af5b85b7
122198,2026-08-08T01:28:46Z,2026-08-11T00:21:27Z,master,human,CONTRIBUTOR,4.8,60c06dcca9a6659aea8fe72b1b8853986ba6cc0f
122199,2026-08-08T02:45:27Z,2026-08-12T17:20:26Z,master,human,CONTRIBUTOR,4.8,b09e98d894b06eda20d043efb517791c0fa371a0
122201,2026-08-08T05:43:03Z,2026-08-11T16:46:21Z,master,human,CONTRIBUTOR,4.8,dcbe9994fe0940a646c3870ee7bdbd5c42afb4cb
122203,2026-08-08T08:18:41Z,2026-08-11T00:21:26Z,master,human,CONTRIBUTOR,4.8,f87e7ef728899a9cfa95d64f4574dc3d44f19d86
122208,2026-08-08T14:25:22Z,2026-09-29T19:11:38Z,master,human,MEMBER,4.8,161f01a98b4ff6884c93ddc090ad238a4ae60c09
122213,2026-08-08T17:32:19Z,2026-08-11T16:46:20Z,master,human,MEMBER,4.8,2548f7a676dcfbc63f61e1a7f9001976b5a75578
122222,2026-08-09T07:49:59Z,2026-08-11T16:46:20Z,master,human,CONTRIBUTOR,4.8,0d29c0ded21da4877daffe80e68e34f196cca670
122224,2026-08-09T08:28:44Z,2026-08-11T00:21:26Z,master,human,CONTRIBUTOR,4.8,00fae09df4c28903bb6c9b642f131d6043b05197
122234,2026-08-09T15:11:14Z,2026-08-11T16:46:20Z,master,human,MEMBER,4.8,7216a6290065f79d2826d7bd35812add1f513eb8
122236,2026-08-09T15:41:01Z,2026-09-26T15:13:20Z,master,human,CONTRIBUTOR,4.8,5602b3d4d4005d38067577994290bc4a7d725533
122245,2026-08-09T21:35:54Z,2026-08-11T00:21:27Z,master,human,MEMBER,4.8,867a16765834975383bea852d9f6ea2ba98ccfa2
122246,2026-08-09T23:35:14Z,2026-09-28T18:37:39Z,master,human,CONTRIBUTOR,4.8,6530e03a08dc716f708ef255b1df14c1a1f2972f
122248,2026-08-10T02:31:35Z,2026-08-25T17:19:08Z,master,human,CONTRIBUTOR,4.8,a8c3beddfcd8dac4a3de7204e33c4b9b962da825
122253,2026-08-10T06:24:25Z,2026-09-08T17:14:12Z,master,human,CONTRIBUTOR,4.8,09ec505727b42b7d23766a8fb8a7db1cebe58ce7
122254,2026-08-10T07:28:51Z,2026-08-13T17:26:30Z,master,human,MEMBER,4.8,eb491cb578623d8388a0cfaf1b44e52a482e518e
122255,2026-08-10T08:30:39Z,2026-08-10T16:14:37Z,master,human,MEMBER,4.8,b9a6dea1db5dd848613d62af7de4be45f02f4143
122260,2026-08-10T12:19:52Z,2026-08-11T00:21:27Z,master,human,MEMBER,4.8,74e6608d320ff0f6bf73b898cd92eb3399bfb449
122261,2026-08-10T12:36:49Z,2026-08-12T16:16:51Z,4.7,human,MEMBER,4.7,d94b85934640afe312081114636267c9efbef3e3
122263,2026-08-10T13:24:01Z,2026-10-02T14:42:15Z,master,human,MEMBER,4.8,a512028de17514644907a7d001ef14de8837dcf3
122267,2026-08-10T15:18:42Z,2026-08-17T12:33:19Z,3.x,human,MEMBER,3.7,3b4ee9311de987021216419a41254dbbf647262b
122268,2026-08-10T15:19:12Z,2026-09-03T17:51:13Z,master,human,CONTRIBUTOR,4.8,126ac4c87f0d04d26a8563807673c6c30391c7f8
122270,2026-08-10T15:46:33Z,2026-08-12T17:20:26Z,master,human,MEMBER,4.8,3f76695c1ae48659b1829f668d6f6c466e5f5583
122271,2026-08-10T15:58:29Z,2026-08-18T12:10:34Z,master,human,CONTRIBUTOR,4.8,f0548b68626b2a5fb782b6bd5ae3fb94725bbd54
122272,2026-08-10T16:04:35Z,2026-08-12T17:20:26Z,master,human,MEMBER,4.8,ab7e8a64c995254e087f5f8f3448534b95e30622
122274,2026-08-10T16:11:03Z,2026-08-18T15:11:55Z,master,human,CONTRIBUTOR,4.8,8c5340b6402623b2b70cc0b3dc53148bd9d09837
122277,2026-08-10T17:19:32Z,2026-08-12T17:20:26Z,master,human,MEMBER,4.8,310fae1223a82ad7304a84f34848f79e9f9cee3e
122279,2026-08-10T18:55:37Z,2026-08-25T17:19:08Z,master,human,MEMBER,4.8,33e152baaf899705c5974c34072f9fd7875276ee
122280,2026-08-10T19:53:14Z,2026-08-11T16:23:16Z,3.x,human,MEMBER,3.7,0f02472cc48464d3fbf4ec7e018205322d624db8
122281,2026-08-10T19:54:50Z,2026-09-22T19:09:50Z,master,human,CONTRIBUTOR,4.8,39216f0c8da37d877241775ab35ad2cc5e3b837c
122282,2026-08-10T19:56:49Z,2026-08-11T16:46:21Z,master,human,MEMBER,4.8,c6c1ff4b970da5dd608fde7111d43e5b0d40349c
122286,2026-08-11T00:13:11Z,2026-08-11T16:46:20Z,master,human,CONTRIBUTOR,4.8,a018e863739c9591809c041571fe9890ef984990
122294,2026-08-11T10:01:47Z,2026-08-12T17:20:26Z,master,human,CONTRIBUTOR,4.8,2303aac299d83af9ca3bd853e0542c4b69cb1a6c
122301,2026-08-11T12:38:08Z,2026-08-12T17:20:26Z,master,human,MEMBER,4.8,a7f72816bbffcc4739953013180185a0ebfb2229
122307,2026-08-11T15:34:47Z,2026-08-11T16:46:20Z,master,human,MEMBER,4.8,de71bd23fb26a34e9f801a8ff5d298e2aaacfa06
122308,2026-08-11T15:37:32Z,2026-09-02T14:42:28Z,master,human,MEMBER,4.8,c3165037a320fd6827a7a2aa10d8285dd3db5898
122313,2026-08-11T17:43:35Z,2026-09-08T17:14:12Z,master,human,MEMBER,4.8,3887b594e738a40714ee7eca81bf6a5888f33610
122315,2026-08-11T19:43:01Z,2026-08-12T17:20:26Z,master,human,CONTRIBUTOR,4.8,b715feedbc5663fc6677451419aa60830ec0bd70
122316,2026-08-11T20:20:16Z,2026-08-12T17:20:26Z,master,human,CONTRIBUTOR,4.8,81340f37b535f6a5335918214365bedbb2febee4
122317,2026-08-11T20:23:13Z,2026-08-13T17:26:30Z,master,human,MEMBER,4.8,5af90842923fab52e496f74bf86c94926d519637
122318,2026-08-11T20:34:04Z,2026-09-16T16:22:29Z,master,human,CONTRIBUTOR,4.8,77683ade63ff46014bf213233e5979236289571c
122324,2026-08-12T05:40:35Z,2026-08-13T08:20:37Z,3.x,human,MEMBER,3.7,9b7024795133032f6c0e225fab31978bd83fbefa
122325,2026-08-12T07:39:39Z,2026-09-17T18:12:36Z,3.x,human,MEMBER,3.7,a4a84b4ed2cfdb8815d082eade0746e0c1064368
122328,2026-08-12T09:32:11Z,2026-08-12T17:20:26Z,master,human,MEMBER,4.8,5e10566a12ac02bb2369ba1611eebf627803fa40
122330,2026-08-12T09:57:01Z,2026-08-12T17:20:26Z,master,human,CONTRIBUTOR,4.8,6b7465589fa122aa12491f8efc5764030565ecfc
122333,2026-08-12T11:53:28Z,2026-08-12T17:20:26Z,master,human,MEMBER,4.8,f04b1a41cb5bf99abf7237dcd25e7529927c2126
122334,2026-08-12T12:25:04Z,2026-08-12T17:20:26Z,master,human,CONTRIBUTOR,4.8,7e25943daa84002ed49579d06b0e6ab30bab18c2
122343,2026-08-12T16:03:32Z,2026-08-13T17:26:30Z,master,human,CONTRIBUTOR,4.8,1b97a6c52638da78fee5c06c4b0b4c34a734f67c
122344,2026-08-12T16:49:10Z,2026-08-12T22:13:24Z,4.7,human,CONTRIBUTOR,4.7,c5198ffd37a4d14120aa32fac918f21ed1eba4f6
122345,2026-08-12T16:54:52Z,2026-08-13T17:26:29Z,master,human,MEMBER,4.8,50ae6fa18fec37a82452a79002b0331faa529629
122347,2026-08-12T18:15:43Z,2026-08-13T17:26:29Z,master,human,CONTRIBUTOR,4.8,dd45919d1c2431e8cc117c98a2d24ca7239e396c
122352,2026-08-12T22:22:12Z,2026-08-13T23:58:48Z,master,human,CONTRIBUTOR,4.8,76a240f92ed5e6208bcd065077086714e5b99ba3
122356,2026-08-12T23:58:51Z,2026-08-13T02:27:00Z,4.4,human,MEMBER,4.4,b3f9d43d888653a62a0ae9fd644ae0d8b8fafaac
122358,2026-08-13T01:10:05Z,2026-09-28T23:26:15Z,master,human,CONTRIBUTOR,4.8,941ea1816d654e4ffeac10a260d64a8555890cf6
122371,2026-08-13T08:58:14Z,2026-08-19T22:46:22Z,3.x,human,MEMBER,3.7,d45a27d075612ee54493cd96180923da5bf11a28
122380,2026-08-13T13:29:59Z,2026-08-13T17:26:30Z,master,human,CONTRIBUTOR,4.8,0319933e0cc43ed5791bb5806dc1f6c8539b5249
122381,2026-08-13T13:34:02Z,2026-08-20T21:18:10Z,master,human,MEMBER,4.8,8ca0b06103cdde43479c9eb52cafaa25aebb0c07
122383,2026-08-13T14:27:49Z,2026-09-03T17:51:13Z,master,human,CONTRIBUTOR,4.8,4b03d555837093ea1e3ca1d28eda4c73534e0fe7
122384,2026-08-13T14:41:27Z,2026-08-14T17:11:50Z,master,human,CONTRIBUTOR,4.8,8362270398c055066ff8662b4904b58a0d5e3104
122390,2026-08-13T19:29:48Z,2026-08-13T23:58:49Z,master,human,MEMBER,4.8,025cc7a3965f56528bf47ca0134477caf119d3cc
122395,2026-08-13T21:01:39Z,2026-08-19T17:22:26Z,master,human,CONTRIBUTOR,4.8,10031f3b659ddae249eb1176da0c60ddd6fe78b9
122402,2026-08-14T07:33:54Z,2026-08-24T19:51:14Z,master,human,MEMBER,4.8,c07f72c5dcf8ac42c726646bfc8a27b53e6a1ad2
122403,2026-08-14T09:35:48Z,2026-08-28T17:02:17Z,master,human,CONTRIBUTOR,4.8,9141467b853493256953a9f73e8dbec6a831951b
122405,2026-08-14T10:43:34Z,2026-08-14T17:11:50Z,master,human,MEMBER,4.8,130dd0a5c327063192f5319eb4b50e304eee057c
122412,2026-08-14T14:48:44Z,2026-08-18T15:11:55Z,master,human,CONTRIBUTOR,4.8,6f6e209e9ef3c678f842628d0b0118b3653028d5
122420,2026-08-14T18:11:04Z,2026-08-19T17:22:26Z,master,human,CONTRIBUTOR,4.8,dae1240c9cab6eea86698c62458a2dc660d7defd
122421,2026-08-14T18:58:59Z,2026-08-18T12:10:34Z,master,human,MEMBER,4.8,3cb493e16193adf4f52e7833ce10b4dca562e6ce
122422,2026-08-14T19:33:33Z,2026-08-18T12:10:34Z,master,human,MEMBER,4.8,df404838f00f1ea93d2db0801c0cbf3413d4122d
122423,2026-08-14T19:41:53Z,2026-08-19T17:22:26Z,master,human,MEMBER,4.8,754ccf47183e45c655a73253a0a9ac918bcdfb5f
122424,2026-08-14T19:43:49Z,2026-08-18T12:10:34Z,master,human,CONTRIBUTOR,4.8,181b78e59a9f0832f42422e33bcf2a2b62f9e245
122429,2026-08-14T21:12:39Z,2026-08-18T12:10:34Z,master,human,CONTRIBUTOR,4.8,baa84d22d736c3872f863aff8b30c38d7b144532
122441,2026-08-15T13:18:37Z,2026-08-18T12:10:34Z,master,human,CONTRIBUTOR,4.8,6d7f14f597840aa1b399b8ca8b38706ad18cb1b9
122442,2026-08-15T13:19:18Z,2026-08-18T12:10:34Z,master,human,CONTRIBUTOR,4.8,dd75042d398424238d0023e8388ec21994fb3594
122447,2026-08-15T19:11:02Z,2026-08-18T12:10:34Z,master,human,CONTRIBUTOR,4.8,a8e030d30d1bd249e63dd4fd502bb5ca16883b89
122448,2026-08-15T19:34:02Z,2026-08-18T12:10:34Z,master,human,CONTRIBUTOR,4.8,eeda230b648429b02dec92dc1e177a4804642a86
122464,2026-08-16T11:28:49Z,2026-08-18T12:10:35Z,master,human,CONTRIBUTOR,4.8,1457ddf6d5b37a8473efe3fe6d37c15449804e17
122465,2026-08-16T11:50:52Z,2026-08-21T16:25:19Z,master,human,MEMBER,4.8,8c8cf72e27cd385fe86c14cab39eb17b0fd4d6bb
122467,2026-08-16T13:07:37Z,2026-08-16T15:55:45Z,3.x,human,MEMBER,3.7,998f2cc6279893675c9c4a1bc9b62ed318c70afc
122482,2026-08-16T21:53:02Z,2026-09-27T16:30:19Z,master,human,CONTRIBUTOR,4.8,da18a149e945089a06afcd8cfcff30099ac80c19
122483,2026-08-16T22:32:28Z,2026-08-18T12:10:34Z,master,human,MEMBER,4.8,982296a0e3f1d41b31c5bccd0be2094c0f276569
122487,2026-08-17T06:06:09Z,2026-08-18T15:11:55Z,master,human,CONTRIBUTOR,4.8,944a3c6cbbbb88284feebcb0603464cb175fa18e
122488,2026-08-17T06:13:40Z,2026-08-17T17:32:44Z,3.6,human,MEMBER,3.6,2d55a7615c4247a14ff6d676b561a7cbe13c4b44
122492,2026-08-17T08:53:46Z,2026-08-18T12:10:34Z,master,human,CONTRIBUTOR,4.8,82e18ab49ae4b71c60acf51bc498594b01eac98a
122496,2026-08-17T10:16:31Z,2026-08-21T06:14:09Z,3.x,human,MEMBER,3.7,f7e4a720ba09abc85d0dc12d9690093b7c556f56
122505,2026-08-17T16:54:14Z,2026-08-18T15:11:55Z,master,human,CONTRIBUTOR,4.8,2c241e85fafe828918ec4bd07500fade1f1fa6d2
122506,2026-08-17T17:24:05Z,2026-08-17T17:38:58Z,3.x,human,MEMBER,3.7,7dfefdfb836db7661e76fd32a2cb0ad0aaeabd82
122507,2026-08-17T17:45:53Z,2026-08-18T13:13:28Z,3.6,human,MEMBER,3.6,86e17277912e3db611683b4aea152b10a935ac13
122508,2026-08-17T18:16:48Z,2026-08-18T05:42:32Z,3.x,human,MEMBER,3.7,e1e12161f225901ce95a2d0ca40e01f65d9a5620
122510,2026-08-17T21:59:46Z,2026-09-24T17:29:04Z,master,human,MEMBER,4.8,7818fe4bfe6bce82b9ab8d9844c2d1f684a55dc2
122512,2026-08-17T22:44:45Z,2026-09-16T16:22:29Z,master,human,CONTRIBUTOR,4.8,43bb31a73363c3827a374a0818bd1fbf86dc2f9c
122515,2026-08-17T23:55:51Z,2026-08-19T22:21:38Z,master,human,CONTRIBUTOR,4.8,bfdeb5f7bd732d3c814229fff8a385976b220e67
122523,2026-08-18T04:57:44Z,2026-08-18T11:26:45Z,master,human,MEMBER,4.8,cc8f40688bc28b4b10ded8eeb097d4e20aae768e
122525,2026-08-18T05:45:30Z,2026-08-19T17:22:26Z,master,human,MEMBER,4.8,e346c5392ca8066df883305a8d0f131ec04d74b1
122526,2026-08-18T06:08:31Z,2026-08-19T17:22:26Z,master,human,MEMBER,4.8,de2c06979b49eb2c24809dc0f0bf48598dafdcec
122533,2026-08-18T08:37:59Z,2026-08-19T22:21:38Z,master,human,CONTRIBUTOR,4.8,2db99df94ebc2bb27dc210bdef6f6853c3e49057
122538,2026-08-18T11:22:40Z,2026-08-18T12:10:34Z,master,human,MEMBER,4.8,fc0399facb37c8eca9bfe1b2b682a1f38505e352
122540,2026-08-18T12:44:16Z,2026-08-18T15:11:55Z,master,human,MEMBER,4.8,25807a3438eda7e44f600efb87bc51bbd3d1559d
122545,2026-08-18T14:39:17Z,2026-08-19T07:22:57Z,3.6,human,MEMBER,3.6,9eb75434c5bcae9b6ec2436240bf3aa42d30217d
122548,2026-08-18T15:00:23Z,2026-08-19T17:22:26Z,master,human,MEMBER,4.8,6b49392e023ec4079dbfc58a511bef8dc7f0e0db
122550,2026-08-18T15:37:28Z,2026-08-19T17:22:27Z,master,human,CONTRIBUTOR,4.8,7294e2cde19ab210399134145adf63929f9156ef
122558,2026-08-18T20:49:38Z,2026-08-19T17:22:26Z,master,human,CONTRIBUTOR,4.8,bf8158803633e2e7307362cfee9cca6171267f37
122559,2026-08-18T20:54:14Z,2026-08-24T19:51:14Z,master,human,CONTRIBUTOR,4.8,9f8f23f6320dde40878a4489b8d7c2f5119eb4f2
122561,2026-08-18T21:48:44Z,2026-10-02T14:13:20Z,4.7,human,MEMBER,4.7,71ca0d8cea8cb3073a217e08cd39d13f0dee9f74
122567,2026-08-18T22:22:23Z,2026-08-20T21:18:10Z,master,human,CONTRIBUTOR,4.8,df3b68f4a77a1d9a5198fe9d4b99be1c27532aa1
122569,2026-08-18T23:41:06Z,2026-08-19T17:22:26Z,master,human,CONTRIBUTOR,4.8,cc9214dfa7598c13df18e474102df063aad7f28e
122570,2026-08-18T23:44:07Z,2026-08-19T17:22:26Z,master,human,CONTRIBUTOR,4.8,774534e67a51fe93b51166ba6a96919675a76632
122573,2026-08-19T00:58:05Z,2026-08-19T17:22:26Z,master,human,CONTRIBUTOR,4.8,855e9ad92354677bab9b28d0f4667b62d0e455b2
122574,2026-08-19T01:31:37Z,2026-08-24T19:51:14Z,master,human,MEMBER,4.8,39bae20320566c6dc9bc4a6adcb80dcb849d7d09
122575,2026-08-19T01:53:06Z,2026-08-19T17:22:26Z,master,human,CONTRIBUTOR,4.8,614d15ae7ef6d859fbc778e7c4e74384d59ffb0f
122578,2026-08-19T05:38:04Z,2026-08-19T22:21:38Z,master,human,CONTRIBUTOR,4.8,cf2e3df0882fa98891046bb15f7fca99fff0b570
122579,2026-08-19T05:40:21Z,2026-08-21T16:25:19Z,master,human,CONTRIBUTOR,4.8,56a62662945047adbeb930f80f84e8bb90267eda
122588,2026-08-19T12:16:47Z,2026-08-19T17:22:26Z,master,human,CONTRIBUTOR,4.8,60c58e49be5264da2b4fce7aa42842b13d837cbb
122589,2026-08-19T12:29:33Z,2026-08-19T17:22:26Z,master,human,CONTRIBUTOR,4.8,e23379be925a13ee693e2ce065a1b7df2649a12a
122593,2026-08-19T13:14:35Z,2026-08-20T10:13:10Z,4.7,human,MEMBER,4.7,f6ab5db28b9d989a3ae710d57410a123cf0e4b23
122594,2026-08-19T13:20:46Z,2026-08-20T08:19:45Z,master,human,MEMBER,4.8,7a3904e22b90dc79933c7b34f8d0a26ca751e23d
122596,2026-08-19T14:37:36Z,2026-08-21T16:25:20Z,master,human,MEMBER,4.8,a728377056aaebb6176bfb916124ce13d6094a6a
122602,2026-08-19T16:58:44Z,2026-08-19T22:21:38Z,master,human,MEMBER,4.8,872e2d04251efa33f8609c12cc06f3b233c898a7
122603,2026-08-19T17:11:52Z,2026-08-19T22:21:38Z,master,human,CONTRIBUTOR,4.8,8ca54753cb21fdbcf1e963dc2b2715498ba8c3f2
122607,2026-08-19T19:28:37Z,2026-08-20T15:54:57Z,master,human,CONTRIBUTOR,4.8,390ff358dd8e17baf0642f4809329e7538def403
122609,2026-08-19T19:31:36Z,2026-09-17T18:03:49Z,master,human,MEMBER,4.8,33b3d4b4f34540baf4e19e0245d6a81c612b88dc
122611,2026-08-19T20:58:45Z,2026-08-20T15:54:57Z,master,human,CONTRIBUTOR,4.8,8cd5daf96d11b9d0824c0602c5b98db93f5c0c46
122613,2026-08-19T21:35:13Z,2026-08-20T15:54:57Z,master,human,CONTRIBUTOR,4.8,97b066bf4532275cb635481e2d211a10d9d44309
122618,2026-08-19T23:43:00Z,2026-08-27T01:39:50Z,master,human,CONTRIBUTOR,4.8,c711f8e36ca24026ea68eb2920bd17c2f79b0cd8
122619,2026-08-20T00:05:43Z,2026-08-20T15:54:57Z,master,human,MEMBER,4.8,2b1890d343aab5c1d4cf78d495a46ccfe078ec25
122620,2026-08-20T00:24:25Z,2026-08-20T15:54:57Z,master,human,MEMBER,4.8,d0c616777512beb4fc7935b1f5fdd60c6f29a2be
122624,2026-08-20T05:59:38Z,2026-08-21T16:25:19Z,master,human,CONTRIBUTOR,4.8,23624183d836c0cf21f84a53820176488ac3fb8d
122634,2026-08-20T09:08:34Z,2026-08-24T17:10:38Z,master,human,CONTRIBUTOR,4.8,1020d5b21c68d728a1c77a0b6299280aceb4b2d4
122635,2026-08-20T09:11:07Z,2026-08-21T16:25:19Z,master,human,CONTRIBUTOR,4.8,be7e799093da1498337a566bf97da563275f5fe0
122639,2026-08-20T11:18:21Z,2026-08-20T13:36:24Z,3.x,human,MEMBER,3.7,94806269e2f8856bfd7bc4f72761d5c8daa28ce8
122646,2026-08-20T12:53:38Z,2026-08-24T19:51:14Z,master,human,CONTRIBUTOR,4.8,df3c6c396fd35c887e42b774aacb20e5545429b0
122647,2026-08-20T13:07:41Z,2026-08-21T17:37:15Z,3.x,human,MEMBER,3.7,5e3ee5b91bc363a04844018afe0b37ddd089802b
122653,2026-08-20T15:16:21Z,2026-09-16T16:22:29Z,master,human,CONTRIBUTOR,4.8,4f2471679ad43db8d58d92db0e34552932d1cbbc
122656,2026-08-20T16:06:20Z,2026-08-27T01:39:50Z,master,human,CONTRIBUTOR,4.8,91a79b53d43a5cfb2ab209b2d10def9e8f1b0d6a
122659,2026-08-20T17:47:19Z,2026-08-21T16:25:20Z,master,human,MEMBER,4.8,b3e0bb525e0cecb4909710dddc1c83894bc95a01
122667,2026-08-20T19:37:19Z,2026-08-25T17:19:09Z,master,human,CONTRIBUTOR,4.8,6f2a20afbad43c3d23bc4965c1fd92f3315c52c9
122669,2026-08-20T20:05:19Z,2026-08-24T17:10:38Z,master,human,MEMBER,4.8,c81eddd5de7821c3c2d056db674a29ae52df2c24
122670,2026-08-20T20:36:14Z,2026-08-20T21:18:10Z,master,human,MEMBER,4.8,9ba32b09e0dfa4a6c1b82312554894615c716cce
122675,2026-08-20T22:58:26Z,2026-08-21T16:25:19Z,master,human,CONTRIBUTOR,4.8,fc1d3db12f37c30a3eb62c1f4c2087539354a933
122676,2026-08-20T23:13:45Z,2026-08-21T16:25:19Z,master,human,MEMBER,4.8,cad1641165696bad23bc0974974f780ef88cf018
122685,2026-08-21T08:13:32Z,2026-10-02T14:42:15Z,master,human,MEMBER,4.8,5b02f4aae5ff53dbfb95de074199660bf1d407b3
122690,2026-08-21T11:05:20Z,2026-08-21T16:25:19Z,master,human,CONTRIBUTOR,4.8,11e91c38c3fce6a3757a691589118a50010b9f8a
122693,2026-08-21T13:15:44Z,2026-08-21T16:25:19Z,master,human,MEMBER,4.8,893cf5cbfe789ae67c9389708e1428141bb39b18
122700,2026-08-21T17:47:39Z,2026-08-21T18:29:35Z,3.6,human,MEMBER,3.6,869439f1d0675db0a8da6a30db8b87ed35a31527
122703,2026-08-21T18:39:41Z,2026-08-26T19:39:27Z,master,human,CONTRIBUTOR,4.8,3a46d7ecaf8d066d4af232ecfc0f66c0d8e992c5
122706,2026-08-21T20:48:34Z,2026-09-02T14:42:28Z,master,human,CONTRIBUTOR,4.8,c80ab3f87d96543590e44d7a2b4effae262b5cdd
122709,2026-08-21T22:54:13Z,2026-09-17T18:03:49Z,master,human,MEMBER,4.8,6db62f5833b69c49ebe5cac10caea3eb3e53dd2c
122711,2026-08-22T09:51:53Z,2026-09-26T15:13:20Z,master,human,CONTRIBUTOR,4.8,d6e8fab477c512a05b42d068091596b014cf4f26
122717,2026-08-22T16:09:55Z,2026-08-24T17:10:38Z,master,human,MEMBER,4.8,7fb4146c46b18e04077a43775be102dc00c2579e
122719,2026-08-22T16:47:58Z,2026-08-24T19:51:14Z,master,human,CONTRIBUTOR,4.8,a082dad2c80fd08626825eb427feb2840004a006
122725,2026-08-22T19:17:20Z,2026-08-25T17:19:08Z,master,human,CONTRIBUTOR,4.8,b56a91878e7c94977e4af978968e41d0670c0a8b
122729,2026-08-22T23:37:47Z,2026-09-01T22:55:43Z,master,human,MEMBER,4.8,8ffdb4d0aaeb987711e58d3a7abfc573f5f38c5a
122736,2026-08-23T11:33:55Z,2026-08-24T17:10:38Z,master,human,MEMBER,4.8,bfae01d184c6168b55d48caefa19d5cda6c8ba10
122739,2026-08-23T14:57:46Z,2026-08-28T17:02:17Z,master,human,MEMBER,4.8,53511827b02168b2627807311b12cab17d598ed0
122745,2026-08-23T17:21:53Z,2026-09-07T15:30:55Z,master,human,MEMBER,4.8,f81ac85746efe4b9ff78931b90301e586a3152ec
122751,2026-08-23T22:00:26Z,2026-08-26T19:39:27Z,master,human,MEMBER,4.8,05f38067fbb46cf414043932c9810b7259dc26c6
122755,2026-08-24T02:38:13Z,2026-09-21T15:07:12Z,master,human,CONTRIBUTOR,4.8,f33f56cea9cc89c8e8c0d8cfd560498f3ab4b9c1
122756,2026-08-24T03:46:53Z,2026-08-24T17:10:38Z,master,human,CONTRIBUTOR,4.8,729030eec831f9e734dad40f2507fe2e6675e588
122759,2026-08-24T08:57:52Z,2026-08-24T17:10:38Z,master,human,CONTRIBUTOR,4.8,ab6b1524019c7515e055e0329155e0d99e161413
122760,2026-08-24T10:43:52Z,2026-08-24T19:51:14Z,master,human,MEMBER,4.8,27ee0aab7ff5432e14114841256faefe3184aac8
122767,2026-08-24T15:10:23Z,2026-08-25T17:19:08Z,master,human,CONTRIBUTOR,4.8,eb45dab124187bef301cfea1a4ec5b4adb62963e
122768,2026-08-24T15:10:51Z,2026-08-24T19:51:14Z,master,human,CONTRIBUTOR,4.8,838d539e66aba707ce48e6c341730c34a227e08c
122771,2026-08-24T16:01:01Z,2026-09-18T15:48:03Z,master,human,MEMBER,4.8,b6e4bbd9cc091c6f72a7b0cffb6314600bd4db1e
122772,2026-08-24T16:50:05Z,2026-09-02T14:42:28Z,master,human,CONTRIBUTOR,4.8,e4e252822ca5b529e7e084f02fe3394ed47858d1
122773,2026-08-24T17:43:40Z,2026-08-25T17:19:08Z,master,human,CONTRIBUTOR,4.8,19648c4103ddc5b7d538d520283be895830447b4
122774,2026-08-24T18:09:29Z,2026-09-03T17:51:13Z,master,human,MEMBER,4.8,8fb477a0a2e7e8dd34f0b508029272c2542a2a09
122776,2026-08-24T18:52:38Z,2026-08-24T19:51:14Z,master,human,CONTRIBUTOR,4.8,dbbe51f8334ed69d93173b9ddbe102134435c622
122782,2026-08-24T21:39:49Z,2026-08-27T17:33:12Z,master,human,CONTRIBUTOR,4.8,bfc77b24e5f1ac2a36bb4996d960c4615fc0f045
122784,2026-08-24T21:45:06Z,2026-08-27T01:39:50Z,master,human,CONTRIBUTOR,4.8,c47525f9ad620f1e8c0b80a1d152fb57b547f389
122785,2026-08-24T22:06:08Z,2026-08-25T02:55:30Z,master,human,MEMBER,4.8,8bc2078705f0757ea7d5ddceb9c2556289a422b6
122786,2026-08-25T00:03:04Z,2026-08-27T17:33:11Z,master,human,CONTRIBUTOR,4.8,ea031ed668fe4b47b27fc27742800fe7df073f24
122789,2026-08-25T01:08:51Z,2026-09-24T17:29:04Z,master,human,CONTRIBUTOR,4.8,03e47ae00236946b2c6d3ddb3da8b5f7123ecfe8
122799,2026-08-25T07:10:57Z,2026-09-29T19:11:39Z,master,human,MEMBER,4.8,74eed06729ea5b200a8a7934baea5d2a003ab052
122802,2026-08-25T10:29:33Z,2026-08-27T01:39:50Z,master,human,MEMBER,4.8,0e633a3e0376286c3455fb01378049697bf5d4f6
122804,2026-08-25T12:15:17Z,2026-10-02T14:13:20Z,4.7,human,MEMBER,4.7,31d354853ef7a3c79adee5b8c1cb20bc3f85b40e
122806,2026-08-25T12:42:39Z,2026-08-25T17:19:08Z,master,human,CONTRIBUTOR,4.8,601aba8ba7be505088f248479da2bfcc181c3467
122809,2026-08-25T16:02:44Z,2026-08-25T17:19:08Z,master,human,MEMBER,4.8,5e0ddc5caf85caa4fcd8093e5cb8395d59a41776
122820,2026-08-26T03:52:44Z,2026-09-15T22:57:10Z,master,human,MEMBER,4.8,fd50cfe55b3cde627d53ad1bc74717f518e6767d
122822,2026-08-26T05:46:23Z,2026-09-29T19:11:38Z,master,human,MEMBER,4.8,8d12faa56cbd0c4e4252e7d11c525898e47bb275
122825,2026-08-26T07:13:07Z,2026-08-27T17:33:11Z,master,human,MEMBER,4.8,193c91493e8be7d8bf004bd6e70e1fe155669491
122826,2026-08-26T07:42:47Z,2026-08-27T17:33:11Z,master,human,MEMBER,4.8,c37845dd9f3448d61797d109862f05a22d1a86a2
122829,2026-08-26T09:26:34Z,2026-08-27T01:39:50Z,master,human,MEMBER,4.8,075654d1872db3494db9fab7f87e37a09ce63826
122831,2026-08-26T10:01:08Z,2026-08-27T01:39:50Z,master,human,MEMBER,4.8,880a60b060ba47c5bddc38dc7ca2b63978c927f7
122839,2026-08-26T12:23:19Z,2026-08-28T17:02:17Z,master,human,MEMBER,4.8,7953c4cf864e94169b078b8193fbd72d708dd080
122840,2026-08-26T12:34:19Z,2026-09-18T15:48:03Z,master,human,MEMBER,4.8,fe50fbff84054a6e447caa5ae38f2591363afced
122841,2026-08-26T12:36:43Z,2026-08-26T19:39:27Z,master,human,MEMBER,4.8,675fec470e6e8f0200213f91480ab8d9e9bb67f5
122848,2026-08-26T18:07:51Z,2026-08-27T01:39:50Z,master,human,MEMBER,4.8,cf81ec9ea16eb4150bbe39646020d982da4a1f72
122849,2026-08-26T18:49:07Z,2026-08-31T19:55:07Z,master,human,MEMBER,4.8,2c7e24c1a015949c2296a650b7bbeae61e22919e
122851,2026-08-26T19:59:32Z,2026-08-28T17:02:17Z,master,human,MEMBER,4.8,097e4ce9fd09ebaf0500cf1be23d4ae7b8462e2b
122855,2026-08-26T21:36:29Z,2026-08-31T19:55:07Z,master,human,CONTRIBUTOR,4.8,bbcf71b951cdf1489b85bbc92d5671b8a3d4cb9d
122857,2026-08-26T21:47:56Z,2026-09-17T18:03:49Z,master,human,MEMBER,4.8,02dfd40d9a0f064a2bd1a0f91a31e49548be0fdf
122858,2026-08-26T23:43:12Z,2026-09-11T22:25:27Z,master,human,MEMBER,4.8,6701203cab72de69663a68f1c1946eaad823bc92
122863,2026-08-27T05:03:14Z,2026-08-28T22:21:08Z,master,human,CONTRIBUTOR,4.8,d02ba740c3e795605579b7369057c062e04eff9c
122864,2026-08-27T05:10:00Z,2026-08-27T17:33:11Z,master,human,MEMBER,4.8,aa7b03503a0d4f35fe762e9424480be02e45a48d
122865,2026-08-27T05:19:44Z,2026-09-09T19:59:17Z,master,human,MEMBER,4.8,cb52e11cd97da6e16ea083141fa09a103ee8494b
122866,2026-08-27T05:38:10Z,2026-08-31T19:55:07Z,master,human,CONTRIBUTOR,4.8,eca4fdfbc5f3bce64fb25bb828fb8fb49cb708e6
122873,2026-08-27T08:29:29Z,2026-09-03T17:51:13Z,master,human,CONTRIBUTOR,4.8,17501dc0bb5059ceb638308de427e5a5aede1dcb
122877,2026-08-27T10:04:51Z,2026-08-28T17:02:17Z,master,human,MEMBER,4.8,d2ea80d0cf8bb4b141fe70815cb48b577374feb4
122878,2026-08-27T11:06:12Z,2026-08-28T17:02:17Z,master,human,MEMBER,4.8,c189c5fa6f2dea30d75c84a7641623ddd46cfcd7
122879,2026-08-27T11:09:46Z,2026-08-27T17:33:11Z,master,human,CONTRIBUTOR,4.8,455e36a9eef85944bfe1a0ac8e47e91ff0b24870
122883,2026-08-27T12:18:11Z,2026-08-27T17:33:11Z,master,human,CONTRIBUTOR,4.8,0960ceda463e4703a467687c823c5fb47340598d
122884,2026-08-27T12:21:06Z,2026-08-27T17:33:11Z,master,human,MEMBER,4.8,7974a342b993146fd27739f00045523bb4259858
122888,2026-08-27T14:20:44Z,2026-09-08T17:14:12Z,master,human,MEMBER,4.8,45e74fe884b7b658ef697ef2c22355ea6c0235a9
122893,2026-08-27T16:02:26Z,2026-08-28T17:02:17Z,master,human,MEMBER,4.8,ea5946d3d9d0e4b67407723cf73545029b5203f4
122895,2026-08-27T16:21:23Z,2026-08-28T17:02:17Z,master,human,MEMBER,4.8,9edf226ddc0cc7b5530899cee4a31f1f5b90ec5b
122896,2026-08-27T16:35:03Z,2026-08-27T17:33:11Z,master,human,CONTRIBUTOR,4.8,f49c9f8394d2b9553c0e5186d453c30dc75228e0
122900,2026-08-27T18:16:16Z,2026-09-02T14:42:28Z,master,human,CONTRIBUTOR,4.8,a1e3675829da0ffc5bdd59607a81e8f10e64f7a3
122903,2026-08-27T22:55:01Z,2026-08-28T17:02:17Z,master,human,CONTRIBUTOR,4.8,17ef0d47d7f2c886b9cae37dcf68022f67ada938
122912,2026-08-28T04:51:05Z,2026-09-02T14:42:28Z,master,human,MEMBER,4.8,14ddd30050361f65aef787b4f79a1392bd8b567e
122914,2026-08-28T07:30:25Z,2026-08-28T17:02:17Z,master,human,CONTRIBUTOR,4.8,2b3f3a58456bc113cf2151a016aee465cd5b4f40
122916,2026-08-28T08:21:11Z,2026-08-31T19:55:07Z,master,human,MEMBER,4.8,2a8c7de9faf65aaa6af9691c56d06c81e08d1399
122919,2026-08-28T09:09:53Z,2026-08-28T22:21:08Z,master,human,MEMBER,4.8,7a602440a02c6ac322109e8c69cf0fcf7c643582
122922,2026-08-28T10:13:46Z,2026-09-03T17:51:13Z,master,human,CONTRIBUTOR,4.8,699b8d9f034f57b6b1c79ea8e6f57da1192675dc
122924,2026-08-28T10:57:19Z,2026-08-28T17:02:17Z,master,human,MEMBER,4.8,5bd515bd42feb94b34ca7a349c433e8a52d01d33
122931,2026-08-28T11:47:40Z,2026-08-28T22:21:08Z,master,human,CONTRIBUTOR,4.8,ad3e3dcbe41700aad3c373c4b59fbde6601696cc
122935,2026-08-28T13:37:48Z,2026-08-28T17:02:17Z,master,human,CONTRIBUTOR,4.8,2f6b1d167dd068f910ead34aa08a14b52fbfd1a2
122936,2026-08-28T15:07:31Z,2026-08-31T14:12:30Z,master,human,CONTRIBUTOR,4.8,8e01c619816f8a9ff180441890801b46f4701d79
122938,2026-08-28T15:50:22Z,2026-09-25T15:55:38Z,master,human,CONTRIBUTOR,4.8,b6512098c9880e6204c293fa4bfac017ec379c98
122940,2026-08-28T16:38:35Z,2026-09-07T15:30:55Z,master,human,CONTRIBUTOR,4.8,60ed48d4ca6cb23825192bf0a30c67ca26063ad0
122943,2026-08-28T17:40:46Z,2026-09-21T15:07:11Z,master,human,CONTRIBUTOR,4.8,2dbd186671959854e9e28dfd6e25fa0b8a7cb7f8
122945,2026-08-28T18:36:01Z,2026-08-28T22:21:08Z,master,human,CONTRIBUTOR,4.8,905a0142b1f62bc947fbd83e936a62162c401776
122947,2026-08-28T19:16:51Z,2026-08-28T22:21:08Z,master,human,CONTRIBUTOR,4.8,5ec4857b340b6284a18b49b2eda462bd250f219a
122950,2026-08-28T20:46:30Z,2026-08-28T22:21:08Z,master,human,MEMBER,4.8,11be3763b076e7b1297c776421fdcfe975e6e9d3
122959,2026-08-29T01:06:45Z,2026-08-31T14:12:30Z,master,human,CONTRIBUTOR,4.8,1264c85fb4eba580b0f154fcf757307de7e43b08
122960,2026-08-29T05:37:07Z,2026-09-22T19:09:49Z,master,human,MEMBER,4.8,7a0bc105fa1594c464cac3a91284ac75889a2547
122963,2026-08-29T11:29:37Z,2026-08-29T12:28:44Z,3.x,human,MEMBER,3.7,dd52ac78293af1cdf3a171647aa18e2227946d04
122964,2026-08-29T11:59:11Z,2026-09-02T14:42:28Z,master,human,MEMBER,4.8,0d2d9872b59bf981f6c6b656439e7d79b1516655
122968,2026-08-29T13:36:28Z,2026-09-02T14:42:28Z,master,human,MEMBER,4.8,19e28d15baeffd76e4119c3f7744650ce7c34ebf
122971,2026-08-29T16:00:53Z,2026-08-31T14:12:30Z,master,human,CONTRIBUTOR,4.8,78a655d0900d6a2e7c908cfd228dbe9dbd979550
122972,2026-08-29T16:12:42Z,2026-08-31T19:55:07Z,master,human,CONTRIBUTOR,4.8,72c69f8e415e215084a9238cd3b43b0bf53b243f
122981,2026-08-29T18:43:32Z,2026-08-31T19:55:07Z,master,human,CONTRIBUTOR,4.8,63c3c928cf115bdb7bc2f8786b81298a061c9bfe
122987,2026-08-29T22:10:25Z,2026-09-01T18:32:20Z,master,human,CONTRIBUTOR,4.8,7678ff61ec7f1d85183b408d871e66cdb9a7fb2a
122993,2026-08-30T05:51:32Z,2026-08-31T19:55:07Z,master,human,CONTRIBUTOR,4.8,fc35c91fd3a63d1dcfb33bcce18d31c66ca2a1aa
122996,2026-08-30T08:22:06Z,2026-08-31T19:55:07Z,master,human,CONTRIBUTOR,4.8,909ae8463f59a7167672c0023144560bb5b59ba5
122997,2026-08-30T08:52:29Z,2026-08-31T14:12:30Z,master,human,MEMBER,4.8,a31a6892076b698e286d47c480bc12487c0265cb
122998,2026-08-30T08:54:48Z,2026-08-31T14:12:30Z,master,human,CONTRIBUTOR,4.8,50e97d694dadeb528fd799374e0229cc4041c2d9
123001,2026-08-30T14:11:40Z,2026-10-02T18:11:25Z,4.4,human,MEMBER,4.4,d40e969378dd4178f9a52f191b504d507db6563a
123012,2026-08-30T21:52:20Z,2026-08-31T14:12:30Z,master,human,CONTRIBUTOR,4.8,b9f85e67fda0786aebb6e55ed32b556c2041653e
123014,2026-08-30T23:19:10Z,2026-09-01T22:55:43Z,master,human,CONTRIBUTOR,4.8,1938415af88518d0d1170de61b2c72c71e00acc5
123016,2026-08-31T02:58:27Z,2026-09-07T15:30:55Z,master,human,CONTRIBUTOR,4.8,afd11f319477ee80787613b8b22ad8f63f9580f0
123019,2026-08-31T08:09:43Z,2026-08-31T19:55:07Z,master,human,MEMBER,4.8,272584e4bbc6aae9e9302c87d8f97ae2984433af
123023,2026-08-31T09:14:13Z,2026-09-01T18:32:20Z,master,human,CONTRIBUTOR,4.8,1e76ddd34de8aaffd783b881b1379a6e67ed6366
123024,2026-08-31T09:32:22Z,2026-09-07T21:26:47Z,master,human,MEMBER,4.8,86bf6188b884cbb0596acdedcc3e55a9f3ed5975
123028,2026-08-31T11:34:23Z,2026-09-01T18:32:20Z,master,human,MEMBER,4.8,1ee6d54809bb26bf04509fbd94a26ffdcbbd5eed
123030,2026-08-31T12:26:49Z,2026-08-31T19:55:07Z,master,human,CONTRIBUTOR,4.8,73441e107b57a89151a03fd1630dc57f86f71056
123032,2026-08-31T13:13:48Z,2026-08-31T19:55:07Z,master,human,CONTRIBUTOR,4.8,46c9ef8228cf87c66cf72aaa4f6ca000b2c98a82
123034,2026-08-31T13:46:56Z,2026-08-31T19:55:07Z,master,human,CONTRIBUTOR,4.8,0aca047c4d2852d3a3f99b9ce2d586c710929802
123035,2026-08-31T13:47:51Z,2026-09-16T16:22:29Z,master,human,CONTRIBUTOR,4.8,603d005102a3d595cbe8fe870437370216670c8f
123036,2026-08-31T14:04:37Z,2026-08-31T19:55:07Z,master,human,MEMBER,4.8,59c4506f5120cb1e63ec9d95d81006c3d2b840bc
123037,2026-08-31T14:30:22Z,2026-09-28T18:37:39Z,master,human,MEMBER,4.8,19d30c512653f2fac37494221ed7ece56a3665d0
123039,2026-08-31T14:49:06Z,2026-09-02T14:42:28Z,master,human,MEMBER,4.8,5fb23b77895c6ca45a550e19624868d384afe2bb
123044,2026-08-31T17:12:49Z,2026-09-01T18:32:20Z,master,human,CONTRIBUTOR,4.8,74e99170ee7292c759bbdf65027381fd166494a8
123047,2026-08-31T17:39:02Z,2026-09-01T18:32:20Z,master,human,CONTRIBUTOR,4.8,067637af7da226cf1c8dcf767a3e6ce7bf7a29c6
123049,2026-08-31T18:18:30Z,2026-08-31T19:55:07Z,master,human,MEMBER,4.8,6233b2d95b2b471a32ce6724177aef31008de0e1
123053,2026-08-31T21:21:40Z,2026-09-02T14:42:28Z,master,human,CONTRIBUTOR,4.8,e46f7373f09e759eb4c69ebaad8906421b4a4588
123058,2026-08-31T23:23:50Z,2026-09-01T22:55:43Z,master,human,MEMBER,4.8,727020de7fac8980d8ff1e8e7555cb880aefb1f4
123063,2026-09-01T05:55:42Z,2026-09-01T18:32:20Z,master,human,CONTRIBUTOR,4.8,dd017ed97c405d171650e267941987e03893cc31
123065,2026-09-01T09:14:08Z,2026-09-01T18:32:20Z,master,human,CONTRIBUTOR,4.8,5adfce773fdbb96feedadd45acaf625b9a586807
123069,2026-09-01T10:15:07Z,2026-09-01T22:55:44Z,master,human,MEMBER,4.8,a751d45ed2a5d1d77ffa8145c57199c9a5215f97
123071,2026-09-01T11:24:47Z,2026-09-01T13:45:44Z,4.4,human,MEMBER,4.4,e5c89ae8dfffde84fd32bdae84a24f787d635f7a
123072,2026-09-01T12:30:42Z,2026-09-03T17:51:13Z,master,human,MEMBER,4.8,66bbc72fb951d282fba4ab4b31b5bf9fdc6cec90
123073,2026-09-01T14:10:56Z,2026-09-02T14:42:27Z,master,human,CONTRIBUTOR,4.8,66e888a321a7b88c4cb9287ab511093b0acfa949
123074,2026-09-01T15:46:12Z,2026-09-02T14:42:27Z,master,human,CONTRIBUTOR,4.8,296a3aa384eaea362362398e68cbe69de4152cfe
123075,2026-09-01T16:27:50Z,2026-09-02T14:42:27Z,master,human,MEMBER,4.8,01ccb6f10e9c43b0d391a65855a006a46af1bf13
123079,2026-09-01T18:01:13Z,2026-09-02T14:42:27Z,master,human,CONTRIBUTOR,4.8,ad63cb45ac94d5c5e6eece0cae40a02dda131a7f
123082,2026-09-01T20:00:14Z,2026-09-01T22:55:43Z,master,human,CONTRIBUTOR,4.8,6220ead4fa06611918e371e6f51d7b9a3aefe53c
123085,2026-09-01T20:55:11Z,2026-09-07T21:26:47Z,master,human,CONTRIBUTOR,4.8,c75669064cf6522e2d2aefa6b32ba69ad3f1ca8c
123087,2026-09-01T22:29:48Z,2026-09-04T14:14:59Z,master,human,MEMBER,4.8,797c903eaf80805142276a34581b1fa095ff7db0
123090,2026-09-02T03:25:35Z,2026-09-04T14:14:59Z,master,human,CONTRIBUTOR,4.8,5ca22b84092ab1f0d12d5f157a5ff20cb7819fd5
123092,2026-09-02T03:47:06Z,2026-09-02T14:42:27Z,master,human,CONTRIBUTOR,4.8,4ae83da8680d2d68fd9e8ffdf7451c4fb01d7951
123094,2026-09-02T05:12:32Z,2026-09-04T14:14:59Z,master,human,CONTRIBUTOR,4.8,a33b489b3604ec04687335a8cae6da2795233ecc
123096,2026-09-02T06:28:37Z,2026-09-03T17:51:13Z,master,human,CONTRIBUTOR,4.8,c150f2d7a8cc1e2c17b968864021712bb6606cf2
123099,2026-09-02T08:53:39Z,2026-09-12T14:06:20Z,3.x,human,MEMBER,3.7,dd903cbb58af33ca0a5e15da75efd7f21075aea0
123103,2026-09-02T11:56:36Z,2026-09-07T21:26:47Z,master,human,CONTRIBUTOR,4.8,43d1ea7ab6d6c64194a67430646d62f00bc8c5be
123106,2026-09-02T13:45:41Z,2026-09-03T17:51:13Z,master,human,MEMBER,4.8,d49fc0bf009faf25cf7f59665bc12274deb4fd4d
123108,2026-09-02T14:10:58Z,2026-09-02T14:42:27Z,master,human,MEMBER,4.8,6ef60dc279b2c58a94ffc57bf98eefc9663f7907
123112,2026-09-02T17:38:32Z,2026-10-01T00:00:07Z,master,human,MEMBER,4.8,47c1e6e2277b8d217e0ffcd93d919b48c2a1f29f
123114,2026-09-02T18:45:13Z,2026-09-03T17:51:13Z,master,human,MEMBER,4.8,f0840e0b52ef6c0aeb05abf46c5010dbf589517b
123115,2026-09-02T20:41:52Z,2026-09-07T15:30:55Z,master,human,MEMBER,4.8,994cfa014b69fb8440b386d3238a89435bd522f8
123117,2026-09-02T21:25:02Z,2026-09-04T14:14:59Z,master,human,CONTRIBUTOR,4.8,34d06658a85845111a50db9e485ec4a0701d4298
123118,2026-09-02T21:31:49Z,2026-09-03T17:51:13Z,master,human,MEMBER,4.8,876ee844af80a89070a6e6fa69882de28a887512
123120,2026-09-02T22:28:41Z,2026-09-03T17:51:13Z,master,human,MEMBER,4.8,a22418e9470f3cedc2a630ced04eced65adf487a
123123,2026-09-02T23:22:47Z,2026-09-04T14:15:00Z,master,human,CONTRIBUTOR,4.8,9c3bb2796954c96433f7aeeefe2968412f4f6e16
123124,2026-09-02T23:43:14Z,2026-09-08T17:14:11Z,master,human,CONTRIBUTOR,4.8,ea723c23b9fb9bea65fd5f65cb4118106449e6e5
123133,2026-09-03T07:19:11Z,2026-09-18T15:48:03Z,master,human,CONTRIBUTOR,4.8,7dcf489e88cf0c936eb409a05eb2ef355b2b05ce
123138,2026-09-03T09:36:48Z,2026-09-04T14:14:59Z,master,human,MEMBER,4.8,d74df1dbf559eaac79a4eb80c204efe217535256
123142,2026-09-03T16:23:04Z,2026-09-03T17:51:13Z,master,human,MEMBER,4.8,7d7ffe300addb0c7c36ea6f89def419173e37e62
123144,2026-09-03T16:51:49Z,2026-09-07T15:30:55Z,master,human,CONTRIBUTOR,4.8,ea0f3a29f0fc4912592b1e433a67bae5f4d3d705
123148,2026-09-03T18:43:37Z,2026-09-26T15:13:20Z,master,human,CONTRIBUTOR,4.8,e5ad329217273dd9d7f06508e057d6210f9689b3
123156,2026-09-03T20:44:29Z,2026-09-17T18:03:49Z,master,human,MEMBER,4.8,8c8a188d492e1c9710cea242b9ec1b481474f6a0
123159,2026-09-03T21:45:12Z,2026-09-04T14:14:59Z,master,human,MEMBER,4.8,d52fa9fbfbe8b7acf9ef8f56e2547785c884abf3
123161,2026-09-03T22:32:15Z,2026-09-07T15:30:55Z,master,human,CONTRIBUTOR,4.8,0a93efce310fe134191eaec30240daa2c1d58c10
123163,2026-09-04T01:14:27Z,2026-09-07T21:26:47Z,master,human,CONTRIBUTOR,4.8,af63b59bfa9dbf19442eb93294e032eb2d878e88
123165,2026-09-04T04:13:51Z,2026-09-07T21:26:47Z,master,human,CONTRIBUTOR,4.8,b2ac769eb5c78c29f1ba4abfd73851ad3f15f05a
123188,2026-09-04T12:39:50Z,2026-09-09T19:59:17Z,master,human,CONTRIBUTOR,4.8,4cefd60f5a3d733506cb557d6cd26263b3fbd17f
123192,2026-09-04T14:49:44Z,2026-09-23T01:16:49Z,master,human,MEMBER,4.8,4e244f2112c687885767fa3c24ce9233a24a1659
123195,2026-09-04T15:37:09Z,2026-09-07T21:26:47Z,master,human,CONTRIBUTOR,4.8,6a0f6f32cfb2ce4cc5bad6641d0afda413b62a9d
123196,2026-09-04T15:49:52Z,2026-09-07T15:30:55Z,master,human,CONTRIBUTOR,4.8,f00b22cea21ae01b7ede8d291b8aef40d65b3ccf
123198,2026-09-04T16:18:44Z,2026-09-07T15:30:55Z,master,human,MEMBER,4.8,b41c5c28122d45394701f18a3af23d7a4feaad26
123199,2026-09-04T16:54:00Z,2026-09-07T21:26:47Z,master,human,CONTRIBUTOR,4.8,cd3681417d8fce9d659dd31a61c3a4b334067492
123209,2026-09-04T21:55:03Z,2026-09-10T18:16:36Z,master,human,CONTRIBUTOR,4.8,cb41ea115914c61a8329087b4cffbad7477b8427
123215,2026-09-05T04:33:23Z,2026-09-09T19:59:17Z,master,human,CONTRIBUTOR,4.8,9c7eeceea8445c2bd493f71635b243c134875127
123216,2026-09-05T04:48:27Z,2026-09-07T21:26:47Z,master,human,CONTRIBUTOR,4.8,0bdaf4575bd55a88a59523b9fa2ff85a31743350
123224,2026-09-05T14:48:49Z,2026-09-07T15:30:55Z,master,human,CONTRIBUTOR,4.8,724796b05063e754377455ef32baad6334a3ff26
123226,2026-09-05T18:48:55Z,2026-09-07T21:26:47Z,master,human,CONTRIBUTOR,4.8,a125460fe139a89bdd761c113391200539399f3d
123230,2026-09-05T21:22:05Z,2026-09-07T15:30:55Z,master,human,CONTRIBUTOR,4.8,913ddb3ae570e50c208c5eabe81ccbeb6a5c426d
123232,2026-09-05T22:33:00Z,2026-09-07T21:26:47Z,master,human,MEMBER,4.8,37145e1299fbdee867e6cd4d0154f4b1bac263c2
123234,2026-09-05T22:58:48Z,2026-09-18T15:48:03Z,master,human,CONTRIBUTOR,4.8,a8ded875253ae58f2f4bde20797875bf1738902b
123241,2026-09-06T02:24:29Z,2026-09-18T15:48:03Z,master,human,CONTRIBUTOR,4.8,e070d4e11f2eb7311336305389a99cfcae8a2894
123243,2026-09-06T06:24:08Z,2026-09-28T18:37:39Z,master,human,CONTRIBUTOR,4.8,c2ac4fd667ea943c64a5e543a77d188306b362a4
123245,2026-09-06T08:08:55Z,2026-09-07T15:30:55Z,master,human,CONTRIBUTOR,4.8,0f42a03a51637c8afb2240673caf8905a3b663bf
123248,2026-09-06T10:07:16Z,2026-09-07T21:26:47Z,master,human,MEMBER,4.8,20821c46d1e8225eea72b56f52e153e93ad2f2e0
123252,2026-09-06T13:37:09Z,2026-09-07T21:26:47Z,master,human,MEMBER,4.8,106558aa0af32a07b71317b6f2c1548c58b687de
123267,2026-09-07T05:06:56Z,2026-09-07T15:30:55Z,master,human,CONTRIBUTOR,4.8,1b4643ae7c8778cd9fd254d838f054f5d7a1e43c
123271,2026-09-07T09:28:50Z,2026-09-11T16:26:15Z,master,human,MEMBER,4.8,3756fbb2c79a3f77fd9cdfc39d4fbb2ae2618405
123274,2026-09-07T10:42:11Z,2026-09-07T15:30:55Z,master,human,MEMBER,4.8,9a824237ef8fd2c027d0c54d0718b2320f312dc7
123276,2026-09-07T12:05:07Z,2026-09-30T16:57:13Z,master,human,MEMBER,4.8,3467875160db37f4484e30d5130520408ebf3881
123278,2026-09-07T15:36:36Z,2026-09-07T21:26:47Z,master,human,CONTRIBUTOR,4.8,03f238bb75c676bd35acb6460067c8a5543c1513
123280,2026-09-07T16:29:59Z,2026-09-08T17:14:11Z,master,human,CONTRIBUTOR,4.8,9552dfb6859a1aaba1e570b8e0ef5c599b830f19
123290,2026-09-07T21:17:34Z,2026-09-28T18:37:39Z,master,human,CONTRIBUTOR,4.8,090515825ecada2d3118d10cbe884ae9d7eab994
123291,2026-09-07T21:34:56Z,2026-09-08T17:14:11Z,master,human,MEMBER,4.8,123ef67dda8769c72a83ce9fab1024ee601e5a25
123293,2026-09-07T22:48:52Z,2026-09-18T15:48:03Z,master,human,MEMBER,4.8,fe9bfb5aef3e891e4fdabd9c5b3b4ac58aad3dd4
123297,2026-09-08T05:06:44Z,2026-09-09T19:59:17Z,master,human,CONTRIBUTOR,4.8,72682364d307d5bfd6c0e2e0039fe384213638c2
123300,2026-09-08T08:38:33Z,2026-09-09T19:59:17Z,master,human,CONTRIBUTOR,4.8,8ba1348a987b0d3c6b338fa402c17c666ec84276
123301,2026-09-08T09:55:43Z,2026-09-08T17:14:11Z,master,human,MEMBER,4.8,ca5775a3f656ad920f6a2e0a220e7833c89200dd
123302,2026-09-08T10:06:30Z,2026-10-02T14:13:20Z,4.7,human,MEMBER,4.7,e15c284b884420096a42cb43639b63214bfabf75
123303,2026-09-08T10:19:43Z,2026-09-08T17:14:11Z,master,human,CONTRIBUTOR,4.8,c6a9c6b621d6fe378492bd1499c92b9393cd5fa4
123306,2026-09-08T13:18:57Z,2026-09-08T17:14:11Z,master,human,COLLABORATOR,4.8,1863ed090ef6c790def46a2cabed234926a063f1
123314,2026-09-08T18:59:09Z,2026-09-11T16:26:15Z,master,human,MEMBER,4.8,1c078e88b19c49ac98005ba3f1c18346529c8cc1
123316,2026-09-08T19:59:57Z,2026-09-10T18:16:36Z,master,human,MEMBER,4.8,28868898c24a68b34bf0ba0ff13924d84d3ff648
123318,2026-09-08T21:47:49Z,2026-09-09T19:59:17Z,master,human,CONTRIBUTOR,4.8,07426ddfd30d498ea80521976290847820070294
123319,2026-09-08T22:11:49Z,2026-09-09T19:59:17Z,master,human,CONTRIBUTOR,4.8,8c4486ad3e5476aedf073b39c854b6210b3586f0
123320,2026-09-08T23:46:01Z,2026-09-11T16:26:15Z,master,human,CONTRIBUTOR,4.8,73ce8063614c4a6094ec072ecf1c70f0fb2817f8
123327,2026-09-09T04:45:35Z,2026-09-23T17:49:47Z,master,human,COLLABORATOR,4.8,4971c0c9f11b6d42abcc2acdf9cea80ae9dfdc1e
123328,2026-09-09T05:53:20Z,2026-09-09T19:59:17Z,master,human,CONTRIBUTOR,4.8,5da3d6c612802f76b57f975e57d4c7435f7bfc2d
123329,2026-09-09T06:12:41Z,2026-09-10T18:16:36Z,master,human,MEMBER,4.8,54a3e83a525eab0ec60c1d96ef8312d17c598feb
123332,2026-09-09T10:26:30Z,2026-09-11T16:26:15Z,master,human,CONTRIBUTOR,4.8,5d4a9a0a16c77414e292eb6f0d35094b934588e4
123334,2026-09-09T11:19:25Z,2026-09-10T18:16:36Z,master,human,MEMBER,4.8,2a31da23db91cd0e996dd1bb4bb02f4cd5e796ca
123338,2026-09-09T15:07:19Z,2026-09-10T18:16:36Z,master,human,MEMBER,4.8,e1c325d0a5a7a3df00ca4686cb99247fe0e1f51c
123344,2026-09-09T16:53:33Z,2026-09-10T18:16:36Z,master,human,MEMBER,4.8,72055d1e250c4a18e993a3f20c03a34f70fc013e
123349,2026-09-09T18:56:50Z,2026-09-25T15:55:38Z,master,human,CONTRIBUTOR,4.8,82449d14c41372ba90b28ce034716cf5ebfa0a33
123357,2026-09-10T06:51:01Z,2026-09-11T22:25:27Z,master,human,CONTRIBUTOR,4.8,695167c7339a4779667d78d6989323f8ea4dd656
123366,2026-09-10T11:19:12Z,2026-09-11T16:26:15Z,master,human,MEMBER,4.8,ed2f7ec90278b6e14ec3197be9655d4b43fe651f
123367,2026-09-10T11:40:36Z,2026-09-11T16:26:14Z,master,human,CONTRIBUTOR,4.8,bc3e75fc54e1c8701abe7ce2bee7ad78203bd0ce
123371,2026-09-10T15:48:07Z,2026-09-11T16:26:15Z,master,human,MEMBER,4.8,5c1a17dd13056763f631c8b685c291acb65db597
123373,2026-09-10T17:22:19Z,2026-10-01T15:58:29Z,master,human,MEMBER,4.8,51646a3fb700bb49887d5bd22a8f261c86f1903f
123379,2026-09-10T20:34:34Z,2026-09-15T22:57:10Z,master,human,MEMBER,4.8,740ee7bda2e0745b1f2a2c8d548bfea5e0f08f44
123381,2026-09-10T20:45:51Z,2026-09-11T16:26:14Z,master,human,MEMBER,4.8,e545fb9a72ae4ff5204b12162a956fa1a538a5ea
123397,2026-09-11T03:19:15Z,2026-09-11T16:26:14Z,master,human,MEMBER,4.8,04af6632a25088dd5aabdc561ebfb157e0fd77e3
123402,2026-09-11T08:18:26Z,2026-09-15T22:57:10Z,master,human,CONTRIBUTOR,4.8,b54dd7558d2938c8a54ce898eca460d31c800f22
123403,2026-09-11T08:45:47Z,2026-09-11T22:25:27Z,master,human,MEMBER,4.8,bbb2fc712b976f386f13f8e5c7f3d1601542aa55
123404,2026-09-11T09:24:00Z,2026-09-11T22:25:27Z,master,human,MEMBER,4.8,6bdb099fd8df97ac5b283602aa7a681746289b55
123410,2026-09-11T10:22:13Z,2026-09-11T16:26:14Z,master,human,MEMBER,4.8,ff50e2a68379ab2f8e509845712c70cef444cfc2
123411,2026-09-11T11:26:54Z,2026-09-22T15:21:21Z,master,human,CONTRIBUTOR,4.8,81a25e161b9d93ca08ef1c406c22b7e977a93f38
123415,2026-09-11T13:34:15Z,2026-09-11T22:25:27Z,master,human,CONTRIBUTOR,4.8,c24bf5d933c53d9477d5e82c51403856a9e7da62
123418,2026-09-11T14:26:35Z,2026-09-17T18:03:49Z,master,human,CONTRIBUTOR,4.8,256baf050fba5f93f2bdfef249e1c3b5a87f8c7d
123426,2026-09-11T18:00:41Z,2026-09-11T22:25:27Z,master,human,MEMBER,4.8,72f9df37c879df6696fc378056536e727fd4d179
123431,2026-09-11T20:09:16Z,2026-09-11T22:25:27Z,master,human,MEMBER,4.8,49e6cc74d51cd2469676545a18e374a13469b1aa
123433,2026-09-11T20:26:57Z,2026-09-14T14:22:40Z,master,human,MEMBER,4.8,a3d09a277a3f744922691428587f74d3f451acc1
123435,2026-09-11T21:04:33Z,2026-09-14T14:22:40Z,master,human,MEMBER,4.8,a10c85f8c8d768a6b75e4fec1e5ebd3179bcf60a
123439,2026-09-12T03:39:05Z,2026-09-13T08:18:56Z,master,human,CONTRIBUTOR,4.8,2f698aa5fe31d0be68f205ec41aec9365081d364
123447,2026-09-12T14:33:50Z,2026-09-14T14:22:40Z,master,human,CONTRIBUTOR,4.8,f1d7ed6eb9f28290d8f3393b98c9e56d5dfc8910
123448,2026-09-12T14:40:33Z,2026-09-15T22:57:10Z,master,human,CONTRIBUTOR,4.8,38ef9d32e883a41747a4b73022e9e24538670591
123452,2026-09-12T18:15:12Z,2026-09-18T15:48:03Z,master,human,CONTRIBUTOR,4.8,c435b5db1d1f260315f8143f91d3748dec90d24c
123466,2026-09-13T16:46:59Z,2026-10-01T15:58:29Z,master,human,MEMBER,4.8,2fbb3eedaac578907bbbb8ec16d3ee6f6501c87f
123474,2026-09-13T22:57:58Z,2026-09-14T18:54:11Z,master,human,CONTRIBUTOR,4.8,5ce8c3d949661d9c92bd1eb55c223e265e2a591e
123475,2026-09-13T23:35:03Z,2026-09-14T14:22:40Z,master,human,CONTRIBUTOR,4.8,a46e3a10330d202abce5dbb4d426d684d79e5f56
123477,2026-09-14T02:05:58Z,2026-09-16T16:22:29Z,master,human,CONTRIBUTOR,4.8,86b067de793a0737f39029e715a147b5a9fc2a3c
123483,2026-09-14T10:09:22Z,2026-09-14T21:29:13Z,master,human,MEMBER,4.8,b0204f77aa7888c6a4a1438ca57283de62b9f27c
123485,2026-09-14T11:37:27Z,2026-09-29T19:11:39Z,master,human,COLLABORATOR,4.8,4a9a3bec11c3ac8ebc86e32004951beb15affb1f
123490,2026-09-14T15:00:32Z,2026-09-14T18:54:11Z,master,human,MEMBER,4.8,1073a78bae913328e0b6524575ec6fafbc89f567
123491,2026-09-14T15:09:31Z,2026-09-14T21:29:13Z,master,human,MEMBER,4.8,8898c2b3db32adf6f92c694ffb6dac19af672e5f
123497,2026-09-14T17:34:34Z,2026-09-22T15:21:21Z,master,human,MEMBER,4.8,3a240c8b3ecd06d7e1778936b1c8739c0295e143
123500,2026-09-14T19:57:48Z,2026-09-14T21:29:13Z,master,human,CONTRIBUTOR,4.8,66ca7344db5d4d4e10bf115c2b5e9443fcbf1991
123501,2026-09-14T20:27:53Z,2026-09-15T22:57:11Z,master,human,CONTRIBUTOR,4.8,64dade0ae66307928ac6a8ffc791b1baea9c27f3
123506,2026-09-14T22:55:09Z,2026-09-15T05:57:17Z,3.x,human,MEMBER,3.7,a0cc7386d43deb5534ff6901e3f444b486589c41
123516,2026-09-15T10:24:45Z,2026-09-15T16:39:43Z,master,human,MEMBER,4.8,00462d686e310710896ed88596fb267a8ce16b8b
123518,2026-09-15T14:22:28Z,2026-09-15T22:57:10Z,master,human,MEMBER,4.8,eccef3829d1d718e07892656ba2be02983162e82
123519,2026-09-15T15:13:14Z,2026-09-15T22:57:10Z,master,human,MEMBER,4.8,f2b62d0c5bd5aac99c64112b21c2f33b136245e6
123520,2026-09-15T15:45:51Z,2026-09-17T18:03:49Z,master,human,MEMBER,4.8,15e9ae00411b931c45e65cf1635ac5481f77fc7d
123522,2026-09-15T17:06:38Z,2026-09-15T22:57:10Z,master,human,CONTRIBUTOR,4.8,34d32441467ebd902e5263aef7f409ec34041723
123523,2026-09-15T17:30:54Z,2026-09-16T16:22:29Z,master,human,MEMBER,4.8,ea78a5f52216655a4228aad042ab1677cb203ceb
123525,2026-09-15T18:12:35Z,2026-09-24T17:29:04Z,master,human,CONTRIBUTOR,4.8,30caae98b79ec7e75e5f893290a51b4048eaa141
123527,2026-09-15T18:52:10Z,2026-09-15T22:57:10Z,master,human,CONTRIBUTOR,4.8,2f61286069a417835424427075f9d08861ce60b9
123531,2026-09-15T21:55:28Z,2026-09-21T15:07:11Z,master,human,MEMBER,4.8,4f50953426f280c5de1b1484fe26833fafc9454f
123532,2026-09-15T22:17:18Z,2026-10-01T15:58:29Z,master,human,CONTRIBUTOR,4.8,be4035a179640fdc9e7d3f6b0801ad6e14815d60
123538,2026-09-16T03:34:17Z,2026-09-16T16:22:29Z,master,human,MEMBER,4.8,44ac4c25bbc3abd03d3930dc51ed0e86fe77312d
123543,2026-09-16T08:23:14Z,2026-09-24T17:29:04Z,master,human,COLLABORATOR,4.8,25134146e71921b24f2fde56211d5ea306beff70
123545,2026-09-16T10:36:40Z,2026-09-16T16:22:29Z,master,human,CONTRIBUTOR,4.8,de56a96f81f2c95e5a3682fcb0664a3a3a481ebe
123546,2026-09-16T11:43:54Z,2026-09-16T19:06:51Z,master,human,CONTRIBUTOR,4.8,beb898eddbaa79fc5a4eacae6848d36669824188
123549,2026-09-16T12:54:52Z,2026-09-24T17:29:04Z,master,human,CONTRIBUTOR,4.8,cdbfd903db4901dca692732cd9792f0d9c77c6d0
123556,2026-09-16T15:34:23Z,2026-09-16T19:06:52Z,master,human,MEMBER,4.8,85620899fa1a255bfe8380cde3272ad04e9ecc72
123559,2026-09-16T17:49:14Z,2026-09-22T15:21:21Z,master,human,CONTRIBUTOR,4.8,4019f6a85e7d38b8770b7ce2446a289768dc1d92
123561,2026-09-16T18:33:44Z,2026-09-28T23:26:16Z,master,human,CONTRIBUTOR,4.8,52b0df0b0b918e0626602dbec48fe5092c278746
123562,2026-09-16T18:41:20Z,2026-09-17T18:03:49Z,master,human,CONTRIBUTOR,4.8,3624e610a4a895d77fe170314947ab068d8f4dc0
123564,2026-09-16T20:50:07Z,2026-10-02T14:42:15Z,master,human,CONTRIBUTOR,4.8,5e757d79149f8e6685e6f9f2901fceebca0421a9
123571,2026-09-17T11:18:57Z,2026-09-18T15:48:03Z,master,human,CONTRIBUTOR,4.8,850520c58a5d121cf992a31f13a4b1c8052a8a21
123574,2026-09-17T15:08:04Z,2026-09-24T17:29:04Z,master,human,CONTRIBUTOR,4.8,d4d82d64f3c715500ccf22a986c4d4a5e620a9a1
123576,2026-09-17T15:55:44Z,2026-09-22T15:21:21Z,master,human,MEMBER,4.8,8ff2e5a378502d590da2cb991c8227f2cfacc674
123580,2026-09-17T17:17:23Z,2026-09-22T15:21:21Z,master,human,MEMBER,4.8,89699840f03ac905424d4b7622f799751719f9f2
123581,2026-09-17T17:48:05Z,2026-09-18T15:48:03Z,master,human,MEMBER,4.8,2d6032814019dcd1d2fa0ed6d4fb3df9ee04c55c
123585,2026-09-17T19:34:31Z,2026-09-18T15:48:03Z,master,human,CONTRIBUTOR,4.8,57277407e77e61b161f35dbd7aeb510f7a9e26a6
123589,2026-09-17T22:00:52Z,2026-09-18T06:08:00Z,3.x,human,CONTRIBUTOR,3.7,8e352c9a462ec75ecbdde204f223768dcefd0f96
123591,2026-09-17T22:37:54Z,2026-09-25T15:55:38Z,master,human,CONTRIBUTOR,4.8,2c15043966271f2f3056ad516ca87d7e7717c65d
123600,2026-09-18T09:23:51Z,2026-09-25T15:55:38Z,master,human,MEMBER,4.8,835b80bf4ea5ac677be24a4368dbaf3ed432c11f
123602,2026-09-18T10:31:04Z,2026-09-30T01:31:08Z,master,human,CONTRIBUTOR,4.8,a30dc2c6ead0197df5a614a709d45babdd4655e6
123604,2026-09-18T12:39:42Z,2026-09-21T15:07:12Z,master,human,MEMBER,4.8,5f76ba44d67aa61d3b548f1e8ef627d6a15b66cd
123612,2026-09-18T16:14:14Z,2026-09-21T15:07:11Z,master,human,CONTRIBUTOR,4.8,de9172d39acaa5c6a513a8fcaf2b9a8b396ef8c8
123613,2026-09-18T16:15:25Z,2026-09-20T16:51:56Z,4.7,human,CONTRIBUTOR,4.7,83dec14d549108e1f314f57c1ce7e932c65370dd
123617,2026-09-18T18:38:22Z,2026-09-22T15:21:21Z,master,human,CONTRIBUTOR,4.8,6ed60f4603b71cacb159345aeef9e243a7b2b232
123619,2026-09-18T19:32:43Z,2026-09-22T15:21:21Z,master,human,CONTRIBUTOR,4.8,b73726ab272f41234fc4ab226dab2972ada4c931
123629,2026-09-19T09:45:12Z,2026-09-23T01:16:49Z,master,human,CONTRIBUTOR,4.8,668ebc663f6447ff9d6b006eecc5acbf4410e4c4
123636,2026-09-19T14:28:43Z,2026-09-22T15:21:21Z,master,human,MEMBER,4.8,0f1b62b707d681eef2fbd8d731642a3e196c4484
123637,2026-09-19T14:31:23Z,2026-09-22T15:21:21Z,master,human,CONTRIBUTOR,4.8,9fe0b53081e79d8d739882cdc49d39fdaec12b80
123642,2026-09-19T15:49:45Z,2026-09-22T15:21:21Z,master,human,CONTRIBUTOR,4.8,b7b7adc56fc61a309c3e182cf2299fba4304def6
123644,2026-09-19T21:07:06Z,2026-09-21T15:07:11Z,master,human,CONTRIBUTOR,4.8,e2b42469291c6889f93ad83debb5d24f607d26e3
123652,2026-09-20T09:13:24Z,2026-09-20T14:51:47Z,3.x,human,MEMBER,3.7,5364678b411a4d35003db39b198d70a0a63fd89b
123656,2026-09-20T15:33:16Z,2026-09-21T15:07:11Z,master,human,MEMBER,4.8,7315141560379732224d77abb17b517eed0634db
123672,2026-09-21T12:47:44Z,2026-09-22T19:09:50Z,master,human,MEMBER,4.8,23a4b6911da44b4c6901b50bae5a000650e8514d
123693,2026-09-22T02:10:27Z,2026-09-22T19:09:49Z,master,human,CONTRIBUTOR,4.8,dc9675d5266b16f956e988afe6e81ae8ea4fb7af
123698,2026-09-22T03:03:56Z,2026-09-23T01:16:49Z,master,human,CONTRIBUTOR,4.8,0ea8ddcfc9450f00b13404824c5a451bd8cb96a5
123699,2026-09-22T03:25:16Z,2026-09-22T19:09:50Z,master,human,CONTRIBUTOR,4.8,270c3654d160b75154240cd6f027054f5f8528b3
123701,2026-09-22T05:56:53Z,2026-09-22T19:09:49Z,master,human,CONTRIBUTOR,4.8,1b4c23c0c71af1592ac7c609878387ef7316c689
123705,2026-09-22T12:29:37Z,2026-09-22T19:09:49Z,master,human,MEMBER,4.8,f7ee81b4ffacb16947279ffa8ff6650ad7cb49fb
123717,2026-09-22T17:23:14Z,2026-09-28T23:26:16Z,master,human,CONTRIBUTOR,4.8,8c6ba311bc3247b126f4c7477509ed83416c1105
123718,2026-09-22T17:25:28Z,2026-09-23T17:49:47Z,master,human,CONTRIBUTOR,4.8,dc2fad36c798eb43f84be74c17ed0a16d8b54d20
123724,2026-09-22T19:02:47Z,2026-09-24T17:29:04Z,master,human,CONTRIBUTOR,4.8,a70d24c16c1d334147351690f0a12b09cc04438f
123725,2026-09-22T19:28:33Z,2026-09-28T18:37:39Z,master,human,MEMBER,4.8,da95d06fd13b18e34672935a065d7afaa5649570
123728,2026-09-22T19:44:35Z,2026-09-26T15:13:20Z,master,human,CONTRIBUTOR,4.8,6210a2fd88ed3f512b3093d0be74e2541f463b84
123730,2026-09-22T20:39:47Z,2026-09-23T17:49:47Z,master,human,MEMBER,4.8,8b210d009af3dd81eefb8db3cc33b6b0d26408f8
123733,2026-09-22T21:29:52Z,2026-09-26T15:13:20Z,master,human,CONTRIBUTOR,4.8,9348dda2dcfdf8fc3d0d70be3622403543d5d3f3
123734,2026-09-22T21:42:45Z,2026-09-23T01:16:49Z,master,human,MEMBER,4.8,6375936118e7ab079938b911b1c8fa4f30808cec
123736,2026-09-22T22:24:20Z,2026-09-24T17:29:04Z,master,human,CONTRIBUTOR,4.8,aae768e76664f142b1ef9f5de1fb846d926dbaf2
123738,2026-09-23T00:42:26Z,2026-09-26T15:13:20Z,master,human,MEMBER,4.8,2fc1f18472573c5af2ddd6aa64fb69b34c0c1c8b
123739,2026-09-23T01:12:35Z,2026-09-23T17:49:47Z,master,human,MEMBER,4.8,9197671a5660c94efdd356985ec6ca7d76073209
123748,2026-09-23T08:14:46Z,2026-09-23T10:14:21Z,3.x,human,MEMBER,3.7,27821436daba833d4c46e97f010358b7195395eb
123752,2026-09-23T09:12:29Z,2026-09-23T17:49:47Z,master,human,MEMBER,4.8,ca871ccc9cd8e5c2ce829ec5c0fae1ac32c6269f
123759,2026-09-23T14:37:25Z,2026-09-26T15:13:20Z,master,human,CONTRIBUTOR,4.8,7c8f9d33ceaf3f9fb0f4d1d5b6499e2f134672d1
123773,2026-09-23T20:50:18Z,2026-09-29T19:11:39Z,master,human,MEMBER,4.8,1d284f99836352a35bf9acbdbddc66c3bafb306f
123777,2026-09-24T00:09:00Z,2026-09-28T18:37:39Z,master,human,CONTRIBUTOR,4.8,e5cb6a321e57b8539aca9f5fc2dab1dcaa16cc85
123788,2026-09-24T06:23:02Z,2026-09-24T17:29:04Z,master,human,CONTRIBUTOR,4.8,8648e751e0cd9176c0717f964e2c2c2fc98d2dc4
123789,2026-09-24T06:37:55Z,2026-09-25T15:55:38Z,master,human,CONTRIBUTOR,4.8,5b796b46b4c39b0f1295fe15e8638dd15905576c
123790,2026-09-24T07:43:33Z,2026-09-24T17:29:04Z,master,human,CONTRIBUTOR,4.8,8fade9f123cd91b7740c4db66456edb76a854329
123795,2026-09-24T14:05:23Z,2026-09-24T17:29:04Z,master,human,CONTRIBUTOR,4.8,51ae3699222c59a5f181cfa1ac6c7df09c2758bc
123796,2026-09-24T14:51:57Z,2026-09-25T15:55:38Z,master,human,CONTRIBUTOR,4.8,f4e1263753b25bb788201f6108a256a27d83a39b
123809,2026-09-24T18:23:31Z,2026-09-25T15:55:38Z,master,human,CONTRIBUTOR,4.8,90148f1c9448e3de59e103611957dd682bbd1852
123810,2026-09-24T20:25:23Z,2026-09-25T15:55:38Z,master,human,CONTRIBUTOR,4.8,46173009dc4ab6e582cf978e2d68b0ddfeb1e934
123813,2026-09-24T21:35:01Z,2026-09-25T15:55:39Z,master,human,CONTRIBUTOR,4.8,d797b26d5421d5669237dfb81e7b32df8d5ba3e9
123815,2026-09-25T04:34:49Z,2026-09-25T15:55:38Z,master,human,MEMBER,4.8,73eeab81efe6b0065cc416e9a30fa2c9fb25972b
123818,2026-09-25T07:03:53Z,2026-09-25T15:55:38Z,master,human,MEMBER,4.8,a386e1910c36b420f8d202932aba655bf6d2c304
123822,2026-09-25T09:26:55Z,2026-09-28T18:37:39Z,master,human,MEMBER,4.8,98db83cba07ff06c31225fa7da993e5204028d8c
123823,2026-09-25T09:38:41Z,2026-09-25T15:55:38Z,master,human,MEMBER,4.8,eba48043aba9460dc50ffcf7f45d4d5299567512
123824,2026-09-25T10:15:07Z,2026-09-29T19:11:38Z,master,human,CONTRIBUTOR,4.8,768d577beb4793e22991567a244624d48c6edb2a
123825,2026-09-25T10:23:35Z,2026-09-25T15:55:38Z,master,human,MEMBER,4.8,329278f1de4397339db78b60f3048795d510aab7
123832,2026-09-25T16:39:19Z,2026-09-28T18:37:39Z,master,human,MEMBER,4.8,a4df1b4ba2fc573783c920949b695f8772c73d0f
123835,2026-09-25T17:27:35Z,2026-09-28T23:26:16Z,master,human,MEMBER,4.8,4b73435aa241351344564f819a354b11d48518bb
123840,2026-09-25T20:37:46Z,2026-09-28T23:26:16Z,master,human,MEMBER,4.8,963c0c723e8318055e37d5e729fd6e0aabac0918
123849,2026-09-26T05:48:49Z,2026-10-01T15:58:29Z,master,human,CONTRIBUTOR,4.8,12c17c187e88efa23e6bbd6689630e256eca6523
123865,2026-09-26T16:34:55Z,2026-09-28T23:26:16Z,master,human,MEMBER,4.8,f49044ec8768f1469cae2108026f1c5a2188be5a
123867,2026-09-26T17:25:22Z,2026-09-29T19:11:38Z,master,human,MEMBER,4.8,af481fd22334339b378bcdde654ce472715029ec
123869,2026-09-26T17:39:03Z,2026-09-27T16:30:19Z,master,human,CONTRIBUTOR,4.8,d0edb38f165db10bb786221a42657d795cafc9f3
123870,2026-09-26T19:05:38Z,2026-09-27T16:30:19Z,master,human,MEMBER,4.8,b1bb156b5036f6b92d482864d91de0213ebd6641
123880,2026-09-27T04:08:12Z,2026-09-27T16:30:19Z,master,human,CONTRIBUTOR,4.8,c80593cc9d19cd035f1728a078b7159c0a8963b1
123882,2026-09-27T07:44:15Z,2026-09-28T18:37:39Z,master,human,MEMBER,4.8,b293288453b24d3c5abcbd9b956cf4097febefb4
123899,2026-09-28T01:11:55Z,2026-09-28T23:26:16Z,master,human,CONTRIBUTOR,4.8,dcbbc8e21a29788e1d1f2b0a40f8612821e87225
123903,2026-09-28T06:42:44Z,2026-09-28T18:37:39Z,master,human,MEMBER,4.8,be5f6eaa1625e12066d9f04449ebf4bc05337a9a
123908,2026-09-28T08:52:16Z,2026-09-28T18:37:38Z,master,human,CONTRIBUTOR,4.8,25f7c4d1a70d8e76ad65b2573c0d48210d670c38
123933,2026-09-28T15:53:25Z,2026-10-01T15:58:29Z,master,human,MEMBER,4.8,b88e37ece91e53d2015decba090b1b78beec4b37
123934,2026-09-28T15:55:54Z,2026-09-29T19:11:38Z,master,human,MEMBER,4.8,21bd4ed6bb59eea2daa079455a1369d1b921a7b7
123937,2026-09-28T16:39:43Z,2026-09-28T18:37:39Z,master,human,MEMBER,4.8,e613505469c4e0066d12a87cd1edf24db8d61ec5
123939,2026-09-28T17:49:46Z,2026-09-28T18:37:39Z,master,human,CONTRIBUTOR,4.8,50d9ee481ec5356e7460ff2b2498d2bc08e66184
123940,2026-09-28T17:57:07Z,2026-09-28T23:26:15Z,master,human,CONTRIBUTOR,4.8,70fa4a0fdfc666d9d09c315fdcda8df89fffab66
123942,2026-09-28T20:29:24Z,2026-09-29T19:11:38Z,master,human,MEMBER,4.8,ed47d86373043faf7307a1a4d9b0a8c5b85d89ff
123945,2026-09-28T22:40:12Z,2026-09-29T19:11:39Z,master,human,CONTRIBUTOR,4.8,17e1da502932e2d442d27454c8fec1d798ad62e3
123951,2026-09-29T09:24:26Z,2026-09-29T11:27:46Z,master,human,CONTRIBUTOR,4.8,c971f93e7e76b0ef919bf6009e7b868bea04db7f
123952,2026-09-29T09:41:32Z,2026-09-29T19:11:39Z,master,human,CONTRIBUTOR,4.8,1b170707b638931339ec987508f6101f9ef17c68
123954,2026-09-29T10:12:01Z,2026-09-30T01:31:08Z,master,human,CONTRIBUTOR,4.8,196dc542765962b90828f37eb5c62ac8f3922743
123960,2026-09-29T12:40:49Z,2026-09-30T01:31:08Z,master,human,MEMBER,4.8,32d4957988b1caf8dc94e2315fa00120415fd935
123962,2026-09-29T13:07:04Z,2026-10-01T15:58:35Z,master,human,MEMBER,4.8,674ec74469f6c0ed918da97b8d85c59ba790acb1
123967,2026-09-29T14:27:41Z,2026-09-30T01:31:08Z,master,human,MEMBER,4.8,800bc8fca7dc6c414368361d2152be79e5910a92
123968,2026-09-29T15:01:25Z,2026-09-30T01:31:08Z,master,human,MEMBER,4.8,cd9c5d57fb9795886f3bfed8e2003062e1378178
123969,2026-09-29T15:17:55Z,2026-09-30T19:43:02Z,master,human,MEMBER,4.8,0b69e9db728e9a2707fe0e66c393bf48c19d28f4
123975,2026-09-29T16:43:33Z,2026-09-30T16:57:13Z,master,human,CONTRIBUTOR,4.8,9e523b252d43e52da143de3a72811b67b3f3dad1
123976,2026-09-29T16:48:12Z,2026-09-30T16:57:13Z,master,human,CONTRIBUTOR,4.8,7ffbd838ff5a938ae3b4c3cdcbff52d7c6d344b9
123984,2026-09-29T18:41:46Z,2026-09-30T16:57:13Z,master,human,MEMBER,4.8,706e2958ab8fd626533437eec17ef72b288293ff
123985,2026-09-29T18:43:22Z,2026-09-30T01:31:08Z,master,human,MEMBER,4.8,3a962b69fefeebdf6515a68e3a6a4cca039a9f6e
123987,2026-09-29T19:19:53Z,2026-10-01T15:58:29Z,master,human,MEMBER,4.8,13c5aa498fe67fcbf48dc563a0261eeeb31233d7
123990,2026-09-29T20:38:31Z,2026-09-30T16:57:13Z,master,human,CONTRIBUTOR,4.8,2490bf30ec229ef3eeda24befb9d80d2226c8d29
123991,2026-09-29T21:09:00Z,2026-09-30T16:57:13Z,master,human,CONTRIBUTOR,4.8,17dffdfa64ccad9a170d89da1f0db4c59b000234
124009,2026-09-30T01:09:37Z,2026-09-30T16:57:13Z,master,human,CONTRIBUTOR,4.8,739464df81bd3fff1cc6d013ec80bc2b1327bfa3
124014,2026-09-30T01:42:55Z,2026-09-30T16:57:13Z,master,human,COLLABORATOR,4.8,48b3c1732e707303e47ec01134dd212086fd3523
124017,2026-09-30T05:52:28Z,2026-10-01T15:58:29Z,master,human,MEMBER,4.8,de346fbdf127405767a877f33e9f655be96179fa
124019,2026-09-30T07:04:01Z,2026-10-01T15:58:29Z,master,human,MEMBER,4.8,b38ad6d7252895bf1c26a7acd84dd9669a4dbafd
124025,2026-09-30T12:00:05Z,2026-09-30T16:57:13Z,master,human,MEMBER,4.8,e47d9a4205b594ac5a6e29078e46803d027fe7c0
124027,2026-09-30T12:39:27Z,2026-09-30T16:57:13Z,master,human,MEMBER,4.8,d12bd2e8fe694497df21a2407ab48dc4c68b7fa1
124028,2026-09-30T12:54:52Z,2026-10-01T00:00:07Z,master,human,MEMBER,4.8,b45c0e82ff4124bf30e0b57f57774e3de86ae4b6
124032,2026-09-30T15:33:05Z,2026-10-01T15:58:29Z,master,human,MEMBER,4.8,96479b71331744ade6cc831a647ed9b5574d9436
124033,2026-09-30T16:43:47Z,2026-09-30T19:43:03Z,master,human,CONTRIBUTOR,4.8,a11d513b15cb40268dbcd5497b18a09a95bcc464
124039,2026-09-30T19:34:25Z,2026-10-01T00:00:07Z,master,human,MEMBER,4.8,084a2caa05119b625a99b6b51d44b459a26362de
124042,2026-09-30T20:24:29Z,2026-10-01T15:58:29Z,master,human,CONTRIBUTOR,4.8,290bf8c619d530b3506782008f56c8cb6fac6272
124043,2026-09-30T20:35:22Z,2026-10-01T15:58:29Z,master,human,MEMBER,4.8,703d46fefc81166d5cc5ed73762fd7fb9928d692
124044,2026-09-30T20:57:26Z,2026-10-01T15:58:29Z,master,human,MEMBER,4.8,6d3d3d8b40c8a85d076ffa2d6d687d1b8a6cbe02
124047,2026-09-30T21:47:49Z,2026-10-01T15:58:29Z,master,human,CONTRIBUTOR,4.8,73d544dadec9e5b656fde09a804edadfc15b5e14
124048,2026-09-30T23:29:00Z,2026-10-01T15:58:29Z,master,human,CONTRIBUTOR,4.8,b9001d9909e8a27061cecc84409396f8ce022d9d
124051,2026-10-01T02:14:56Z,2026-10-01T15:58:29Z,master,human,CONTRIBUTOR,4.8,627bb1db0e69ddb55afc88a54367fa75862347e6
124080,2026-10-01T23:58:00Z,2026-10-02T14:42:15Z,master,human,CONTRIBUTOR,4.8,e7cfa294a0b81bed7986be04a848cc1832a3f083
124087,2026-10-02T10:24:51Z,2026-10-02T12:19:25Z,4.7,human,MEMBER,4.7,ca1b5c2779dc2d247a32f6b52333a160a9fa181b
124094,2026-10-02T15:15:51Z,2026-10-04T16:23:17Z,4.7,human,CONTRIBUTOR,4.7,d08bdaf019b0a8a95d8551f00dc7fc960c15b951
124097,2026-10-02T15:51:27Z,2026-10-04T16:23:22Z,4.6,human,CONTRIBUTOR,4.6,3b853ac6f016102b16e5056e2c2f33971f228892
