release_tag,commit_sha,committed_at,is_merge_commit,commit_kind,pr_number,cherry_picked_from_sha,author_type
4.6-stable,53378864b2e212dcf5725edae57f9d6966d77da1,2024-05-07T15:29:28Z,False,direct,,,human
4.6-stable,c0e36dc4934c4523ab858a19286d6ba41af7cc61,2024-10-05T08:46:52Z,False,direct,,,human
4.6-stable,c1b067f83ce7433522b41d25e8f2d93bb25607bd,2024-10-10T23:11:45Z,False,direct,,,human
4.6-stable,c5b674ac9e413356fe124cb62b7cf4df412f7b8f,2024-10-11T17:06:27Z,False,direct,,,human
4.6-stable,54995d9850ec59126047fed5541e4b976a1c162f,2024-10-17T15:00:20Z,False,direct,,,human
4.6-stable,4c5a49547f7c31aa84fd264050d687a565971910,2025-01-10T14:33:02Z,False,direct,,,human
4.6-stable,7ee96b11def9c1b87909361432b66f17575c274a,2025-03-06T16:49:39Z,False,direct,,,unknown
4.6-stable,456261cd7e1315e49ffc678f5bb3759db3835a51,2025-03-10T09:18:02Z,False,direct,,,human
4.6-stable,4d80777ce7abc0edf79b869ecab8ff14171efc5f,2025-03-12T14:02:40Z,False,direct,,,human
4.6-stable,d1f11b2b28cba02e209aee9bf271e9e94c45b8f2,2025-03-23T09:42:10Z,False,direct,,,human
4.6-stable,6261bf577ea65a74163ff2c393cb5cb446b7f87f,2025-03-31T22:07:46Z,False,direct,,,human
4.6-stable,ae980c6bfb5fb48108f9e452b0630052d3c3ea47,2025-04-05T14:25:42Z,False,direct,,,human
4.6-stable,857f47e2389c3d7d9d113372fe6ab659de1ff0e1,2025-04-05T15:45:49Z,False,direct,,,human
4.6-stable,2e41412ee4ab8c5955cd4efed11244bfcf995944,2025-04-20T15:11:08Z,False,direct,,,human
4.6-stable,14783cd8b8c19371b7755858163985d081d6d289,2025-05-13T12:28:00Z,False,direct,,,human
4.6-stable,6842a5861b44d31bc0c56dba14c5cf8b8e84f3ec,2025-05-25T15:07:24Z,False,direct,,,human
4.6-stable,c3476b8205d5246abd7050ad63ce26c09d065262,2025-05-31T16:22:16Z,False,direct,,,human
4.6-stable,4774b57e4d03f23a22fdd41a7db536f0c6158ef4,2025-06-07T15:28:54Z,False,direct,,,human
4.6-stable,b6dcb111d2ff2ff9c5fb9c66785977120ce34b4d,2025-06-12T23:53:17Z,False,direct,,,human
4.6-stable,9ecb7ebd1b6335bf0c4c7c76c3d4d1ab05cfa142,2025-06-13T12:39:29Z,False,direct,,,human
4.6-stable,175c38d0dc09d49fd692ebf8f09d1932a9207409,2025-06-13T15:01:51Z,False,direct,,,human
4.6-stable,98f3af86faa00e605750cfa98a9f7a3332319579,2025-06-15T17:42:11Z,False,direct,,,human
4.6-stable,af2b9be356bb1838f0c8a95dd284b5c77fe1d4bb,2025-06-18T12:32:30Z,False,direct,,,human
4.6-stable,a9ac00f8f7d9fd87fd8b1e1649d5ac63abd4557b,2025-06-18T14:04:51Z,False,direct,,,human
4.6-stable,1964918e46c04c40c3a3e9862b7c4c5aae809262,2025-06-18T15:37:55Z,False,direct,,,human
4.6-stable,ae74c0c9a4b1dbc4af16b830a25079678731b907,2025-06-19T01:59:20Z,False,direct,,,human
4.6-stable,28fd557c58a1f47e4eeae513717c3fa27a992ff8,2025-06-20T12:46:03Z,False,direct,,,human
4.6-stable,d956bcf7490f5b9b17efa8e2e28dc617a4261a00,2025-06-21T12:43:52Z,False,direct,,,human
4.6-stable,14a814586aba827d4f0adb914d93f98dff7630b4,2025-06-23T06:11:11Z,False,direct,,,human
4.6-stable,c03a7b78938d13d439a9353d875c14d8dbe75567,2025-06-24T21:29:17Z,False,direct,,,human
4.6-stable,a3e58a385f8cf0f6dc35a3f04e0098ef24515ad9,2025-06-27T18:24:41Z,False,direct,,,human
4.6-stable,16b9ee6f505ce834f34a3484fab7e83c467a9f28,2025-06-27T22:30:52Z,False,direct,,,human
4.6-stable,f1c941d460ba47f7513f556a37162c512c833534,2025-06-28T11:55:08Z,False,direct,,,human
4.6-stable,64f47dd2cfb946509625789e67e34fec38f3ca17,2025-06-30T03:29:59Z,False,direct,,,human
4.6-stable,7860bc82b2dcf10000f6c6da88cdd270138c71b7,2025-07-03T19:57:37Z,False,direct,,,human
4.6-stable,efeb8da198c061fdf0782a0499ffa4478fb769a4,2025-07-04T22:06:57Z,False,direct,,,human
4.6-stable,f919547fddb9453038246207e842547872541e15,2025-07-05T04:18:33Z,False,direct,,,human
4.6-stable,181f2a2d70e3be9425547062a61f5aa13cce535b,2025-07-05T06:02:04Z,False,direct,,,human
4.6-stable,a805b0c6589a2c891d6cb66fd651d974c38d9033,2025-07-05T06:44:17Z,False,direct,,,human
4.6-stable,a760a7656c814bb60e7f092153313564d8c88150,2025-07-05T06:45:11Z,False,direct,,,human
4.6-stable,cde07bfb9e879deba280fafd1f943a51f42b0b6c,2025-07-05T14:03:42Z,False,direct,,,human
4.6-stable,00f5b230beacfd5dde332035777247f8cee5f051,2025-07-06T21:23:50Z,False,direct,,,human
4.6-stable,1bf7b332809c59eeae5ca7cac4efbbe92f387d34,2025-07-07T22:48:58Z,False,direct,,,human
4.6-stable,78045df591c24c41159d336af28f4179695e7d98,2025-07-07T23:50:12Z,False,direct,,,human
4.6-stable,78f1543e35b37a09b087dcda83607dd21ca9bcea,2025-07-08T14:39:24Z,False,direct,,,human
4.6-stable,0adf0898eb6f75e28e4d72b3cc8e64e8676c4b52,2025-07-08T14:39:24Z,False,direct,,,human
4.6-stable,11adf408ab3404c9c97ab16d118bb41493100e22,2025-07-08T18:42:52Z,False,direct,,,human
4.6-stable,af2965a6adaf60b7c38203703a6c2e2dda992b01,2025-07-08T18:57:52Z,False,direct,,,human
4.6-stable,fc7b7571a0202a0c1463a7efa11ed4a9c7a58dd9,2025-07-08T19:00:31Z,False,direct,,,human
4.6-stable,072ee10812c1fbf3d34dff6e5a4cc55493900259,2025-07-08T19:08:55Z,False,direct,,,human
4.6-stable,86a97721301cbc5223d238593cf031a874ca08e2,2025-07-08T19:14:24Z,False,direct,,,human
4.6-stable,b62d5fe788c513b5b14eef623a8d49fc59b3959b,2025-07-09T00:22:42Z,False,direct,,,human
4.6-stable,6c0649745d884449a2c71cfe3849fa4e1155a480,2025-07-09T04:27:27Z,False,direct,,,human
4.6-stable,3528e83ff35e95d412281b8ae8d542c01cf71c44,2025-07-09T12:27:48Z,False,direct,,,human
4.6-stable,1825146ef158a2571267c5facd018c8e32c09700,2025-07-09T18:20:54Z,False,direct,,,human
4.6-stable,a8f8f84af6ac0021ff5360fe09d9d6678e392b1f,2025-07-10T07:40:10Z,False,direct,,,human
4.6-stable,0d16f7893b58be5ed94f0d9ef6c77764f583f16e,2025-07-10T09:56:19Z,False,direct,,,human
4.6-stable,bc054292d52c364496d12dc44772a12c9b66746c,2025-07-10T15:21:02Z,False,direct,,,human
4.6-stable,047edb8933eaaf7b1aeedbe49990f61a5ef2cae1,2025-07-11T00:06:13Z,False,direct,,,human
4.6-stable,56fa8caef4c1e95b3f577bc42c52cd686783dca2,2025-07-11T15:57:04Z,False,direct,,,human
4.6-stable,89507449217d2d0c115fc7590d45a76bd7442a08,2025-07-11T18:14:23Z,False,direct,,,human
4.6-stable,67a0a86c141576f04667a641e9dbe4fe94a78095,2025-07-11T20:35:59Z,False,direct,,,human
4.6-stable,728934f43ebf0112eaba668c8f76f3265254ec30,2025-07-12T15:05:24Z,False,direct,,,human
4.6-stable,25f0e0ac9129da185bc7522d462fd57c37e7688a,2025-07-12T20:18:59Z,False,direct,,,human
4.6-stable,c5490f72843e6bfdebe898103e3e4f5e90f6e169,2025-07-13T04:27:27Z,False,direct,,,human
4.6-stable,c294b23a1b1f255010ba27361086cc870553d39b,2025-07-13T21:32:02Z,False,direct,,,human
4.6-stable,61956f2e065d9f33e54f94d599479696c97c3de3,2025-07-14T18:07:53Z,False,direct,,,human
4.6-stable,d591bcc09cd33a8ed6b8e4a0a38af254323cf218,2025-07-15T13:19:23Z,False,direct,,,human
4.6-stable,f20e5152adc548bc7e662b52f00b0ee4a2adc2e6,2025-07-16T05:55:23Z,False,direct,,,human
4.6-stable,819c80428db9b838627b2cbae4dfe26f90bdb1c1,2025-07-16T12:33:41Z,False,direct,,,human
4.6-stable,a8efa55bedbb13d966526ccfdd102caa564bade1,2025-07-17T03:37:39Z,False,direct,,,human
4.6-stable,91a4a28aab58d3f1b3d40c0d2385ebb4caadb649,2025-07-17T21:16:05Z,False,direct,,,human
4.6-stable,6daaea47805731c9145d97afecd657bbfdf043ba,2025-07-18T16:43:13Z,False,direct,,,human
4.6-stable,6a399302c34fd21fbdb087d72e20d91338910bdc,2025-07-19T17:53:47Z,False,direct,,,human
4.6-stable,37ae7d442098e0f57ae8dff5b9f71aa84846397f,2025-07-20T17:44:33Z,False,direct,,,human
4.6-stable,02da38090324ed7a76fa03d8fd805186d7c44131,2025-07-22T12:27:10Z,False,direct,,,human
4.6-stable,269ee1204d7db6a10061d254f337fa8b5f970b20,2025-07-23T22:08:31Z,False,direct,,,human
4.6-stable,0f1e8809f76d117d62eaea59df45235043fe784c,2025-07-24T11:21:22Z,False,direct,,,human
4.6-stable,3d6b4f903844706d8264611db70435881f6cb2df,2025-07-24T19:51:45Z,False,direct,,,human
4.6-stable,cbc7dac0d524489345f4311d8e7a6ac467718379,2025-07-25T16:53:38Z,False,direct,,,human
4.6-stable,31b5375a1c124f7fb75e2c1bd509cba192381d11,2025-07-27T12:25:02Z,False,direct,,,human
4.6-stable,d8dbe58dfefee489c35ad5dc850c7032449b32ad,2025-07-27T15:33:20Z,False,direct,,,human
4.6-stable,b56b776ab28a51b95276089816705331ab3e47ea,2025-07-27T15:38:05Z,False,direct,,,human
4.6-stable,2409956297468b6f5d8f53f2d313d39e9aaa3e9d,2025-07-27T18:26:36Z,False,direct,,,human
4.6-stable,838cb0eefcfb3b9b34a8fcb7089b3ad0dbb4c423,2025-07-28T11:35:48Z,False,direct,,,human
4.6-stable,ecfb96239c6c5e7a085eceee8281b4a916e33b81,2025-07-28T14:48:33Z,False,direct,,,human
4.6-stable,f6602d40bd593051c6fe713506a208849048172a,2025-07-29T09:22:34Z,False,direct,,,human
4.6-stable,251d037c18266bd2da51c0252cd3c3527d6c3e9c,2025-07-29T12:57:31Z,False,direct,,,human
4.6-stable,e904e17af7361e65c0daf1082de4a3f87bfa71c3,2025-07-30T06:43:08Z,False,direct,,,human
4.6-stable,ab178719d9ecb583d737dca141f2d419ea2162b4,2025-07-30T17:24:56Z,False,direct,,,human
4.6-stable,fbe2710843c4d8680f340ba0e4800bffb9ec6162,2025-07-30T23:08:43Z,False,direct,,,human
4.6-stable,b625b40d925aa6f1f23623a446fed33a54e698e4,2025-07-31T14:48:53Z,False,direct,,,human
4.6-stable,e09cb44a947d9f36c6fd967fad46bf03f34798a7,2025-08-01T07:01:59Z,False,direct,,,human
4.6-stable,7f5933c0f34627f9c83b48ba2e5cf602f86ce357,2025-08-01T11:44:07Z,False,direct,,,human
4.6-stable,6a288c9275397e83fff14149d14140ce910053f5,2025-08-01T21:59:59Z,False,direct,,,human
4.6-stable,389ffd5b89a1e2925fb588ba46412bba01e44f1c,2025-08-01T23:18:39Z,False,direct,,,human
4.6-stable,8ec31b7b3d5f69f7c16aa5f91d82c94befc930ab,2025-08-04T10:59:22Z,False,direct,,,human
4.6-stable,356b1ab2a6971e4a6f480a0e13b03304ef36f20f,2025-08-04T11:27:28Z,False,direct,,,human
4.6-stable,adfb0d8c1df1331b3a2e717bc1c7b1f9b38b8961,2025-08-04T18:05:57Z,False,direct,,,human
4.6-stable,11a4961081dfd7919087b200a25fccf7639df951,2025-08-05T13:23:57Z,False,direct,,,human
4.6-stable,9f8626ccaa4e74c1c5498bf4d22e33e8f79051e4,2025-08-06T05:01:05Z,False,direct,,,human
4.6-stable,3d764e57c93c449049a2d5847f0aebaeedeb6731,2025-08-06T09:36:19Z,False,direct,,,human
4.6-stable,744484b6dd9db17c17d03464fd940f5bf622af6d,2025-08-06T13:50:03Z,False,direct,,,human
4.6-stable,fbf27dbfc60d72d3f39d1a314f770dfae8da83f4,2025-08-06T19:55:37Z,False,direct,,,human
4.6-stable,05fd79af7c706c8bda112f4ec3eb95977a96bc9d,2025-08-06T21:03:11Z,False,direct,,,human
4.6-stable,0f870fd2863964728282ed02a9e474e5c3e5dadc,2025-08-06T21:14:18Z,False,direct,,,human
4.6-stable,b2e314e870017928af4d13cff5e57ab2b46eb9e9,2025-08-07T11:33:20Z,False,direct,,,human
4.6-stable,517b42e7dd12a206eca150b2b358423b3e1d7f3d,2025-08-07T17:40:14Z,False,direct,,,human
4.6-stable,8937c6880f97524e9fbd25962289f25d508b4be8,2025-08-07T23:56:21Z,False,direct,,,human
4.6-stable,4066281bab0988f83323a05123aea957eb446165,2025-08-08T03:36:26Z,False,direct,,,human
4.6-stable,caa2a388bb6a7b6aa72e3f8ea8798c672b82f3a2,2025-08-10T10:26:46Z,False,direct,,,human
4.6-stable,90da04168339665291dda344544d90e53968e5f0,2025-08-11T13:55:57Z,False,direct,,,human
4.6-stable,0ad232423d5fc7214324a1db3bbde2e12a3c654c,2025-08-11T16:55:53Z,False,direct,,,human
4.6-stable,459cb33abc754a69ffdbc93ba334240b4b0b6e65,2025-08-11T16:55:54Z,False,direct,,,human
4.6-stable,a33ae0be0eae4204bfebb50d86447ee5a4dc49fc,2025-08-12T11:15:16Z,False,direct,,,human
4.6-stable,199161f02334ba84f071409a8d1a479a95cea458,2025-08-13T07:28:06Z,False,direct,,,human
4.6-stable,097ccbc5cda1bbb20b3b499d5622da2bb3b25642,2025-08-13T08:05:50Z,False,direct,,,human
4.6-stable,e0bf7ff072d4f897685625e1e8b45fcf1c84da08,2025-08-13T16:19:37Z,False,direct,,,human
4.6-stable,f260c5db8a643d06bd079935cfc0f3f8898c1916,2025-08-13T20:59:01Z,False,direct,,,human
4.6-stable,bc55744121bf3c971d96a0591c87966b21c69ff3,2025-08-14T09:09:56Z,False,direct,,,human
4.6-stable,9325b1bdcbd84771df2058ea2b973a76583d366b,2025-08-14T14:29:58Z,False,direct,,,human
4.6-stable,82291d73dac1966bb0386ac483de4e91d272403e,2025-08-14T15:59:55Z,False,direct,,,human
4.6-stable,56e04635a71f519ab0dab019d66773e8985e8652,2025-08-14T18:00:58Z,False,direct,,,human
4.6-stable,1a864595cf4d02605ee7e851c7f4e8aebd5d0727,2025-08-15T15:37:29Z,False,direct,,,human
4.6-stable,4c4d8b39f1acae5d49064f2af61b1ac870c8702e,2025-08-15T15:53:45Z,False,direct,,,human
4.6-stable,0c4a00bf2ad115a7138c73a1adb4c233948bd161,2025-08-18T16:02:06Z,False,direct,,,human
4.6-stable,91f4e32bdf74af4c18ada496ccb76039d9eb0144,2025-08-19T14:49:14Z,False,direct,,,human
4.6-stable,d481a23c5a263fc3eb0cd3858a312531c6dc9a83,2025-08-19T15:12:55Z,False,direct,,,human
4.6-stable,84c0ec04f303b76e888ac7570baa3bd8f1b9f9f2,2025-08-19T15:15:08Z,False,direct,,,human
4.6-stable,b9bff1fba58c935889758bbaecf71f7f18752eea,2025-08-19T15:35:45Z,False,direct,,,human
4.6-stable,d6aca93c1aa7acc319d183fc69c0405e0ed0029e,2025-08-20T03:21:10Z,False,direct,,,human
4.6-stable,6e76a9467fcb5715dbe066e9d7e0394be39f8433,2025-08-20T07:07:33Z,False,direct,,,human
4.6-stable,52f9bb5d57b4baa62bbc3db02382df206d9aba1d,2025-08-21T04:42:26Z,False,direct,,,human
4.6-stable,0c5fc5eef9df6b67c7f6435bf9f59d7da0009f27,2025-08-21T21:37:27Z,False,direct,,,human
4.6-stable,be68ff8cea42104a2988bf2a669fc37bfcff82e9,2025-08-21T23:00:55Z,False,direct,,,human
4.6-stable,22e67735f114bf3b9e4f102ff5b530528082a972,2025-08-22T01:42:42Z,False,direct,,,human
4.6-stable,188b47a29b92cbbe76eafc5929dadc424ac2707b,2025-08-22T08:45:28Z,False,direct,,,human
4.6-stable,4a24de208f808b2c4fb80fe96363299927534170,2025-08-22T13:04:03Z,False,direct,,,human
4.6-stable,13a643d78aed2399673d2bc7db79f2616be40128,2025-08-22T13:11:04Z,False,direct,,,human
4.6-stable,464bd50ae90667d3ea9828fd830d9fcb86740148,2025-08-22T17:03:13Z,False,direct,,,human
4.6-stable,a2b9fc08e31eeb3f40be0ea1ff1f32b25ec52656,2025-08-23T05:49:56Z,False,direct,,,human
4.6-stable,4f1f01f2d14fabc65d522141c81c0651f270b5e8,2025-08-23T10:31:49Z,False,direct,,,human
4.6-stable,977ffe200e176f01f1fd956580ec775309478703,2025-08-23T10:48:07Z,False,direct,,,human
4.6-stable,6abfa4be7bbde729502f437493212f49068c34a0,2025-08-23T12:27:21Z,False,direct,,,human
4.6-stable,4df9eee8fa1bb4807a1bfad38311a3491074f65c,2025-08-23T20:53:33Z,False,direct,,,human
4.6-stable,e90cea925011ccab310e7fe461a32bcd961c257c,2025-08-24T17:09:43Z,False,direct,,,human
4.6-stable,4c9bd858c70ea50d3deb210de491311074813ee9,2025-08-25T01:00:48Z,False,direct,,,human
4.6-stable,c75a33aa5d4124f3de397f4a26b459b72f80dde7,2025-08-25T01:30:56Z,False,direct,,,human
4.6-stable,0cace15d72c02340f13555ae12d6d9339bcaeee7,2025-08-25T11:23:44Z,False,direct,,,human
4.6-stable,a001026dbbe35f89c57533d8e6f2c712020df823,2025-08-25T12:00:13Z,False,direct,,,human
4.6-stable,6d9983e95889e20129916e7fb2fa15b9d34e6786,2025-08-25T19:42:34Z,False,direct,,,human
4.6-stable,f9c76d026df09df679ad0b4b60ec22cba15d7333,2025-08-25T20:54:54Z,False,direct,,,human
4.6-stable,1b087104e572d3cb9334a3b468dbe81442b54a1f,2025-08-26T05:08:03Z,False,direct,,,human
4.6-stable,eaf9e7ce2249f7288d06f69895f7df9e21e3ab84,2025-08-26T13:09:05Z,False,direct,,,human
4.6-stable,555e7ad07386da43338efbbfaf2d355a11e1952f,2025-08-26T14:31:14Z,False,direct,,,human
4.6-stable,90ff46c2929b39b336f19495db0345b25162116c,2025-08-26T17:19:48Z,False,direct,,,human
4.6-stable,a38256c19e823d11aa9f2acae8e796fac384fc84,2025-08-27T03:02:39Z,False,direct,,,human
4.6-stable,611fc62fe488aa45918bfe60dd2866bdff850c2e,2025-08-27T09:27:15Z,False,direct,,,human
4.6-stable,90370a08ecbdf670267ffebcecc53054f820b8a1,2025-08-27T12:29:50Z,False,direct,,,human
4.6-stable,dc8f7b4f5dd326ea2f913a0851ccf22fed977100,2025-08-28T17:54:42Z,False,direct,,,human
4.6-stable,12d74872a51fbe426c307f8713ce7d5eefdce23a,2025-08-28T20:38:00Z,False,direct,,,human
4.6-stable,9a4ec179e49a3e9a25ce1b8d61ff515b286da09d,2025-08-29T07:18:03Z,False,direct,,,human
4.6-stable,9214cd879af29b32b4f8692bc050f38e7c8c5ebb,2025-08-29T07:28:37Z,False,direct,,,human
4.6-stable,bf7422e2c74e7310061b396058089179157fc974,2025-08-29T13:03:39Z,False,direct,,,human
4.6-stable,ea17bf712a7eaa346372c3937db0abc1dbad2fdd,2025-08-30T12:59:56Z,False,direct,,,human
4.6-stable,2b855d831d47d4a31809d973a35f1ecbd4974c06,2025-08-30T17:12:16Z,False,direct,,,human
4.6-stable,849107cfc816134c5ccd07a45a0834df31060ca4,2025-08-30T19:37:35Z,False,direct,,,human
4.6-stable,7fc11f89991755939dc629ad3b780b46480c73fb,2025-08-31T11:45:50Z,False,direct,,,human
4.6-stable,02e1919514be4fb484228a786dfa204e770dbcc2,2025-08-31T13:34:46Z,False,direct,,,human
4.6-stable,67723a95725c70c76dcac2de3a5d7b46f0ea80df,2025-08-31T20:38:43Z,False,direct,,,human
4.6-stable,e73e978d65f2f419edd1d95c69b667527fbe0aa1,2025-08-31T20:46:33Z,False,direct,,,human
4.6-stable,1c8e3f9037c30ec02bfa67d53008d301a107b3b5,2025-08-31T21:25:44Z,False,direct,,,human
4.6-stable,d80b9887dd4e4f11460d7109b214b6d7e85b074a,2025-09-01T01:16:37Z,False,direct,,,human
4.6-stable,dd11265c4ccd808ff0af59b9d4af1dd0db5df38e,2025-09-01T11:38:45Z,False,direct,,,human
4.6-stable,2273c10a840acaa3b65c124f0ed152c9c3cfb253,2025-09-01T11:56:13Z,False,direct,,,human
4.6-stable,be443e41bbad63155b4e3b1666afc34aa8152370,2025-09-01T13:46:00Z,False,direct,,,human
4.6-stable,bac7253fcf94e6e384bf6a40eba9e82a5a272ac6,2025-09-02T00:57:39Z,False,direct,,,human
4.6-stable,60a7bed19cefa2c04af3e3eeaaaa92935a2ef924,2025-09-02T01:33:38Z,False,direct,,,human
4.6-stable,dcefe95ae46196ffd1a2f0e3a3688e5119dd9d8d,2025-09-02T06:19:35Z,False,direct,,,human
4.6-stable,ddde1c07a6fba47dc022d619d0df8495576421f0,2025-09-02T10:03:50Z,False,direct,,,human
4.6-stable,c96d142f97a61e0d824a78acf7d17b5b6e9a950b,2025-09-02T10:33:27Z,False,direct,,,human
4.6-stable,cfde73ac176255e6430e83ffe8dec2a8e5330122,2025-09-02T17:13:12Z,False,direct,,,human
4.6-stable,1ce55b946c73147a104fd6a38cb2cfda20b9a2bd,2025-09-02T18:13:27Z,False,direct,,,human
4.6-stable,c6be28af7aede5ec5d40d3cc3917f5df44f79013,2025-09-02T21:15:56Z,False,direct,,,human
4.6-stable,feb3e904cbb887efce3ba8cae8ac562ce224f744,2025-09-02T21:44:09Z,False,direct,,,human
4.6-stable,fb7d2829f3ff646872c61bc78f770953179f195c,2025-09-03T12:57:03Z,False,direct,,,human
4.6-stable,8798387770784cf9f616f5604f09238ec424e7b7,2025-09-03T15:38:56Z,False,direct,,,human
4.6-stable,9504b0ff7aa1b86651b8a9de45015dd6a256f5d7,2025-09-03T19:50:28Z,False,direct,,,human
4.6-stable,dd8bab9f8908ba0c05c181bcde26d463b7c3a131,2025-09-03T22:33:45Z,False,direct,,,human
4.6-stable,7b850260bfc114a531b650698c48944dcde85940,2025-09-04T05:49:09Z,False,direct,,,human
4.6-stable,5f737952fd5355c654cc75de1d4c82290d8f62ab,2025-09-04T08:51:17Z,False,direct,,,human
4.6-stable,d9d796618deec066b9624acd1101280419b5018f,2025-09-04T11:16:00Z,False,direct,,,human
4.6-stable,f7fd65923a44a572a963542f1621876e97d51331,2025-09-04T12:17:40Z,False,direct,,,human
4.6-stable,565e1aaeb9fbe1f21477fd9fa5626774a1164c38,2025-09-04T14:13:05Z,False,direct,,,human
4.6-stable,6aae7d7345ff0e093ea1ef99cbe37a4b997cb2a8,2025-09-04T16:11:55Z,False,direct,,,human
4.6-stable,d3fadcb5fb0fc4c69aa14f332f71fcf411a3bee7,2025-09-04T23:39:32Z,False,direct,,,human
4.6-stable,a86cd83593fff409055fa3ef222b2176625a7208,2025-09-05T07:41:34Z,False,direct,,,human
4.6-stable,252329ce4015818272b53311c83cf66b2b8fd7c5,2025-09-05T08:09:31Z,False,direct,,,human
4.6-stable,c7d0cb8072288b769403ead0089383ec19c0da26,2025-09-05T15:34:39Z,False,direct,,,human
4.6-stable,502f49d7f9d94e5e027bbff3f4b9cc7b1d4c578a,2025-09-05T16:04:38Z,False,direct,,,human
4.6-stable,139c406558d03a6285d85d08df19463c6cd2f64a,2025-09-05T16:16:34Z,False,direct,,,human
4.6-stable,45f089a14372e0f1883c980444addd1c5ae8597d,2025-09-06T14:04:33Z,False,direct,,,human
4.6-stable,bc0eba52960a5c6e4ce192a158da2caf4900e5b4,2025-09-06T21:20:24Z,False,direct,,,human
4.6-stable,19a4476036b363545440f89fd47ce714e7abf79e,2025-09-07T14:58:28Z,False,direct,,,human
4.6-stable,82b8cd105c36796e2ea9c5c7544d43fc46b76285,2025-09-07T18:00:55Z,False,direct,,,human
4.6-stable,7be003fc3ca0b18e0b30efd365eadf5264a77dc8,2025-09-08T09:47:05Z,False,direct,,,human
4.6-stable,24c1a783ee6ab0eb8ba81e0aa1f9ef2da76a2394,2025-09-08T14:16:51Z,False,direct,,,human
4.6-stable,793228f171fe9859c76992019aa94d98fe636e65,2025-09-08T14:18:46Z,False,direct,,,human
4.6-stable,7b923609c2995101130d74577a406da068c1ea11,2025-09-08T18:54:37Z,False,direct,,,human
4.6-stable,d8cdc53ec003a544d3ec1f3bf0b78dbf104ae770,2025-09-08T20:45:54Z,False,direct,,,human
4.6-stable,320ff6bc759c93e0af7441e7d1ab58c1c4e0276c,2025-09-08T22:33:51Z,False,direct,,,human
4.6-stable,0576b12699b87d36243c508a5914a8da60c3f7fc,2025-09-09T20:18:55Z,False,direct,,,human
4.6-stable,e5ab5acd95e871d0c8093d5d0fb10111a6891dbe,2025-09-10T10:19:36Z,False,direct,,,human
4.6-stable,47756c9689b1296583accfca065ea5ddf115c356,2025-09-10T20:35:22Z,False,direct,,,human
4.6-stable,75bbe3a0bca0047e6c8f3f5b694f08af218c3b9f,2025-09-11T06:47:16Z,False,direct,,,human
4.6-stable,cadd08da9e62ff1729dac17ca319d10732f06a82,2025-09-11T08:44:09Z,False,direct,,,human
4.6-stable,748f35ccb87f8382c5b49c9189798b339ff4fde8,2025-09-11T10:53:19Z,False,direct,,,human
4.6-stable,4e3a39a2e816272b4b29fc7f9d807d6e34b2100e,2025-09-11T11:31:32Z,False,direct,,,human
4.6-stable,d61d70e8b91349b25859ed1b06ed0a4ec7641ed6,2025-09-11T11:39:58Z,False,direct,,,human
4.6-stable,8d137bcd2966a0bdb9b66e3b4a56276875f6dbc4,2025-09-11T12:44:40Z,False,direct,,,human
4.6-stable,1c62ba40b787321680c61ffed657745dcfe45bf3,2025-09-11T12:59:07Z,False,direct,,,human
4.6-stable,9317c8eb23562c4fb44dc0108c1cd97bd5301cc3,2025-09-11T15:05:44Z,False,direct,,,human
4.6-stable,63798741804ab0f1c3225c46635d225653678e2f,2025-09-11T15:45:02Z,False,direct,,,human
4.6-stable,aa8acd1a04bacf1a679a91573562b142c0f60264,2025-09-11T18:40:15Z,False,direct,,,human
4.6-stable,cc571676b9a4dcdd54435b4fc59ceb14d38185c1,2025-09-11T20:39:26Z,False,direct,,,human
4.6-stable,13c2b28cd6d4ed1e8049e2480e31af76bbf6a03b,2025-09-12T08:25:47Z,False,direct,,,human
4.6-stable,35c87ae0ca4034fdeb129a3e9a854a61fda41506,2025-09-12T18:38:02Z,False,direct,,,human
4.6-stable,906aff53311f885b268d9a76b1bb49e6c99a0ff2,2025-09-13T08:22:40Z,False,direct,,,human
4.6-stable,d16413a34690f11b0de7fdc54c28143e2f0ae927,2025-09-13T09:09:40Z,False,direct,,,human
4.6-stable,77dd83efbf4130c5bb7f1f5edee1741e7f310fb6,2025-09-13T14:56:16Z,False,direct,,,human
4.6-stable,e3a6abd8712371c4f1e36e91258136ab4bd74674,2025-09-13T20:58:49Z,False,direct,,,human
4.6-stable,204e310914bb33d43020d3c3452da680b28ef8ed,2025-09-13T23:23:47Z,False,direct,,,human
4.6-stable,1daf9893ec2048fb1c74de4da6ab4dec03e0a2aa,2025-09-14T09:01:00Z,False,direct,,,human
4.6-stable,578d7cd115205715f64468850e62f56e93747831,2025-09-14T10:46:17Z,False,direct,,,human
4.6-stable,476b901247b6891657964b0b0ec60895949087bb,2025-09-14T10:51:59Z,False,direct,,,human
4.6-stable,06b155a18cbccdf5b68b797a7818d7b5cf978104,2025-09-14T15:29:55Z,False,direct,,,human
4.6-stable,7d09e4a428016ad7ddd1544c8cf9c176e677391a,2025-09-14T19:04:05Z,False,direct,,,human
4.6-stable,040ff854e0dd0418c866ab8c2acfc6be87f01853,2025-09-15T03:41:03Z,False,direct,,,human
4.6-stable,0c524067580300988e02aef54a0fb79a193bb5c6,2025-09-15T07:25:28Z,False,direct,,,human
4.6-stable,78e3b44eb2c3a51dc17cb7ee7bc964961847650e,2025-09-15T07:29:25Z,False,direct,,,human
4.6-stable,af5a81faf81d2cea996c071011a4bd5528764a64,2025-09-15T13:27:36Z,False,direct,,,human
4.6-stable,08f39e412b7a0022bf4e9fb2c0f9ec6a2a8ee36f,2025-09-15T15:45:18Z,False,direct,,,human
4.6-stable,4c3f2be16d00ef8bd21da2f4b4f57f1850a553a6,2025-09-15T18:03:21Z,False,direct,,,human
4.6-stable,d0a0d8b798f2a84f604d561bcbe387132c3611e0,2025-09-15T19:02:56Z,False,direct,,,human
4.6-stable,c2141e0aa557444dd68247dda8d8cf8dd655ade6,2025-09-15T20:50:22Z,False,direct,,,human
4.6-stable,76dfc53deea0f7fdecf1072fd05d24ca23428974,2025-09-15T20:55:06Z,False,direct,,,human
4.6-stable,2967267fbad77fb6fcdb5a235f0c854d0c750687,2025-09-15T21:41:57Z,False,direct,,,human
4.6-stable,99a39ce6ea5d503ee61440ed9c5f41759dacb867,2025-09-15T21:48:20Z,True,merge,110539,,human
4.6-stable,6d8aa8582f5c312cd5aab396f90904df1ddc0567,2025-09-15T21:52:48Z,False,direct,,,human
4.6-stable,46e40969a222bcd20bd12d36ed570f9148b3c9f5,2025-09-15T22:11:53Z,False,direct,,,human
4.6-stable,ebdf57fbf10945eb07b77ee31ee380d7df8843bf,2025-09-15T22:19:19Z,False,direct,,,human
4.6-stable,a3cb0bd2a36686d0cfec5f77929922e594c16046,2025-09-15T23:11:42Z,False,direct,,,human
4.6-stable,a50fc5acd81e0aa7d69e23faa462ecb6bbdad165,2025-09-16T07:00:33Z,False,direct,,,human
4.6-stable,8f36c97a49dc340b81f6cbc1d97171da212a77e0,2025-09-16T07:01:26Z,False,direct,,,human
4.6-stable,5d66b0b41ad377d91a96d87dee1930a8b21522b5,2025-09-16T07:04:13Z,False,direct,,,human
4.6-stable,0d700e53f37e0facd999d7b0870858364b912361,2025-09-16T08:55:44Z,False,direct,,,human
4.6-stable,f6ee1e15fc2016f65422fc13563395a26c9b8ad0,2025-09-16T09:57:33Z,False,direct,,,human
4.6-stable,e9131550b18a4c664fd4e51f44bf02b0afb70e79,2025-09-16T10:04:32Z,False,direct,,,human
4.6-stable,3d322c3f36d8d4deb7ef13618f867d13e01a1fc0,2025-09-16T10:25:48Z,False,direct,,,human
4.6-stable,ee404c657e3dc6191c5e07b1090ef7f007c99050,2025-09-16T10:32:22Z,False,direct,,,human
4.6-stable,026471784ea5961d9631a673d863c27f85de77a2,2025-09-16T14:19:24Z,False,direct,,,human
4.6-stable,5316d1258819cbb3cc68a9015510266379e42cc3,2025-09-16T14:48:52Z,True,merge,109346,,human
4.6-stable,a298979866064814a6e156e7b8af9318edbdf302,2025-09-16T14:48:53Z,True,merge,110535,,human
4.6-stable,58e056894db394edd08a9179cfcbe3fdd3113c29,2025-09-16T14:48:54Z,True,merge,110507,,human
4.6-stable,94b5658cd2d9d09cdc19a80fb0cb6bad8356f8f4,2025-09-16T14:48:55Z,True,merge,106798,,human
4.6-stable,1a6d3c2192444ffad5c7640d08e7e3b64e458193,2025-09-16T14:48:56Z,True,merge,110002,,human
4.6-stable,fe5b8fc3f68981142700d0295405ca9b073300ac,2025-09-16T14:48:57Z,True,merge,110515,,human
4.6-stable,ebb51d1f7dfbc99eada9955611dbb950ef48f598,2025-09-16T14:48:58Z,True,merge,109363,,human
4.6-stable,de572675e0251e63de30114a101a3681b6f57c4e,2025-09-16T14:48:59Z,True,merge,109369,,human
4.6-stable,5f5b21481d8c799d015a417a721c084a6671f8df,2025-09-16T14:49:00Z,True,merge,106809,,human
4.6-stable,aedc706b3404e5bdc7cf8db040973a2e1c90d60c,2025-09-16T14:49:01Z,True,merge,110363,,human
4.6-stable,570577a4d60fd531ef51fb6e4807f8d1a8a09999,2025-09-16T14:49:02Z,True,merge,109214,,human
4.6-stable,54dff9228c9a5d39521730a9d3acae53fea35ea2,2025-09-16T15:21:08Z,False,direct,,,human
4.6-stable,d167afa199a70618b197d8105ff1e98e8dbdcae1,2025-09-16T15:35:24Z,False,direct,,,human
4.6-stable,155c594f023d0e58127b4b9e56bcce3646a68548,2025-09-16T16:44:43Z,True,merge,109568,,human
4.6-stable,697474baad088a94d3278a5d792fb149fcd68455,2025-09-16T16:44:44Z,True,merge,109793,,human
4.6-stable,4dec6af2c8f3ade4cf6bad057c38e033fd0a0fa8,2025-09-16T16:44:45Z,True,merge,108613,,human
4.6-stable,f69fe1e453198820bf9143ab382b2aa169f6b239,2025-09-16T16:44:46Z,True,merge,110380,,human
4.6-stable,fe327c217ecb9fe6f01c1c58d652ba54b7c48dce,2025-09-16T16:44:47Z,True,merge,109582,,human
4.6-stable,27a3f0eb8d545954d4a09e7adb3a7e2f3e627483,2025-09-16T16:44:48Z,True,merge,108206,,human
4.6-stable,c39edeca6d1e920b131d07fa36e28fbf00ca5d73,2025-09-16T16:44:49Z,True,merge,109744,,human
4.6-stable,f73d3db4125ed172283c5fe61a7553fc0c9ca341,2025-09-16T16:44:50Z,True,merge,108527,,human
4.6-stable,853884ba05b687015b561fcf03ba15089e75c068,2025-09-16T16:44:51Z,True,merge,109143,,human
4.6-stable,490af72c997a326b55f7a582286d24c05fe58734,2025-09-16T16:44:52Z,True,merge,109815,,human
4.6-stable,7ce05be884659874eee0284caec1f7aa6adbfeb7,2025-09-16T16:44:53Z,True,merge,109847,,human
4.6-stable,fb23f7d175c950e59ca822c2deed19b0d9a92d5b,2025-09-16T16:44:54Z,True,merge,110557,,human
4.6-stable,6efa557e9b77a4499519b4f5585c5f8f314afdfd,2025-09-16T16:44:55Z,True,merge,109567,,human
4.6-stable,081cebb2f777d9ca8187599dd46bed37da88b429,2025-09-16T18:33:53Z,False,direct,,,human
4.6-stable,b22e266d7155886b471f6209f1e78af16674821c,2025-09-16T18:35:46Z,False,direct,,,human
4.6-stable,03d32c68a9d2d78a4d7febbea1437df3b8ddd039,2025-09-16T19:37:07Z,False,direct,,,human
4.6-stable,abe3b481aea7ef7fa88fa7230743d7f415786635,2025-09-16T19:41:28Z,False,direct,,,human
4.6-stable,12e7050abaa84f082849bfb812f535755d249513,2025-09-16T19:54:22Z,False,direct,,,human
4.6-stable,02d8cf84b05a19d79f9ec7ef03a8ffbebde6d7a1,2025-09-16T20:54:16Z,False,direct,,,human
4.6-stable,8a2c30e5dc12a0fc23fae678f736d7a3be752f65,2025-09-16T21:30:25Z,False,direct,,,human
4.6-stable,606284e14befcf78e5eca12358759e8f9857fc47,2025-09-16T23:43:20Z,False,direct,,,human
4.6-stable,a97dbc3ad2f86c7cf1bd859a00db0d97afe1b7cb,2025-09-17T00:09:15Z,False,direct,,,human
4.6-stable,6f4be6c1f9c9f1808ff1579f84ade20a185386b7,2025-09-17T01:28:51Z,True,merge,110370,,human
4.6-stable,2557b0da9f79729118c4d56f9bbaea8c47195d8d,2025-09-17T01:28:52Z,True,merge,101285,,human
4.6-stable,5f82f131d441f6d771493537c569df73b793f19d,2025-09-17T01:28:53Z,True,merge,110213,,human
4.6-stable,da212c74c29c486961612032a3b6bc1a631e5a41,2025-09-17T01:28:54Z,True,merge,110504,,human
4.6-stable,f279257883077112741835e4bf4f2825dfb05dde,2025-09-17T01:28:55Z,True,merge,110537,,human
4.6-stable,31f0eda63b8da4ae5a40128a56a8c2c5a8900bbe,2025-09-17T01:28:56Z,True,merge,110448,,human
4.6-stable,00699ec29e387060962ed8ac2161ce264847ee73,2025-09-17T01:28:57Z,True,merge,110329,,human
4.6-stable,138e21e6ff4fae9593725b0c10ecf5d342f8d280,2025-09-17T01:28:58Z,True,merge,110169,,human
4.6-stable,153bd70c8a746eb0c64e4be51ed09f9267550d59,2025-09-17T01:28:59Z,True,merge,109562,,human
4.6-stable,d51c13fdd4c139f65fe117e20363bb1e46114948,2025-09-17T01:29:00Z,True,merge,110397,,human
4.6-stable,1a89648c61d4873f54b142ab0472c51aa4669ccf,2025-09-17T01:29:01Z,True,merge,110206,,human
4.6-stable,adb2ec043ed61ea8451f2593171d7163303b7ba5,2025-09-17T01:29:02Z,True,merge,110303,,human
4.6-stable,ff3eee7df6071f3d05b5b4c74a090326f833a40f,2025-09-17T06:03:18Z,False,direct,,,human
4.6-stable,7dc6df3051ab9e36abd8c5fbd30fc49f6d6434db,2025-09-17T10:31:23Z,False,direct,,,human
4.6-stable,09b8ac41bb73af724ad2b39953bf388a49aeef4b,2025-09-17T12:21:53Z,False,direct,,,human
4.6-stable,6bc6110a9037dfe744474b2c3393970de27683fe,2025-09-17T14:05:33Z,False,direct,,,human
4.6-stable,c93f55533d3d81bdee8f60bf3c0f03141865b909,2025-09-17T15:10:51Z,False,direct,,,human
4.6-stable,d66cbe0114c0e811924e1b44dd85ad4b93ed6bfd,2025-09-17T15:49:34Z,False,direct,,,human
4.6-stable,2ee5a189170793ab25f42b5f69b20d7a65022c55,2025-09-17T16:34:08Z,True,merge,110465,,human
4.6-stable,4eaa0ef1e7cc4ad1d6876d31630fbd17b3822eec,2025-09-17T16:34:09Z,True,merge,110434,,human
4.6-stable,4676d73a1ac795b38fe83d55c786172534d1add7,2025-09-17T16:34:10Z,True,merge,110268,,human
4.6-stable,e50494321227c0d33b8f5bbbadce22cea160dd6c,2025-09-17T16:34:11Z,True,merge,110184,,human
4.6-stable,e721af577551c2d34a2b1795dbe26b14a78766a5,2025-09-17T16:34:12Z,True,merge,110330,,human
4.6-stable,8c7c96e2c4e0f28d0f77c0b0d952ac77ab8d8c38,2025-09-17T16:34:13Z,True,merge,108636,,human
4.6-stable,b73ba6c58db3fc8792857cce7513e751bba50638,2025-09-17T16:34:14Z,True,merge,110198,,human
4.6-stable,aa294bb3c8531bf5d5cb29f83651aa5822b60206,2025-09-17T16:34:15Z,True,merge,110360,,human
4.6-stable,38d80598f52a68fc1148bdb97df594eea2180bce,2025-09-17T16:34:16Z,True,merge,108121,,human
4.6-stable,e5f9f4d1cbd7113fca4141c095224afa55ac8d49,2025-09-17T16:34:17Z,True,merge,110618,,human
4.6-stable,cc7397ceb7ca92891ec701086d1ec143085003bd,2025-09-17T16:34:18Z,True,merge,110556,,human
4.6-stable,8b4b93a82e13cb1b7ea5fa28b39163a6311a0bb3,2025-09-17T16:34:19Z,True,merge,105950,,human
4.6-stable,46b88dcbda34527cd5a132a2c5cba889eb61f3c8,2025-09-17T17:10:02Z,False,direct,,,human
4.6-stable,fc951855ed7b551410bf3f7d293f8a164a5c71e2,2025-09-17T18:41:56Z,False,direct,,,human
4.6-stable,6d0ac84a46413163c2186a442e8504fdc2563e1f,2025-09-17T18:47:02Z,False,direct,,,human
4.6-stable,43fa18c3e6dc051434562b2fa847042be4d07724,2025-09-17T19:33:38Z,False,direct,,,human
4.6-stable,3892fa4a0bab259df2a1b0666d4674d33809daff,2025-09-17T22:56:25Z,False,direct,,,human
4.6-stable,7b5c53d99637fea8af00f641efa4485094a5a923,2025-09-17T23:39:21Z,False,direct,,,human
4.6-stable,1b697aff3858b7d1a8bd7e1c3b513f5a6b6f1fe4,2025-09-18T03:56:22Z,False,direct,,,human
4.6-stable,bee392fcd244e31bd4341e5a5ad84afe40164a79,2025-09-18T07:27:13Z,False,direct,,,human
4.6-stable,b9cdc74b2b85e05311107f5889f911c69c593490,2025-09-18T10:19:25Z,False,direct,,,human
4.6-stable,b23b0dde9a42a33f0c63958e5841f3d89980707e,2025-09-18T10:32:03Z,False,direct,,,human
4.6-stable,2ef3ebf934666a4825e52e96252ebb83a9f4a7e3,2025-09-18T11:52:30Z,False,direct,,,human
4.6-stable,3f03260a2195f3eca7c764fe999f0ca75765557c,2025-09-18T12:27:09Z,False,direct,,,human
4.6-stable,d824e79fc0fea2f79f9ae21222cfd8828fd8658f,2025-09-18T15:21:02Z,False,direct,,,human
4.6-stable,3335708ce0b54a23aca12ad10bdfc23a4f857367,2025-09-18T15:28:59Z,False,direct,,,human
4.6-stable,d1fd42bf3cb84a7f1b97c8b8eb236c9134f63d83,2025-09-18T17:26:57Z,False,direct,,,human
4.6-stable,a916325e6a1d0bed789b8e3ebfc86f681762ba9a,2025-09-18T17:29:04Z,False,direct,,,human
4.6-stable,1e84bc4d9c5b485a10aa1368abd14eeb7275fc72,2025-09-18T17:42:20Z,True,merge,108260,,human
4.6-stable,aad046edba2448de31f2b3189c45a3e6c4adc31a,2025-09-18T17:42:20Z,True,merge,107045,,human
4.6-stable,3ad1642b2e6e5b5f366c7c7dcdbeefcf3a8e20d6,2025-09-18T17:42:21Z,True,merge,110410,,human
4.6-stable,468ad87a3764efe8be44198dfcc63c37c36f3853,2025-09-18T17:42:22Z,True,merge,107596,,human
4.6-stable,6e75c28a5e8164ad0fd28ada3632a72e7c53261f,2025-09-18T17:42:23Z,True,merge,107693,,human
4.6-stable,ff111e395d1b3968020f51464695c5f3b04cbbd2,2025-09-18T17:42:24Z,True,merge,103917,,human
4.6-stable,d90d8afa5a70115311f0360cc8d053e645013b9e,2025-09-18T17:42:25Z,True,merge,108118,,human
4.6-stable,d5512dfe71db9c0f70fbf2ae88ba674e1cb453db,2025-09-18T17:42:26Z,True,merge,110423,,human
4.6-stable,3fa7c65914e2330cb63f994f72a97ceebe5c471c,2025-09-18T17:42:27Z,True,merge,108504,,human
4.6-stable,1c056c7c860b160d0df72eb7399b13156f1c3dcb,2025-09-18T17:42:28Z,True,merge,107481,,human
4.6-stable,369ed5113e7331359200a2ef2eefc2ef6495391d,2025-09-18T17:42:29Z,True,merge,110652,,human
4.6-stable,4fcd85551cb8b5de5b876ee4e93f72a816713c58,2025-09-18T17:42:30Z,True,merge,107071,,human
4.6-stable,0be2a77156b62fab044da64687d9d0b456f47bbe,2025-09-18T19:17:42Z,False,direct,,,human
4.6-stable,f320274ca302c55005daa76bc561000c745fb8e0,2025-09-18T20:34:48Z,False,direct,,,human
4.6-stable,e5cd234ef72b48bb3dbb041c12aed32eda3bc2b1,2025-09-18T20:58:02Z,False,direct,,,human
4.6-stable,b0080500bd4b2cc996c62c74780416d59ea55d67,2025-09-18T21:01:49Z,False,direct,,,human
4.6-stable,c4559c02dee1b7575c766bef3b99e39181c1c8c2,2025-09-18T21:35:30Z,False,direct,,,human
4.6-stable,f81287d765b7d0ab1480077f850a1e7a7edfd639,2025-09-18T22:20:07Z,False,direct,,,human
4.6-stable,406b22d2d550f58909a4134e313b506ef4145063,2025-09-18T22:20:07Z,False,direct,,,human
4.6-stable,0f614cd63fb8464fb66f731f4f886f1a9b166b98,2025-09-19T00:50:04Z,False,direct,,,human
4.6-stable,62273fa10b1d13ee267e8fd1d574126e09c79f4c,2025-09-19T02:02:24Z,True,merge,110627,,human
4.6-stable,7a82648b2b761aaf825a6f762905733ce823caf2,2025-09-19T02:02:25Z,True,merge,110404,,human
4.6-stable,01c403855972fce9931e2ace5b16bcddaf0a2c41,2025-09-19T02:02:26Z,True,merge,109925,,human
4.6-stable,3dbb193ece6d0ec3ff399e2f73e27aad40be9e00,2025-09-19T02:02:27Z,True,merge,109990,,human
4.6-stable,f8dedf68e216f91f8e2b6070a9c818af943724dd,2025-09-19T02:02:28Z,True,merge,105254,,human
4.6-stable,3315dd3c6037fa02b156c5c7084812db7036dae9,2025-09-19T02:02:29Z,True,merge,110276,,human
4.6-stable,f30859d7f31f0f5c7019a3581a23ccb418392957,2025-09-19T02:02:30Z,True,merge,110635,,human
4.6-stable,be11bf1d6b528c467c349bf95922f4f00c952ac1,2025-09-19T02:02:31Z,True,merge,110540,,human
4.6-stable,42fbaba8ad648df5c59c3f5f2ed9f20d1ec895ca,2025-09-19T02:02:32Z,True,merge,110225,,human
4.6-stable,f84123d20e4d97efadfe5e7143fe5a630c76757a,2025-09-19T02:02:33Z,True,merge,110611,,human
4.6-stable,835a7093037c56e69328a5f6e6ad19d162bc5c7e,2025-09-19T02:02:33Z,True,merge,110291,,human
4.6-stable,9dde5688a566775df338df8ae7023cb69b6cfe6d,2025-09-19T02:02:34Z,True,merge,110619,,human
4.6-stable,da8f647fa169d4d12b059a15f278c53363c5fd53,2025-09-19T05:46:01Z,False,direct,,,human
4.6-stable,05dae23f1807f941643db8bfadac1226bf1df6e8,2025-09-19T06:57:36Z,False,direct,,,human
4.6-stable,ecf6620ab7d61f98e5c998fb0e12de1c16399e53,2025-09-19T07:21:21Z,False,direct,,,human
4.6-stable,9f7c3d00dd22bfc17b7e43dc1bfedc1ec0c261b2,2025-09-19T08:45:16Z,False,direct,,,human
4.6-stable,cc22932fc9d303fcec4d6c630e64d0a637f42337,2025-09-19T13:40:51Z,False,direct,,,human
4.6-stable,2fd881c40fa802c779b42f408519efd7afad0b8b,2025-09-19T14:05:26Z,False,direct,,,human
4.6-stable,a4b5b0ec6896da3a45011e6b739bff0a5bf164f1,2025-09-19T14:15:37Z,False,direct,,,human
4.6-stable,988721cda306717aa18b1de278b6c779ca898a1d,2025-09-19T14:16:59Z,True,merge,106146,,human
4.6-stable,2c1ad5b07a1130d0c838d93d2c0973f78fadb63d,2025-09-19T14:17:00Z,True,merge,109031,,human
4.6-stable,335fe5c5dca4fa35a3715c7a1f69c95187762f2c,2025-09-19T14:17:01Z,True,merge,110664,,human
4.6-stable,b2e75e532243e1bb8c5f1dc2147cf89a158f3c40,2025-09-19T14:17:01Z,True,merge,110188,,human
4.6-stable,dd8ae6cc66d224b9dc0fe0eb2339e17731a6e2f2,2025-09-19T14:17:02Z,True,merge,110413,,human
4.6-stable,5365372b3d11959bfaf5e5428bcf406aee927bb0,2025-09-19T14:17:03Z,True,merge,110189,,human
4.6-stable,f27f917d32ab38b5cf92f6a857f4375d2fe48421,2025-09-19T14:17:04Z,True,merge,107955,,human
4.6-stable,78d15397098c9123334605b82b088bafa1b1f5ea,2025-09-19T14:17:05Z,True,merge,110452,,human
4.6-stable,9b96eaaf805960d03faf26db705675b4b5ba59ee,2025-09-19T14:17:06Z,True,merge,107989,,human
4.6-stable,747722d639f892222aa22f5c8c156213da9319b2,2025-09-19T14:17:07Z,True,merge,109299,,human
4.6-stable,3632e6f46312052fb5d52b9756a287e46c7a64ff,2025-09-19T14:17:08Z,True,merge,110424,,human
4.6-stable,2753d333f638f0f6d96ee8235033f153ccba32c6,2025-09-19T14:17:10Z,True,merge,109375,,human
4.6-stable,d61a337a700ba2e11feecdadccec58b243e257c3,2025-09-19T14:31:55Z,False,direct,,,human
4.6-stable,b9837e4ada3c013234756cc8af44a13ed2756e72,2025-09-19T14:43:06Z,False,direct,,,human
4.6-stable,c65211981258f0fd27da134a3523d90f6a5512d6,2025-09-19T15:01:01Z,False,direct,,,human
4.6-stable,92596e3f17de56f2b6721d1add847706d40a7407,2025-09-19T15:45:57Z,False,direct,,,human
4.6-stable,e4763e63291ddafdda2f4dca44799deb1960934c,2025-09-19T16:24:42Z,False,direct,,,human
4.6-stable,aeb3a45c9796ddb807b78f16c80cce1089f8ac8b,2025-09-19T16:43:29Z,False,direct,,,human
4.6-stable,9a76f5551863eb5a52e874e9cefe4c743c18e7ee,2025-09-19T16:57:42Z,False,direct,,,human
4.6-stable,8a741f10f8bb5daa25ca96814691ed2b5e21d034,2025-09-19T17:53:37Z,False,direct,,,human
4.6-stable,cf65c18817831618cfc0095514af9f4b60eb7ee9,2025-09-19T17:53:37Z,False,direct,,,human
4.6-stable,4fa2409c78135fae3354e1118f43b2ddaf477f35,2025-09-19T18:07:04Z,True,merge,82121,,human
4.6-stable,2a7e01e4fc3901ee5555492b6483b1f8810b89bd,2025-09-19T18:07:07Z,True,merge,80427,,human
4.6-stable,14bdf398064163456ff82530ad3a0a42cec4b9d5,2025-09-19T18:07:09Z,True,merge,107789,,human
4.6-stable,8900a5e045b6caad1ec18a612aa25e733ab2f1ad,2025-09-19T18:07:11Z,True,merge,110318,,human
4.6-stable,8265bb8b6af9e403a6a758fc670f3558c820447c,2025-09-19T18:07:13Z,True,merge,110097,,human
4.6-stable,191efe2e91524ed0795cf7df66b80dcffe72875e,2025-09-19T18:07:15Z,True,merge,109778,,human
4.6-stable,9cb6411740e83bf6fe739df739c85fa099f31323,2025-09-19T18:07:16Z,True,merge,110164,,human
4.6-stable,9ef1ec587049ff97bfcd3e69dd1809ca68de13a9,2025-09-19T18:07:18Z,True,merge,103608,,human
4.6-stable,d8a909d99cea30ba31315c1f3da0da3463109cb9,2025-09-19T18:07:19Z,True,merge,110203,,human
4.6-stable,3c9d03b8755968ae305b8cfebe886c56402cb044,2025-09-19T18:07:20Z,True,merge,110269,,human
4.6-stable,0668944255b3439d230e46e326e1b273bad589dd,2025-09-19T18:08:54Z,False,direct,,,human
4.6-stable,e3ce74dc7eb5d101218759c2855691701d835812,2025-09-19T18:34:41Z,False,direct,,,human
4.6-stable,bb06ffd944834e1cb5e9c053e21d65a9787138d2,2025-09-19T19:36:36Z,False,direct,,,human
4.6-stable,ad09677532e08fe336169b1660089638b61f5391,2025-09-19T20:01:43Z,False,direct,,,human
4.6-stable,0108e2f82f44dd33d9ccf642e2750fbe9d530a9b,2025-09-19T20:36:07Z,False,direct,,,human
4.6-stable,96618b2cf8ca0ea2aca9c1b68c02f65c2b04a117,2025-09-19T21:44:21Z,False,direct,,,human
4.6-stable,90b771ce3a072db38b73a06e26b4957d9663663a,2025-09-20T01:54:14Z,True,merge,109512,,human
4.6-stable,075d99fc11794eedbdeb9437a2c0946d5d6c6b3e,2025-09-20T01:54:23Z,True,merge,109897,,human
4.6-stable,daa89d52924676f6d18c79aae059b2a9f0c7090c,2025-09-20T01:54:24Z,True,merge,109513,,human
4.6-stable,597c5d413f55a5493eb414fe603648b51faa11af,2025-09-20T01:54:25Z,True,merge,109611,,human
4.6-stable,8eeef165d4ed20770b1ff5f3b4c3c86995ba2697,2025-09-20T01:54:26Z,True,merge,104781,,human
4.6-stable,647546bcace7879f865db9db5bb0c0accdcfc7d1,2025-09-20T01:54:27Z,True,merge,110089,,human
4.6-stable,34609db10b32d4bbb3aa56171753fe35f4f4925d,2025-09-20T01:54:28Z,True,merge,109969,,human
4.6-stable,1e5b4a1aae5df76cb1fc0b5294cccaee105b276a,2025-09-20T01:54:29Z,True,merge,109944,,human
4.6-stable,b33e988aefe75199f0146a8f4ad7022c230de28d,2025-09-20T01:54:30Z,True,merge,109977,,human
4.6-stable,72785c54ed444061aece24d02526e0e9337598ca,2025-09-20T01:54:31Z,True,merge,110012,,human
4.6-stable,e15210b466337e81a9968f29e08989da9502353c,2025-09-20T01:54:32Z,True,merge,98268,,human
4.6-stable,74e869c777a1d64d217050d9456e8a5084dea83e,2025-09-20T01:54:33Z,True,merge,109981,,human
4.6-stable,d7382aa05854df37c2f21aff02a693f8104fb95d,2025-09-20T01:54:34Z,True,merge,109502,,human
4.6-stable,b18beb2cc21259bf7a4a9780a44b160dedf22802,2025-09-20T07:00:18Z,False,direct,,,human
4.6-stable,fc0cbb3171e184825f5c425030774c304e62c492,2025-09-20T14:10:55Z,False,direct,,,human
4.6-stable,ab01179d6c8b49a046f77b599ad4f3817d332d97,2025-09-20T18:41:28Z,True,merge,106849,,human
4.6-stable,8159c45834fda8ddd7f720a18dea74ced8537f14,2025-09-20T18:41:30Z,True,merge,109027,,human
4.6-stable,96185c7d8c50fcfbdf5eb0446102660d918bfd40,2025-09-20T18:41:31Z,True,merge,106341,,human
4.6-stable,00574d4ba55f81f9a1b455e5e21fa38e8dfa789d,2025-09-20T18:41:32Z,True,merge,81701,,human
4.6-stable,ebbd5a7ff53c4340f86563900954aef9184bec49,2025-09-20T18:41:33Z,True,merge,110694,,human
4.6-stable,40bd86819b0ec60532c21e13830b6dc353a57687,2025-09-20T18:41:34Z,True,merge,104332,,human
4.6-stable,25981beebd9a9afd4a81f8cd408e7faa84e3dcee,2025-09-20T18:41:35Z,True,merge,107511,,human
4.6-stable,7738626d2503a6f69e0ec6b711aca95efe52e572,2025-09-20T18:41:36Z,True,merge,107800,,human
4.6-stable,4588542dfcae46b23f74487a204a5e44b301ab3c,2025-09-20T18:41:37Z,True,merge,107065,,human
4.6-stable,326b22124a6b38cdfe0484dc60fa705ed174ae3a,2025-09-20T18:41:38Z,True,merge,108794,,human
4.6-stable,149a4b4ca12e2baf700020fc10f00d5b0a5e9f0d,2025-09-20T18:41:39Z,True,merge,107868,,human
4.6-stable,5ed4eaf34373a3e6db78341127d4b493d6fdde9c,2025-09-20T18:43:39Z,False,direct,,,human
4.6-stable,98a4b46b6ac05c72e8b59bbf8259e2a81bbe9cc2,2025-09-20T19:11:12Z,False,direct,,,human
4.6-stable,53231879b378d8a4e690da8b94de0b2e115048da,2025-09-20T23:11:59Z,False,direct,,,human
4.6-stable,b25e35cf580040b4f8a37ac3b0380fefc11731f8,2025-09-21T04:32:30Z,False,direct,,,human
4.6-stable,7685cb6f48e229026bfb15810727ffb35d1de30b,2025-09-21T07:19:12Z,False,direct,,,human
4.6-stable,6e6a9cf26bd702017e77543b223c8fc3dcb8dc63,2025-09-21T09:38:28Z,False,direct,,,human
4.6-stable,52df1aeb590e59d43b4c4da4fc3efd16f2aea48b,2025-09-21T14:17:38Z,False,direct,,,human
4.6-stable,7fcc8c0831185111587da8314ca961ee280bdc0a,2025-09-21T15:11:47Z,False,direct,,,human
4.6-stable,12e97610a825d4e885cb776b72a5c0150ad86f3d,2025-09-21T15:22:29Z,False,direct,,,human
4.6-stable,cd61d6f748ae23ec416d03d81719794029fddca8,2025-09-21T19:18:30Z,False,direct,,,human
4.6-stable,89503e387a0bf3799a91c01673068968f8fcea9e,2025-09-21T23:03:21Z,False,direct,,,human
4.6-stable,172c80df679a7351df401b1afb6829b584910ba7,2025-09-22T01:39:14Z,False,direct,,,human
4.6-stable,0622cee1896b2a939464ba98330589b4e36053b0,2025-09-22T04:01:50Z,False,direct,,,human
4.6-stable,a3e0f8dee20cd1c23cff8b7903e71ba2322c4f70,2025-09-22T10:15:12Z,False,direct,,,human
4.6-stable,96619d46a163a2620398a15085daadefcab7a58b,2025-09-22T11:21:51Z,False,direct,,,human
4.6-stable,d9c0183bd762984f28602771674939c3ee43d19c,2025-09-22T11:25:45Z,False,direct,,,human
4.6-stable,d719fc74f549dd3a0b34ac59d22dc2c9073be677,2025-09-22T13:35:22Z,False,direct,,,human
4.6-stable,0e2b54e1da6d9fd469354291d1d4d447a4bc71de,2025-09-22T13:49:58Z,True,merge,109216,,human
4.6-stable,60c33a222c34cee858ddace60b1657193f40ce27,2025-09-22T13:49:59Z,True,merge,108929,,human
4.6-stable,3ef19961cc2fcdffedf75ed7793de779ad480ebf,2025-09-22T13:50:00Z,True,merge,110242,,human
4.6-stable,94dbc42a56d1440f4fc3751ba090375538396dd1,2025-09-22T13:50:01Z,True,merge,62083,,human
4.6-stable,c852872cb2cc0450eb3a3877ed198b4b4c40b8f2,2025-09-22T13:50:02Z,True,merge,108804,,human
4.6-stable,3ce6402d2586f7ec8a033cc2ed2e5115f35f52b8,2025-09-22T13:50:03Z,True,merge,109413,,human
4.6-stable,5e8c2f9a0e16f40ca11d594d4a2a768ff95312e3,2025-09-22T13:50:04Z,True,merge,108872,,human
4.6-stable,9b7a723aac73b497d509affc183d21e0d2e25b3d,2025-09-22T13:50:04Z,True,merge,107721,,human
4.6-stable,b059849bf860f549968649a56e84e39796f2c575,2025-09-22T13:50:05Z,True,merge,108075,,human
4.6-stable,d8b057d06d642f40ee5e6857363f7bf3d6b1b5cd,2025-09-22T13:50:06Z,True,merge,108974,,human
4.6-stable,b4a99e775d2c1012996ee5fda9edc250d0389bb6,2025-09-22T13:50:07Z,True,merge,109843,,human
4.6-stable,999b94cc39c4eaaa6635cbf9a0564120c3e346ab,2025-09-22T13:50:08Z,True,merge,109012,,human
4.6-stable,b56e83a04101208409459bc7d4c0c0833b8dad20,2025-09-22T13:50:09Z,True,merge,110135,,human
4.6-stable,ce157a446f06f16a60d86ec8618b899c17486ad3,2025-09-22T13:50:10Z,True,merge,107096,,human
4.6-stable,d7565ffbe5cf6cc9df3154fc6c9c9554218d730e,2025-09-22T13:50:11Z,True,merge,104666,,human
4.6-stable,ba0da90ba681a17b35d7d73345b6e3699b15acc8,2025-09-22T13:50:12Z,True,merge,108254,,human
4.6-stable,bc7c05bfbd99e032d3a5c063af4cacbdf5aadfaf,2025-09-22T14:16:28Z,False,direct,,,human
4.6-stable,f16ff829f0509ae2ce4222b249a56b581a114641,2025-09-22T14:23:15Z,False,direct,,,human
4.6-stable,bc85a84033c3860aba92a9ef1a933f736587d240,2025-09-22T15:26:28Z,False,direct,,,human
4.6-stable,0139ea615cc564b8fe96685dc0cf0f7986d7ab6e,2025-09-22T16:30:16Z,False,direct,,,human
4.6-stable,d069699940e9b85c4b613ae09bef77b00ab40ab9,2025-09-22T18:28:41Z,True,merge,110752,,human
4.6-stable,50ba0149e4e5a597def4e0a8cf231895b820275b,2025-09-22T18:28:43Z,True,merge,110241,,human
4.6-stable,be421bcdd4034fe99e17cd8298bdcad7bef21f24,2025-09-22T18:28:44Z,True,merge,110250,,human
4.6-stable,035f5d3055775fac0974801c0666389b051d3330,2025-09-22T18:28:45Z,True,merge,110763,,human
4.6-stable,89c51cb18356558efc63f5ecb7c93ef66e76af02,2025-09-22T18:28:46Z,True,merge,110571,,human
4.6-stable,2d94ad1f3a82b7242dc908e01149dbe4f99a9250,2025-09-22T18:28:47Z,True,merge,93389,,human
4.6-stable,7ec4bd74ff005158007ebb77c7462b4d2b215884,2025-09-22T18:28:48Z,True,merge,110320,,human
4.6-stable,f5538757287362584f8f2a552b70bd4dbbdd485f,2025-09-22T18:28:49Z,True,merge,110387,,human
4.6-stable,2db67045767a1a06616b8fd4ee8f607f192ed0ab,2025-09-22T18:28:50Z,True,merge,110259,,human
4.6-stable,228808142b4b1a932c2ba16d4cc67c8860485244,2025-09-22T18:28:51Z,True,merge,110614,,human
4.6-stable,a20ca7bbfeda98bce49e68f911780e2d75d54bed,2025-09-22T18:28:52Z,True,merge,110459,,human
4.6-stable,3bf0f771eef5205e6cb5822688278f0e60a3a96b,2025-09-22T18:28:53Z,True,merge,110781,,human
4.6-stable,91befbbc528ba794f64378e6bbd718b723aa7bf5,2025-09-22T18:33:16Z,False,direct,,,human
4.6-stable,72a9d2128fccef28a2485e353ee8b8367f1217bd,2025-09-22T18:33:16Z,False,direct,,,human
4.6-stable,038f5934e70491235106e28911621ebedd57fb3f,2025-09-23T01:20:04Z,False,direct,,,human
4.6-stable,fb476d0b0cf89638979de35ddd6262a8022c854d,2025-09-23T01:20:17Z,False,direct,,,human
4.6-stable,c178b063c6fc8ca15e587b2d96daed284162a0e4,2025-09-23T02:00:50Z,True,merge,109632,,human
4.6-stable,38188881ce97506fc38b7cb8baea5cff26f4efb6,2025-09-23T02:00:52Z,True,merge,108549,,human
4.6-stable,cee30225e9fa4ed2da89df8f0035be875c13a0fb,2025-09-23T02:00:52Z,True,merge,110566,,human
4.6-stable,800bce8a7e3d82fe193faef0767539ef198d51ba,2025-09-23T02:00:53Z,True,merge,107975,,human
4.6-stable,709226ad1c69f797231945c31cb6fceb710884fe,2025-09-23T02:00:54Z,True,merge,109515,,human
4.6-stable,24556352383d54124529e37d4b4ef736d0a85ba6,2025-09-23T02:00:56Z,True,merge,100876,,human
4.6-stable,3d63c6b602cc8346adef55943f10864b5840dce9,2025-09-23T02:00:57Z,True,merge,110137,,human
4.6-stable,6dddb6e6d65c41afeb1624c49f5ab440bf0aa5cb,2025-09-23T02:00:58Z,True,merge,110194,,human
4.6-stable,71f61d959df70a93fe5df4f663968f4d79c8c8d9,2025-09-23T02:00:59Z,True,merge,108468,,human
4.6-stable,cede7c8aa7e4a9ed07c39d1c8ef891c7d519c3b1,2025-09-23T02:01:00Z,True,merge,109401,,human
4.6-stable,491ecff31e47276ffdaadb2edf7e5ebf398c3fa0,2025-09-23T02:01:01Z,True,merge,99195,,human
4.6-stable,7521044465f2c93478e7daaeee77b0ef1df7da0c,2025-09-23T02:01:01Z,True,merge,110750,,human
4.6-stable,cbbc2eae0e30de5d23e5c69fc1a0dd1b586f4710,2025-09-23T07:23:55Z,False,direct,,,human
4.6-stable,3d91a48298f30c34747b9ad9a350be0bd66a87d4,2025-09-23T08:01:40Z,True,merge,110805,,human
4.6-stable,34be83851ec154f1c2eaf0d786f42d7f7b177273,2025-09-23T10:58:15Z,False,direct,,,human
4.6-stable,7595a9061db0ad60ff484368b59c65674a521fa2,2025-09-23T12:37:55Z,False,direct,,,human
4.6-stable,666ed1b51cf6712d5da9bf9422a57b7410e6a51e,2025-09-23T12:55:04Z,False,direct,,,human
4.6-stable,f8d72ba78345eadbe5cbb152832cbf7d7c2bfb30,2025-09-23T12:55:17Z,False,direct,,,human
4.6-stable,f5432271b9d5033a5ee0322b1b7df5aa37f5de5f,2025-09-23T13:10:53Z,False,direct,,,human
4.6-stable,d8cd5f8a3cc46d41bfe56ecbceab27c143947df5,2025-09-23T13:47:51Z,False,direct,,,human
4.6-stable,a57fef9558f075946bee5c6d902f05ad343b34c8,2025-09-23T14:08:46Z,False,direct,,,human
4.6-stable,0dcf28104dde015d277f965b39cd8a34c67be700,2025-09-23T15:12:56Z,False,direct,,,human
4.6-stable,1036bfd7ad569ea769555c984f0c7e79139938a4,2025-09-23T16:04:05Z,False,direct,,,unknown
4.6-stable,8b68b55d16072444ee0eaece9ecd021b33e1b333,2025-09-23T16:04:56Z,False,direct,,,human
4.6-stable,35fda7f857a8e55cc65959a310a4327bacf5f63a,2025-09-23T16:23:26Z,False,direct,,,human
4.6-stable,fc9a775f567722f9d429474e1f3c4680641e9ca0,2025-09-23T17:08:34Z,True,merge,104420,,human
4.6-stable,9708b088f975809be3f00b0c08bcdef7ff0e87b0,2025-09-23T17:08:43Z,True,merge,110249,,human
4.6-stable,2cc0f68c56d715b386bebcbbc64991bd10626ec2,2025-09-23T17:08:44Z,True,merge,110602,,human
4.6-stable,5a8a3ed8e23ac7fed6f145694536a8aa202cecfb,2025-09-23T17:08:45Z,True,merge,110703,,human
4.6-stable,cd3a6c88fd4b27b1c4868d918459b89a21239b78,2025-09-23T17:08:46Z,True,merge,106200,,human
4.6-stable,4b8cd074086bcc2928d3c4b713ca3815f25ff7e2,2025-09-23T17:08:47Z,True,merge,110770,,human
4.6-stable,685c7e92e5db4b6dba5b8af236c521f69b54d13b,2025-09-23T17:08:48Z,True,merge,100437,,human
4.6-stable,1f5d8a39cba8eaadba4db9964a14de6d303096a9,2025-09-23T17:08:49Z,True,merge,110520,,human
4.6-stable,75f0f3dc5514b10a3c1aa41150cfed8b3a60ca61,2025-09-23T17:08:50Z,True,merge,110550,,human
4.6-stable,c62356fcaaa3b1e4396ca5491f466ab575536126,2025-09-23T17:08:51Z,True,merge,85080,,human
4.6-stable,6010f0f2b0285c40da95fe6403b15d6bb42d1ac8,2025-09-23T17:08:52Z,True,merge,110777,,human
4.6-stable,aa2c4fe654368218c1986020a5b333007eb1d2ba,2025-09-23T17:08:53Z,True,merge,110717,,human
4.6-stable,d283e4cb2a15e0891d4b58c157d7179ac968f8e9,2025-09-23T17:58:09Z,False,direct,,,human
4.6-stable,8ef4a43adaa0b9e10278eb53dfef7913cdc71581,2025-09-23T17:59:00Z,False,direct,,,human
4.6-stable,c6f57c7a5596e5ecd0b282c494e536b2266bba6a,2025-09-23T18:02:40Z,False,direct,,,human
4.6-stable,eae9ef2292eaebe34da75468771e96231eefda48,2025-09-23T18:13:00Z,False,direct,,,human
4.6-stable,c21e977e667e10ea10837166acf07254c5858794,2025-09-23T19:51:44Z,True,merge,107649,,human
4.6-stable,44c847c1a58836183ae99d88259fc5e64fbff674,2025-09-23T19:51:44Z,True,merge,108162,,human
4.6-stable,e6d25c0f73f093614c8794e45625d4d4aef75b95,2025-09-23T19:51:45Z,True,merge,110819,,human
4.6-stable,b1b9a425176102b80bf2450da077e02087112ae9,2025-09-23T19:51:47Z,True,merge,108551,,human
4.6-stable,96d9303b76a6e9b5abf14aa453927473122eab5a,2025-09-23T19:51:48Z,True,merge,109992,,human
4.6-stable,329acc038d3d9b6778af7a44bb7fa1e63fba79af,2025-09-23T19:51:48Z,True,merge,110826,,human
4.6-stable,8d27c00038e40316676bc19f954a89e209c55d43,2025-09-23T19:51:49Z,True,merge,107692,,human
4.6-stable,2569d4088fe433702a22f377cffb50b1d320b87f,2025-09-23T19:51:50Z,True,merge,109166,,human
4.6-stable,2b79cb613b6e3d372cd4544940209f1cc9ac9bc2,2025-09-23T19:51:51Z,True,merge,110223,,human
4.6-stable,13dcb1f8b3ec2978a1547f5d742c974914458d5b,2025-09-23T19:51:52Z,True,merge,110810,,human
4.6-stable,0ef1c078384ee664d0c4d163782a29ee8635e22d,2025-09-23T19:51:53Z,True,merge,110491,,human
4.6-stable,b7c5fcaf1ef716b13e4f229ab9f591a22badbe1b,2025-09-23T19:51:54Z,True,merge,110815,,human
4.6-stable,8a7a0faa75b573946aac9971c93fca3b6c7b3193,2025-09-23T19:57:52Z,False,direct,,,human
4.6-stable,e40436d5271b7286b20ffd5519d3039d7016cc2a,2025-09-23T20:28:45Z,False,direct,,,human
4.6-stable,5fa4e3dee1a5a18328efde38c4f2b4733ac1b886,2025-09-23T20:38:01Z,False,direct,,,unknown
4.6-stable,3101d75634eb68b1065b13e1cbe3ae8175d7caf2,2025-09-23T21:45:35Z,False,direct,,,unknown
4.6-stable,58ecb8ade537b26844151ab97fa78e9bf35606f3,2025-09-23T23:58:39Z,False,direct,,,human
4.6-stable,1a77567029688b766bff04a4da1c4ab3e85f9aa0,2025-09-24T12:44:57Z,False,direct,,,human
4.6-stable,e90a337fa323cd8169da5533314185d3f170729d,2025-09-24T14:51:59Z,False,direct,,,human
4.6-stable,89fea8ec34e97ab29364140a335c4e019ff8aa1b,2025-09-24T14:58:57Z,True,merge,109339,,human
4.6-stable,54e74142af111f36d070044ea980096855efc300,2025-09-24T14:59:03Z,True,merge,110656,,human
4.6-stable,8c956babebe36e1c8a294394f0ca050b779785a2,2025-09-24T14:59:03Z,True,merge,107013,,human
4.6-stable,3d1d4bf9345596839c13ad502a096f3596701ac9,2025-09-24T14:59:04Z,True,merge,110247,,human
4.6-stable,6547174ccf33b4951e49c48c11ba2c8173554c01,2025-09-24T14:59:05Z,True,merge,110024,,human
4.6-stable,f987cf8a8a613bed4a9feef77ec9faa91c62ac86,2025-09-24T14:59:06Z,True,merge,110231,,human
4.6-stable,22355f21145551037338a22b954b95cfcbcb6801,2025-09-24T14:59:07Z,True,merge,110251,,human
4.6-stable,a7b2cd66add30a04e3fafbd5f077ef0802c1add1,2025-09-24T14:59:08Z,True,merge,105773,,human
4.6-stable,78b743cf4a67973d477378286c47cba66c66a580,2025-09-24T14:59:09Z,True,merge,110832,,human
4.6-stable,cf82b71c7a934782033bd1a95272964134f65c99,2025-09-24T14:59:10Z,True,merge,109915,,human
4.6-stable,7b8073d122e16509d39f401ea02ac6c4bffcb8c5,2025-09-24T14:59:11Z,True,merge,107763,,human
4.6-stable,5db618a2dbd456161d3c7ab8a998228a15059718,2025-09-24T14:59:12Z,True,merge,109078,,human
4.6-stable,6f57447710e76dd7c8eedc635c655716b7e84a1f,2025-09-24T14:59:13Z,True,merge,109943,,human
4.6-stable,7e5c6890b2bf2592a09447cda0cc8b12785d5b50,2025-09-24T14:59:13Z,True,merge,110298,,human
4.6-stable,daa1fc97dd916ec6d6a4419a662e5db02ba83a85,2025-09-24T14:59:14Z,True,merge,107547,,human
4.6-stable,de27f3a435544f96d80f935252578330a44a7fa9,2025-09-24T14:59:15Z,True,merge,110108,,human
4.6-stable,1ce3101fbcf12bdbc3ca1c6ee616d2a9cfc08d0d,2025-09-24T14:59:16Z,True,merge,110814,,human
4.6-stable,a238af4d200603de9abe84d6ebcd1862d19bbd23,2025-09-24T15:21:37Z,False,direct,,,human
4.6-stable,020cdd0f736c18f918dd7b53f505360e5803e078,2025-09-24T15:43:43Z,False,direct,,,human
4.6-stable,f64ccadceb1209088ab1b480000cf1e6182538fa,2025-09-24T16:48:28Z,False,direct,,,human
4.6-stable,c07966583ffa70ca3242ff74bab031a9fa13cd92,2025-09-24T17:42:22Z,False,direct,,,human
4.6-stable,e366471fdcd1959bb3eb23e19f8a395a00220f76,2025-09-24T18:15:56Z,False,direct,,,human
4.6-stable,c64ff4b069478021a11dc043c4a5f9c457c48ec7,2025-09-24T20:17:38Z,False,direct,,,human
4.6-stable,d93fe9038d8e9aba969e6ad10318bd8b1c6da2ed,2025-09-24T20:35:31Z,False,direct,,,human
4.6-stable,9993438a9e04ba402403935b28fcbf384f04d6b0,2025-09-24T21:32:38Z,False,direct,,,human
4.6-stable,23fa9d8508ac6aa40c69cb9ed5c380ebd52564e4,2025-09-25T00:55:39Z,False,direct,,,human
4.6-stable,da9a77ce42259e113b83c2fb103b29a7ad6c29bd,2025-09-25T03:28:52Z,False,direct,,,human
4.6-stable,6e4e8072e1daabc85ea6bd6b8178aad7004eaef0,2025-09-25T03:57:41Z,True,merge,110027,,human
4.6-stable,a75e6be6fb98609b4f787acbf8c8136fe90e04ec,2025-09-25T04:51:03Z,False,direct,,,human
4.6-stable,ccbece58d89871aed7b7c19de4bcdf70a81228a8,2025-09-25T05:23:55Z,False,direct,,,human
4.6-stable,40d56c98bc5c924fa821af10c4135a45fe11bc3a,2025-09-25T08:05:48Z,False,direct,,,human
4.6-stable,0b7b52a1f1e25ed3456108bf90d0445ea8fa7b91,2025-09-25T08:32:44Z,False,direct,,,human
4.6-stable,bd65cfa876df82f67842ce447ba6c3d28893e7ca,2025-09-25T11:48:53Z,False,direct,,,human
4.6-stable,ecfe34f56cd991f729b813a94df117dd8e6ab31f,2025-09-25T12:11:02Z,True,merge,110892,,human
4.6-stable,bc9c14da7a14f141732c3d830611c2215597139d,2025-09-25T12:41:15Z,False,direct,,,human
4.6-stable,d48f255074af99f5148e665c38664fc7dcfd84e9,2025-09-25T14:15:00Z,False,direct,,,human
4.6-stable,71723f74b70cbfaf9e02e8d18011de0e8884f335,2025-09-25T15:15:32Z,False,direct,,,human
4.6-stable,f277add285879c7c225931df3014e3505f4e2402,2025-09-25T16:52:11Z,False,direct,,,human
4.6-stable,cd198f75176047003e9a8ae6dd99c619a3157b07,2025-09-25T17:11:08Z,False,direct,,,human
4.6-stable,d5848e22329e27e60761fb9bf44728cca201694b,2025-09-25T17:13:53Z,True,merge,110882,,human
4.6-stable,6af23418946ff38a13e85efa4c0a9f117e2f5fb6,2025-09-25T17:13:54Z,True,merge,108743,,human
4.6-stable,5aa220efeef5e5d19dab3c71eeebececad99651c,2025-09-25T17:13:55Z,True,merge,110865,,human
4.6-stable,c32c2606f47dd36a804ffb68eaac1a7fdb030ef3,2025-09-25T17:13:56Z,True,merge,110837,,human
4.6-stable,a078895ad26ed2c94901b729e118357c9283070f,2025-09-25T17:13:57Z,True,merge,109243,,human
4.6-stable,812c94a20c42f804ce5f96cb631e5bc6b3cd7942,2025-09-25T17:21:58Z,False,direct,,,human
4.6-stable,19df15f1dce59e3ec24e2e8ce98807b547352bfc,2025-09-25T18:18:18Z,False,direct,,,human
4.6-stable,221f1f4401530c3eb4aa08b74e64b2a4cafda0d1,2025-09-25T18:43:05Z,False,direct,,,human
4.6-stable,3ac159094f29460ec37b286a79ac112b00134190,2025-09-25T18:55:33Z,False,direct,,,human
4.6-stable,7227fdd805a8def84902e0b8e90664b0c2e44536,2025-09-25T19:46:19Z,False,direct,,,human
4.6-stable,5088a930244ebb63ac9ff8c2769cfd99971eb7e4,2025-09-25T19:57:08Z,True,merge,110415,,human
4.6-stable,5fda92451deaf65adf337488c70ac3ad4b845989,2025-09-25T19:57:09Z,True,merge,100145,,human
4.6-stable,121b1b7d5853cabab0cec563756aca24424db49d,2025-09-25T19:57:10Z,True,merge,110420,,human
4.6-stable,e49e73e160677135170e31ac0d8724b5f8f5b088,2025-09-25T19:57:11Z,True,merge,110868,,human
4.6-stable,1f7630f1bfd9a7c65a5c144f85be38b4b64e3717,2025-09-25T19:57:11Z,True,merge,110841,,human
4.6-stable,1bf821c1e10c0b89842ef550fea91cd58db5fdc4,2025-09-25T20:00:17Z,False,direct,,,human
4.6-stable,0590c974c19ef59bb019d70b8b2f511f2356e5f1,2025-09-25T23:17:11Z,False,direct,,,human
4.6-stable,ebb96e2303c95e63458ad68fa350954fb2cf80c7,2025-09-26T02:51:55Z,False,direct,,,human
4.6-stable,e882e42e1be615b0a4aefeaeb0bb52d7a6aa3fa0,2025-09-26T02:51:57Z,False,direct,,,human
4.6-stable,4e80190a46b06f5d5fc6d0d11abf573cdad2e5f2,2025-09-26T02:51:57Z,False,direct,,,human
4.6-stable,57b1848e8cd078c1ec3fce510862b80b044d1114,2025-09-26T06:19:16Z,False,direct,,,human
4.6-stable,727066fe1f70198ffd02c7a350e62c4c1c61b42c,2025-09-26T10:15:08Z,False,direct,,,human
4.6-stable,2f3eaa965cd4e89145ff1a88fc3a3886dc129a0b,2025-09-26T10:46:31Z,False,direct,,,human
4.6-stable,6a3d37ef1cd37ffa7325f007f7d19dda4a02e740,2025-09-26T13:18:11Z,False,direct,,,human
4.6-stable,c4bbf27cb535a5394e301d31bf61a9b8ca2e8558,2025-09-26T15:16:28Z,False,direct,,,human
4.6-stable,1c59038555e47f9d4fe5ebf6e0f64cbb44898ced,2025-09-26T16:25:49Z,False,direct,,,human
4.6-stable,cf259473d9555416b58ffea93af82b6a569cf571,2025-09-26T16:53:20Z,False,direct,,,human
4.6-stable,26745b4b876f1213486bcd9c74ea6d3814534ac1,2025-09-26T17:38:45Z,False,direct,,,human
4.6-stable,e9cd9a9c358d11265b9587beb2411b225170ce19,2025-09-26T18:47:30Z,True,merge,110914,,human
4.6-stable,3a16864c33c5a53dc892226e6afddaa252c94e35,2025-09-26T18:47:31Z,True,merge,107075,,human
4.6-stable,9283328fe70d27f148c403943a283d93a9785beb,2025-09-26T18:47:32Z,True,merge,109491,,human
4.6-stable,e68b171aaa4ee968d42e847bdcd2ddd22abd5502,2025-09-26T19:38:12Z,False,direct,,,human
4.6-stable,835383d46b76be25000869047de26e3d35995880,2025-09-26T21:29:31Z,False,direct,,,human
4.6-stable,1a7be001d214ecbb8ce01c030d641348a4a55e8d,2025-09-26T21:31:38Z,False,direct,,,human
4.6-stable,3d16ea88c6e06c9a9d4062a326887a5a678a113a,2025-09-26T23:52:30Z,False,direct,,,human
4.6-stable,754d49ac8151bc4e43f949c61102c157610c13a9,2025-09-27T02:13:58Z,False,direct,,,human
4.6-stable,eeac57075ce473fb1c7e51de02c912d8f7882f58,2025-09-27T02:23:33Z,False,direct,,,human
4.6-stable,14b60f226445c1463a07f70adaa8c8110d88245c,2025-09-27T06:20:08Z,False,direct,,,human
4.6-stable,a285ab6bcfd1e04a9212cd53bda40293748e5210,2025-09-27T11:30:04Z,False,direct,,,human
4.6-stable,9318466183cdcbdcfb870b3e09734a4f0d8872a3,2025-09-27T14:29:25Z,False,direct,,,human
4.6-stable,720dfdde7da6e2c560d60eac57033b39a27a9583,2025-09-27T15:56:01Z,False,direct,,,human
4.6-stable,9a1fbff6514e217aeefe34774a8a86aece5e551f,2025-09-27T17:42:05Z,False,direct,,,human
4.6-stable,b4472f4670a0b7fd34137d18f1e080e3319e3819,2025-09-27T18:42:32Z,True,merge,110970,,human
4.6-stable,587c3134fb05630c827ada678a92f5dc3a456920,2025-09-27T18:49:39Z,False,direct,,,human
4.6-stable,12f8c78231de1694bcafe68f9eccddb0f5615c9b,2025-09-28T04:19:54Z,False,direct,,,human
4.6-stable,f3db297fd13a3ce13fe09f64096d566fdcc2b5f6,2025-09-28T04:35:10Z,False,direct,,,human
4.6-stable,800ff0e01ea2d3b6e3ba4eca60cf1a1dbb6e145c,2025-09-28T04:52:13Z,False,direct,,,human
4.6-stable,e59a55e6452bf2b1426f70d580e28cab6deddcc9,2025-09-28T14:08:51Z,False,direct,,,human
4.6-stable,f6fc2f4a087a9c9e814cf154c529052086dc69ca,2025-09-28T15:07:24Z,False,direct,,,human
4.6-stable,781a37420fc2d9dbceaf40be7b74503f0be961fd,2025-09-28T15:07:47Z,True,merge,110867,,human
4.6-stable,ef4863ab97e5f75bc4b38a4af41e37b9419b70ae,2025-09-28T15:07:48Z,True,merge,109764,,human
4.6-stable,8d8041bd4dab30e51ecf5be21dc7bf1f6a26c039,2025-09-28T15:07:49Z,True,merge,107391,,human
4.6-stable,c3e6002c6e0b554c56cb2f863614be6a2672c3a8,2025-09-28T15:10:03Z,False,direct,,,human
4.6-stable,ac2e01684cd14779d141b94cdf296970ba587fce,2025-09-28T15:13:13Z,False,direct,,,human
4.6-stable,2914a870afea729fe4522022a5ba6ef5ef645a26,2025-09-28T18:39:44Z,False,direct,,,human
4.6-stable,65a00fc60a02dcffcbd7eaf3d30cae1f08595e7b,2025-09-28T20:46:30Z,False,direct,,,human
4.6-stable,90a171d2780466a6fb65526b1fc5d32fc35de0e9,2025-09-28T21:02:15Z,False,direct,,,human
4.6-stable,3f84820711f5d58ebbcfc28f228bd07e33e08682,2025-09-28T21:52:34Z,False,direct,,,human
4.6-stable,d1246b099e1628783d4176553c69ca6e715d6b5d,2025-09-29T11:16:29Z,False,direct,,,unknown
4.6-stable,97b398cba15d66ebb20c44a4deead469d897a5e0,2025-09-29T15:30:41Z,False,direct,,,human
4.6-stable,0534423c58cba6b1e8ace4889a5b636ae4a92bca,2025-09-29T16:36:00Z,False,direct,,,human
4.6-stable,743e0edfd7e24a1090616ba80bbdf218f8463c5d,2025-09-29T19:40:01Z,False,direct,,,human
4.6-stable,65e8b0951bc59ec20a73ce891e81330492d39db6,2025-09-29T20:40:14Z,False,direct,,,human
4.6-stable,6ebef31b3c0c26ee1275eb3e0a6f0f21a7fef494,2025-09-29T21:54:41Z,False,direct,,,human
4.6-stable,9ad608691b2f06727e647dfea8f7b58051ca6916,2025-09-29T22:11:19Z,False,direct,,,human
4.6-stable,2f1e8dad746953d4829bc10862f4f96861a434cc,2025-09-29T22:12:21Z,False,direct,,,human
4.6-stable,f00df0ad1eae2f7d45228f3e0004335f1d2cb1a6,2025-09-29T22:18:51Z,False,direct,,,human
4.6-stable,5021b3e6e5c8459b82e639b976c8fb0b7c1953bb,2025-09-30T00:22:26Z,False,direct,,,human
4.6-stable,aa8bc0b56d201af5cc73d4f4df3d6db5ac532a53,2025-09-30T01:35:34Z,False,direct,,,human
4.6-stable,d5738b5cdd43cb5e5f118cc206af6b2a711169f2,2025-09-30T04:29:49Z,False,direct,,,human
4.6-stable,c79fe5893965cb9fd10e90770d20b6bec3d232e8,2025-09-30T05:29:24Z,False,direct,,,human
4.6-stable,5a0f29f31648192eab83f648fbd49d0854a1c5bf,2025-09-30T06:19:59Z,False,direct,,,human
4.6-stable,cf6da2a12e07d36a7042b51830d64c70644b4dce,2025-09-30T11:32:35Z,False,cherry_pick,,d488e962df4675bdb1927e1027d8262c570cc310,human
4.6-stable,6e33e3b7af18b0e9913e22b33e3bb2dac8954ad0,2025-09-30T11:32:46Z,False,cherry_pick,,eca3785100cd9b42e000eafa22bf14b41d2e0223,human
4.6-stable,a9673e2bfc1d3a3c11fd715d3962d2d56f524c22,2025-09-30T12:02:00Z,False,direct,,,human
4.6-stable,be53dd3d04bd9d05315a801d66d036157277db0c,2025-09-30T12:26:14Z,False,direct,,,human
4.6-stable,618afcffa62e9c7c2b23023c8195e966a3f4e5a2,2025-09-30T13:27:52Z,False,direct,,,human
4.6-stable,8fef9a689e0016b1bcdcf08ba2e10bae30e464de,2025-09-30T14:42:17Z,False,direct,,,human
4.6-stable,52fec34cab269f1497d25299716d4822d127b4f1,2025-09-30T14:45:13Z,False,direct,,,human
4.6-stable,084783e92b829aac3e45ea56741bebff27450556,2025-09-30T14:56:05Z,False,direct,,,human
4.6-stable,fdf32d1b2a23d503c0b73870c84db4fbf15b581d,2025-09-30T16:19:10Z,True,merge,108577,,human
4.6-stable,0e7bb92b1d6573b4ded5dd13be27841b20505b47,2025-09-30T16:19:11Z,True,merge,110977,,human
4.6-stable,54e8c8eecc3a3fcb0bab319825726201d6a4a565,2025-09-30T16:19:11Z,True,merge,110948,,human
4.6-stable,e256771e86223cca74d307de384e3af4911761b6,2025-09-30T16:19:12Z,True,merge,108836,,human
4.6-stable,62933b683e1b2d56406ec9030d64aae432533b1c,2025-09-30T16:19:13Z,True,merge,105928,,human
4.6-stable,5089e9aef00fa73276e88c4c9702f8630a4dbcdb,2025-09-30T16:19:14Z,True,merge,105737,,human
4.6-stable,7974cf00e74d644fe056cc26135c5cc85e91d5b8,2025-09-30T16:19:15Z,True,merge,110952,,human
4.6-stable,79d0eea74218219a303360cc8d346505b26ed25f,2025-09-30T16:19:16Z,True,merge,110616,,human
4.6-stable,21fd4faf1b355416c17e49cc0c70e61ddec94e6c,2025-09-30T16:19:17Z,True,merge,107469,,human
4.6-stable,3997e7739389b034caa3ec49002edfa743e1a7f5,2025-09-30T16:19:18Z,True,merge,111054,,human
4.6-stable,0b2805f4007c43900c6f2d794af7a0404386d361,2025-09-30T16:19:18Z,True,merge,110897,,human
4.6-stable,726c4e9fbaabb0acce80679d34ded830202b625d,2025-09-30T16:19:19Z,True,merge,84658,,human
4.6-stable,31b25d5971bb63dbdaf13eb1543399cae1693956,2025-09-30T16:19:20Z,True,merge,111032,,human
4.6-stable,4a1c1c483beda0997e8e77fe76d43dac4d608d03,2025-09-30T16:19:21Z,True,merge,110873,,human
4.6-stable,d07a72e067802361e3624042bc5e9bdd775ad231,2025-09-30T18:17:22Z,False,direct,,,human
4.6-stable,8f533897d88622c5057fa8c77fdc503940e6f753,2025-09-30T18:21:02Z,False,direct,,,human
4.6-stable,56e62869fb99c7010dd0911bf2ca6fcab1b8d436,2025-09-30T18:25:47Z,False,direct,,,human
4.6-stable,bcc0922a206286a4c2a2c08092bfc8af30c6cff6,2025-09-30T18:57:35Z,False,direct,,,human
4.6-stable,9bb8d12c1b280521df702e755fb94da7ce765af4,2025-09-30T19:01:27Z,False,direct,,,human
4.6-stable,2c707a911f09e9c58214c91ae8b5f28146ae098f,2025-09-30T19:48:06Z,False,direct,,,human
4.6-stable,3615b188d7b2aaa8668d15d65405265684302b2d,2025-09-30T20:46:09Z,False,direct,,,human
4.6-stable,c3fdc85d16be05260fc7c3f5a7df0c70c2ebf6d0,2025-09-30T23:03:16Z,False,direct,,,human
4.6-stable,f191fc8ab71da0ed3134189a4e867cd9e558aadf,2025-09-30T23:06:08Z,False,direct,,,human
4.6-stable,bf940f0eab4b28fffe2f9059f262b0e97f79a0b8,2025-09-30T23:34:56Z,True,merge,108672,,human
4.6-stable,c28b6c2ced6cd9e485f182440ce1c37e38db902a,2025-09-30T23:34:57Z,True,merge,109186,,human
4.6-stable,dba83ef6693369e14e617c74a77ac2b28ba81644,2025-09-30T23:34:58Z,True,merge,101521,,human
4.6-stable,f9694033a599f739361d5fa9bf764804d1d1f09e,2025-09-30T23:34:59Z,True,merge,107923,,human
4.6-stable,45d064c388169db35a8ebec021f7aca885c0e31c,2025-09-30T23:35:00Z,True,merge,109590,,human
4.6-stable,4d13966c08e3a222a446def2dc972071b4366599,2025-09-30T23:35:01Z,True,merge,108698,,human
4.6-stable,373ff727f0b13d0f0b42517f2acf35bdacc35a13,2025-09-30T23:35:02Z,True,merge,110875,,human
4.6-stable,6f3c5088ae8480240ac52c4c693abd2af856f460,2025-09-30T23:35:03Z,True,merge,110492,,human
4.6-stable,4c3765d9ffc9d7c1e2dc5d2ed224eccd5c7a3894,2025-09-30T23:35:04Z,True,merge,108826,,human
4.6-stable,8bc1dd63f46292909c0c4850fc9ee0082dd5d39e,2025-09-30T23:35:05Z,True,merge,107936,,human
4.6-stable,70b6fa1525435df23483eed447cb7b2ac0468e62,2025-09-30T23:35:06Z,True,merge,108576,,human
4.6-stable,f9a6e51e211a86b9efed662e0bb3c15695d8cd68,2025-09-30T23:35:07Z,True,merge,104488,,human
4.6-stable,6b22951162952e801c6d350d6b59c170678be666,2025-09-30T23:35:08Z,True,merge,107954,,human
4.6-stable,76c039fb09b74cfb75bc99c1a3afdc7f2cc88428,2025-09-30T23:35:09Z,True,merge,108725,,human
4.6-stable,93fd5c7ad0c0af3db9787ddd32d357a55a292d79,2025-09-30T23:35:10Z,True,merge,110907,,human
4.6-stable,d86123870b38c581fba8efdfd290d9b662e35359,2025-09-30T23:35:11Z,True,merge,52285,,human
4.6-stable,19165b0b118ba13d41d711373debd766e261c7bb,2025-09-30T23:35:12Z,True,merge,111050,,human
4.6-stable,b9513683d580b6e2d3b32fa89d6141669797c5be,2025-09-30T23:35:13Z,True,merge,109900,,human
4.6-stable,af08ab49f79c30234edda8cb07b51cec86cc3cdd,2025-09-30T23:35:14Z,True,merge,107468,,human
4.6-stable,6dc4272a1e1e12e6c15d6f15b2dc36c43a00cf06,2025-09-30T23:35:15Z,True,merge,110156,,human
4.6-stable,a9d4900284f866c246a90e7e7f2c73581427bfc2,2025-09-30T23:35:16Z,True,merge,109779,,human
4.6-stable,4f66d530682c22dbf503e66a27b94eae95776415,2025-09-30T23:35:17Z,True,merge,109532,,human
4.6-stable,7ca521eda1096743f0509868b4feb92d3bcf1ec7,2025-09-30T23:35:18Z,True,merge,109533,,human
4.6-stable,c6189a83b921122a248c50af66d64c02b5e5b0fb,2025-09-30T23:35:19Z,True,merge,110691,,human
4.6-stable,b9010edcfae1d67654b5727b83c9f7ebf49f380c,2025-09-30T23:35:20Z,True,merge,110951,,human
4.6-stable,e5bf31b170d2a5d1a9648f7e527a227086dfc211,2025-09-30T23:35:21Z,True,merge,107369,,human
4.6-stable,5a1bc65e06d9390e70e9799b781f0af561d5cb4b,2025-09-30T23:35:22Z,True,merge,110058,,human
4.6-stable,55ac91b887b692527af3616d76f4b073383f7daf,2025-09-30T23:35:23Z,True,merge,111084,,human
4.6-stable,1f7bf131b080c48f6a834a95e965de1861db5bc5,2025-09-30T23:35:24Z,True,merge,109298,,human
4.6-stable,5240f1c283babe25bc0a7c1c4d9818a3fea35dd3,2025-09-30T23:35:25Z,True,merge,108658,,human
4.6-stable,4d231b5bf8506b304828ae75da853661a3040f05,2025-09-30T23:35:26Z,True,merge,108146,,human
4.6-stable,9fbf5808a013f2d7a676b0f1ddab53229ac7cf03,2025-09-30T23:52:25Z,False,direct,,,human
4.6-stable,4610e1e517553a1569e89387ccde16bdb3a78431,2025-10-01T01:10:29Z,True,merge,107139,,human
4.6-stable,5f2593c9a23377aae0e592c06a9936144933fbf9,2025-10-01T01:10:30Z,True,merge,110987,,human
4.6-stable,2839d8cee596a112f6acf8899dbef266efee18ba,2025-10-01T01:10:31Z,True,merge,111004,,human
4.6-stable,e22d442bf6daf76698dba0a11da210b223506210,2025-10-01T01:10:32Z,True,merge,110878,,human
4.6-stable,b9730c0b2e4d40001676bd5b2abbe7a04847bd34,2025-10-01T01:10:33Z,True,merge,110240,,human
4.6-stable,7aa229cc8af5ffefde20d00cf46c94e72fbd0d65,2025-10-01T01:10:34Z,True,merge,111014,,human
4.6-stable,1889f6800737f08787d57efd638d6b6d21b88b2e,2025-10-01T01:10:35Z,True,merge,110886,,human
4.6-stable,7b5ee98474d77447b76429272f239dfc91cbc6c8,2025-10-01T01:10:36Z,True,merge,94118,,human
4.6-stable,2b7f39ea28fc65f4df47a90d27f3fe25a4aaf2b3,2025-10-01T01:10:37Z,True,merge,110505,,human
4.6-stable,22467f3a5b0a9bfc4a77238e6c9846210b1c958f,2025-10-01T01:10:38Z,True,merge,111018,,human
4.6-stable,131d6b14a25615f73d96b33e3ea1c6b4d868a20e,2025-10-01T01:10:39Z,True,merge,110894,,human
4.6-stable,9d7663398ac0a3d58a9a196176f3397a873ea0c4,2025-10-01T01:10:40Z,True,merge,106415,,human
4.6-stable,a430bf6e8b7742f5793933d1f8b3608e2b97eee9,2025-10-01T01:10:41Z,True,merge,110768,,human
4.6-stable,318e6c77b56a9a737ed1f580d67dcca066b5f324,2025-10-01T01:10:42Z,True,merge,108473,,human
4.6-stable,45502d1f04d988d35403ae4a591e17be8176dda6,2025-10-01T01:10:43Z,True,merge,104510,,human
4.6-stable,09609c1320e931b5d94dc181e4452311123df7c1,2025-10-01T01:10:44Z,True,merge,111043,,human
4.6-stable,44f4002bf206a856b2a1abe226095c649c44f943,2025-10-01T01:10:45Z,True,merge,110661,,human
4.6-stable,7288419939565b45bf3812491caa0fd2286bd150,2025-10-01T01:10:46Z,True,merge,110936,,human
4.6-stable,ac65df58a5111d7ab932da7fe3e2b9b208c69d33,2025-10-01T01:10:47Z,True,merge,110946,,human
4.6-stable,dd09d5b7dd684662d1d59a68f89f0271fbc7de06,2025-10-01T01:10:48Z,True,merge,110576,,human
4.6-stable,d705613db3752115f5b1244494bde6471fe6700d,2025-10-01T01:10:49Z,True,merge,110964,,human
4.6-stable,42b27932a8165b6a70fa9086370f863fcb62c63a,2025-10-01T01:55:47Z,False,direct,,,human
4.6-stable,06f0c3fef6a548a047f4f461f84a971167252911,2025-10-01T02:15:32Z,False,direct,,,human
4.6-stable,3d1c9fd5de1f243bdffee16eac16b45aaaa9712a,2025-10-01T02:39:39Z,False,direct,,,human
4.6-stable,61003f18ab0bfbc455565d40a33f22ba9cb7cacd,2025-10-01T09:31:08Z,False,direct,,,human
4.6-stable,c993db9688854ed1c27d0bd54677b598ed8fe339,2025-10-01T09:57:40Z,False,direct,,,human
4.6-stable,f88b51995b79a66b455fc9ee83fc5101a198775c,2025-10-01T10:08:34Z,False,direct,,,human
4.6-stable,bac9a9be85fba6390623e58e502efa64d4df26ad,2025-10-01T10:08:37Z,False,direct,,,human
4.6-stable,3245230a409947722ad777a5e0354f887a7ed410,2025-10-01T10:39:29Z,False,direct,,,human
4.6-stable,b5d0f7a5d25b0925888a08b53f4419b4ef40afef,2025-10-01T11:02:10Z,False,direct,,,human
4.6-stable,fe27a72cb59d4039e25984355993428fc6f6739e,2025-10-01T12:37:40Z,False,direct,,,human
4.6-stable,59b1836b856bc1d1fbc435d4382949c6bb4085e1,2025-10-01T15:40:26Z,False,direct,,,human
4.6-stable,ddcb3cfcf55a403305999f3962c17f3bd96fd3e4,2025-10-01T15:57:46Z,False,direct,,,human
4.6-stable,f7e052a45686f501f4cfef535daecfb9e36ebf1c,2025-10-01T16:14:26Z,False,direct,,,human
4.6-stable,ac85d24e6470e040ba0656a4a0764f30b0eb61aa,2025-10-01T16:49:48Z,False,direct,,,human
4.6-stable,24ed12d4a3e92acc541c2dfaa9ec5c2a582bc50e,2025-10-01T17:18:09Z,False,direct,,,human
4.6-stable,42263551b534cded40e64500ca87b60630768452,2025-10-01T18:12:31Z,True,merge,110212,,human
4.6-stable,0a5f7125e48c29206b593fa5c90a0bfaadf25fdd,2025-10-01T18:12:32Z,True,merge,104740,,human
4.6-stable,7eaf1ee62d5a490bc0b177ebe4bc751a0e39cad1,2025-10-01T18:12:33Z,True,merge,110278,,human
4.6-stable,6b9acd7e9e3c37a827f8bf8d8aa0889d2239ac0d,2025-10-01T18:12:34Z,True,merge,110055,,human
4.6-stable,eab59f8057088c5a08a2cc4e508f20ebac6aff0b,2025-10-01T18:12:35Z,True,merge,111115,,human
4.6-stable,f745685f54e5b29173da62161a2d88b01335c2b1,2025-10-01T18:12:36Z,True,merge,110028,,human
4.6-stable,9712d6fb1fe8b7e21b51f5bcbce79d3e3d62ac42,2025-10-01T18:12:37Z,True,merge,109549,,human
4.6-stable,6f014135c4e12c19e62b2068f0b3fcbb2e1f2c2f,2025-10-01T18:12:38Z,True,merge,110317,,human
4.6-stable,486626413bb3b038b6bda4a96affdc4a3ad0d02d,2025-10-01T18:12:39Z,True,merge,110444,,human
4.6-stable,f9be832ecaef52c626e25a58ad87e0db863385f6,2025-10-01T18:12:40Z,True,merge,110257,,human
4.6-stable,1df6a40aa02e9a73081dbeb1bd977a5b852acf7d,2025-10-01T18:12:41Z,True,merge,110066,,human
4.6-stable,45dfd4dd23da2f9cdc34717c4289411e730516a8,2025-10-01T18:12:42Z,True,merge,108147,,human
4.6-stable,6bfcfd1d33475046a9e9ffbfe7e08c301ccdee3d,2025-10-01T18:12:43Z,True,merge,106039,,human
4.6-stable,a0afcdd05ab5d036e46385dfe0f2ae9b7d2dce5f,2025-10-01T18:12:44Z,True,merge,103416,,human
4.6-stable,d9078d887f515118be9254fe9e15a51be6c4325c,2025-10-01T18:12:45Z,True,merge,109049,,human
4.6-stable,817974ec53c0166ce1efd30597f88ee7a80b6922,2025-10-01T18:12:46Z,True,merge,108766,,human
4.6-stable,caefb0f1c1adce7541b1c051e3df097b0906c11c,2025-10-01T18:12:47Z,True,merge,110527,,human
4.6-stable,54094b9073dd38909fb736a81deb3b126272dced,2025-10-01T19:44:01Z,False,direct,,,human
4.6-stable,60c45fb64cf0d9902ff5792864be0e0a662ee3c2,2025-10-01T20:00:31Z,False,direct,,,human
4.6-stable,ea452f2de5780049185aed7cbc7d3da0dfcfee9d,2025-10-01T20:27:36Z,False,direct,,,human
4.6-stable,b50ce590b4d4a5c0a423293311ebcf38a0cb27a5,2025-10-01T20:56:53Z,False,direct,,,human
4.6-stable,712bc9966880c414631d338199978d3051d9b6e3,2025-10-01T21:46:35Z,False,direct,,,human
4.6-stable,25de1a353a8a0d4f558cb3a7e0d0b96d26cf1dcf,2025-10-01T22:54:08Z,True,merge,107587,,human
4.6-stable,4594de69fd5b32619212ba2855eb5b7c078ae978,2025-10-01T22:54:09Z,True,merge,111013,,human
4.6-stable,bf926c20005b4ac31efc6ed0ad319182d5a7ac14,2025-10-01T22:54:10Z,True,merge,106503,,human
4.6-stable,127c2a347e7f15f60d9940e154dc88d2ba912d41,2025-10-01T22:54:11Z,True,merge,110793,,human
4.6-stable,ef496a4289ed88d8f3e2ff741f63f7fa8edff996,2025-10-01T22:54:12Z,True,merge,111085,,human
4.6-stable,be9f6b480c85331a8f18fa70239bcc468564fb71,2025-10-01T22:54:13Z,True,merge,111087,,human
4.6-stable,1c4760878b245815691f351bb41c0f4dffd79960,2025-10-01T22:54:15Z,True,merge,110843,,human
4.6-stable,1a504af2ee30961834ea36df2fa0d4b1fb9c3baf,2025-10-01T22:54:15Z,True,merge,111121,,human
4.6-stable,c92430e84a6186c49245b822a76147c7f3097c97,2025-10-01T22:54:17Z,True,merge,110737,,human
4.6-stable,33bfd1fac4cb83f49b0ee376a591cbe74d3833dd,2025-10-01T22:54:18Z,True,merge,111060,,human
4.6-stable,8f386fd9c47bcfdcd451846a72742146e18b5c5e,2025-10-01T22:54:19Z,True,merge,110775,,human
4.6-stable,abbe792575e905a5d5b9a0d2f3ccf993d16b7d70,2025-10-01T22:54:20Z,True,merge,111067,,human
4.6-stable,3ffcae66a883564afa0f10d0b7b0af11da121e59,2025-10-02T00:02:18Z,False,direct,,,human
4.6-stable,03eb42642cccd281348ab469b77098f708f0998f,2025-10-02T07:56:32Z,False,direct,,,human
4.6-stable,2182dedcc6e9e236931a92ae93303764e3514640,2025-10-02T08:46:47Z,False,direct,,,human
4.6-stable,5f0ecf4c8c9a2b79924a19585847e6de7fcd143a,2025-10-02T10:36:03Z,False,direct,,,human
4.6-stable,d9af8e0acc6f2fdf790c90b5d43bb58e3dfac5c9,2025-10-02T10:52:29Z,False,direct,,,human
4.6-stable,2421dfaab38fc5be9f59942621335f46d6631433,2025-10-02T11:15:10Z,False,direct,,,human
4.6-stable,9ff53256422464247a7a912b6af59c2656f0d1b1,2025-10-02T11:30:55Z,False,direct,,,human
4.6-stable,0f3e975aac52e87b76a5a0913100fc6341c892a2,2025-10-02T12:05:42Z,True,merge,111134,,human
4.6-stable,59b890bcc9be6770d212f2af07f01b9d6b5cbdb6,2025-10-02T14:06:17Z,False,direct,,,human
4.6-stable,fdc79f5286a8f449b1ba93cf6b159c35ce692679,2025-10-02T17:13:04Z,False,direct,,,human
4.6-stable,c06063d962c106acb1497d6741bcdea833899b0b,2025-10-02T17:16:41Z,False,direct,,,human
4.6-stable,1e3754c1d1460bb5490c20230fcecb5e7da4b2a7,2025-10-02T20:11:53Z,True,merge,111141,,human
4.6-stable,51ba8c1c12f2453baa0e61a2c33efdd834b1fb80,2025-10-02T20:11:54Z,True,merge,111146,,human
4.6-stable,c82387b384b5166fb7fc8a0f2d900fbfa714e612,2025-10-02T20:11:55Z,True,merge,110827,,human
4.6-stable,9281613e765eebdbc4672b619bd3f6176e19924a,2025-10-02T20:11:56Z,True,merge,98061,,human
4.6-stable,c6a850634f551b0396c09e68f681cf00f5b440ff,2025-10-02T20:11:57Z,True,merge,111150,,human
4.6-stable,96c0d7c90d3f24774fee6479a880d0d169cb1173,2025-10-02T20:11:58Z,True,merge,111149,,human
4.6-stable,f44aa13a9fd9526a0158eeb604e10e4a140e4c4b,2025-10-02T20:12:00Z,True,merge,111090,,human
4.6-stable,7bdec677182388699d57b9d288c2acfe11fd1496,2025-10-02T20:12:01Z,True,merge,111126,,human
4.6-stable,b67b765a100bd29061871da1e8a13efd16d6f644,2025-10-02T20:12:02Z,True,merge,111159,,human
4.6-stable,7fbc3a5307ff0fc435423a35a19c9601b8d1c5b5,2025-10-02T20:12:02Z,True,merge,111133,,human
4.6-stable,e2dd60b5f8cd206cae03e71e61d71ed17f30c5be,2025-10-02T20:21:44Z,False,direct,,,human
4.6-stable,9af58c113390b886c3337db62dd05cfb8a4e5ac7,2025-10-02T21:10:27Z,False,direct,,,human
4.6-stable,749d9b95b9831aa55e3153b68914a48776977d8c,2025-10-03T01:30:57Z,False,direct,,,human
4.6-stable,8df06279c6e9dabbe900fc89e8f1d724f1d30e40,2025-10-03T01:33:33Z,False,direct,,,human
4.6-stable,ab287991cfa7cb602cc202f9e02d49bb66e4a5ca,2025-10-03T05:07:43Z,False,direct,,,human
4.6-stable,e5ecc392c9544556045c05fbbcff8ba1340df706,2025-10-03T06:08:39Z,False,direct,,,human
4.6-stable,4a3bf069a6466cec127cff03b3d5be5b98b50caa,2025-10-03T06:35:09Z,False,direct,,,human
4.6-stable,594fd1da49d96bfcfade393595b6d31ce3e364f5,2025-10-03T07:38:46Z,False,direct,,,human
4.6-stable,8d91f832444317885b824407dff6b6327085ab45,2025-10-03T09:31:16Z,False,direct,,,human
4.6-stable,3316609ddd2a4963e5c2441d167860351f9f222e,2025-10-03T09:34:49Z,False,direct,,,human
4.6-stable,4b519317cd6d714750caa3bdaf3fb236bd3ec681,2025-10-03T10:29:37Z,False,direct,,,human
4.6-stable,6d33ad2917fd82df63861aa66e3a780633d03450,2025-10-03T10:49:38Z,True,merge,111201,,human
4.6-stable,8973c91293ea1582ed1af26f0e172892cbc1ffd3,2025-10-03T13:41:28Z,False,direct,,,human
4.6-stable,2cb1c51038e6de1c980532f335a5a0a9abcdb3a8,2025-10-03T15:37:00Z,False,direct,,,human
4.6-stable,1c50f8660a8931488cc78f1721ee45aec04e3a44,2025-10-03T16:17:58Z,False,direct,,,human
4.6-stable,eecb9576107779a3b8d744fb2f151a317fc7a56e,2025-10-03T17:00:58Z,True,merge,111169,,human
4.6-stable,c3caa263bf4cb156464ba009398405b4fc23a5e1,2025-10-03T17:00:59Z,True,merge,111106,,human
4.6-stable,38af23a6549439412013f611287d3cd832dcf2e8,2025-10-03T17:01:00Z,True,merge,89409,,human
4.6-stable,00f8f62be76ef828dd8d6c7fee87de1d5741a513,2025-10-03T17:01:02Z,True,merge,106084,,human
4.6-stable,1566eec9cfa2e146652a32802560cfcccbcdef8c,2025-10-03T17:01:04Z,True,merge,111191,,human
4.6-stable,71a485a1afe95de3cf8670f853aed0bd577f20cd,2025-10-03T17:01:05Z,True,merge,104715,,human
4.6-stable,554e16fac230860e4d0109edced5aa592ce2c3cc,2025-10-03T17:01:06Z,True,merge,95853,,human
4.6-stable,fb572aff53c6f10b7e267f84cb97510c794f2823,2025-10-03T17:01:07Z,True,merge,107666,,human
4.6-stable,b35a75e429202f10a7a2dafa134a3d3305ac07f4,2025-10-03T17:01:08Z,True,merge,111194,,human
4.6-stable,cf3c00056c63a501bf11dda5b10b0aca24017459,2025-10-03T17:01:09Z,True,merge,109974,,human
4.6-stable,d9ba9ba3da937c883d8af4dc23713a2cd3140ade,2025-10-03T17:01:10Z,True,merge,97151,,human
4.6-stable,6dfe5de9a8886e415b12b75fa66140ca47038600,2025-10-03T17:01:10Z,True,merge,111158,,human
4.6-stable,f6aa5ba23c8c256c37bc27fbb805fea0036f9358,2025-10-03T17:01:11Z,True,merge,97210,,human
4.6-stable,06827c91c6ee98068a48c66be0cc067ebb434a2f,2025-10-03T17:01:13Z,True,merge,107839,,human
4.6-stable,00129b219968fd62fc081a4e48df8402a8847664,2025-10-03T17:48:46Z,False,direct,,,human
4.6-stable,e1a7a187479fc5b99534a49554c7886d7c8e28f5,2025-10-03T18:06:56Z,False,direct,,,human
4.6-stable,36c7bbb47a2c4aad523d839612b1b7d9c97ff2c8,2025-10-03T18:42:05Z,False,direct,,,human
4.6-stable,4986e28beff570fd77d3e4ac43984fa4fd7d5c45,2025-10-03T18:44:56Z,False,direct,,,human
4.6-stable,375f88d16128f419d21ed9e109e0da79fc6d7711,2025-10-03T18:45:37Z,False,direct,,,human
4.6-stable,f39465684437b41f16b8d45e6be8a06842f9b4f1,2025-10-03T21:33:47Z,False,direct,,,human
4.6-stable,d616da449868c4d33ad43c575ee8fb9a0233e24b,2025-10-03T23:13:54Z,False,direct,,,human
4.6-stable,c24d6afd648ba8449caca56587604efa07630de4,2025-10-04T03:11:54Z,False,direct,,,human
4.6-stable,79b45ac162080e7c2e9bb4827c7319e438c351a3,2025-10-04T04:05:44Z,False,direct,,,human
4.6-stable,d779c98ee121886a9cafcf742cd9b9085adc09ca,2025-10-04T05:54:13Z,False,direct,,,human
4.6-stable,8ad335eae0038f68ec5d87e821ca6454b4cf46a2,2025-10-04T07:19:42Z,False,direct,,,human
4.6-stable,c20ab940aa82f999af914d39ea7cc84eecb01c9a,2025-10-04T07:35:31Z,False,direct,,,human
4.6-stable,e1f19d14dd4dfef19f19754c1155af6a3d9d3e85,2025-10-04T08:06:09Z,False,direct,,,human
4.6-stable,3d0daf15e1d759d07a3c97e888882a79cdb74c43,2025-10-04T08:30:49Z,False,direct,,,human
4.6-stable,96ca7a205d5e7bbdac1ead253f06083a71c464d8,2025-10-04T09:03:31Z,False,direct,,,human
4.6-stable,91167c3c23201226df7ab10b5c64225495de1205,2025-10-04T09:12:51Z,False,direct,,,human
4.6-stable,ee1a36facdc6e222c52e94c44d9fa50c732f06fb,2025-10-04T12:33:04Z,False,direct,,,human
4.6-stable,8657d8a090ce7cd53dc35b006f5944a00d28b8f4,2025-10-04T12:52:03Z,False,direct,,,human
4.6-stable,0fc8aacc64a1cf14b1537b42cc6e1430254d93c2,2025-10-04T13:48:35Z,False,direct,,,human
4.6-stable,636763276e70713ce9c01f2d392acdb887eeabdf,2025-10-04T14:50:35Z,False,direct,,,human
4.6-stable,42114992482cb3c290e2689f88c9f3270c4bb8fb,2025-10-04T15:22:07Z,False,direct,,,human
4.6-stable,39c449fc60521477ca8d527237511348f250c8bb,2025-10-04T18:18:59Z,False,direct,,,human
4.6-stable,a88c54a5c7dd80774f18361314f89ebcffa159a7,2025-10-04T20:51:23Z,False,direct,,,human
4.6-stable,5c3eb8b2277911b2bf454d9a032ca036db555c09,2025-10-04T21:44:07Z,False,direct,,,human
4.6-stable,1db0a60dc01648dd305ee2ad36a03948f5479d1d,2025-10-04T22:26:11Z,False,direct,,,human
4.6-stable,79b1a6defc2b6b7f73775b295e1751a359e279f4,2025-10-04T23:08:27Z,False,direct,,,human
4.6-stable,ad600125df2ce267e48fb1588d688b858647321c,2025-10-04T23:49:11Z,False,direct,,,human
4.6-stable,af404ff584546fbe4ee1d001c880563a5edb0b3e,2025-10-05T01:22:49Z,False,direct,,,human
4.6-stable,07bbb6e01e359e47df974df0b41177e86b8236ac,2025-10-05T01:26:13Z,False,direct,,,human
4.6-stable,19c47c5d994c58fc7526936e54439c0fe03566b4,2025-10-05T05:41:06Z,False,direct,,,human
4.6-stable,7ddce8ab2642119a7ed9b1bdaa221bd12e4f9a40,2025-10-05T05:43:15Z,False,direct,,,human
4.6-stable,ead282ff13980c7d1d615d530e524997c80b5710,2025-10-05T08:49:23Z,False,direct,,,human
4.6-stable,db9a0d82d930aa3f75a5125e0235a75b17ba85a9,2025-10-05T11:41:17Z,False,direct,,,human
4.6-stable,fe1447de0c568030c36b36ebd1629d6a8e0d615d,2025-10-05T11:47:16Z,False,direct,,,human
4.6-stable,400c77f1709a3417eaf6cdf9e4404b8cf34f7063,2025-10-05T14:09:21Z,False,direct,,,human
4.6-stable,5a8c3bb0de429976b87a787f64a2be9bce07ed87,2025-10-05T14:48:21Z,False,direct,,,human
4.6-stable,abeb9c654edde2c90d9345465ddace76e782ef8a,2025-10-05T14:55:06Z,False,direct,,,human
4.6-stable,1211cd827e387e8349561e908b0992bb7280cf48,2025-10-05T18:47:57Z,False,direct,,,human
4.6-stable,c5183d21dbba852a45f818495c76bc9335dbe24e,2025-10-05T18:50:00Z,False,direct,,,human
4.6-stable,47d757d3dcbf48aeca1d3464127e27070633360c,2025-10-05T19:12:13Z,False,direct,,,human
4.6-stable,94c7c2b78075e3afe6c5e94199bacb679af67a05,2025-10-05T19:20:44Z,False,direct,,,human
4.6-stable,a9d361f88f4014cad6c81a57b1fcfd811bc4500a,2025-10-05T19:28:31Z,False,direct,,,human
4.6-stable,7f77565b664646bcdc307acf096d152708b1e76c,2025-10-05T20:41:16Z,False,direct,,,human
4.6-stable,ac8491ae722625bff5786d82609b8dde27688cc0,2025-10-05T20:51:42Z,False,direct,,,human
4.6-stable,9d44b68867b2b62fb80c489c3b77469f38d73f96,2025-10-05T21:29:04Z,False,direct,,,human
4.6-stable,5d492e1aed4b4c2ba95fd1fa106a70f31adedf58,2025-10-06T00:39:49Z,False,direct,,,human
4.6-stable,e2a8e93005261021f640cfeefe8712ca96d37b8c,2025-10-06T02:07:33Z,False,direct,,,human
4.6-stable,3fa500d2f38618f22ec6724def624b8599fea9b7,2025-10-06T04:32:19Z,False,direct,,,human
4.6-stable,60b7b8b16e07b344117fc33525f31d65c499cb22,2025-10-06T04:33:00Z,True,merge,111234,,human
4.6-stable,0d056cf294cdfec10042654dfa6fc57eefa306bf,2025-10-06T06:12:20Z,False,direct,,,human
4.6-stable,91fc0c3756d196c41980e73a38b8b11af67945ed,2025-10-06T08:33:02Z,False,direct,,,human
4.6-stable,40b9d003af443fa3ede815686dcbffc71d9f0c48,2025-10-06T08:53:31Z,False,direct,,,human
4.6-stable,c9b38969114fa4e2aa9c987c02729708c84cba3e,2025-10-06T10:34:26Z,False,direct,,,human
4.6-stable,faddd60c40e0842a140c3243bf0ba4fa7a5a85f2,2025-10-06T10:55:38Z,False,direct,,,human
4.6-stable,cb321840a1fa25c341358f7b511f8f5a85d12575,2025-10-06T11:02:35Z,False,direct,,,human
4.6-stable,480f3d111935a06755f7dddf07547f30b1055a55,2025-10-06T12:07:53Z,True,merge,110017,,human
4.6-stable,6f0f5a9bd05c0c8b9cbdb2b1cf04b98d756fe9e2,2025-10-06T12:08:03Z,True,merge,111058,,human
4.6-stable,900bd07d10bea92e25bd29404bba32736ce404cd,2025-10-06T12:08:07Z,True,merge,111125,,human
4.6-stable,bc0342b3ef1abdc6d4b1501f8b8d08061e4cd825,2025-10-06T12:08:12Z,True,merge,111290,,human
4.6-stable,1043c3fd6451ca97cd0117ac86ddd25f9a6cc1ec,2025-10-06T12:08:16Z,True,merge,111300,,human
4.6-stable,e277b3f0ce6ec626f39f073d054d1be7b6ab02cd,2025-10-06T12:08:20Z,True,merge,111301,,human
4.6-stable,ef5cd9960439596036ed5d4f2214e92fb9e89f05,2025-10-06T12:08:24Z,True,merge,106837,,human
4.6-stable,984b52a972d88057300cd2264f5ed699783499d4,2025-10-06T13:19:35Z,False,direct,,,human
4.6-stable,b568b06970fe6d63977d9b6e09a0dfbf5523feba,2025-10-06T13:56:05Z,False,direct,,,human
4.6-stable,660bf91360678ed4715e7240a89e0c4928717de5,2025-10-06T14:06:23Z,True,merge,111240,,human
4.6-stable,3b04c8464c1dec48b1b2837a7a7292175156f0c8,2025-10-06T14:06:24Z,True,merge,107273,,human
4.6-stable,f9a2ecd184712a1913a8ef555fd7608af15ee56d,2025-10-06T14:06:25Z,True,merge,111116,,human
4.6-stable,dac47044471882fd17bd05cf159ed01c2c55dea0,2025-10-06T14:06:27Z,True,merge,111248,,human
4.6-stable,925d7003f8adcd9c3b14699c6f2984bd862b0494,2025-10-06T14:06:28Z,True,merge,111253,,human
4.6-stable,ef5ecd95d76b61757b2191eb6bb8b160dfa972e1,2025-10-06T14:06:29Z,True,merge,111254,,human
4.6-stable,43a9999852f48e4aa5a36ac6a02684b1841f50a1,2025-10-06T14:06:30Z,True,merge,111260,,human
4.6-stable,5b2d91ef3158110e0f04db0d94dd25e83ce085c3,2025-10-06T14:06:31Z,True,merge,111270,,human
4.6-stable,30a0a419820d87b9b5ca72e7e750ecd299b57bd3,2025-10-06T14:06:32Z,True,merge,111274,,human
4.6-stable,d364dacac13359e9d228412a6c91bb9caf8bb560,2025-10-06T14:06:33Z,True,merge,110004,,human
4.6-stable,e8535bc27efcc524ca008aa4589dd8a00dde9759,2025-10-06T14:06:34Z,True,merge,111292,,human
4.6-stable,dd6ffaabdc9e5fd0c74c606b7292336023c95342,2025-10-06T14:06:36Z,True,merge,105793,,human
4.6-stable,686b56fae9121c5ec4435b824e921db17389969b,2025-10-06T14:06:37Z,True,merge,106434,,human
4.6-stable,f85dc0720d558ef4ac10eb04478e16084fd20138,2025-10-06T14:06:38Z,True,merge,111303,,human
4.6-stable,9f4f16c58831faf31a37cd9728abc057549c1e5b,2025-10-06T14:06:39Z,True,merge,110672,,human
4.6-stable,d8df20a2e65806967549d62d55fe88c2d1e67179,2025-10-06T14:06:40Z,True,merge,110932,,human
4.6-stable,6febc2bf961ed34721a448c486a3c4cb69f58bab,2025-10-06T14:06:42Z,True,merge,111066,,human
4.6-stable,6ece891ae65b6f1c35f9ecc406af684ce9239268,2025-10-06T14:06:43Z,True,merge,110684,,human
4.6-stable,12aa435bbb00df87f5aad58fbc85bb0d1673e7a1,2025-10-06T14:06:44Z,True,merge,107740,,human
4.6-stable,788745e5b8f40ab95bf069a46a47089b7e88c2f1,2025-10-06T14:06:45Z,True,merge,108644,,human
4.6-stable,fa1c53bb8e79bcc2adda01410240226c474a0871,2025-10-06T14:06:46Z,True,merge,111204,,human
4.6-stable,93a5f4fab255dc72a22c208a09160ecd3627dc18,2025-10-06T14:06:47Z,True,merge,111222,,human
4.6-stable,d1d28c0bcf1769ad50f35df7a8dc5da543e5813b,2025-10-06T14:06:49Z,True,merge,111223,,human
4.6-stable,d413181b8a6c427a56d6c37378d4dec8e658b630,2025-10-06T14:06:50Z,True,merge,111224,,human
4.6-stable,5935a32e323bbf5766837cf43c178d4149336717,2025-10-06T14:20:56Z,False,direct,,,human
4.6-stable,dc5e615a1ded63d34d000a5ef3386de613b99e1c,2025-10-06T14:21:36Z,False,direct,,,human
4.6-stable,2adecffbc3faadfaf0855899aee7095c23b5fb69,2025-10-06T14:27:53Z,False,direct,,,human
4.6-stable,d6036462b1d94205b3c9bb3876640c14490f4288,2025-10-06T15:20:31Z,False,direct,,,human
4.6-stable,2fb310b1827e0a7f7d6b4c58a7cceab892f72602,2025-10-06T15:34:05Z,False,direct,,,human
4.6-stable,093d1919097c910075532eebf510d5ceefbb4138,2025-10-06T15:51:20Z,False,direct,,,human
4.6-stable,9894256e3aaa9aec64232e60851893319ea52c99,2025-10-06T17:15:07Z,False,direct,,,human
4.6-stable,b17aa3343a85dda77a3442a4ba0c4cba2e6d56ec,2025-10-06T18:09:22Z,False,direct,,,human
4.6-stable,8d6426ef1a3f980ccdae5482e75ee3655435638d,2025-10-06T19:34:00Z,True,merge,111297,,human
4.6-stable,aae2def236ed4b475e944862a23edfc880eaef35,2025-10-06T19:34:02Z,True,merge,111266,,human
4.6-stable,36b76fc84cfee2d6b38c3ad0236bda62a01c549f,2025-10-06T19:34:04Z,True,merge,110915,,human
4.6-stable,fdc235f4969d8d9f28aa6e2154df253bc1744bcd,2025-10-06T19:34:05Z,True,merge,110884,,human
4.6-stable,ce98fae6e8b445d9f9180dadd6b375f1e459b55d,2025-10-06T19:34:06Z,True,merge,111302,,human
4.6-stable,5ee1384cbdccba0e378eee801ee4e5847b2d89ee,2025-10-06T19:34:08Z,True,merge,110506,,human
4.6-stable,e437cfa2802111e637560931623abe3d36026a0b,2025-10-06T19:34:09Z,True,merge,111307,,human
4.6-stable,f1f9f54ac31a3147cced914917556cf275d5d4bd,2025-10-06T19:34:10Z,True,merge,111244,,human
4.6-stable,48ebbc438edcdb8e799ed3b491d62e5f39b8a93e,2025-10-06T19:34:12Z,True,merge,111117,,human
4.6-stable,62abe9e6e75f4bfe91c4229e5a28d8613621461c,2025-10-06T19:34:13Z,True,merge,111216,,human
4.6-stable,9fc656d2bfb604c4598a0bc89695a53b321bbe69,2025-10-06T19:34:14Z,True,merge,110676,,human
4.6-stable,c01c7b800d26c158e740e1e8e4cd30c9e4b00993,2025-10-06T19:34:15Z,True,merge,111221,,human
4.6-stable,7b2e1486875b59f6c74b073deb4cae7279cf0139,2025-10-06T20:01:22Z,False,direct,,,human
4.6-stable,35999a16dd985149b589f02641bb0108b461d93b,2025-10-06T20:29:40Z,False,direct,,,human
4.6-stable,839e0358b332807e36d967d1908a480e7f7c7a3d,2025-10-06T21:03:27Z,False,direct,,,human
4.6-stable,91c48b3151ee7eb1290d2bb9521bb0c57423df69,2025-10-06T22:12:40Z,False,direct,,,human
4.6-stable,6c44c80c62b0e0b778f5340f18e4de108de4ecd5,2025-10-07T00:15:41Z,False,direct,,,human
4.6-stable,fda161f97698f083086594e191ec74c13f12597b,2025-10-07T10:10:24Z,False,direct,,,human
4.6-stable,a6e44be2dc41ca4ce29e7e64984c93fede26c2aa,2025-10-07T11:06:47Z,True,merge,105587,,human
4.6-stable,546ead2abdcff5aa1f0cc1d8ab22569d05fef287,2025-10-07T11:06:56Z,True,merge,109795,,human
4.6-stable,a177d33ca75a37653cc4f66cc0f009f3846a3ffb,2025-10-07T11:07:02Z,True,merge,110738,,human
4.6-stable,1cab5e1b1c0d4bd9fd2f5d880383ae37b177221d,2025-10-07T11:07:06Z,True,merge,110982,,human
4.6-stable,30398802f883c5465906be42c683fc6d84502b5d,2025-10-07T11:07:11Z,True,merge,111136,,human
4.6-stable,9a25d56b1fa1c97832664e375db6705c096966a8,2025-10-07T11:07:15Z,True,merge,111316,,human
4.6-stable,9052d31c68b852f9b38f4e60f1956a97386d0153,2025-10-07T11:07:19Z,True,merge,111331,,human
4.6-stable,cf75064c7181995b214bff1cae18862c1300f066,2025-10-07T11:43:40Z,False,direct,,,human
4.6-stable,d2ee378d1cc9b3f734691ad7856d8e203c173f12,2025-10-07T11:47:39Z,False,direct,,,human
4.6-stable,f678729f89a7a597d7f0dec13b4e506829a4b397,2025-10-07T11:50:18Z,False,direct,,,human
4.6-stable,e384085ca1708ecabfc6ec6b000afc435370df77,2025-10-07T12:26:14Z,False,direct,,,human
4.6-stable,d4c0fcba3b5ce05d61b79e6a0cb0a78e4fbdfc5b,2025-10-07T12:33:41Z,True,merge,110881,,human
4.6-stable,bb01fa25bf0462fc257970cc6db66ec8be2ae5c0,2025-10-07T12:33:50Z,True,merge,110925,,human
4.6-stable,e1a6334b560606c51dda81007b5bb933e04bb7d7,2025-10-07T12:33:55Z,True,merge,111001,,human
4.6-stable,7abe27ba09c3b1399c23b382b13597f57d6df527,2025-10-07T12:34:00Z,True,merge,111068,,human
4.6-stable,fda0e83bd543680f74f17423c0ffb61f53dd4da1,2025-10-07T12:34:05Z,True,merge,111192,,human
4.6-stable,56d5624e88b9c314ec86d3f05cbff15747d4f1f7,2025-10-07T12:34:10Z,True,merge,111355,,human
4.6-stable,b95024752a8fb5297e98feb4ae231c9961010d86,2025-10-07T13:11:29Z,False,direct,,,human
4.6-stable,fdaf00af0ed730e3db06c0f685658b5d6d7bdabd,2025-10-07T13:45:00Z,False,direct,,,human
4.6-stable,f81f08e5bffb35a355686d52944cca9f6f025e56,2025-10-07T14:06:04Z,False,direct,,,human
4.6-stable,faf1ab126dbdc18adcfacaf035c2f0126bf67f1f,2025-10-07T14:52:34Z,False,direct,,,human
4.6-stable,a1974604fe0c3fb79ff43fc984e73bc471ceb211,2025-10-07T16:54:29Z,True,merge,108227,,human
4.6-stable,e3c64cff241bb5da7cf624c23db557db69c7ee1a,2025-10-07T16:54:30Z,True,merge,111368,,human
4.6-stable,1c643549f331be94694a171e319be932f3439c15,2025-10-07T16:54:31Z,True,merge,111337,,human
4.6-stable,916bfee5283df05747d5cc8a9b0791e48bcbdb9d,2025-10-07T16:54:33Z,True,merge,111230,,human
4.6-stable,89e3587cd83395824ac30adb1b17ff645539bd47,2025-10-07T16:54:34Z,True,merge,111339,,human
4.6-stable,9f6088dafab425f248f5d61cc5f811ca39cea133,2025-10-07T16:54:35Z,True,merge,111273,,human
4.6-stable,a75c738ece67e7df52b379b9b36de718d8706098,2025-10-07T16:54:36Z,True,merge,111345,,human
4.6-stable,4bfe73ccd93b252be02ee8ebaef56466eb337014,2025-10-07T16:54:37Z,True,merge,111346,,human
4.6-stable,9efb50bad7a1d7da1fbfed4cc9989b6ca73340f5,2025-10-07T16:54:39Z,True,merge,111250,,human
4.6-stable,651d278e1d2183252cfbc42f2e2d8d1389fbdc58,2025-10-07T16:54:39Z,True,merge,110965,,human
4.6-stable,9c63619f20e0621d4cd680a4533732b4c57b6ca8,2025-10-07T16:54:41Z,True,merge,111318,,human
4.6-stable,cb164a38f2bcb1074c9f3ce0a0eadd2a24ed6003,2025-10-07T16:54:42Z,True,merge,107384,,human
4.6-stable,ccccb9d3cb9b8540de0f06ce03770665018d83bd,2025-10-07T16:54:43Z,True,merge,111258,,human
4.6-stable,ec7d25d35530ba43bfceb006cf5e63d8989a35f5,2025-10-07T16:54:45Z,True,merge,111102,,human
4.6-stable,5df5c2212aae59828f0658c72cf4fd14a36b7ff4,2025-10-07T20:23:43Z,False,direct,,,human
4.6-stable,1fa332cad4e987ef635b45c84595aa6a4e9a6112,2025-10-07T20:26:32Z,False,direct,,,human
4.6-stable,c7276273d8451268f1c2ffa44c9f60168ec6807a,2025-10-07T20:36:23Z,False,direct,,,human
4.6-stable,b3ec2edc0469460ecb58be0b8cacfe0c23ca1029,2025-10-07T21:10:00Z,False,direct,,,human
4.6-stable,6aab67da6bea9eb31ae1ef5962202c838d51a5ff,2025-10-07T21:17:56Z,False,direct,,,human
4.6-stable,6ef2c7b34b320b5d2a891bd9e44cf5f881bce530,2025-10-07T22:15:00Z,True,merge,110823,,human
4.6-stable,e878d5a2fbdb29f2d0f4318199c6e33dd86398bf,2025-10-07T22:15:02Z,True,merge,111304,,human
4.6-stable,91ad9685574fc6f9ff30129e8ef6fd0a092f687e,2025-10-07T22:15:03Z,True,merge,111242,,human
4.6-stable,72cf639020cf5d8b72528327db2f6a17fcdfb497,2025-10-07T22:15:04Z,True,merge,111178,,human
4.6-stable,8276e512d6eff9add9044bfd39706e9fa7c2ecb3,2025-10-07T22:15:06Z,True,merge,110767,,human
4.6-stable,5626f0bf0bfe6ea9fd827a3a5c16b95acd8dcb76,2025-10-07T22:15:07Z,True,merge,93296,,human
4.6-stable,0f7bf2913f7b5344e260fa93437ce9944c7d49b6,2025-10-07T22:15:08Z,True,merge,111249,,human
4.6-stable,ef853bbc06957933de8c1c5dc38f29113ea980ef,2025-10-07T22:15:09Z,True,merge,111347,,human
4.6-stable,194d76e5713aebfc521d18b29038daedb1aea2d4,2025-10-07T22:15:10Z,True,merge,111284,,human
4.6-stable,f457855148701e26d57e1bbe013200a2e0c23ac7,2025-10-07T22:15:11Z,True,merge,111227,,human
4.6-stable,d61cd9149aaee6195b83bc65ca5539a27d76d61f,2025-10-07T22:15:12Z,True,merge,111327,,human
4.6-stable,49efe2b3b854f34277529d1406509001bd0da471,2025-10-07T23:31:27Z,False,direct,,,human
4.6-stable,7fe3a661b4615e39fd5ebf64af52e9a3664aa56a,2025-10-07T23:47:06Z,False,direct,,,human
4.6-stable,e9a5208c8b4b104b3caf3e1ae8bc88a68fb13cf9,2025-10-07T23:49:33Z,False,direct,,,human
4.6-stable,f9fc0a243cba641213a9247230f8f9dc5a169680,2025-10-07T23:50:10Z,False,direct,,,human
4.6-stable,bca701f0ebeeb68b07745ded9169c7c1a2761b77,2025-10-08T01:42:54Z,False,direct,,,human
4.6-stable,f2d0ea6d40cd1c3b1113ddf4f651e458b01cc609,2025-10-08T05:05:22Z,False,direct,,,human
4.6-stable,4ba09aceb93df0141a4c56143e27f3d7ac0b0827,2025-10-08T05:19:23Z,False,direct,,,human
4.6-stable,71443372fadb1f36fa913afeccb992f14fbfa2ff,2025-10-08T06:13:11Z,False,direct,,,human
4.6-stable,36b7e77f032a6ff44e05fcfc6fd9ae1790272df9,2025-10-08T06:37:35Z,False,direct,,,human
4.6-stable,d0ad6d6023053b85f6454bf00c9dc4ce84ecbb94,2025-10-08T07:07:32Z,False,direct,,,human
4.6-stable,207e8c1b922a00c5118a76ebd9f7b19c5d8d2b7d,2025-10-08T09:25:23Z,False,direct,,,human
4.6-stable,c33b09ed19d3543472a52ffc7c8a017dd92ee228,2025-10-08T09:43:43Z,False,direct,,,human
4.6-stable,33689d7beb670301e1b5da8bfa21e4991263edbd,2025-10-08T10:16:52Z,False,direct,,,human
4.6-stable,a2d0e17187592c11daead8af6a54a5e67c1f4436,2025-10-08T11:41:38Z,False,direct,,,human
4.6-stable,24f23c5cdbe2bbc01d21bf3cd451ef539b9cb088,2025-10-08T11:51:09Z,False,direct,,,human
4.6-stable,4ad11b6af38cd16a21d1bf3e737cebc5f0e91f6b,2025-10-08T13:11:07Z,True,merge,111408,,human
4.6-stable,fa57282a1e76cf295b6ca20bbf98e2798660bc27,2025-10-08T13:48:12Z,False,direct,,,human
4.6-stable,1c8ef479b4bb1b155c508273698baa1f6a99283e,2025-10-08T15:17:18Z,False,direct,,,human
4.6-stable,d223b0ccbcb2cf19d26fc4bff471725c47f9c202,2025-10-08T17:45:21Z,False,direct,,,human
4.6-stable,d3c5141e2eb6209925b12a36be2bd8252980a19a,2025-10-08T18:56:30Z,True,merge,111298,,human
4.6-stable,7093ca3dbe69457894517e0f62162873f570a3e9,2025-10-08T18:56:31Z,True,merge,111396,,human
4.6-stable,e5ee1911a996a79845af798734e6bd164908f566,2025-10-08T18:56:32Z,True,merge,110853,,human
4.6-stable,4bb612126e0fcb833a86d6155b3e2f80ec65a265,2025-10-08T18:56:33Z,True,merge,111402,,human
4.6-stable,7c033002b047ae76397efd60d4e003ed9ef13bac,2025-10-08T18:56:34Z,True,merge,110863,,human
4.6-stable,0091d30e3e84f1202069bbd349152e6b2749138d,2025-10-08T18:56:35Z,True,merge,108818,,human
4.6-stable,e20acd3fe3ae16f353ce3110fba2faeb98bb945c,2025-10-08T18:56:37Z,True,merge,111289,,human
4.6-stable,8f4d8dfd2deb106f2350aa05b43dd96a86e35220,2025-10-08T18:56:37Z,True,merge,111411,,human
4.6-stable,52d32cee8dc51d7ff5e39defa2135650fc510d2b,2025-10-08T18:56:39Z,True,merge,111383,,human
4.6-stable,1cf0bc2c6c75adf5fb5df37976055417ba776824,2025-10-08T18:56:40Z,True,merge,111321,,human
4.6-stable,4ad9114c54496fb49a5e9e8294cf49e5995bc31b,2025-10-08T18:56:41Z,True,merge,111386,,human
4.6-stable,9a5d6d1049e589ce0cac08f65367a084b252c18b,2025-10-08T18:56:42Z,True,merge,111389,,human
4.6-stable,33cc3c125d08b408f28009746bfa64d1466f6240,2025-10-08T19:19:21Z,False,direct,,,human
4.6-stable,59a35308fb21139a4a448da4952b6e1e4d8b2217,2025-10-08T19:20:40Z,False,direct,,,human
4.6-stable,0de3f8b21f6d944277e71d096faa2b38b4f48384,2025-10-08T19:43:22Z,False,direct,,,human
4.6-stable,bd9d1bf070fc054c81477cc03a74e600cf4cf641,2025-10-08T20:22:41Z,False,direct,,,human
4.6-stable,04860bb41adaa602e6d51f5167ab5c801ecc25d1,2025-10-08T22:02:44Z,False,direct,,,human
4.6-stable,7998b5e8d2ec4cac0e5b8e411823c5e4ef083ce9,2025-10-08T22:52:46Z,False,direct,,,human
4.6-stable,e6783dbdd10c5050780a433c2d7b8caa04dc4745,2025-10-08T22:54:38Z,False,direct,,,human
4.6-stable,43c03e224a4e1175309d1a3df94092269eedde3c,2025-10-09T04:18:41Z,False,direct,,,human
4.6-stable,9843a016f588730f10be54008f4ba0f7d4350b52,2025-10-09T09:50:32Z,False,direct,,,human
4.6-stable,cee37f0234329444271fb5f8371f3de8c8fe7579,2025-10-09T09:56:01Z,False,direct,,,human
4.6-stable,3a3894e22cd86a54be9f1405cce32b05b55068f0,2025-10-09T10:04:03Z,False,direct,,,human
4.6-stable,845f9f73cd2536f336d5fd8b718614d66f9e6421,2025-10-09T10:41:57Z,False,direct,,,human
4.6-stable,f06565ab94b84d7a98b605a6db5fc8df4cc6b174,2025-10-09T12:42:22Z,False,direct,,,human
4.6-stable,a29900462270b84c7295c64898123be736bf7794,2025-10-09T14:33:07Z,False,direct,,,human
4.6-stable,e33e0695089f7ce121239fab4676e53a0e1952a4,2025-10-09T16:45:13Z,False,direct,,,human
4.6-stable,7efb51c9d32d243ae603520855d51b506a705353,2025-10-09T16:46:43Z,True,merge,111361,,human
4.6-stable,538fd6924374ff608b931cbdd43797506befbee1,2025-10-09T16:46:44Z,True,merge,111425,,human
4.6-stable,755934f5f0d8e8d6bb191d42799996918f41ea97,2025-10-09T16:46:45Z,True,merge,111012,,human
4.6-stable,5913469309eb938ce45d92089184870b5b125f5f,2025-10-09T16:46:47Z,True,merge,111431,,human
4.6-stable,894d6ba13f2f4e0cfb6b5f34c78be673659c7839,2025-10-09T16:46:48Z,True,merge,76267,,human
4.6-stable,4ab22026b63f80998c79b015e38ca8f16c1859ca,2025-10-09T16:46:49Z,True,merge,111405,,human
4.6-stable,c41e47034ed721938c62f4e8a14ad38f10bdcf19,2025-10-09T16:46:50Z,True,merge,111342,,human
4.6-stable,092b7c64277dafc9c942ac9c3397ac70632299ba,2025-10-09T16:46:51Z,True,merge,110799,,human
4.6-stable,09ea0cf899a94bfcfb4e0d8089761ddfad255b56,2025-10-09T16:46:53Z,True,merge,111444,,human
4.6-stable,db3407370c4f984e2b1333a766a47e013e67621e,2025-10-09T16:46:54Z,True,merge,111445,,human
4.6-stable,3f3a8562fbecfe2b25c03227054e73ebea509f61,2025-10-09T16:46:55Z,True,merge,89367,,human
4.6-stable,aa88eb2a759c2f67228cf22d0b0f8fdf336fa1fb,2025-10-09T16:46:56Z,True,merge,73688,,human
4.6-stable,91a179847437c3bc58501aa337ce3bbe94b6df6b,2025-10-09T16:46:58Z,True,merge,109084,,human
4.6-stable,295e465fe403954911ca75145cc5d21546274262,2025-10-09T16:46:59Z,True,merge,111454,,human
4.6-stable,c18cfe8c48fb0d7c28f4199b1c85e6776e272bed,2025-10-09T18:56:48Z,False,direct,,,human
4.6-stable,e4988b4bf305998fc40ed04f5b4e023a96ee2a7e,2025-10-09T19:17:56Z,False,direct,,,human
4.6-stable,dae2122388f599037504116ac4ac9f46d8166627,2025-10-09T20:01:41Z,False,direct,,,human
4.6-stable,fdecca2f18a7b2a9653afb07143767b3fa4bb11f,2025-10-09T20:08:59Z,False,direct,,,human
4.6-stable,09ad9e535b98edf3a86f7f84662943d242abac44,2025-10-09T20:11:18Z,False,direct,,,human
4.6-stable,3a003b2d96b13351b2a238db82a33411d6f56d04,2025-10-10T03:17:34Z,False,direct,,,human
4.6-stable,56abd0ece3bf7dbf11cbf57577044852a8b6a2fa,2025-10-10T08:40:47Z,False,direct,,,human
4.6-stable,0a584250ae76bea1e1d9447e5959e2dbea43d024,2025-10-10T09:31:14Z,False,direct,,,human
4.6-stable,b9f7f2d767a06d59b9a66a2dcd81a782bac71ceb,2025-10-10T11:21:56Z,False,direct,,,human
4.6-stable,2dce5172e2440450bb21bc799478204794bd9eb1,2025-10-10T13:09:25Z,False,direct,,,human
4.6-stable,87bbad5e8cf109794af529ea01527a1d5b7b0c2b,2025-10-10T13:43:48Z,False,direct,,,human
4.6-stable,fb01d80e88b9b032295366e04de25addd9045bf5,2025-10-10T15:25:53Z,True,merge,111393,,human
4.6-stable,21e5b41642259cdf4fb725247f0af0f40a735ee6,2025-10-10T15:25:55Z,True,merge,108837,,human
4.6-stable,cf9e2ea6da2bc5694d47939d21c381118804a08a,2025-10-10T15:25:56Z,True,merge,111432,,human
4.6-stable,dd3b17de8809063ff02d4a7f1d0fa520530d972d,2025-10-10T15:25:57Z,True,merge,105449,,human
4.6-stable,d598753c1a35b9c0c7d91067a03c9e8ff1d4676b,2025-10-10T15:25:58Z,True,merge,111466,,human
4.6-stable,8150cb920015ab99e824b03fdf26a54d8a3ab8a6,2025-10-10T15:25:59Z,True,merge,111403,,human
4.6-stable,d4a87d9bb3f434e49d969b0c0ce3ee61eb8f679e,2025-10-10T15:26:01Z,True,merge,106636,,human
4.6-stable,4ea49aecaf1f9a8399e7605abc98a6b9abd74e9c,2025-10-10T15:26:02Z,True,merge,110990,,human
4.6-stable,c417769226439da82ebfb786898422188917886a,2025-10-10T15:26:03Z,True,merge,111470,,human
4.6-stable,99ab454a64f453d367436fe0057e7215f78c4525,2025-10-10T15:26:04Z,True,merge,111473,,human
4.6-stable,89ce203427985ae9edf0a8192868518b1e009a72,2025-10-10T15:26:06Z,True,merge,106997,,human
4.6-stable,edcbdc5706e711e0ffd24f5f02aa1f216ebd4eb4,2025-10-10T15:26:07Z,True,merge,107573,,human
4.6-stable,d10eca9c59312e8d3e6ace24176d0946cbdc6f92,2025-10-10T15:26:08Z,True,merge,111448,,human
4.6-stable,e33f89fe276118644d11f90929b658ec465651e3,2025-10-10T15:26:09Z,True,merge,111323,,human
4.6-stable,3e1af9a12ab6d30c7b5743d19478a53f50a591c3,2025-10-10T15:26:11Z,True,merge,109021,,human
4.6-stable,16a11ac88b3aedac2825ec570910f34fb40f3f98,2025-10-10T15:26:12Z,True,merge,111358,,human
4.6-stable,cafc012b053fed5b446a5a5831c572019500fca0,2025-10-10T16:08:08Z,False,direct,,,human
4.6-stable,985e6178b45232f1d462f5eb0577adf3db2a09a8,2025-10-10T16:39:16Z,False,direct,,,human
4.6-stable,3979817caf12b9256a6973b3c8d0893fd953828f,2025-10-10T18:16:48Z,False,direct,,,human
4.6-stable,a872b54a3b7feb8ce55e65bbd4936f70efc0459e,2025-10-10T18:44:50Z,False,direct,,,human
4.6-stable,bf7d580e29785104406b77e9bbbcc4f2083960b2,2025-10-10T19:55:25Z,False,direct,,,human
4.6-stable,70f180975b8708320f7efdf4da160fb14e9fd478,2025-10-10T21:01:03Z,False,direct,,,human
4.6-stable,ab205a78ce4e93689e96ab5f67c5e89ec59f6ac2,2025-10-10T21:25:00Z,False,direct,,,human
4.6-stable,40ff060958b3e7c65c03eb1c78bef7e2bc563e7b,2025-10-10T23:03:38Z,False,direct,,,human
4.6-stable,8b06cdf277f4ab208c2efcf2f09e44726072d960,2025-10-11T01:22:24Z,False,direct,,,human
4.6-stable,cb7cd815eeeb11aaa1f68453a515c76bec5ba73d,2025-10-11T01:47:39Z,True,merge,111496,,human
4.6-stable,03923c6ed7b1203f0e85792cf4468895efe47aca,2025-10-11T11:39:14Z,False,direct,,,human
4.6-stable,263a2bdec6c45dda0a9e0b73d9e6e7e17292c1ba,2025-10-11T12:37:40Z,False,direct,,,human
4.6-stable,45e6a65a5862039f7d83c936f7260790dff8779b,2025-10-11T13:40:45Z,False,direct,,,human
4.6-stable,396ca1fa7f284613d92b8568401210aa8f00daee,2025-10-11T14:01:44Z,False,direct,,,human
4.6-stable,e92e139302f2a521ad9d1ebafe1530f0cf80b60e,2025-10-11T16:10:02Z,False,direct,,,human
4.6-stable,a5ce9c370634eddabee9574662c9c39863903533,2025-10-11T20:20:01Z,False,direct,,,human
4.6-stable,49cf8654fae638d8f8cc40e4b5d3d503890410e0,2025-10-11T23:20:02Z,False,direct,,,human
4.6-stable,e38bbf88e58364acfc2381217fddbb558437ef21,2025-10-12T01:24:23Z,False,direct,,,human
4.6-stable,8e3499a96146d704a652815860e9647042db5c80,2025-10-12T03:09:55Z,False,direct,,,human
4.6-stable,46a197b55f3c0d1faf2e5ddb6541a4e2eae4e412,2025-10-12T03:51:05Z,False,direct,,,human
4.6-stable,b9c3b1d4c00d9f3515a0ae4cf11acd6d77743ca3,2025-10-12T06:16:31Z,False,direct,,,unknown
4.6-stable,6faa4e369a9833741844f6faabf67ca3ffc63a2f,2025-10-12T07:58:50Z,False,direct,,,human
4.6-stable,206d4a0fb30394b234ccb40d2f62f8cc5b693a06,2025-10-12T12:10:44Z,False,direct,,,human
4.6-stable,5ea0b9d60d36f33c73b6b7673f8e890d86f633cc,2025-10-12T13:03:03Z,False,direct,,,human
4.6-stable,2e0015665771f0f95e82e4d987965deffae1ac4d,2025-10-12T16:26:29Z,False,direct,,,human
4.6-stable,101fbbbd1fa195bdf737276c74ecdf40548b9e78,2025-10-12T18:15:46Z,False,direct,,,human
4.6-stable,f835707f7ac633708ca8d2d54c4995aed9fcde51,2025-10-12T19:22:45Z,False,direct,,,human
4.6-stable,3868e7e8bf4f8112065c5cdd59b61282fcd4b351,2025-10-12T20:04:26Z,False,direct,,,human
4.6-stable,12ced6c83b26d11035903b39189f80f6eb9f278c,2025-10-13T02:11:09Z,False,direct,,,human
4.6-stable,b1e659c85177cb5bd21513da85066cb4c81a8744,2025-10-13T05:32:18Z,False,direct,,,human
4.6-stable,4219ce91f2d1fae65f289d27284a1ab35e9b7b5f,2025-10-13T05:35:19Z,True,merge,110485,,human
4.6-stable,7680190768af903ae43ab57a076560dc6db2f7f8,2025-10-13T07:03:13Z,False,direct,,,human
4.6-stable,0f81e8c7fe476690cbed16997dd8446c1b9a4386,2025-10-13T07:03:13Z,False,direct,,,human
4.6-stable,7cee91f05b37c5018fcc9a9aaaba46920d98cac7,2025-10-13T11:58:10Z,False,direct,,,human
4.6-stable,f6ff2216eec4ff42459d869279488949571f3170,2025-10-13T14:17:19Z,False,direct,,,human
4.6-stable,ba268416d564b23e04d145894066ce6878f62faf,2025-10-13T15:00:23Z,False,direct,,,human
4.6-stable,88eef2aefc3e33cbc6b7b91c88dc1a3a71d9d214,2025-10-13T15:19:58Z,False,direct,,,human
4.6-stable,ac05ce522615af924991f23ce995312ac1792c7e,2025-10-13T15:25:45Z,False,direct,,,human
4.6-stable,7a49918c89ed37cc588ff8f0c02169af0fed70fa,2025-10-13T15:31:01Z,False,direct,,,human
4.6-stable,d86a4289941af31374499683408c043241647768,2025-10-13T16:00:03Z,False,direct,,,human
4.6-stable,31efc7eefa933f593d1a0ce5d233152f67af0178,2025-10-13T16:29:32Z,False,direct,,,human
4.6-stable,14f7cbd74c8c21abcc42cce4aff54f34a91b61ed,2025-10-13T17:05:25Z,False,direct,,,human
4.6-stable,7e2f6c3ebc431eb559b4695f13507edd7ccf6205,2025-10-13T17:12:17Z,False,direct,,,human
4.6-stable,0450686035ecf718b1aba93b8da4df7dfe19d34a,2025-10-13T17:29:57Z,True,merge,111460,,human
4.6-stable,02f48683b5e64790d6e70d596d1f8aee3d4e9381,2025-10-13T17:29:58Z,True,merge,111556,,human
4.6-stable,5e7f7735a4c2aeaca7e3cc836e02a79a430692f8,2025-10-13T17:29:59Z,True,merge,86468,,human
4.6-stable,08c200e82f04ca004f36e1fc95c73ea403e17ff6,2025-10-13T17:30:00Z,True,merge,111527,,human
4.6-stable,dcb9a0d030a7762acc20b58d393ab4cec0cdc052,2025-10-13T17:30:02Z,True,merge,110151,,human
4.6-stable,2b1fa0f10c1e85c1aed79aeeabbd706a97294853,2025-10-13T17:30:03Z,True,merge,111111,,human
4.6-stable,1274facd4497755febc0497d5a44586c74a6282a,2025-10-13T17:30:04Z,True,merge,111434,,human
4.6-stable,43438fec2a27d07282c1ec255199592a0d76f22f,2025-10-13T17:30:05Z,True,merge,111529,,human
4.6-stable,dc05e0f90723d54ab56eb694a7a51a060da08321,2025-10-13T17:30:06Z,True,merge,111596,,human
4.6-stable,10c333a8f1cdd0d01f6f314414c5e2c3a73f2555,2025-10-13T17:30:08Z,True,merge,111313,,human
4.6-stable,094eb99a43b2cd241f0d9f2ed1abe8a9f4b92747,2025-10-13T17:30:09Z,True,merge,111601,,human
4.6-stable,e560ea47d4d281f88ece0e3dc24d4a550956e6f4,2025-10-13T17:30:10Z,True,merge,70646,,human
4.6-stable,bb4d0638c4ee6dc652374b1476ccb6441f19fa4e,2025-10-13T17:30:11Z,True,merge,109816,,human
4.6-stable,c9b72fcfb6548ba32bd273bf18efb41eadfe90ff,2025-10-13T17:30:13Z,True,merge,111481,,human
4.6-stable,31f9ed087e3e2934ede52010f12beb2b2772915c,2025-10-13T17:30:14Z,True,merge,110650,,human
4.6-stable,599fd7344a17fd1a7541df52a03c2bd0496524ed,2025-10-13T17:30:15Z,True,merge,111356,,human
4.6-stable,fc7065d2b4c7376e3b87c12b9a00bce726a10e74,2025-10-13T17:30:16Z,True,merge,111487,,human
4.6-stable,b2e9bbfe0112f17cf847964343f5211a8c4e3586,2025-10-13T17:38:32Z,False,direct,,,human
4.6-stable,276e1c222ca7ed9c5099d0efc504cae31af6b65f,2025-10-13T18:12:33Z,False,direct,,,human
4.6-stable,eab6668216360fa51b2145199d394155094fa9e5,2025-10-13T18:46:49Z,False,direct,,,human
4.6-stable,082766a990faeb1bbd73bb6a9926fcd89b68384e,2025-10-13T18:47:55Z,False,direct,,,human
4.6-stable,02182b108724d08c8f8026d20f9806374ab684b7,2025-10-13T18:51:25Z,False,direct,,,human
4.6-stable,914a72f8a41cc39b9e62fa8c7304924ad31dff29,2025-10-13T18:52:07Z,False,direct,,,human
4.6-stable,b8022294231467f188f8d92e29b5be1c4a5b2737,2025-10-13T18:57:55Z,False,direct,,,human
4.6-stable,963b33ac4077d458fa305a828ebe96ddc2b88be4,2025-10-13T19:47:41Z,False,direct,,,human
4.6-stable,bad44931a82b8483348fbbe6009f3caede6f3273,2025-10-13T19:55:44Z,False,direct,,,human
4.6-stable,509cf611bc1735fd640f81fa00c3366fc799f258,2025-10-13T20:09:49Z,False,direct,,,human
4.6-stable,cbc960c997a50a95dd422a0031525098dcf17fe6,2025-10-13T21:54:58Z,False,direct,,,human
4.6-stable,1e0b41ab278dbc2ce70de43408a11af9c9282ffe,2025-10-13T22:43:02Z,False,direct,,,human
4.6-stable,25685055356d3c364068f1cc4143ffd4169e2254,2025-10-14T00:28:34Z,True,merge,108065,,human
4.6-stable,3ef37d7bf3e80c6c9317d6e1f79e59bd08ca691f,2025-10-14T00:28:36Z,True,merge,111586,,human
4.6-stable,40dde2a9a1b0bb66181f371e70ac4c7e6b2ede34,2025-10-14T00:28:37Z,True,merge,111139,,human
4.6-stable,58894136b7384cfcb55a8cecdfedefde6d36226e,2025-10-14T00:28:39Z,True,merge,107395,,human
4.6-stable,cd13a9df1483bffbc5e79869818233082fd7d7fc,2025-10-14T00:28:41Z,True,merge,111621,,human
4.6-stable,cd74a9cb12966ae677d549fa3b9ed17b59c0dead,2025-10-14T00:28:42Z,True,merge,111206,,human
4.6-stable,3dbd7d36d0789f4ba50707045b071cbaaef5ab58,2025-10-14T00:28:44Z,True,merge,111461,,human
4.6-stable,21a6488c7ffe0d86ddf5a828bac68caf63a18f70,2025-10-14T00:28:46Z,True,merge,109421,,human
4.6-stable,c5754ccc52d2f7d0345078553be53a095cec4466,2025-10-14T00:28:48Z,True,merge,111310,,human
4.6-stable,8be090c03a7de5853e8f88444459e253e7b67178,2025-10-14T00:28:49Z,True,merge,111569,,human
4.6-stable,0b4cca38ea05c9c9b866122bd5481c0ec45b2e1e,2025-10-14T00:28:51Z,True,merge,111538,,human
4.6-stable,988a7f7bdfbd4ded3ca357f14be0ce61cf5868e6,2025-10-14T00:28:53Z,True,merge,111507,,human
4.6-stable,c6df8d32531f05db31fd38cfe96eb88c117b8e73,2025-10-14T00:28:55Z,True,merge,111476,,human
4.6-stable,d3285f5468c0f1d5de1b1995221c805ee9345a1b,2025-10-14T00:28:56Z,True,merge,111185,,human
4.6-stable,8ce4f80dd9205d604fcc66936ee9a57533971509,2025-10-14T00:28:58Z,True,merge,106263,,human
4.6-stable,c0c75561d29012250472e4f644e358f287b700dd,2025-10-14T00:29:00Z,True,merge,111129,,human
4.6-stable,4ae535b3b95a86b239761a9c844627aa2de5943f,2025-10-14T00:29:01Z,True,merge,111419,,human
4.6-stable,e825169957e4ec67bc0baa6168af02b337399f6f,2025-10-14T00:29:03Z,True,merge,107836,,human
4.6-stable,769007c707ff96f889ec63af732ebefdc1e49841,2025-10-14T00:56:49Z,False,direct,,,human
4.6-stable,8173f43770e9d83e67cd3488d506c85330a95c2d,2025-10-14T04:41:03Z,False,direct,,,human
4.6-stable,7d3c25d083a09ce74fb249ea88ae1bcca3bbc3cc,2025-10-14T08:24:05Z,False,direct,,,human
4.6-stable,b3bb3763915404cbcbcda87e36038b80c7800f83,2025-10-14T09:06:54Z,False,direct,,,human
4.6-stable,f7263b95172e5d132c15fda8810574a1493011be,2025-10-14T12:12:48Z,False,direct,,,human
4.6-stable,66e5bce6538ee255a8024106ff982b4b56a7c021,2025-10-14T12:30:05Z,False,direct,,,human
4.6-stable,f336e019c0f1c07e97759782f2eebf6c5de4d5cf,2025-10-14T14:22:10Z,False,direct,,,human
4.6-stable,c17e76572dc9a9317f5a147a88ec56475730396e,2025-10-14T15:12:41Z,False,direct,,,human
4.6-stable,879d4439e755f314cb9c9aae8f3b3f2bc797b15d,2025-10-14T15:31:22Z,True,merge,111617,,human
4.6-stable,c2720efb28be996d05e0b7eacfb5db842ee36008,2025-10-14T15:31:23Z,True,merge,110690,,human
4.6-stable,e6768b5db44c91b28385a23ce7030c5f5a6fb7e3,2025-10-14T15:31:24Z,True,merge,111095,,human
4.6-stable,79e533679cbb7c0312cb96c09f4686c8dc8e74ec,2025-10-14T15:31:25Z,True,merge,111620,,human
4.6-stable,b7bbdfd31ce52e4fdbe478bf341559b2786e23fc,2025-10-14T15:31:26Z,True,merge,111591,,human
4.6-stable,9659dc13bd22f2a863651da7f3ac74a43e0e51bf,2025-10-14T15:31:27Z,True,merge,102888,,human
4.6-stable,920552812eecee3b7d723db13db2eb323f9aa31b,2025-10-14T15:31:28Z,True,merge,111566,,human
4.6-stable,4d3a899c64ab5f9602d4922f74ab31004325ca03,2025-10-14T15:31:29Z,True,merge,111633,,human
4.6-stable,9554c2bc56dad8d512b7099168cd698b4320c015,2025-10-14T15:31:30Z,True,merge,93713,,human
4.6-stable,0b4712376816773d3c57f3feec8d7cfa5d88065c,2025-10-14T15:31:31Z,True,merge,111542,,human
4.6-stable,9cdf3ff3ff74b986eaf41b36c9efce860d5d9f4e,2025-10-14T15:31:32Z,True,merge,111639,,human
4.6-stable,0400b703e4c95e7de0ee98688267b98a5fb5e358,2025-10-14T15:31:34Z,True,merge,111577,,human
4.6-stable,3d7b3fa0e4b6f6f9f0eda14c426c705d032b7f77,2025-10-14T17:49:48Z,False,direct,,,human
4.6-stable,ad74ed68c104b47ae9b40f48cb445f1f8bafc424,2025-10-14T19:32:31Z,False,direct,,,human
4.6-stable,8a8bd02860a3f240dd294ae3a603cf9107519e07,2025-10-14T20:44:09Z,False,direct,,,human
4.6-stable,a63dd0704f5f0fe88881543ddc7559bcf9d13f6c,2025-10-14T21:03:55Z,False,direct,,,human
4.6-stable,61179bb293b0a413dac6f500661b53a0db39e1da,2025-10-14T21:59:56Z,False,direct,,,human
4.6-stable,68b897225e812e2bbe1ec62965bf74be420de03d,2025-10-14T22:13:39Z,True,merge,111624,,human
4.6-stable,a364d6ad753d44817d3f14b6ad3591b25ec2840a,2025-10-14T22:13:40Z,True,merge,111561,,human
4.6-stable,1e9d0ff925563276b5921b9a8b88ebe45680c04a,2025-10-14T22:13:42Z,True,merge,111578,,human
4.6-stable,80ce18918ef53245deb8ab044fd4229391a5daab,2025-10-15T01:09:43Z,False,direct,,,human
4.6-stable,36b92128b1bce1f98687add98c84fd70ae9b20ca,2025-10-15T04:29:43Z,True,merge,110671,,human
4.6-stable,1e8fd575a99637b519270ceb40a4b4ca85053b72,2025-10-15T08:35:19Z,False,direct,,,human
4.6-stable,7390c358f51edaf82f0836989fd25e429f22d970,2025-10-15T13:04:51Z,False,direct,,,human
4.6-stable,b49aea89d066071272edd0d4e7bb7765a7425dbe,2025-10-15T14:35:02Z,False,direct,,,human
4.6-stable,1f7e7de82b76ebbf301720c542564b73bec9ccd6,2025-10-15T17:35:38Z,False,direct,,,human
4.6-stable,74a03b4cfacdeec05cb33f5bb4404ad75ac704a8,2025-10-15T17:57:11Z,False,direct,,,human
4.6-stable,ede217754abba1baae4cc29fc8bb6cf6771378da,2025-10-15T18:38:17Z,False,direct,,,human
4.6-stable,b4f9060db61dc929ed5e305617231115f92db6c6,2025-10-15T19:37:48Z,False,direct,,,human
4.6-stable,a281e91c5a8a4790d087ece1e0666f887c4b9b78,2025-10-15T19:46:51Z,False,direct,,,human
4.6-stable,710a6e030359b2ed12181b7dab4fdcb4ccf9d66c,2025-10-15T21:31:01Z,True,merge,111652,,human
4.6-stable,71031e4adb2cfff71e457faf38a9d0eb3a539bb0,2025-10-15T21:31:02Z,True,merge,108422,,human
4.6-stable,57e041d3571721bca16a0033a5e71d1a085506b5,2025-10-15T21:31:03Z,True,merge,111657,,human
4.6-stable,ca524532e66d1228406ab0663d300add69e386be,2025-10-15T21:31:05Z,True,merge,111663,,human
4.6-stable,1ae616d7d861c7de9e7653d3a287025112cefba3,2025-10-15T21:31:06Z,True,merge,111672,,human
4.6-stable,49219de4027ac4d4121225843e976a59e37576cc,2025-10-15T21:31:07Z,True,merge,108862,,human
4.6-stable,20430236e749306e1968656ffdc7f78e502a0ccc,2025-10-15T21:31:09Z,True,merge,107999,,human
4.6-stable,830b14161149fff461fd1e52a879964ca9c9eb8f,2025-10-15T21:48:48Z,False,direct,,,human
4.6-stable,73afe696d2fa650c24da4de71fd900362aad3bf9,2025-10-16T03:21:14Z,False,direct,,,human
4.6-stable,c5aedff514ad2f0de37b787c7143b1a0e91e9025,2025-10-16T08:02:59Z,False,direct,,,human
4.6-stable,21aa53f7183541b4cc74b8b93fe51da7bedfb7f4,2025-10-16T08:35:20Z,False,direct,,,human
4.6-stable,d73970017850ba5958ac6a84d27a7e3e5f97efab,2025-10-16T08:46:14Z,False,direct,,,human
4.6-stable,af584b1ba8b677e6ae42db61b491343fb68d774a,2025-10-16T16:47:18Z,False,direct,,,human
4.6-stable,13404515fb4dae1f9908a907c9a834b2c3db82c2,2025-10-16T17:48:03Z,True,merge,111523,,human
4.6-stable,2edad6860a6c44464942024e5a070e7dc6da6644,2025-10-16T17:48:04Z,True,merge,111658,,human
4.6-stable,9e96c7d9b80146d0c1c285fd97f3b7824e346c54,2025-10-16T17:48:05Z,True,merge,110378,,human
4.6-stable,f3ebee1f79790a5ab89864d450f0eba2f4dac975,2025-10-16T17:48:07Z,True,merge,111211,,human
4.6-stable,026efbb0f5aefc289bd6528f375dcbb8bae38ca0,2025-10-16T17:48:08Z,True,merge,111733,,human
4.6-stable,94818a5313d5bf915df1e72155ef239b3117dcc9,2025-10-16T17:48:09Z,True,merge,111509,,human
4.6-stable,769505fef3fa538c96f2d14739de541469614f96,2025-10-16T17:48:10Z,True,merge,111703,,human
4.6-stable,60710df3b6fffb5a9a9479f80a0e9d8f05069946,2025-10-16T17:48:11Z,True,merge,94047,,human
4.6-stable,8f1b411556de6330e35ca3b585b5575bffbc2c1f,2025-10-16T18:16:20Z,False,direct,,,human
4.6-stable,761312304802ec4d541ce6bbbb764376d8a29c97,2025-10-16T21:26:48Z,False,direct,,,human
4.6-stable,16c3fce1ad5a3430e00b1f81039d748f20086986,2025-10-17T06:47:48Z,False,direct,,,human
4.6-stable,6733345f73d04aeca9fa94706ca7451a72433429,2025-10-17T11:11:33Z,False,direct,,,human
4.6-stable,ffe00d53bfc8b693f6ec6025598596b265e3fe74,2025-10-17T13:36:24Z,False,direct,,,human
4.6-stable,d5942cf5fdfcbc479612d1a81f8672ead134f783,2025-10-17T14:07:39Z,True,merge,109792,,human
4.6-stable,fc985d77697a8f640744a6c60ffea3f6093106f6,2025-10-17T14:07:39Z,True,merge,111745,,human
4.6-stable,fd8ddca49ac7b729f2ee35f0766812e639d987df,2025-10-17T14:07:40Z,True,merge,111649,,human
4.6-stable,4a7ca086a302978e0f389831eae129170fac8366,2025-10-17T14:07:42Z,True,merge,109605,,human
4.6-stable,8aebfb7776cb647e0cf292d80a128bc672d41bd4,2025-10-17T14:07:43Z,True,merge,109839,,human
4.6-stable,6ae1caecaf6a013134ca4ea98865caf6ae3624cc,2025-10-17T14:07:44Z,True,merge,109431,,human
4.6-stable,540ea0b96cea2fd1b57598bdafd35b5326aac21d,2025-10-17T16:26:49Z,True,merge,111761,,human
4.6-stable,e232484a37d94e701129ffad2ce3cee97e9586db,2025-10-17T17:11:21Z,False,direct,,,human
4.6-stable,acdb8667b56a43db6eee9a96ad61147bb80ea785,2025-10-17T23:57:34Z,False,direct,,,human
4.6-stable,816ec99355ef404451b30eb9a87fe450a3d09a14,2025-10-18T06:53:27Z,True,merge,111771,,human
4.6-stable,7864ac80192e9e91bf56176af9f04cc013b580aa,2025-10-18T09:45:54Z,True,merge,111299,,human
4.6-stable,30d2a8a14c07ede28c4c930d134373928d8d2f86,2025-10-18T11:55:46Z,False,direct,,,human
4.6-stable,199a4fa4e2d1c778da9f6892d7f18b6fc4250e14,2025-10-18T13:55:06Z,False,direct,,,human
4.6-stable,cf21565c77656cf12bef6f823073d68d33e96bc5,2025-10-18T16:25:55Z,False,direct,,,human
4.6-stable,b0c8c955f2f3bfc69b5db0de00c7e0a73614f2e9,2025-10-18T16:42:12Z,False,direct,,,human
4.6-stable,b20466d12f7892a8dbad9e37959da0287365b69b,2025-10-18T17:28:25Z,False,direct,,,human
4.6-stable,e9a865c861ea054bedbf76395ff381c4180e36f8,2025-10-18T18:00:43Z,False,direct,,,human
4.6-stable,e31830db52ba1b0da74209c48dc34f9a2082a0ad,2025-10-18T18:35:02Z,False,direct,,,human
4.6-stable,fe6763c7232cbe85ffb85b3726c6a083685e0bb6,2025-10-18T19:08:43Z,False,direct,,,human
4.6-stable,51a54636c19512a8c4f3976ac8f3e8de81ed357d,2025-10-18T21:08:50Z,False,direct,,,human
4.6-stable,f6a6aad6eb331ba1b33b97ae8205e2f7d9e7ff92,2025-10-18T21:08:59Z,False,direct,,,human
4.6-stable,8259136b53317fca64f7374e681e6b39b6f898cd,2025-10-18T22:00:58Z,False,direct,,,human
4.6-stable,580c16fae7e9264564f52d3e31686123d30d23b9,2025-10-18T22:35:36Z,False,direct,,,human
4.6-stable,7af7ac67853e9e5041c2a6714355a8ce1fc166ee,2025-10-19T02:46:28Z,False,direct,,,human
4.6-stable,01b92088508b1a59099f72dd97c0d40f9dc137f8,2025-10-19T05:02:26Z,False,direct,,,human
4.6-stable,70ea991c69fbd936680b3573231470ec5a491c28,2025-10-19T07:58:05Z,False,direct,,,human
4.6-stable,7e3dcf3ac095bdcb96dc0d0e7f7f4bc9da00c2e4,2025-10-19T10:54:58Z,False,direct,,,unknown
4.6-stable,f4f5b104f56ae164a073514ccbc384c68f5089c1,2025-10-19T11:27:55Z,False,direct,,,human
4.6-stable,f8a5e704d63f0da5753e28a475954dbbad1ae4b2,2025-10-19T14:09:21Z,False,direct,,,human
4.6-stable,7bde47e43317a2be7df6e4688e79e23c827cd5c1,2025-10-20T02:25:28Z,False,direct,,,human
4.6-stable,4501f0f0fe79bea1ea40190643516577ce7d6374,2025-10-20T04:53:03Z,False,direct,,,human
4.6-stable,3f1d97365150f19faccd71962e6b8636d191748c,2025-10-20T08:37:43Z,False,direct,,,human
4.6-stable,6640380bb6c88f10f0a9f4c9617e83c73d10f1bd,2025-10-20T09:47:37Z,False,direct,,,human
4.6-stable,3d4f248fdac05efbd8e817d37b3ed6257c493a3b,2025-10-20T10:36:41Z,False,direct,,,human
4.6-stable,6075800789f542076545cc7fa098aac23a1e4479,2025-10-20T12:07:08Z,False,direct,,,human
4.6-stable,452351412375d562b471c8e711f9701f744e40b6,2025-10-20T12:55:32Z,False,direct,,,human
4.6-stable,cd0c9d5f502b789e8604ff71dc135ad0237a28e8,2025-10-20T13:00:23Z,False,direct,,,human
4.6-stable,7ae67813a11cc4a40f77e3e0cc0781429b67b0eb,2025-10-20T14:28:06Z,False,direct,,,human
4.6-stable,42000e27fed139f2f0e6145325c48a6fc1a50528,2025-10-20T14:59:38Z,False,direct,,,human
4.6-stable,877468ab355f55496d9c14d778eaba0a986c43f6,2025-10-20T15:55:47Z,False,direct,,,unknown
4.6-stable,60eb6c39c2171bc2667761d1849c7f9a5ddc8c86,2025-10-20T18:47:41Z,False,direct,,,human
4.6-stable,cdcb2fc389fed905cd06e59f0200e058f333f2bf,2025-10-20T21:24:32Z,False,direct,,,human
4.6-stable,d6c5c4eeb56bf83bb562376c71ec3623f8baebfe,2025-10-20T23:09:32Z,True,merge,107671,,human
4.6-stable,81eb68965037a48157868f632ed2570c9adfe07b,2025-10-20T23:09:34Z,True,merge,111782,,human
4.6-stable,e97acf79b23923f0ee3eece11afd956e635f624e,2025-10-20T23:09:35Z,True,merge,111017,,human
4.6-stable,d64a86a35ffccfc2a499cfd881a89b7588c28aca,2025-10-20T23:09:36Z,True,merge,111661,,human
4.6-stable,4eed0841b5e34391070880a2cd4a48b2124c3ed5,2025-10-20T23:09:37Z,True,merge,111795,,human
4.6-stable,4e03f41779f51217a7c556221a592591ac5f3d22,2025-10-20T23:09:39Z,True,merge,111156,,human
4.6-stable,63fa4fc2ba97b2aa46c70d6659ada492e20d02ff,2025-10-20T23:09:40Z,True,merge,110131,,human
4.6-stable,97cf6b51c9c04ede0ec74d0b86308e1de1715038,2025-10-20T23:09:41Z,True,merge,111799,,human
4.6-stable,07b3cc71ac65872370e4fde58c209735c9324f1f,2025-10-20T23:09:42Z,True,merge,111810,,human
4.6-stable,3f4c15283ea3d5abfd2ebd72d812841493ab3dfc,2025-10-20T23:09:44Z,True,merge,108487,,human
4.6-stable,c74e8720746feabe1e484f2d6aebcede10a9f79d,2025-10-20T23:09:45Z,True,merge,111817,,human
4.6-stable,414a4977d8aae09195287caf338ce6925842209e,2025-10-20T23:09:47Z,True,merge,108489,,human
4.6-stable,d7943ae06e9441f1778aa203fa2656a06360bf44,2025-10-20T23:09:48Z,True,merge,111190,,human
4.6-stable,505c732c300556a8bd7d4515f815f1803c0cbe0a,2025-10-20T23:09:49Z,True,merge,109534,,human
4.6-stable,9cefa0d283c7f735266e06cd39daf96d2b7d4fde,2025-10-20T23:09:51Z,True,merge,111841,,human
4.6-stable,bb63baadd1e297ec8bc972ea67859c1043c49252,2025-10-20T23:09:52Z,True,merge,111329,,human
4.6-stable,076445b80409315e431fba220e538c7bb3ac9898,2025-10-20T23:09:53Z,True,merge,111459,,human
4.6-stable,06c0985fee59ef45c6c559055eeb9e22e1994dd4,2025-10-20T23:09:55Z,True,merge,105450,,human
4.6-stable,464ddd4ea708f8f1174d1cd275b163ed7556f9b9,2025-10-20T23:09:56Z,True,merge,109043,,human
4.6-stable,f50d7fa1e8ed5fb2e074624c19262b5376ea1cac,2025-10-20T23:09:58Z,True,merge,110709,,human
4.6-stable,afaf834bb3193d4001982503529548f006c585cf,2025-10-20T23:37:17Z,False,direct,,,human
4.6-stable,8abdedd477293019100e153398fec1a2849f9946,2025-10-21T00:25:59Z,False,direct,,,human
4.6-stable,44451e6988b30e3ee27921cfe5665d07c1b8fa47,2025-10-21T13:26:26Z,False,direct,,,human
4.6-stable,6dd5266a0e5e598d82ac4ba808ac6df510b9d9eb,2025-10-21T14:45:18Z,False,direct,,,human
4.6-stable,16503a10d4c4f4dd272ac7382cbb16737350c3e4,2025-10-21T15:26:53Z,True,merge,111744,,human
4.6-stable,a58968d94ed9352e61ca04c388a96a2da8390c10,2025-10-21T15:26:55Z,True,merge,110989,,human
4.6-stable,45021fd48acc59916202eef4c81a49b85cac3847,2025-10-21T15:26:56Z,True,merge,111378,,human
4.6-stable,9cd88c14cbceff433d612759da0fca3d869e8345,2025-10-21T15:26:57Z,True,merge,111773,,human
4.6-stable,003c7244b90092fa6986d80b6867c7778b5e0cf4,2025-10-21T15:26:58Z,True,merge,111648,,human
4.6-stable,563036185fce0adce8c204a6dc990a3792110123,2025-10-21T15:26:59Z,True,merge,108320,,human
4.6-stable,8f7cb0712a8dc043a752c8b408bb672823387152,2025-10-21T15:27:00Z,True,merge,109475,,human
4.6-stable,e6eb49834d39f4aa57cc953eee7d4ae2f7462d87,2025-10-21T15:27:02Z,True,merge,111296,,human
4.6-stable,0fce9b0439cd9ff6b794248a4d457ef506d31e30,2025-10-21T15:27:03Z,True,merge,111684,,human
4.6-stable,06e7ac969c6915729d14f812a7d0a2c07084a1a6,2025-10-21T15:27:04Z,True,merge,111688,,human
4.6-stable,1580e1069d93d3e46e72b2e1791817a46bce6234,2025-10-21T15:27:05Z,True,merge,111691,,human
4.6-stable,eff2f822a1724ed80c1f2b48f6067fd5482ee22c,2025-10-21T15:27:07Z,True,merge,111439,,human
4.6-stable,b32c0df22a412fd56e6211b25851d545289185ef,2025-10-21T15:27:08Z,True,merge,110937,,human
4.6-stable,31349b062fdf0a21693832869cdb925227e01e8e,2025-10-21T15:27:09Z,True,merge,111456,,human
4.6-stable,b5d778014211590bd49a0a0bdcf7f1c30c158a89,2025-10-21T15:27:10Z,True,merge,111852,,human
4.6-stable,80d06f166d4f210e0d5d449dad0f12b940c35c1c,2025-10-21T15:27:11Z,True,merge,111341,,human
4.6-stable,7ad063685326afba0f3f99e020379d3817696c16,2025-10-21T15:27:12Z,True,merge,111863,,human
4.6-stable,ee6fb9e5e172c8f18f45f78c5fa02a2749271841,2025-10-21T15:27:13Z,True,merge,111865,,human
4.6-stable,7d7d47916204d042b15b71e2f1f49169951ce67e,2025-10-21T15:27:14Z,True,merge,111615,,human
4.6-stable,62acc21bf51c66e0ef7959a914a8c61131426468,2025-10-21T15:42:29Z,False,direct,,,human
4.6-stable,885904ef2f37c057fbea8944704cd20d718c7e8b,2025-10-21T15:49:35Z,False,direct,,,human
4.6-stable,a5ece9368ffc0c2bae15731979e2a0e7b5e816bc,2025-10-21T16:17:35Z,False,direct,,,human
4.6-stable,c128886c63db72c0d445bb470a00897d808cd175,2025-10-21T16:23:38Z,False,direct,,,human
4.6-stable,5d8fae428e01c9e9b11000592efaad446c4f49b4,2025-10-21T17:00:56Z,False,direct,,,human
4.6-stable,6cf4daafbb891fe5ced393d829df3247831a7bbd,2025-10-21T19:04:45Z,False,direct,,,human
4.6-stable,920fd5cb4da142f64b41f6120775dc8481b3b1fe,2025-10-21T20:10:46Z,True,merge,102020,,human
4.6-stable,506abd4903dbf36bdbc95096330320027c35fef5,2025-10-21T20:10:48Z,True,merge,102021,,human
4.6-stable,b6136161c2ca58533c541d2260f1a3ceebb98aae,2025-10-21T20:10:49Z,True,merge,110855,,human
4.6-stable,618be0745f072e22adfede1f90cf008c81afa6e0,2025-10-21T20:10:50Z,True,merge,111883,,human
4.6-stable,ebe83acef3727f1be20bee28e2f1fae3581c686e,2025-10-21T20:10:51Z,True,merge,110871,,human
4.6-stable,b360196dcdc59aea1f1ae65e8bcca84115f639eb,2025-10-21T20:10:52Z,True,merge,111000,,human
4.6-stable,331d57d4975bac2160fd112fc3c1a5cd97f9088d,2025-10-21T20:10:54Z,True,merge,109725,,human
4.6-stable,58a64124e841ef9f018924361d47e511ed7359ad,2025-10-21T20:10:55Z,True,merge,111135,,human
4.6-stable,cc2fdc3937b4e69d9dba0d25a3daf9fee61234f7,2025-10-21T20:10:56Z,True,merge,111015,,human
4.6-stable,6e76eb3a5ddc6bb5d2e329db0bc3b410437d4cad,2025-10-21T20:10:57Z,True,merge,102055,,human
4.6-stable,fd4ad29b84c51be337c42c09e334eff01e6d62c6,2025-10-21T20:10:59Z,True,merge,110641,,human
4.6-stable,e36dfb02397383e2cf065b23113cc713ed4ca733,2025-10-21T20:11:00Z,True,merge,110647,,human
4.6-stable,ed4f4d275e80546eba86c47f44fc6164be2929c1,2025-10-21T20:11:01Z,True,merge,110904,,human
4.6-stable,0f897e71b64e2745428f14e290a060a5031697eb,2025-10-21T20:11:03Z,True,merge,110910,,human
4.6-stable,fe9cdea92c8d76bb2ccdcd83f41a22dd129e036f,2025-10-21T20:11:04Z,True,merge,106947,,human
4.6-stable,e9d4b259fbba8365adba2a582a73b5291368f4fc,2025-10-21T20:11:05Z,True,merge,110942,,human
4.6-stable,1bae99a65dc04cb25e4c2cd2af1ac004fc6469ac,2025-10-21T20:11:07Z,True,merge,101092,,human
4.6-stable,da3bdacf645509a4c64f17a15dd21fca1f2affa9,2025-10-21T20:11:08Z,True,merge,111210,,human
4.6-stable,70a2ce974be52e8b4d0ac7af7404657a1566b21e,2025-10-21T20:11:09Z,True,merge,110060,,human
4.6-stable,03ae868b15874963f7605235bf14b797461a897c,2025-10-21T20:11:10Z,True,merge,111478,,human
4.6-stable,10506f88d2bfb7fe8e9bfd9f8c4dac55f32bc12b,2025-10-21T20:11:12Z,True,merge,108534,,human
4.6-stable,c7b176756073ad974be797bc8d039b1628f1264a,2025-10-21T20:11:13Z,True,merge,110972,,human
4.6-stable,f61ee7bdf6bb3a3d7cd1c7e99b1d047dcee47f5c,2025-10-21T20:44:46Z,False,direct,,,human
4.6-stable,b6b3e1ef9ee67fdf996951ee0fae9a7c6b883dff,2025-10-21T22:20:44Z,False,direct,,,human
4.6-stable,682b0f7c54f0fe323f28109c7fd6900821c06d9e,2025-10-21T22:34:57Z,False,direct,,,human
4.6-stable,361ea1153ee0e226947d5f5f8ba862a2bbe3316e,2025-10-22T00:09:24Z,True,merge,111140,,human
4.6-stable,e870cd911b89875c0ed635a3bc2e40fea90177ca,2025-10-22T00:09:25Z,True,merge,110895,,human
4.6-stable,70f07467bed9cb7952b5523a720fba33bc7abf0e,2025-10-22T00:09:27Z,True,merge,110127,,human
4.6-stable,ec62f12862c4cfc76526eaf99afa0a24249f8288,2025-10-22T00:09:28Z,True,merge,109971,,human
4.6-stable,81910428e6df4657c88a0b4822251510f08ff43b,2025-10-22T00:09:29Z,True,merge,103478,,human
4.6-stable,201eed71294ba727834ba8e758e1664a532e0299,2025-10-22T00:09:30Z,True,merge,94488,,human
4.6-stable,84d516fc9134a38c9d51fc736609fe32862839e7,2025-10-22T00:09:31Z,True,merge,111834,,human
4.6-stable,3f34e38703e3054120510db0208f0ace58779a81,2025-10-22T00:09:33Z,True,merge,109596,,human
4.6-stable,9cd297b6f2a0ee660b8f1a6b385582cccf3a9d10,2025-10-22T00:09:34Z,True,merge,107487,,human
4.6-stable,9aa0465a7acf1bc07a8bdd34333cb2de0590a5ff,2025-10-22T05:46:45Z,False,direct,,,human
4.6-stable,979f8fa3422825236e072cb21ad4e0eff3388459,2025-10-22T05:51:14Z,False,direct,,,human
4.6-stable,88a5cd2fe0be7ae9fd1dae62a138309c821f79fe,2025-10-22T10:21:18Z,False,direct,,,human
4.6-stable,33ccc5110e234aedc14da41981b322413251fa71,2025-10-22T10:29:26Z,False,direct,,,human
4.6-stable,b63ec3d0f02775c2625b99f79331857ff69d3cf4,2025-10-22T12:30:18Z,False,direct,,,human
4.6-stable,1a8306bbc12f531d9ec894413f24316510694a19,2025-10-22T12:31:44Z,False,direct,,,human
4.6-stable,4266a4e4eb3db576f8728abcc6fe14abba89cce6,2025-10-22T13:03:57Z,False,direct,,,human
4.6-stable,6cfaee037a610031e0d572c36e75bd17ff120845,2025-10-22T13:13:20Z,False,direct,,,human
4.6-stable,afec8a1892ec4c9b1fb97707152a9ebe4c42be30,2025-10-22T13:21:43Z,False,direct,,,human
4.6-stable,9de2837cd521f92ad3f18bbe1f1e7d33f10d893e,2025-10-22T13:35:23Z,False,direct,,,human
4.6-stable,66d5a66a14c0e5e9ebd18d2988f1bac3b9b6bc61,2025-10-22T15:28:40Z,False,direct,,,human
4.6-stable,4483871cd32c636e9f9ca8e5ce801c740a0ff71a,2025-10-22T16:32:16Z,False,direct,,,human
4.6-stable,46d1082c9314751107b85bc5aea52584eb9db4b9,2025-10-22T18:48:30Z,True,merge,110433,,human
4.6-stable,c53a181ceaa427358bb8b4e7a0c1c8f30c1e6503,2025-10-22T18:48:31Z,True,merge,85762,,human
4.6-stable,73b0ea37b16de8ef70370514cee88af637a70ee3,2025-10-22T18:48:32Z,True,merge,107843,,human
4.6-stable,e92cc976bd03d2cd1c8e82b1957a5ffa82a48eb6,2025-10-22T18:48:34Z,True,merge,109220,,human
4.6-stable,1b84fe745b51ebb24abbf48cf9bbcb086a098c62,2025-10-22T18:48:35Z,True,merge,110308,,human
4.6-stable,38e20331c8325e7c92a590af6cec670e5c8d2990,2025-10-22T18:48:36Z,True,merge,107303,,human
4.6-stable,f9460763b1c5b42a50f795632aad3c79adb2404e,2025-10-22T18:48:37Z,True,merge,111847,,human
4.6-stable,8f3e76c898f2dce91b37e94f8ba358ea49b3221c,2025-10-22T18:48:38Z,True,merge,111437,,human
4.6-stable,04625b0fba83c7cb87756e7e29f88f3945ccc309,2025-10-22T18:48:40Z,True,merge,111921,,human
4.6-stable,50ac10f40d84e382e83f68119154102e6c2da021,2025-10-22T18:48:41Z,True,merge,111830,,human
4.6-stable,4e7511968f175741ad36ef93d470cbc05c5834b9,2025-10-22T18:48:42Z,True,merge,109753,,human
4.6-stable,0d85d43b0c8d7e6188769530a2c41f1e9ba313b1,2025-10-22T18:48:43Z,True,merge,111162,,human
4.6-stable,40eb34833bd008b1361315581766dc6ae54e8617,2025-10-22T18:48:44Z,True,merge,111325,,human
4.6-stable,37764110f6c09863ac36ede4895b8cd60f7e766f,2025-10-22T18:48:46Z,True,merge,110271,,human
4.6-stable,5950fca36cb311edcc72e479effed5c477d20adb,2025-10-22T20:48:00Z,True,merge,111845,,human
4.6-stable,535eab0b62fc77da4479f415a3b70be83d373f98,2025-10-22T20:57:50Z,False,direct,,,human
4.6-stable,d06d5700c07ca73d088c3738bb47f11fd85426c6,2025-10-22T21:18:54Z,False,direct,,,human
4.6-stable,292772a143d77e6ac4b65f86f5b9a817b564e136,2025-10-22T22:03:41Z,False,direct,,,human
4.6-stable,6fbb89df54e6b6a86cac76f73abf727745ee7c20,2025-10-23T05:25:09Z,False,direct,,,human
4.6-stable,abfc63b48351b6f8abbdcecca56003f3c06071e3,2025-10-23T05:27:25Z,False,direct,,,human
4.6-stable,1ad3b9986ed76b2ffc83f84319db4921722e1a42,2025-10-23T05:46:24Z,False,direct,,,human
4.6-stable,a62b194dc2495fa473c4af76ba3fb5bd78b49c48,2025-10-23T08:17:01Z,False,direct,,,human
4.6-stable,77091f5e67797f4c795fbb4f84fcb948762537fa,2025-10-23T13:23:13Z,False,direct,,,human
4.6-stable,0c7f013c5513844047a94fb92ea2b7df1f0dd8b3,2025-10-23T15:08:49Z,False,direct,,,human
4.6-stable,bad8f531a88f76421627a0d44ed970a993e9735e,2025-10-23T15:20:54Z,False,direct,,,human
4.6-stable,d08d9d3f49bf48d295c32f047a2102cd036358e7,2025-10-23T15:29:13Z,False,direct,,,human
4.6-stable,f38812f620243ec280190c89b0b4a0fa31ab5e69,2025-10-23T16:03:48Z,True,merge,109516,,human
4.6-stable,d90a266304e393fcafecf16a82996ac595934a44,2025-10-23T16:03:49Z,True,merge,111820,,human
4.6-stable,df4137cd9b42e31ec643d80fb360b8f01c5d69b4,2025-10-23T16:03:51Z,True,merge,110508,,human
4.6-stable,d88971f0222d3c43581ed13bcbcc5673e23153b9,2025-10-23T16:03:52Z,True,merge,111791,,human
4.6-stable,06bdfa5a168500fa209f4297c31708707e15a4f5,2025-10-23T16:03:53Z,True,merge,110478,,human
4.6-stable,fe4cc92681d73a915379d2ebc605d7b99e8f9d96,2025-10-23T16:03:55Z,True,merge,109174,,human
4.6-stable,da593d0c16bfadabf3586433ebcec80930fcec08,2025-10-23T16:03:56Z,True,merge,111897,,human
4.6-stable,0caf8057a79bd48fdc4c17156600f1b94f320ffa,2025-10-23T16:03:57Z,True,merge,108412,,human
4.6-stable,a4607f45227d7179e8979d5bd8288461e8e00de9,2025-10-23T16:03:58Z,True,merge,111871,,human
4.6-stable,4dcb5cf72151c2ef3605f0434977e639daad7d6c,2025-10-23T16:17:33Z,False,direct,,,human
4.6-stable,542d8055081cbed3d4e9b86a7413b185af30f946,2025-10-23T16:46:47Z,False,direct,,,human
4.6-stable,c783f1b5bbf4d038dd4ffb9216cdb33f064bcedf,2025-10-23T16:47:14Z,False,direct,,,human
4.6-stable,497a5d7dc582bb7d3fdc65b0eddb7bf6bd3c94dc,2025-10-23T17:02:26Z,False,direct,,,human
4.6-stable,c456b3dc5501a36e00a8fa54776ab121ae7e2d4f,2025-10-23T17:48:35Z,False,direct,,,human
4.6-stable,f7749e5552343a52907bcecc3257f9362d6e8492,2025-10-23T17:55:03Z,False,direct,,,human
4.6-stable,eaa643a4bbc8e82011714e0fa6a3090cccd04a26,2025-10-23T18:39:22Z,False,direct,,,human
4.6-stable,b694fe661f6b1dfede9c19aebd7f46b93ae61966,2025-10-23T18:57:19Z,False,direct,,,human
4.6-stable,87b46c669ffe91ebc7e39010725912a9f486724d,2025-10-23T20:33:49Z,True,merge,111912,,human
4.6-stable,c3d1abb89af9f40eed684ef1d9c2a7849ce91b3b,2025-10-23T20:33:51Z,True,merge,109802,,human
4.6-stable,79c3bf447a9d240ea765997f670c9783e2a84b67,2025-10-23T20:33:52Z,True,merge,109356,,human
4.6-stable,bae92910072e72fadd51702fa08067f6681e0c94,2025-10-23T20:33:53Z,True,merge,110542,,human
4.6-stable,26f53e4d8396118642bdf5e8e573cc3987003057,2025-10-23T20:33:54Z,True,merge,111919,,human
4.6-stable,1c41e93979a9945ec2de27c9162ffdea0cd4a010,2025-10-23T20:33:55Z,True,merge,102064,,human
4.6-stable,638c1d7bf97db55174166205cf93d4ccf5ef60e5,2025-10-23T20:33:56Z,True,merge,109775,,human
4.6-stable,80f4674ff353ae02bb6cade3ee785056ec11aa11,2025-10-23T20:33:58Z,True,merge,109490,,human
4.6-stable,90d407e6aef1d13d4b7b2db2ffc58dc91e41bf4c,2025-10-23T20:33:59Z,True,merge,108528,,human
4.6-stable,beac359f87b0e36d5e4819048a28b05632f5df86,2025-10-23T20:34:00Z,True,merge,111957,,human
4.6-stable,fec9ffab8a0d0e7134fd9e3f3b92fe5e53ddfd0e,2025-10-23T20:34:01Z,True,merge,111964,,human
4.6-stable,2aa3f923d0fac81ef4757d1d0836120775dd3e5a,2025-10-23T20:34:02Z,True,merge,111901,,human
4.6-stable,add458d5f9dd0d60e3c77a507487b6fa9fc8e7fe,2025-10-23T20:34:03Z,True,merge,111934,,human
4.6-stable,084d5d407e62efcd5be9de44148c5dedce3b9386,2025-10-23T20:34:04Z,True,merge,109727,,human
4.6-stable,a29be8f7c79b8fea787f8ffa826a31e5bdeb3fb3,2025-10-23T20:53:11Z,False,direct,,,human
4.6-stable,230adb7511b5298d67970f14990ae53f8be96e17,2025-10-23T21:16:19Z,False,direct,,,human
4.6-stable,a07bd3fd3112cc2608b55e0f698ab50d5d47efb2,2025-10-23T23:49:12Z,False,direct,,,human
4.6-stable,f8be1f4c92dfb3ae170f02f850401f3bdae3ecca,2025-10-24T06:40:40Z,False,direct,,,human
4.6-stable,1a72f4c3ba1777f96e0fc80151be2517bb646a92,2025-10-24T08:16:51Z,False,direct,,,human
4.6-stable,1b8b46f59a57b747ff4fbcba9d63f2a7ccbad41f,2025-10-24T08:48:13Z,False,direct,,,human
4.6-stable,5277c94fe4ea207d661a608850750a639d0a7cdd,2025-10-24T14:44:19Z,False,direct,,,human
4.6-stable,16bdc8c4f1fe630d8222bbd2b9d6695815be5d3c,2025-10-24T14:46:22Z,False,direct,,,human
4.6-stable,751eabde370fe683f389164680afbbe3e6d83e93,2025-10-24T16:23:00Z,True,merge,111969,,human
4.6-stable,fbf1c72f152fb88205805eac1720485710157560,2025-10-24T16:23:02Z,True,merge,90401,,human
4.6-stable,9d2b619f51fcc495e16687a1833962f8c65a4b79,2025-10-24T16:23:03Z,True,merge,108737,,human
4.6-stable,620a4f17a89cf8a1a2be146ab15677f1491b3287,2025-10-24T16:23:05Z,True,merge,109637,,human
4.6-stable,abb68b85fd1a5006e9e8c9d9e29362cf306e074d,2025-10-24T16:23:06Z,True,merge,106237,,human
4.6-stable,c2ca5bdd237929646f6a6e0643d0883b623fb98c,2025-10-24T16:23:07Z,True,merge,107275,,human
4.6-stable,cc008b288aad90dcbee78cf6902cef80a10da3b6,2025-10-24T16:23:08Z,True,merge,110829,,human
4.6-stable,9ee26400015c79ccaec428336b23fa2235a7dde9,2025-10-24T16:23:10Z,True,merge,109358,,human
4.6-stable,edbfb7a6ece0edf228ba9531bc9428cfa183124a,2025-10-24T16:23:11Z,True,merge,111183,,human
4.6-stable,b137476eb511c146f034aab51d2f0ad0a398f098,2025-10-24T16:23:12Z,True,merge,109998,,human
4.6-stable,fb817770bff5fbfa1ea1e590172e9d0ee56913d1,2025-10-24T16:23:14Z,True,merge,110385,,human
4.6-stable,822fd083c43e4f6f2401d72e0537316610dabaf0,2025-10-24T16:23:15Z,True,merge,108114,,human
4.6-stable,1c9eec6f90f2a49fa38aebeb24ebca1bd39e7008,2025-10-24T16:23:17Z,True,merge,104951,,human
4.6-stable,ab6c6eece83f5df83c2599eae3d690773afc1453,2025-10-24T16:23:18Z,True,merge,110525,,human
4.6-stable,a09a5d2b471c4d89ed4966bcf8ce016839fa4e1c,2025-10-24T16:51:44Z,False,direct,,,human
4.6-stable,89aa5137b801d56693aee3d1ae9a6903cfc3004a,2025-10-24T17:01:25Z,False,direct,,,human
4.6-stable,f6caaa8fce1a6b1b7fcd00b84f51097807bcf31c,2025-10-24T17:46:22Z,False,direct,,,human
4.6-stable,44856c81aff5c169f65038061ccb8be78f0c5b4e,2025-10-24T19:04:24Z,False,direct,,,human
4.6-stable,bdbbed8ea95c955823d8c31b154043eca2aa7515,2025-10-24T20:15:26Z,False,direct,,,human
4.6-stable,afe87983e0cb2707a7850f5cf49ee600b93ebccb,2025-10-24T21:03:52Z,False,direct,,,human
4.6-stable,52775a82c6b4e6561adbe12409bffcdff9519e4f,2025-10-24T21:18:55Z,False,direct,,,human
4.6-stable,e26e96df4b3787881265200c0e0bdc02512a5693,2025-10-25T02:57:39Z,False,direct,,,human
4.6-stable,3c5df91a9001ccd735f3e889e012f8c40fb8b3fd,2025-10-25T03:24:50Z,False,direct,,,human
4.6-stable,d180b9af9f64c84da7a48a45e60615ee5916d427,2025-10-25T07:50:20Z,False,direct,,,human
4.6-stable,40fcf5ee3e8b30b8be0e03118a983d8e3708cf8b,2025-10-25T12:07:54Z,False,direct,,,human
4.6-stable,1e8ead50dcb74732e06947e6ecec5a7894b20320,2025-10-25T13:52:41Z,False,direct,,,human
4.6-stable,e0c1babd8989b475e0baee4050250e5fb0f8d721,2025-10-25T13:55:46Z,False,direct,,,human
4.6-stable,8847cf768144640612d2c2f8700c2fd2e852bcee,2025-10-25T13:58:41Z,False,direct,,,human
4.6-stable,15279f769d7052f8fef7b86b6fd3a4fb3a973769,2025-10-25T14:23:45Z,False,direct,,,human
4.6-stable,e6f441ea644f7b1eb171c9cc90f06ab5cc0cb408,2025-10-25T15:04:23Z,False,direct,,,human
4.6-stable,65bf51600652bddc8faea0f7f6a1ead0e28da81b,2025-10-25T16:50:22Z,False,direct,,,human
4.6-stable,0fdb93cde6ccb5176f96b0ddbba08d83e6c6aef2,2025-10-25T18:33:42Z,True,merge,112033,,human
4.6-stable,bc85da65a54cc29a9a18311c5980c25f7f492b2c,2025-10-25T19:41:40Z,False,direct,,,human
4.6-stable,1e0ec09bebc572551a9315559d7838c130f61123,2025-10-25T20:43:41Z,False,direct,,,human
4.6-stable,3ee7bf459a55ceaa02cf2ff8c8fa66a94183c166,2025-10-26T08:40:03Z,False,direct,,,human
4.6-stable,7768deaa04cbb4883c9b1e48b37d6b70761ab299,2025-10-26T11:10:43Z,False,direct,,,human
4.6-stable,f47778ad5286d2ad9d03a6cf7ff519aab4483de0,2025-10-26T11:21:36Z,False,direct,,,human
4.6-stable,ac5aa66012d16c2078bc2ef86bb31eb2e85d9601,2025-10-26T12:40:10Z,False,direct,,,human
4.6-stable,bdb4ca906f4553a74417a948927ebaf9d10840de,2025-10-26T14:02:40Z,False,direct,,,human
4.6-stable,0a0a72b74ac34b0eebba00d56a3d1782f29bd6e6,2025-10-26T16:54:16Z,False,direct,,,human
4.6-stable,feb65f75f28c37d307890558ab47340900cfd28f,2025-10-26T20:24:39Z,False,direct,,,human
4.6-stable,2c14fc7d24ad577b02725d3df88aeec6e39524d7,2025-10-26T20:41:00Z,False,direct,,,human
4.6-stable,796281f62f922b7a48a5971ec0e44818f4a361ee,2025-10-26T22:25:17Z,False,direct,,,human
4.6-stable,580a225a4a16019fbfc135d9f3554f01a10a9a1b,2025-10-26T23:52:50Z,False,direct,,,human
4.6-stable,70eba54fb3f98924d8b8d45dee7b5c8081df57b9,2025-10-27T01:44:11Z,False,direct,,,human
4.6-stable,256e2f00ba7dd1c37155bedb46544265dce9ce3f,2025-10-27T06:37:10Z,False,direct,,,human
4.6-stable,c1ee8e52e448f4052ff8e73fe132de4b601f2512,2025-10-27T09:47:45Z,False,direct,,,human
4.6-stable,4a9816269048d22c92adafb925ab298c620eff27,2025-10-27T10:10:58Z,False,direct,,,human
4.6-stable,82ddbe78788c1d478348fe285d983a23076554be,2025-10-27T10:37:18Z,False,direct,,,human
4.6-stable,9f7ebaea5c43b3c5c860de782ed1d0f544124062,2025-10-27T11:36:34Z,False,direct,,,human
4.6-stable,b320a6569eedc87f79d68126294ab842e5a904f2,2025-10-27T11:49:35Z,False,direct,,,human
4.6-stable,31ee691fbf4f04990cf25c92603113000462a209,2025-10-27T13:02:04Z,False,direct,,,human
4.6-stable,687aa56ec86f4fdc8f1c393f444e65a245c4224e,2025-10-27T13:53:31Z,False,direct,,,human
4.6-stable,1e481b2d14b4a47fea9bc5434b7849c9b8c72dc2,2025-10-27T14:42:56Z,False,direct,,,human
4.6-stable,9e7a4987b74cadfc854d9ba55bf9100294fce9e6,2025-10-27T15:01:27Z,True,merge,112004,,human
4.6-stable,97d11cf4f5faa865d40593aee946cc50430ff8dc,2025-10-27T15:01:28Z,True,merge,112005,,human
4.6-stable,fb7e9486c6ab8d71e0c3cbb48873ebd92f80bd0c,2025-10-27T15:01:29Z,True,merge,112006,,human
4.6-stable,eae590550f5f7ad5177e6d2c187c97cf6ec8ca77,2025-10-27T15:01:30Z,True,merge,112015,,human
4.6-stable,9ea8b10475c704a6eb64e3c41f074c598d2ff519,2025-10-27T15:01:31Z,True,merge,112016,,human
4.6-stable,3f721d6c8ce630d60252fc847ef1123fa980ef13,2025-10-27T15:01:32Z,True,merge,112019,,human
4.6-stable,bf90fc8c9c56e70cbf3df04d32dbac242d9d20e3,2025-10-27T15:01:33Z,True,merge,109844,,human
4.6-stable,6d32d3df75c588831064e395df33b34d1c0a5a75,2025-10-27T15:01:35Z,True,merge,111766,,human
4.6-stable,1996e8a1358429e20dc821bece2450ad16a92454,2025-10-27T15:01:36Z,True,merge,112023,,human
4.6-stable,40e3ac84bc7620194ae8f81ff4995af3105637fc,2025-10-27T15:01:37Z,True,merge,107672,,human
4.6-stable,73bc7fd3b7d14cca5addb19646498fc05104baa0,2025-10-27T15:01:39Z,True,merge,112030,,human
4.6-stable,0fe71c128c7ee4a18cb832f9e451466551b77715,2025-10-27T15:01:40Z,True,merge,112034,,human
4.6-stable,08db7ddf2f146746396eca0582af0a91fa8e1524,2025-10-27T15:01:41Z,True,merge,110245,,human
4.6-stable,33df7125ec80222e576a77171815535fa7df5759,2025-10-27T15:01:42Z,True,merge,109999,,human
4.6-stable,1fbadf8c4e74c0daa24335a26318d4323991acff,2025-10-27T15:01:43Z,True,merge,111801,,human
4.6-stable,9928e863fdc865cedfbf8555b1031483c9764a64,2025-10-27T15:01:44Z,True,merge,111552,,human
4.6-stable,b72937587a662af75608f2a97f65ff2694fc85ff,2025-10-27T15:01:45Z,True,merge,110400,,human
4.6-stable,8c7f2892671fce64470384be12e42e3fdfdc9b60,2025-10-27T15:01:46Z,True,merge,112069,,human
4.6-stable,978f9b84ce945891e7154e3cd71f918870bc82da,2025-10-27T15:01:47Z,True,merge,112070,,human
4.6-stable,ae8c92987e3459c9cb4be763745b86c8a7744579,2025-10-27T15:01:48Z,True,merge,109511,,human
4.6-stable,5a257a904a7dabfafb127de140ffddf4413708ce,2025-10-27T15:01:50Z,True,merge,112073,,human
4.6-stable,5c9333073abe04e95098597e167055b54a62f429,2025-10-27T15:01:51Z,True,merge,111696,,human
4.6-stable,685fa3281ce4b0791347dcf4ecc9bce2bb0dd82c,2025-10-27T15:01:52Z,True,merge,111580,,human
4.6-stable,c0c1c685621971c75c0f0f4aab85e8293c67a993,2025-10-27T15:01:53Z,True,merge,111600,,human
4.6-stable,91c815a545d5677130ae724f534b318570945323,2025-10-27T17:04:56Z,False,direct,,,human
4.6-stable,b9cc82df404b28218fb87cbf645dd96375949584,2025-10-27T21:00:45Z,False,direct,,,human
4.6-stable,97c17aedc7d2c77fe5e2be55e2567842380865f6,2025-10-27T21:45:26Z,False,direct,,,human
4.6-stable,4df96fc7ab5c12bc902a87fcff297756cac655e0,2025-10-28T03:10:28Z,False,direct,,,human
4.6-stable,b1621dfc0b98f635c5f0c50b2f445a88893d6f37,2025-10-28T07:13:10Z,False,direct,,,human
4.6-stable,13ada4a565bec1e3a5bb54a040c4f0b3e5abb531,2025-10-28T07:59:41Z,False,direct,,,human
4.6-stable,6dfd8223909ce2d2237701ba98f9230f895df3ad,2025-10-28T10:11:07Z,False,direct,,,human
4.6-stable,af77ae8137342b5ebc431ad9eaa9e01320bcc0da,2025-10-28T15:15:29Z,True,merge,111874,,human
4.6-stable,8bae34aa49cd5e2d39b63ad526161f7757344e4a,2025-10-28T15:15:30Z,True,merge,111976,,human
4.6-stable,38369f46184443401dc91ef5e6c28f41ce5c7d4b,2025-10-28T15:15:31Z,True,merge,111962,,human
4.6-stable,c17ca39d99a4daa9d518feb6d164bd554f33df4b,2025-10-28T15:15:33Z,True,merge,112113,,human
4.6-stable,00b6e8a9d0ac3fad1c1e37e33d5c01e46002ce03,2025-10-28T15:15:34Z,True,merge,111570,,human
4.6-stable,3cd6b3f8c621eabb68962d58ebeefd2457f6a78f,2025-10-28T15:15:35Z,True,merge,111674,,human
4.6-stable,6e8703b0cebf9f7ce9e35eace90ca144486ddafe,2025-10-28T15:15:36Z,True,merge,111963,,human
4.6-stable,ea381ac992a8f6d5c05d9159fa8c4eaa95ebb3f0,2025-10-28T15:15:38Z,True,merge,111198,,human
4.6-stable,da0c60e10db322daec721ef9b0a567601ecf67f1,2025-10-28T15:18:13Z,False,direct,,,human
4.6-stable,bbdf37b7a295ecb067e26546c2b99b8e6bccc987,2025-10-28T17:12:59Z,False,direct,,,human
4.6-stable,94df7a1cd1763c89e096b51620f7353b96938f1a,2025-10-28T17:19:15Z,True,merge,111998,,human
4.6-stable,82f88382634560783b765c11787f641b575886d9,2025-10-28T17:19:17Z,True,merge,110307,,human
4.6-stable,d0626c8679b4e1c23b5ef041415fc005d9a04567,2025-10-28T17:19:18Z,True,merge,95075,,human
4.6-stable,597b0a2f0306e09dbcc5b1d28a3d53d1b1d2e1c4,2025-10-28T17:19:20Z,True,merge,109986,,human
4.6-stable,60f6733d382030f5c018cc722479c54971c9533d,2025-10-28T17:19:21Z,True,merge,110218,,human
4.6-stable,597553a7f5787facae67f22846b8eddb3ea1c0c3,2025-10-28T17:19:23Z,True,merge,111821,,human
4.6-stable,f7c9306453337e69ad828b7dc38cb75628256ec6,2025-10-28T17:19:24Z,True,merge,111326,,human
4.6-stable,f1f3f068439bf947b75811e5d1262b7b8df8dd3a,2025-10-28T17:19:26Z,True,merge,97871,,human
4.6-stable,f2f806fa04266437b4ebe3876a4d65ff3e8d5d32,2025-10-28T17:19:28Z,True,merge,110323,,human
4.6-stable,093f176362dc6e2340084dcf96442c9bd220a291,2025-10-28T17:19:30Z,True,merge,111988,,human
4.6-stable,d8558da4d636287f4d0a6b7899ec9a0064e4ecea,2025-10-28T17:19:32Z,True,merge,110581,,human
4.6-stable,1ed5f2eed98598f16a51f33b735ef5b3fb5ec10b,2025-10-28T17:19:33Z,True,merge,110328,,human
4.6-stable,daf15172eb10b3718f0c869e35c420fc04f8ec0f,2025-10-28T17:19:35Z,True,merge,97753,,human
4.6-stable,ed751529bc35f1598579429f64817b6d3d647230,2025-10-28T17:19:36Z,True,merge,112094,,human
4.6-stable,2cb2c1fb5bbeb2afbac7255841f9c66d9611bf55,2025-10-28T17:19:38Z,True,merge,112063,,human
4.6-stable,7db9be56858ee9e1f18b50238146c6e4ecb1b7e4,2025-10-28T19:21:59Z,False,direct,,,human
4.6-stable,a149280ceab6f49786bd4e0065166c28c5f543ba,2025-10-28T19:24:54Z,False,direct,,,human
4.6-stable,7d8370a5fb10de0b5687709f9fe6e52986a3449f,2025-10-28T19:30:55Z,False,direct,,,human
4.6-stable,1af77aa69d29aa7d16b9233bf7f7c71bdc150f71,2025-10-28T21:05:00Z,False,direct,,,human
4.6-stable,c5fe5d4fafdf960eb4a3503e47e1a763720317d1,2025-10-28T21:09:07Z,False,direct,,,human
4.6-stable,7c55e9e749a1ea8c70ea7c1077c596e86cffc5c4,2025-10-28T22:19:45Z,False,direct,,,human
4.6-stable,6353f0385b1a7c88c595dc56c15381ad734de40d,2025-10-29T01:34:27Z,False,direct,,,human
4.6-stable,b2a4bda3b0d1fdd9707ca4053c6bb1300a29f7bd,2025-10-29T07:48:22Z,False,direct,,,human
4.6-stable,48575336e809971291507fbfcd6e227ee248ae3f,2025-10-29T11:37:23Z,False,direct,,,human
4.6-stable,d4aa3e322dcf5335466923f4e6c169f6d263e54c,2025-10-29T12:02:45Z,False,direct,,,human
4.6-stable,736189f046588be3018f7a9b0463205670c25112,2025-10-29T12:31:51Z,False,direct,,,human
4.6-stable,8fa94db248b6ef3eaedca8f6742771afdbbfc77e,2025-10-29T13:07:23Z,False,direct,,,human
4.6-stable,766b45bdd9e81584e989f949110a7461d9ecfab7,2025-10-29T13:27:50Z,False,direct,,,human
4.6-stable,e3eef8c36348d8385ab11eb99a942acfbbc039dc,2025-10-29T15:26:54Z,False,direct,,,human
4.6-stable,7df65de79603c872419aaedfbf6589c10ba80910,2025-10-29T16:51:11Z,False,direct,,,unknown
4.6-stable,be0a658471f879c930d99015ae13da06b63ca5aa,2025-10-29T18:13:46Z,True,merge,112128,,human
4.6-stable,a0cde1e151fc4f77f1cae330bdbee592c1f2ee30,2025-10-29T18:13:47Z,True,merge,112129,,human
4.6-stable,881058009fd1d818e3a701f1058f810e32353d09,2025-10-29T18:13:48Z,True,merge,111522,,human
4.6-stable,84e713c6c1af7f5eb02b5c470e00fc225281fb93,2025-10-29T18:13:49Z,True,merge,112131,,human
4.6-stable,e5e2c06c27cff018442b31e1a3a3adb9a42dd116,2025-10-29T18:13:50Z,True,merge,112141,,human
4.6-stable,95977711ed70bfd818afda77ee9e15af78a5d704,2025-10-29T18:13:52Z,True,merge,107887,,human
4.6-stable,0994b19ba43d7d5d2eaaac688e0767cc9cf994a0,2025-10-29T18:13:53Z,True,merge,111025,,human
4.6-stable,92f57ed14d7ebdcae99b24e0c057fbd43ebb56e1,2025-10-29T18:13:54Z,True,merge,112145,,human
4.6-stable,2b3c397e01554f7b2489ac29d5545b4927a1082a,2025-10-29T18:13:55Z,True,merge,112152,,human
4.6-stable,534591047ee3af8ae828dddd6e206638413f6826,2025-10-29T18:13:56Z,True,merge,103257,,human
4.6-stable,cc13a376c5345e22612f735bb8d5f557d5bc57ed,2025-10-29T19:06:40Z,False,direct,,,human
4.6-stable,d795a3b536327748b40367b656d09aa07bde9895,2025-10-29T19:56:49Z,False,direct,,,unknown
4.6-stable,1c1c3200e4b39c6184eaa3a69e8104d76d7a26be,2025-10-29T21:25:37Z,False,direct,,,human
4.6-stable,f88e1087797f58ac6f92938e44b886f06ea69392,2025-10-29T21:35:50Z,False,direct,,,human
4.6-stable,07f4c066018314f2957e2892b8ddf55df13097e7,2025-10-29T22:55:50Z,True,merge,112176,,human
4.6-stable,c885098266234c652dcc5fc371d9c234fd66c6d1,2025-10-30T00:13:20Z,False,direct,,,human
4.6-stable,b40e63566a5ea50fd33471b96b51b9922bb5f80f,2025-10-30T00:22:14Z,False,direct,,,human
4.6-stable,ea9a2c3b2cd0703e7586f0c124b7e99af10fab1c,2025-10-30T00:44:41Z,False,direct,,,human
4.6-stable,eccd82afb44df2a0415cd731ee82d140199f2b66,2025-10-30T01:52:08Z,False,direct,,,human
4.6-stable,e06f015f959fddf3660863186a5947e49cb03166,2025-10-30T03:31:54Z,False,direct,,,human
4.6-stable,e72374a5da98f3c824974507dbdf3e8529940d95,2025-10-30T05:59:16Z,False,direct,,,human
4.6-stable,419fc6e22d6081b156834487a8ae78934c9e8ff9,2025-10-30T07:59:06Z,False,direct,,,human
4.6-stable,f0d5073037198e07b586fe40c93e34df4f0166d4,2025-10-30T09:40:50Z,False,direct,,,human
4.6-stable,de3ff9939841047080fa4477c26999a4d24f1c95,2025-10-30T10:20:00Z,False,direct,,,human
4.6-stable,2ac01c189d0b46d4f5dec05a5d9b25e5b91ca291,2025-10-30T10:38:24Z,False,direct,,,human
4.6-stable,f68bf2f54538c5252a4bba506971b1a8d4e99049,2025-10-30T10:40:12Z,False,direct,,,human
4.6-stable,b53af55462b3eb2429739af3a14455479279506d,2025-10-30T10:42:45Z,False,direct,,,human
4.6-stable,a176e4ff09c2163d65f22a97c98ffc855c83e050,2025-10-30T15:45:52Z,True,merge,111498,,human
4.6-stable,638366b4e0fbd6bff886419d10f070e875d907fc,2025-10-30T15:45:54Z,True,merge,107947,,human
4.6-stable,eaa80e62a842d72952e71587e2d00aca421afa1d,2025-10-30T15:45:55Z,True,merge,108076,,human
4.6-stable,416ba9a1c6c2c998f61c2d262ad85d57869757b9,2025-10-30T15:45:56Z,True,merge,109517,,human
4.6-stable,19aeefd2ea9b12d21e210fad89a687d9333a3640,2025-10-30T15:45:57Z,True,merge,112140,,human
4.6-stable,1c7f1b2234ae0742bc37266c4c24fccdb0370220,2025-10-30T15:45:58Z,True,merge,106031,,human
4.6-stable,9b0620bf5fded02105d75b5b0f74f0b20e2dfef6,2025-10-30T15:45:59Z,True,merge,112185,,human
4.6-stable,879bd6eb9408fc9a7a5c753776aad1969383bfb4,2025-10-30T15:46:00Z,True,merge,106290,,human
4.6-stable,4725a4bac957772308dc05967cbb8c3bfe887640,2025-10-30T15:46:02Z,True,merge,104793,,human
4.6-stable,8ab907181c1bf90448f276beba967d458e1db2f9,2025-10-30T15:46:03Z,True,merge,106299,,human
4.6-stable,fd89a17d2f491933a991b0e6afc6d17d30264bb0,2025-10-30T15:46:05Z,True,merge,106684,,human
4.6-stable,e4c9950f622a3a750f13b21e8757165bc25ad352,2025-10-30T15:46:06Z,True,merge,103742,,human
4.6-stable,b326b15f7fb5e46ab9605fd5dd4cb6b925cfc9be,2025-10-30T16:33:50Z,False,direct,,,human
4.6-stable,ebd32c15ecc7df7d45fe288cd8f7ed16c4c0731d,2025-10-30T17:12:17Z,False,direct,,,human
4.6-stable,0129ffd4663c003d4f4e0f3c0320b6f35a81dbb2,2025-10-30T18:47:48Z,False,direct,,,human
4.6-stable,76239f8384409455e080ef7a6e2575773b44dbfd,2025-10-30T18:51:34Z,True,merge,111524,,human
4.6-stable,60f94093b157f51196577e46f17a8690ab47d992,2025-10-30T18:51:35Z,True,merge,112168,,human
4.6-stable,8afb2e59761cda17f23977c8ff2f4d57831796cc,2025-10-30T18:51:36Z,True,merge,111118,,human
4.6-stable,433c8849c2953253fbe4a720a90660d01036d43e,2025-10-30T18:51:37Z,True,merge,112208,,human
4.6-stable,64b18288d7038ea4648055627a612b7c2b962000,2025-10-30T18:51:38Z,True,merge,112190,,human
4.6-stable,250ef8dc32c17d93f904b636e772b82ad3d88597,2025-10-30T18:51:39Z,True,merge,112095,,human
4.6-stable,1a1967f989d38467c08e461b5e4dba9193d3c08f,2025-10-30T20:32:15Z,False,direct,,,human
4.6-stable,b0cb297cdef8ae45649ed50429be74594b0697b8,2025-10-30T21:57:53Z,False,direct,,,human
4.6-stable,ca0eb5da24e4f22d4d1887a1f3b79b6434ce5eb9,2025-10-30T22:40:52Z,False,direct,,,human
4.6-stable,2e59cb41f470b313b991d3e8dfd692c03a009164,2025-10-31T04:56:26Z,False,direct,,,human
4.6-stable,ce2fae79b128152d4157262b03125892adeb80aa,2025-10-31T10:03:32Z,False,direct,,,human
4.6-stable,7b797988cc76047374c9dc4bfa4423e3b5ac5c76,2025-10-31T10:25:23Z,False,direct,,,human
4.6-stable,a99fdbd21014dd57a4f8f7448f6ab8f19b6af737,2025-10-31T11:15:27Z,False,direct,,,human
4.6-stable,a73722e0e9d5a921729cf5831e46a28521ac6a7d,2025-10-31T12:36:56Z,False,direct,,,human
4.6-stable,5b1d82c9acbe12e698b80d48b45fadb6ac5fa605,2025-10-31T13:20:37Z,False,direct,,,human
4.6-stable,865a2b0ec58618413ed3c1f7ec37505fb5bea36d,2025-10-31T14:08:27Z,False,direct,,,human
4.6-stable,6c516a24e2001f16e916ddd146987352b4ece4b7,2025-10-31T14:13:00Z,False,direct,,,human
4.6-stable,bb5c32abbe33d85ab5625c270c27e7db7fff333c,2025-10-31T14:23:22Z,True,merge,112192,,human
4.6-stable,fd672dbcfc30baaaac33c0328a7e28ad6f5f062a,2025-10-31T14:23:24Z,True,merge,112227,,human
4.6-stable,bbcdc41082b82dce3ccaa9f49d43be79f966e457,2025-10-31T14:23:25Z,True,merge,103113,,human
4.6-stable,5c4f173a85a9eb4f2d3f0a703dd378171db33efa,2025-10-31T14:23:26Z,True,merge,110219,,human
4.6-stable,35928c5b23965f230e34d53e9fd66a334fea858c,2025-10-31T14:23:27Z,True,merge,112239,,human
4.6-stable,72a1b5a2e5632ad352f7f7dffd748a38931d9143,2025-10-31T14:23:28Z,True,merge,108607,,human
4.6-stable,c3d319752df7d3dbdfff3ba1d44ca5368ebc8248,2025-10-31T14:23:29Z,True,merge,112212,,human
4.6-stable,ae9732139a9ec9b1b6b231ea64ff4b3f66610e81,2025-10-31T14:23:30Z,True,merge,109433,,human
4.6-stable,c2c7bf6b01906677a681f6042a36cd3e835ecfb6,2025-10-31T14:23:31Z,True,merge,112220,,human
4.6-stable,3c1e4792909fbaff63e2437f1c06029bd1aa507f,2025-10-31T14:23:32Z,True,merge,110077,,human
4.6-stable,ba3b0247650b635cd99949fd4f8215cbdff5788b,2025-10-31T14:23:34Z,True,merge,110078,,human
4.6-stable,08705259f222077b394d3354a199050142365333,2025-10-31T14:23:35Z,True,merge,109919,,human
4.6-stable,7a42a4e1576c3cd50030bde54c1fd2eb11106057,2025-10-31T16:15:15Z,False,direct,,,human
4.6-stable,8e626d5103f598cce309c865bfed011c9f2db565,2025-10-31T16:52:18Z,False,direct,,,human
4.6-stable,b6e610136e22960ed4fcdea576cb00bcc3c4ee91,2025-10-31T17:48:47Z,False,direct,,,human
4.6-stable,6ee723c12a8918f6232dba925ab608692d5ee494,2025-10-31T18:27:20Z,False,direct,,,human
4.6-stable,fd85c5b378b26b3ccdc8aeddb9d118daff7ddb36,2025-10-31T19:37:05Z,False,direct,,,human
4.6-stable,9d0a9f9a37ae8e3378cafd0099697845ee93e9aa,2025-10-31T19:48:16Z,False,direct,,,human
4.6-stable,768991f4ba2883d9e5fa3f6f2ca83bf900344ad3,2025-10-31T21:10:38Z,False,direct,,,human
4.6-stable,f9c38e9a09743c7fb3ae353b393c1c3d23b22eee,2025-10-31T22:05:42Z,False,direct,,,human
4.6-stable,2a10291f41ff25cad2153bf2b4c7bf8828e09ea2,2025-10-31T22:52:39Z,False,direct,,,human
4.6-stable,ee76f3d93ec1b87627e97a5aa2b4bfd24c6ed5f4,2025-10-31T23:48:08Z,False,direct,,,human
4.6-stable,d27fb9b15a264b5a092eb5b45ab90c353492b2b4,2025-11-01T00:59:58Z,False,direct,,,human
4.6-stable,d9cf67dfe9aefa13b866bcf91e87f931e4036980,2025-11-01T01:28:39Z,False,direct,,,human
4.6-stable,986786dc8ca30ad30aa49fe2021ffe9e9964c01a,2025-11-01T01:35:39Z,False,direct,,,human
4.6-stable,1bf90662b88970f21f37433d4c5c347ed8ca4a9f,2025-11-01T04:29:43Z,False,direct,,,human
4.6-stable,1270e180d6db37e98cb298644f35ca9bada6b865,2025-11-01T09:31:44Z,False,direct,,,human
4.6-stable,286e578b0221c4d018b39ade558ef5afa8453f04,2025-11-01T10:48:10Z,False,direct,,,human
4.6-stable,3b13bb1126d3736d18614d6fe5ce8abff15ccaf8,2025-11-01T11:15:14Z,False,direct,,,human
4.6-stable,593c261c42008e7158b2bd3d096e7d86a9a10308,2025-11-01T14:33:18Z,False,direct,,,human
4.6-stable,4fe40ac07e72f51c5ec3e8fe8bd8ca2ac366d784,2025-11-01T14:38:58Z,False,direct,,,human
4.6-stable,1ace0b449a350339346ee2d726e22fd7df718e8a,2025-11-01T17:30:51Z,False,direct,,,human
4.6-stable,d23401b2be1946c1386558a18c4c9be6c73d8746,2025-11-01T18:04:46Z,True,merge,107855,,human
4.6-stable,9e2045018f90eb4cb66ad2162219163aa2a48cfa,2025-11-01T18:04:52Z,True,merge,109422,,human
4.6-stable,85e47d6facd9477c6d85d287166f6fb59fbac2e3,2025-11-01T18:04:57Z,True,merge,109447,,human
4.6-stable,9a079cd2b2abe6a0a2bde7f1351f15ef6df448bc,2025-11-01T18:05:03Z,True,merge,110428,,human
4.6-stable,e7ded6246562313e5eae882ca0c7dbb8104b2e53,2025-11-01T18:05:11Z,True,merge,110593,,human
4.6-stable,accf00c00032351c577a7607e21d768d8f86ec6d,2025-11-01T18:05:18Z,True,merge,111384,,human
4.6-stable,04a089d46948965907e002e59b74188e958c298f,2025-11-01T18:05:24Z,True,merge,111651,,human
4.6-stable,17ea264f8f5178bdf52295ea0b0708a63de15842,2025-11-01T18:05:28Z,True,merge,111896,,human
4.6-stable,decb55916af2ea137cf5d5d5e364eb199df9b92c,2025-11-01T18:05:33Z,True,merge,111975,,human
4.6-stable,1025d6f5c2ccdf1cdc1ab3c134301c5c4e79cd09,2025-11-01T18:05:39Z,True,merge,112047,,human
4.6-stable,9b36dfe0b0e76c78811cb963a7620758a24e0957,2025-11-01T18:05:45Z,True,merge,112052,,human
4.6-stable,cda419aa8a65e5213af155c2b791b137e112f743,2025-11-01T18:05:50Z,True,merge,112180,,human
4.6-stable,86b0ed865c2fa1be3a01803c71c42237ef9e5bae,2025-11-01T18:05:54Z,True,merge,112242,,human
4.6-stable,cd7b57e6c8ca58b8d187f5106d54f4604bf02f96,2025-11-01T18:05:58Z,True,merge,112243,,human
4.6-stable,9785a666591d6ea3733471b2e18539f16d1ab415,2025-11-01T18:06:03Z,True,merge,112245,,human
4.6-stable,1962e7d058aa071fae3f8f4809c032e9a316425e,2025-11-01T18:06:07Z,True,merge,112249,,human
4.6-stable,ba125108eb11113e733c3ee7b05334cf64ae3208,2025-11-01T18:06:12Z,True,merge,112251,,human
4.6-stable,1aef8d582eb90820dc9b1f5c8e4c43b3fc2e96b6,2025-11-01T18:06:18Z,True,merge,112255,,human
4.6-stable,dbcd533d50342f178cbd443141781bfb247a116b,2025-11-01T18:06:22Z,True,merge,112259,,human
4.6-stable,b376a3365485288e50f8eec0f7d342ffec5d1a8f,2025-11-01T18:06:27Z,True,merge,112260,,human
4.6-stable,f900c20fd5e092b11a0f76d2559dc8aaa0da4b9c,2025-11-01T18:06:32Z,True,merge,112261,,human
4.6-stable,4ca3a9094f5661aeafb91c70f5d646a4169c9a36,2025-11-01T18:06:37Z,True,merge,112264,,human
4.6-stable,402805d26fbe09b4bc1cf5b4713b6ecedd88c7e7,2025-11-01T18:06:42Z,True,merge,112267,,human
4.6-stable,efeb1201f461743edc8a974d38461c3d8a7a2550,2025-11-01T18:06:47Z,True,merge,112268,,human
4.6-stable,334e58094a82cef3080d495689e18890f5e0492d,2025-11-01T18:06:52Z,True,merge,112271,,human
4.6-stable,60043b51ff743e403a41624a7aa5eb617156abaa,2025-11-01T18:06:57Z,True,merge,112272,,human
4.6-stable,66d2d9ad61c66005c5c509239836f14479fde0e4,2025-11-01T18:07:02Z,True,merge,112277,,human
4.6-stable,0fdbf050e0c7fc7e0a9d42c2a41ee3bfdffbd8f1,2025-11-01T18:07:07Z,True,merge,112279,,human
4.6-stable,aee211bcfa2096364eb2f015a4b0d4dcf73b7ab4,2025-11-01T18:35:10Z,False,direct,,,human
4.6-stable,4e22eddb3c582cbaf4665dbb52d6b642ff0b9066,2025-11-01T19:19:35Z,False,direct,,,human
4.6-stable,3b16d96d821e1652e8ffc6f9cbd1f3092e4037a0,2025-11-01T20:10:47Z,False,direct,,,human
4.6-stable,ad5931ea280284b1487bc4ac915796815658781f,2025-11-01T21:22:40Z,False,direct,,,human
4.6-stable,0a679a0a7f5f1c0b6454c75554d20330e88516c7,2025-11-01T21:55:41Z,False,direct,,,human
4.6-stable,a54b8b48a0861c891851c0eb048803902c2be996,2025-11-01T22:16:38Z,False,direct,,,human
4.6-stable,fccba5b8599ca6ad413cb0c97246cbacd5b265bd,2025-11-01T23:32:08Z,False,direct,,,human
4.6-stable,0cbb788a72c5d1ad3a9fd5e824f37d34313526d5,2025-11-02T10:07:50Z,False,direct,,,human
4.6-stable,8e94bfef53fa3ec501db7c4a78ef74bb885ae27c,2025-11-02T13:46:25Z,False,direct,,,human
4.6-stable,e2cd3ceac9db70d44b5ed611e32dcd8486130698,2025-11-02T14:24:04Z,False,direct,,,human
4.6-stable,e0cb03a3710e97d4f8b9201ceb1a36c7adac8eeb,2025-11-02T16:59:37Z,False,direct,,,human
4.6-stable,3fa73d4f5fc284e72a2fc4af3f2b1d9f8c502d23,2025-11-02T20:40:51Z,False,direct,,,human
4.6-stable,ec9711531dc09e4ae9f48ee41a047ff43d218d1c,2025-11-02T20:49:44Z,False,direct,,,human
4.6-stable,ff6e103d019986ef86c21fb711be76d5d4c939b1,2025-11-02T23:19:37Z,False,direct,,,human
4.6-stable,aed8f32e72d68b683fc5030f8f27c4c841e4864a,2025-11-03T08:21:46Z,False,direct,,,human
4.6-stable,8895dfa56c4a87db3d4b7ebf3f5d6d60ed7f7a18,2025-11-03T09:14:57Z,False,direct,,,human
4.6-stable,0d46d42f2ab3114ae291ea1a53d8cccebd39cff9,2025-11-03T09:52:25Z,False,direct,,,human
4.6-stable,990889fe1a3302d43c46a2060cfd461d0f819ea1,2025-11-03T10:15:49Z,False,direct,,,human
4.6-stable,29da94290f0624be804f95373ea06ccb3e4e104b,2025-11-03T10:21:42Z,False,direct,,,human
4.6-stable,f428358c69d0359c62e2a3bcda518971e614d54e,2025-11-03T11:10:17Z,False,direct,,,human
4.6-stable,ba6b7d28180c608d85226d45d5447117d9722169,2025-11-03T12:11:52Z,False,direct,,,human
4.6-stable,86bf1d95fc7d9aa8d948d91ec95a95ae65521cbd,2025-11-03T12:25:56Z,False,direct,,,human
4.6-stable,4cc5177f6be93de23c38e9fe076d8eec0b335e34,2025-11-03T14:36:55Z,False,direct,,,human
4.6-stable,39fbcbd2be960b8b16132121665a2810d33f9463,2025-11-03T15:16:38Z,False,direct,,,human
4.6-stable,bf22eb25e3ef096afb48eeb515baaf9e91790ad6,2025-11-03T17:38:48Z,False,direct,,,human
4.6-stable,83c6da4a458d0708570080049f77292a99600bf6,2025-11-03T17:38:57Z,True,merge,112322,,human
4.6-stable,7cd4ee59230b0e66ee0a0ae3b5cb73133f58b652,2025-11-03T17:38:58Z,True,merge,112291,,human
4.6-stable,417ce3123da21754e067e39b0a1d1a61967879f5,2025-11-03T17:38:59Z,True,merge,112233,,human
4.6-stable,c95a2e352658c395fb6ce6b9956e73afc3b5a60d,2025-11-03T17:39:00Z,True,merge,112298,,human
4.6-stable,7cf218e0b4b69f7cc46fc0fb18423aa8af47bc96,2025-11-03T17:39:00Z,True,merge,112299,,human
4.6-stable,6604a253d7431cf780fbab4c5a60de695045dc47,2025-11-03T17:39:01Z,True,merge,112333,,human
4.6-stable,2132ba89ab60f86dfe9b23b7f2d559be73829c32,2025-11-03T17:39:02Z,True,merge,112115,,human
4.6-stable,06faefc9f4d7169ebb580abf8f7dcfc2809f90f6,2025-11-03T17:39:03Z,True,merge,112313,,human
4.6-stable,fb5a299a609c5b4bb4ba2101ee6047d3aabb99df,2025-11-03T19:31:29Z,False,direct,,,human
4.6-stable,e32b9274a3fff2bb8f4ff6ecb9aa2a5ce14c081d,2025-11-03T20:00:05Z,False,direct,,,human
4.6-stable,21e3ef9af74b02f8466955523cfe09682357cf23,2025-11-03T20:04:19Z,False,direct,,,human
4.6-stable,4f4d4ca26c436406344f16fd49c9b4cd63383598,2025-11-03T20:34:40Z,False,direct,,,human
4.6-stable,09f9dc157acd38df2a41a448ae16255d5ff975ce,2025-11-03T23:25:08Z,False,direct,,,human
4.6-stable,8a6d044fa1464cacb836de44bc23042397006e50,2025-11-03T23:30:11Z,False,direct,,,human
4.6-stable,486043f63843c9ee3fa45765ec866b9369079b7f,2025-11-03T23:49:33Z,True,merge,111369,,human
4.6-stable,85082bbe1a53ca45b28c1c8d7059fc3551f931bf,2025-11-03T23:49:34Z,True,merge,112241,,human
4.6-stable,76b44ebd2eba5010abe2f7a3a1e46843464bb336,2025-11-03T23:49:35Z,True,merge,112339,,human
4.6-stable,1adfcb262d14f72ccb4cb2da678e0262fe01ac49,2025-11-03T23:49:36Z,True,merge,112349,,human
4.6-stable,90659c1a72b29b3fc2dea11ff399362569c86b86,2025-11-03T23:49:37Z,True,merge,112350,,human
4.6-stable,a006881ab2fbd48c80939d4623336844288748e3,2025-11-04T01:44:32Z,False,direct,,,human
4.6-stable,8cf34991c1da0ce91998fc2c3991af79ef35d317,2025-11-04T08:05:51Z,False,direct,,,human
4.6-stable,5d6ea08a67d9e856597398c7a8a2c71ff0f69edc,2025-11-04T09:26:37Z,False,direct,,,human
4.6-stable,d23cd1b24d2a4466092d712c08cc6a9cec410fe7,2025-11-04T09:53:27Z,True,merge,111762,,human
4.6-stable,d6d7e3cbc9bfd7848b7feae65ae4a08e99a27206,2025-11-04T09:53:32Z,True,merge,111918,,human
4.6-stable,f2f543758fe45a5a7cc74d84d259552d1de7ae6f,2025-11-04T09:53:36Z,True,merge,112046,,human
4.6-stable,f9eb98d02fbf001d9419627b4fc57ed85c196e6b,2025-11-04T09:53:40Z,True,merge,112337,,human
4.6-stable,630938a4d6a4f54f2f5cf447f16c2d7cd6e0158c,2025-11-04T09:53:44Z,True,merge,112378,,human
4.6-stable,44358a586b8b44d4ba7b626c0be010c01f971346,2025-11-04T10:44:49Z,False,direct,,,human
4.6-stable,03c544fb2bb35b034013e95cd34b3a4d7bb9da4f,2025-11-04T11:03:48Z,False,direct,,,human
4.6-stable,9d84f3d135d4a53ee8c42f32d4df7cc66b2e3684,2025-11-04T11:49:46Z,True,merge,112382,,human
4.6-stable,f7b7c0827be1f2162eb7de1ea4a0e0939e0360b5,2025-11-04T14:43:55Z,False,direct,,,human
4.6-stable,8c5e67a514ac8e5c80f6a1a28024a0ccfec92466,2025-11-04T16:34:08Z,False,direct,,,human
4.6-stable,92172cab9d0dd597534658949183dcb934ad5abf,2025-11-04T18:06:29Z,False,direct,,,unknown
4.6-stable,a5424c321eca013cbd5da6401c7bece4667ed2ea,2025-11-04T18:42:11Z,False,direct,,,human
4.6-stable,c342ce423c58eb1977a92fcf547c74d9a18e53a0,2025-11-04T18:44:11Z,False,direct,,,human
4.6-stable,804188d320a1d6405d8f42c6277b511b51bd005e,2025-11-04T19:55:31Z,False,direct,,,human
4.6-stable,cb36e7e28d941dae31c1c89be5e78eb0f12f277d,2025-11-04T20:33:13Z,False,direct,,,human
4.6-stable,c5e6fde0c7e25608e8866abde2a72dc903048bf2,2025-11-04T22:32:24Z,True,merge,112142,,human
4.6-stable,dc0aa56865ffaa7a406f0db18ac90a4794a06e5b,2025-11-04T22:32:25Z,True,merge,109458,,human
4.6-stable,0d89d2fb826e72a070098b784a8df31ea265689b,2025-11-04T22:32:26Z,True,merge,112149,,human
4.6-stable,0b7627b964efb0282aa2bd4a7bdc21e96f6b7192,2025-11-04T22:32:27Z,True,merge,109845,,human
4.6-stable,cef4a7805fb94e345f6ce7c853fd30e384eb2b3d,2025-11-04T22:32:29Z,True,merge,111772,,human
4.6-stable,561bac4cb4fb9431420503288917d36a9820e419,2025-11-04T22:32:30Z,True,merge,112285,,human
4.6-stable,75eefa253d5096652c6eb7457a0c2b3a345f792a,2025-11-04T22:32:31Z,True,merge,111516,,human
4.6-stable,dc32e2c4ff407ab0e5af644c2aac0cfa49a9febe,2025-11-04T22:32:33Z,True,merge,111267,,human
4.6-stable,e07acf09779dea08c259aa1d54820da981381878,2025-11-04T22:32:34Z,True,merge,110500,,human
4.6-stable,700aa5cee28d4bef8eba2062e084c6e4a127b3c4,2025-11-04T22:32:35Z,True,merge,112036,,human
4.6-stable,3fb8961b00c77136edb4f284604e064684074e1f,2025-11-04T22:32:36Z,True,merge,110120,,human
4.6-stable,38eefbab28628271ac79ef17ddd95424e87cbec9,2025-11-04T22:32:37Z,True,merge,112297,,human
4.6-stable,90cab74af9eccd8b0cc8580e34b342239e18bc1d,2025-11-04T22:32:39Z,True,merge,110248,,human
4.6-stable,e1e3f742b7b1428fdd229aba86f2081291104371,2025-11-04T22:32:40Z,True,merge,111277,,human
4.6-stable,2ac27b2fa093a0044d671868debb6ac24f609f68,2025-11-04T22:32:41Z,True,merge,112307,,human
4.6-stable,80b82af92b3c113cdab861b04b575ef0e94039fc,2025-11-04T22:32:42Z,True,merge,111163,,human
4.6-stable,158d1788213f7dbe2ffe117232ff7af19a8b860e,2025-11-04T22:32:43Z,True,merge,112317,,human
4.6-stable,05d9587d26079d6625d43cf205d1b852d5c20d55,2025-11-04T22:32:45Z,True,merge,112318,,human
4.6-stable,809e0c710d4e54002808534f33ca1f2975e1254b,2025-11-04T22:32:46Z,True,merge,112064,,human
4.6-stable,e172334ee4285d14f7bc304de359da65aa85c209,2025-11-04T22:32:47Z,True,merge,108236,,human
4.6-stable,f3c30408d46d3e50e29f6f2c382bd0b1e6dca482,2025-11-04T22:32:48Z,True,merge,112344,,human
4.6-stable,d7353e27d8acbe3f562a802ae628af9601417132,2025-11-04T22:32:50Z,True,merge,111449,,human
4.6-stable,d845f0960de5fad4b1d47c32de3afa7fecbffd76,2025-11-04T22:32:51Z,True,merge,112351,,human
4.6-stable,410ed129593fb241add7b93714c1f5fcb074f5a0,2025-11-04T22:32:52Z,True,merge,112352,,human
4.6-stable,7fa41cf398b43e76a6a1f8cd5efba10565405e0c,2025-11-04T22:32:54Z,True,merge,112246,,human
4.6-stable,86e0c22c575473d67992f750d5eada69265c1c29,2025-11-04T22:32:55Z,True,merge,112375,,human
4.6-stable,a6e7084b40577ed26d75e05e42b5f009908bd701,2025-11-04T22:32:56Z,True,merge,112383,,human
4.6-stable,a57f96110a2d85c415bcaed57e1744d128184db7,2025-11-04T22:52:24Z,False,direct,,,human
4.6-stable,fc58be9bfc55bf39d82ebd076d016d3c3b7d068e,2025-11-04T23:12:31Z,False,direct,,,human
4.6-stable,bc9f3c7d92e9437606eec361ad155b649ca662b1,2025-11-04T23:13:11Z,False,direct,,,human
4.6-stable,7a3093c373ce155089a55232e212b8a6192d5d7a,2025-11-04T23:48:26Z,False,direct,,,human
4.6-stable,edceae18a1526948177d3da29ca685d6b6d0f150,2025-11-04T23:53:39Z,False,direct,,,human
4.6-stable,d2c3fdaec0ef952e033d6d4dc2612b718eca52a0,2025-11-05T01:45:37Z,False,direct,,,human
4.6-stable,40470e6d421cf97cf8b9d1da64c78e305158a061,2025-11-05T01:48:13Z,True,merge,112290,,human
4.6-stable,939c7d5890f05a32a6e8cdd2e70653e6e93f9d05,2025-11-05T01:48:15Z,True,merge,100197,,human
4.6-stable,98014e504e446665e83eac5548e606ce8206af51,2025-11-05T01:48:17Z,True,merge,108885,,human
4.6-stable,f99eeb96164ef36fe84e2c374615aaab7efddb9f,2025-11-05T01:48:19Z,True,merge,109017,,human
4.6-stable,019889d1da32e13dfd3bea0f66f7c38ff90a6eb8,2025-11-05T01:48:20Z,True,merge,112187,,human
4.6-stable,b30b11b01276ec270c4ea8ba767f06f671be8f97,2025-11-05T01:51:37Z,False,direct,,,human
4.6-stable,afd12e32ad66fabff5df35312311e38b0c396271,2025-11-05T02:36:42Z,False,direct,,,human
4.6-stable,cb8196252b2ebe0a7d018ccf27c602bf3885495c,2025-11-05T03:09:07Z,False,direct,,,human
4.6-stable,8749408de8a3875599f28733b32a367d9361bf69,2025-11-05T06:44:06Z,False,direct,,,human
4.6-stable,b54d575636dec680954cd69d9d74bcdfa65c3819,2025-11-05T07:27:23Z,False,direct,,,human
4.6-stable,80c2d6c439f97e20fd47523ee1d8fd4e34f324f8,2025-11-05T08:46:40Z,False,direct,,,human
4.6-stable,871ce9a12a5a7f7ae8c64cbf47ff30b2300ddb24,2025-11-05T09:06:39Z,False,direct,,,human
4.6-stable,dcb40b52acd22bb27e922d8605cf9dc12db8fc87,2025-11-05T10:33:45Z,False,direct,,,human
4.6-stable,8926bf2a7f22791549c3bacb75bf08c209e225dc,2025-11-05T13:13:07Z,False,direct,,,human
4.6-stable,5e07b74bf5067f647954340ed67d8df39af239df,2025-11-05T13:29:56Z,False,direct,,,human
4.6-stable,613c9fb86f4c18c8ed02dab94a012ea4bed689d7,2025-11-05T14:49:43Z,False,direct,,,human
4.6-stable,0d19e18b00f3b1d619094b0794090276871c43de,2025-11-05T15:51:22Z,False,direct,,,human
4.6-stable,bbfd2be4bc7bb51d3ebbf9085528771b73f53c50,2025-11-05T17:02:09Z,False,direct,,,human
4.6-stable,78096d4ce7167b78a8ba5c30ca8cdb72807d70dc,2025-11-05T17:11:43Z,False,direct,,,human
4.6-stable,89432600ce700f206cd4ec5b299fd6fc80d51f1e,2025-11-05T17:18:33Z,False,direct,,,human
4.6-stable,56f26f3ccb2af6b63299c5df30bfae7b106dcd67,2025-11-05T17:47:59Z,True,merge,112384,,human
4.6-stable,8c119e11f6d6381085a629c42730a9afa247d9e5,2025-11-05T17:48:01Z,True,merge,112363,,human
4.6-stable,8d48e1db93530582681802e61719af0deca1899a,2025-11-05T17:48:02Z,True,merge,112428,,human
4.6-stable,29a19648488263ebdd938878fd43631e53cf8b6f,2025-11-05T17:48:03Z,True,merge,112402,,human
4.6-stable,2e2059a7f8cfe20ef0ce9705a59e74fcf2b092bd,2025-11-05T17:48:04Z,True,merge,112404,,human
4.6-stable,62edbc2ae5d80ff6106de6534b7df31e121cd375,2025-11-05T17:48:04Z,True,merge,112437,,human
4.6-stable,3b4239d64928d78976764cc2129981e303ae7ca0,2025-11-05T17:48:06Z,True,merge,111288,,human
4.6-stable,c563b7beb593692bd7935bb5b5a674dd406336b9,2025-11-05T17:48:06Z,True,merge,112411,,human
4.6-stable,9d8d6fd343eca7aac1daed73c042728eaa2ad8bb,2025-11-05T17:48:08Z,True,merge,111805,,human
4.6-stable,b6ed41ed27f1fda3f8e51e538fdd58e71a5ef50f,2025-11-05T18:28:21Z,False,direct,,,human
4.6-stable,6b8fa2f48c068feae37e4f4dd967dca92a828fa2,2025-11-05T19:05:44Z,True,merge,112435,,human
4.6-stable,a1e22a329b47bc36c60ef08dc831c2043ee7d047,2025-11-05T19:05:45Z,True,merge,111572,,human
4.6-stable,6539819c2b465a679a64f6f56f1a31d3e391e9c4,2025-11-05T19:05:46Z,True,merge,112371,,human
4.6-stable,00af6f75917087bbb76fe46ddc24323e24b7838e,2025-11-05T19:05:47Z,True,merge,112443,,human
4.6-stable,eb3d6d8cd35df40df0a7f12a33917b65a96a6518,2025-11-05T19:05:48Z,True,merge,112446,,human
4.6-stable,880603652866333da31df7c8a81e2a02719d3e20,2025-11-05T19:10:26Z,False,direct,,,human
4.6-stable,0fc47cf738532f03e5ea3dd4bb47677af3a24c66,2025-11-05T19:30:57Z,False,direct,,,human
4.6-stable,2f029bc7bf07c4f3c1eb6604244b79a3f4179068,2025-11-05T20:51:48Z,False,direct,,,human
4.6-stable,60f8da0f4860cea2f8375e8234d9734ab8fe72a6,2025-11-05T21:33:34Z,False,direct,,,human
4.6-stable,f68242f533f77f5d29c06636ed45bb855e09a19b,2025-11-06T00:20:10Z,False,direct,,,human
4.6-stable,8d6a76154ef515713ce96b778e05290d2c42a308,2025-11-06T01:03:41Z,False,direct,,,human
4.6-stable,630e2c9fe513e9e7dcfba8eb7fa4c2c9b0360fd9,2025-11-06T02:08:21Z,False,direct,,,human
4.6-stable,ffa2651fbc9245548afb1d023ee425be4a042f86,2025-11-06T10:15:07Z,False,direct,,,human
4.6-stable,19e3242eb09dee3ce0a1e5247d8dd40659304bfe,2025-11-06T11:49:37Z,False,direct,,,human
4.6-stable,9e190d1bcd5064cb480a09ff6bb882c93b574c6d,2025-11-06T12:58:45Z,False,direct,,,human
4.6-stable,b71ed0da9210c00cc12ff0ed8032fabeda70272a,2025-11-06T14:04:26Z,False,direct,,,human
4.6-stable,98bdc37c024ba91bb3915f35850439c97462eb37,2025-11-06T14:13:11Z,True,merge,112066,,human
4.6-stable,659df25c97fcbe2e0f4b0d72abc103a90110e4d8,2025-11-06T14:13:12Z,True,merge,112451,,human
4.6-stable,2d7380c3fff7087f0d807411a26628fe7eaf23d1,2025-11-06T14:13:13Z,True,merge,111493,,human
4.6-stable,0cad83f7e723b37ef0bb5f5f940398b26989e3eb,2025-11-06T14:13:14Z,True,merge,112398,,human
4.6-stable,a7bf615711887adc3ffb24eb1d592c334a06b700,2025-11-06T14:13:15Z,True,merge,112377,,human
4.6-stable,cb3af5afff15669a684ba4f04b9aa5c70dfd09ad,2025-11-06T14:13:16Z,True,merge,94013,,human
4.6-stable,db06af0485a2855203218be09294560d46da4e9d,2025-11-06T16:27:08Z,False,direct,,,human
4.6-stable,2e09c69f55c198bc340d11bc24a2cd041eceacb2,2025-11-06T19:36:01Z,False,direct,,,human
4.6-stable,e2caff9a06ca4683aa65042556e8a5661ab4d4a7,2025-11-06T21:39:52Z,False,direct,,,human
4.6-stable,5243016bcdcad0ab108e3a2ff8f9b2e110b391ef,2025-11-06T23:26:24Z,False,direct,,,human
4.6-stable,802eb0b1a076f05ddcdc8ab18e5a6a27246be90e,2025-11-07T04:07:41Z,False,direct,,,human
4.6-stable,c231c8c41d31aa55d4592f8509f73721c4e63f70,2025-11-07T06:08:12Z,False,direct,,,human
4.6-stable,4dfd4ed6e719a8cc82767077c4e78a368be4e09b,2025-11-07T06:46:26Z,False,direct,,,human
4.6-stable,ca10a849f3c9f724d87a7547d6dbcf1215c2fb18,2025-11-07T07:48:15Z,False,direct,,,human
4.6-stable,281c74550a8c1ec9b8fcd15e7ca00207efc0e570,2025-11-07T08:21:20Z,False,direct,,,human
4.6-stable,23907cd03bda93018d82e152f97be06b91b51b21,2025-11-07T09:04:01Z,False,direct,,,human
4.6-stable,84365402f869c9af8d66cd7aa23a529d683ecfa3,2025-11-07T12:42:22Z,False,direct,,,human
4.6-stable,d94061459523ed03028ed5233b76565f345ce24e,2025-11-07T15:38:54Z,False,direct,,,human
4.6-stable,3a66d88be208948177781f6ec3cdd6b7e32e2f01,2025-11-07T16:23:40Z,False,direct,,,human
4.6-stable,fae64fbbd2e382923314dedf9c1180dbea14572c,2025-11-07T16:32:25Z,True,merge,111490,,human
4.6-stable,6af0c2a21c0e0f2dd4a128a38ca012dcd90a6fda,2025-11-07T16:32:27Z,True,merge,110340,,human
4.6-stable,48c169cbf076e767317a8c33d392e4f347840c58,2025-11-07T16:32:29Z,True,merge,112444,,human
4.6-stable,f989dd39919afd7714f45905762a1bedf551e4f2,2025-11-07T16:32:30Z,True,merge,104112,,human
4.6-stable,a3ec4c5a29a64b2cb0780b0b7573533fe015024f,2025-11-07T16:32:31Z,True,merge,112497,,human
4.6-stable,ee7722181fe0da78d0e9afd0885112391b7f5240,2025-11-07T16:32:33Z,True,merge,112496,,human
4.6-stable,f3c44f00a996b61b93b54672d232cff953eb50c5,2025-11-07T16:32:34Z,True,merge,106099,,human
4.6-stable,522fa8d9bcaecce7080d8802cf1ea4728b759552,2025-11-07T16:32:35Z,True,merge,106164,,human
4.6-stable,6b17d3583aeca5b0ddfc1c2446bbb16ddb9a42ee,2025-11-07T16:32:37Z,True,merge,112436,,human
4.6-stable,7df702bf80c9c7a8c3ecfbbe468d7a0c52c08dfa,2025-11-07T16:32:38Z,True,merge,108342,,human
4.6-stable,6fd949a6dcbda94140200633394f2b4b99de8f6f,2025-11-07T16:32:39Z,True,merge,110748,,human
4.6-stable,b066dd9544d8bc4159aa55cf5b74778e39a02502,2025-11-07T18:14:41Z,False,direct,,,human
4.6-stable,5c4d9930a43dd349755a4b3802536ff31a3f2d9e,2025-11-07T19:02:26Z,False,direct,,,human
4.6-stable,e50cf880c350f3d3084ef27224c3430c9d13b05d,2025-11-07T19:10:09Z,False,direct,,,human
4.6-stable,8ee3897048c0e3961a66d2626e236a7fafadac68,2025-11-07T19:11:44Z,False,direct,,,human
4.6-stable,7be272e24a9e67c4f51fe3ac862649cd80a39fde,2025-11-07T20:21:41Z,False,direct,,,human
4.6-stable,f7455c1df8e3b8c5caf5984d60f3aaa02b66de8b,2025-11-07T22:35:09Z,False,direct,,,human
4.6-stable,e80194e31f6944d09afd04fd7298fb09a3bc2b52,2025-11-07T23:08:45Z,False,direct,,,human
4.6-stable,c3747884dadbffdca55db6d84e7194cc3b64a953,2025-11-07T23:08:48Z,False,direct,,,human
4.6-stable,b8a8f8b35a85985a85a3f718e92d2a78c347c506,2025-11-08T05:06:55Z,False,direct,,,human
4.6-stable,a146639824c6d393c2ed2acdd9160ae96a1094e6,2025-11-08T05:09:47Z,False,direct,,,human
4.6-stable,808faa0ab0419ca4045d84cba60f8d14b06b8691,2025-11-08T11:35:24Z,False,direct,,,human
4.6-stable,e64c66c51eca6d1e341b0b249af67b936b2f440c,2025-11-08T16:04:10Z,False,direct,,,human
4.6-stable,b2e87ed27ffcdd9cd4a282861fe55180953bc9fc,2025-11-08T16:26:59Z,False,direct,,,human
4.6-stable,8c469be225b0a12fa50ff12587d90ddf2bba5b48,2025-11-08T18:57:19Z,False,direct,,,human
4.6-stable,ab49047604be03e35b084d8f03e816dfaa2af092,2025-11-08T20:17:35Z,False,direct,,,human
4.6-stable,c765e6cbb66bddce81f90c18d1bc9384e4289d92,2025-11-08T23:01:29Z,False,direct,,,human
4.6-stable,4694ee84f6124b10cd1ee339c873b3f780a43cad,2025-11-09T05:09:14Z,False,direct,,,human
4.6-stable,e292217f362b2773e3bcd32b448e36a6cdef2dd2,2025-11-09T05:34:14Z,False,direct,,,human
4.6-stable,069206bc743d983a85437eb5ff87ef75fe69ab1e,2025-11-09T06:55:20Z,False,direct,,,human
4.6-stable,941aff3c068524106ba9ddca9fa8958834a78be4,2025-11-09T14:37:43Z,False,direct,,,human
4.6-stable,d5d29f928d1a8d93d4bccaac7fb032c0defa751c,2025-11-09T14:50:30Z,False,direct,,,human
4.6-stable,a9dab2ba22cf6e16d08c808fda42a4ea79b25a21,2025-11-09T20:15:55Z,False,direct,,,human
4.6-stable,918fda1b0f3ddca5da1dcbe4418f759554e5a01f,2025-11-09T20:45:22Z,False,direct,,,human
4.6-stable,30f6ef59b459cce6e6b8e03ce4a038c73ab0f929,2025-11-09T23:25:34Z,False,direct,,,human
4.6-stable,ce19c4a64756850ed2360b145e19876c2167f07d,2025-11-10T01:27:16Z,False,direct,,,human
4.6-stable,875e06ce898a255443f99fa267c4be28e3ad688c,2025-11-10T01:59:30Z,False,direct,,,human
4.6-stable,3a34350666d41684cd4e58298d9d0fc1e68dc3bf,2025-11-10T05:47:19Z,False,direct,,,human
4.6-stable,72d437c03040b0473962127c2db2aab0211cf392,2025-11-10T07:01:22Z,False,direct,,,human
4.6-stable,d0b2b8616ea8e8d1395d6629cb5864b6527cbda9,2025-11-10T08:24:51Z,False,direct,,,human
4.6-stable,adf18ff44d0ba759aed2a53774f508b6d820a791,2025-11-10T09:24:37Z,False,direct,,,human
4.6-stable,4c5f6691f083c8defae21f85c9287da8e4a05afd,2025-11-10T14:19:43Z,True,merge,107400,,human
4.6-stable,ff5132ec428871fa058b93281c102873d8734fd1,2025-11-10T14:19:56Z,True,merge,109842,,human
4.6-stable,32242dbe4d246b54ad69f86e51f79fa6ce88e211,2025-11-10T14:19:58Z,True,merge,112026,,human
4.6-stable,f81b2aa376704fe3d687c7abe0fd6200262a6c3b,2025-11-10T14:19:59Z,True,merge,111517,,human
4.6-stable,9ac55bcc7fafc0b3236b34fbb68eba06c5425adb,2025-11-10T14:20:00Z,True,merge,112415,,human
4.6-stable,31867abdaa735db8b2cc66b27726d1ae22be2e04,2025-11-10T14:20:02Z,True,merge,112545,,human
4.6-stable,8a53948b4f07dcb53d034fc7ba1cfb9453224311,2025-11-10T14:20:03Z,True,merge,112421,,human
4.6-stable,58c124fd97bf324eac583679553589b459bb2e80,2025-11-10T14:20:04Z,True,merge,111398,,human
4.6-stable,bacff9741d0e24206044ab50faa9617e9a319046,2025-11-10T14:20:05Z,True,merge,112551,,human
4.6-stable,57311e717a067ef456bd97fe307c559419806c42,2025-11-10T14:20:07Z,True,merge,112556,,human
4.6-stable,82e6303634db51b7846195e518c8580721fed92f,2025-11-10T14:20:08Z,True,merge,111535,,human
4.6-stable,ac8991c3c33d295d8ce975b7ffbc15a0522c1b53,2025-11-10T14:20:09Z,True,merge,109237,,human
4.6-stable,febd1d32cf519909a5572d61887f84b120327544,2025-11-10T14:20:11Z,True,merge,111803,,human
4.6-stable,ea1aec2c1c85e9921d95b4163bf891c0ccbee68f,2025-11-10T14:20:12Z,True,merge,112193,,human
4.6-stable,d0babb845344019a253d018de4451a03dd60d0aa,2025-11-10T14:20:13Z,True,merge,111172,,human
4.6-stable,c37aa90b702775587b422fc59d8eb1279187b707,2025-11-10T14:20:14Z,True,merge,112587,,human
4.6-stable,3d6ad3f8065c7b6abb8595cfb77b6fa0ceb91b68,2025-11-10T14:20:16Z,True,merge,94929,,human
4.6-stable,9023f658d14bfa788cbb763750da76fa38e8cc88,2025-11-10T14:20:17Z,True,merge,112466,,human
4.6-stable,5f6229022f38b70dcc2fb4ebbed6fc29123ae7bb,2025-11-10T14:20:19Z,True,merge,109525,,human
4.6-stable,791565dc35bc33eeb735924b6bc01471e8e631af,2025-11-10T14:20:20Z,True,merge,112486,,human
4.6-stable,2ab796b863995df5bac6edd4eed4b0a9a193c0e7,2025-11-10T14:20:21Z,True,merge,112360,,human
4.6-stable,a6db8aa621bc5d2ad78f086fb1cb4871a418489e,2025-11-10T14:20:22Z,True,merge,111597,,human
4.6-stable,cfd2b3727847c23026c68bbd6e1f8c85290dfafc,2025-11-10T14:20:24Z,True,merge,111606,,human
4.6-stable,2d86b69bf1e82f703cc0543d4309a9c8a4198585,2025-11-10T14:20:25Z,True,merge,112507,,human
4.6-stable,a981863be45e8f95a9d5061179ed8b81760db09f,2025-11-10T15:17:43Z,False,direct,,,human
4.6-stable,98141c3d73eea89569dfa9714d5622accb0768cd,2025-11-10T15:23:28Z,False,direct,,,human
4.6-stable,49cf945778281e602a68ec9c2a85c5391d4cdb4f,2025-11-10T17:03:18Z,False,direct,,,human
4.6-stable,f38b7071cead9cc2b6a8b0d88b71b67ea5ec71b0,2025-11-10T17:24:02Z,False,direct,,,human
4.6-stable,cb8e592b5e050ae8b7b59d9e8a1fedb9255b7137,2025-11-10T17:48:52Z,False,direct,,,human
4.6-stable,3497a5dbf586cb5edb11c7112871d5d9fe87db32,2025-11-10T20:22:29Z,False,direct,,,human
4.6-stable,4f5f36c361faec460aa43ff7c9520e29b99705c1,2025-11-10T22:51:07Z,False,direct,,,human
4.6-stable,77cfbe9371ba2685c466b8760f022388141a9091,2025-11-10T23:46:58Z,True,merge,111780,,human
4.6-stable,42cb93559a3110eeb6eefacbaad440ec9ed3485c,2025-11-10T23:46:59Z,True,merge,109701,,human
4.6-stable,41bba306e014c588c0432f4f847242733f926841,2025-11-10T23:47:00Z,True,merge,109306,,human
4.6-stable,af256ff210d79bc1019c05c7149e583c1a91cc36,2025-11-10T23:47:01Z,True,merge,109649,,human
4.6-stable,d56116381884c7507d8836cfb34e76287f9b7aee,2025-11-10T23:47:02Z,True,merge,112594,,human
4.6-stable,ddbb898af5a24d20a03543017959e34eb4d367a2,2025-11-10T23:47:03Z,True,merge,112563,,human
4.6-stable,d30214a612b0b3dd185a41731c0ed69ca6dfd36c,2025-11-10T23:47:04Z,True,merge,109938,,human
4.6-stable,734fe458bad633ec4fcbe29df46f565c43f2beca,2025-11-10T23:47:05Z,True,merge,105203,,human
4.6-stable,9eaa7051ecfa46f666da6a5e4542f0d9a2b25c7f,2025-11-10T23:47:06Z,True,merge,112534,,human
4.6-stable,a627ee6c102788c23353b147f0467d27ea3e0092,2025-11-10T23:47:07Z,True,merge,112471,,human
4.6-stable,e33c4237006133c32d7306182204ee76ae6f5733,2025-11-10T23:47:08Z,True,merge,108314,,human
4.6-stable,8327dfa215aa1758f2c3b99a52934172b94c134e,2025-11-10T23:47:09Z,True,merge,112092,,human
4.6-stable,5cb5eb59f931625e6ac42471ee3997a54135c140,2025-11-11T00:18:07Z,False,direct,,,human
4.6-stable,fdd0f327749c6cb6922d4e20a12a08f7d07ce089,2025-11-11T02:35:01Z,False,direct,,,human
4.6-stable,0b20ae2e874ef1cbc141b5746ffc9f773a259ad2,2025-11-11T11:23:56Z,False,direct,,,human
4.6-stable,1be1bd15d8bcc653401d38aed9734d5bf37712ea,2025-11-11T14:41:56Z,False,direct,,,human
4.6-stable,e4ba8c550fbafac94c8759b83f493273ab9923e2,2025-11-11T16:31:47Z,False,direct,,,human
4.6-stable,875fff3f8add4122a6a6b5c27a300b293da324b2,2025-11-11T16:37:33Z,True,merge,112642,,human
4.6-stable,a9b8f92501890b9a4ea8830c70bf46026e27df2c,2025-11-11T16:37:34Z,True,merge,112483,,human
4.6-stable,b83343f23d9632bca9a09fac13b6840cf855df53,2025-11-11T16:37:35Z,True,merge,104676,,human
4.6-stable,dedbc8b26af1ad495b88d7265f183c72ffd4a94c,2025-11-11T16:37:36Z,True,merge,112625,,human
4.6-stable,699b6623e71cda8ff83d696aca234398233389c1,2025-11-11T16:37:37Z,True,merge,112499,,human
4.6-stable,4e2adc6871e93558d147d8a26a020efa131edb38,2025-11-11T16:37:38Z,True,merge,112629,,human
4.6-stable,5328a653bc5d23f0075181be5df5cbd7054c1338,2025-11-11T16:37:39Z,True,merge,112600,,human
4.6-stable,2cc031f3a3f5086e8cfedd4dc769e02714abe358,2025-11-11T16:37:40Z,True,merge,112636,,human
4.6-stable,afd59b36cfd64c1f399f47ffa242713d078b3591,2025-11-11T17:19:35Z,False,direct,,,human
4.6-stable,e40621925b53930d1c0f9086801d4104c97fb6a6,2025-11-11T18:49:35Z,False,direct,,,human
4.6-stable,472c8df99bdc916889d426683c428110360fc87a,2025-11-11T19:35:42Z,False,direct,,,human
4.6-stable,6141e1dcc8f5694024ca956858f277ee0efd2823,2025-11-11T20:19:48Z,False,direct,,,human
4.6-stable,189e2767a7d095f0d231932f9edf948f4a4fadef,2025-11-11T20:25:17Z,False,direct,,,human
4.6-stable,5bbf280423cfdcd8b2091d3c4d9934e94c128e7e,2025-11-11T20:49:40Z,False,direct,,,human
4.6-stable,2c681794cdaf85045f9687ca1bb857415a12c34e,2025-11-11T20:58:45Z,False,direct,,,human
4.6-stable,0dfa815985a29a4c46ee717cfd69b3a4fb8e21d6,2025-11-11T21:50:56Z,False,direct,,,human
4.6-stable,49ac9f63fdd1cc7739b9d961a818d9d269cc41c7,2025-11-11T21:54:01Z,False,direct,,,human
4.6-stable,4e35e04bbdbffb26a31fee83eebdec983c363fe7,2025-11-11T22:07:49Z,True,merge,111427,,human
4.6-stable,55f51c00458be292dbb4f2330f6ea17877c5f6ee,2025-11-11T22:07:50Z,True,merge,111491,,human
4.6-stable,3c871084f90f9f88c3f6c7bd003bcc2fc20ad9c6,2025-11-11T22:07:52Z,True,merge,109446,,human
4.6-stable,72925d756f6b42b61b02262dabc7c69703eec8ce,2025-11-11T22:07:53Z,True,merge,112076,,human
4.6-stable,18a17de1645a440e1fa80f49422b99e20ab0f7f2,2025-11-11T22:07:54Z,True,merge,112630,,human
4.6-stable,180ccae9341d29bda093ab909c9c12c4b79117db,2025-11-11T22:07:56Z,True,merge,111707,,human
4.6-stable,e47fb8b8989fd5589c65c4b0ac980de2e936c041,2025-11-11T22:07:57Z,True,merge,112638,,human
4.6-stable,cd943d18b2ae48e5395e38879f364c6c2565d216,2025-11-11T22:19:35Z,False,direct,,,human
4.6-stable,23a4cffe2fca3b166c9d76dda579798b2bb80f13,2025-11-11T22:21:25Z,False,direct,,,human
4.6-stable,3f98a5472d99ad3a295c8546b7eafe32da616885,2025-11-11T22:23:46Z,False,direct,,,human
4.6-stable,a55242747aad6eae762dd9373bb1e5f02ab45623,2025-11-12T01:01:03Z,False,direct,,,human
4.6-stable,bdfe8549b878f11d0622479030aaccc82d40d1d9,2025-11-12T04:17:45Z,False,direct,,,human
4.6-stable,fac37c66c1ac7c7a543e35545c8aca1edd801057,2025-11-12T08:14:11Z,False,direct,,,human
4.6-stable,6f207a4601a9186017c7d847553ae8663d8dda83,2025-11-12T08:36:09Z,False,direct,,,human
4.6-stable,94104ae33af1232e6c3f3cdd8d3731dff807bdd6,2025-11-12T09:14:33Z,False,direct,,,human
4.6-stable,1bd7b99182f7e8de4d6b2f089fec5db9392ac6b8,2025-11-12T09:20:34Z,False,direct,,,human
4.6-stable,c31b92ba196cf66b9347707b6237a3d57389e8d0,2025-11-12T13:59:24Z,False,direct,,,human
4.6-stable,eb78a7de7139753612a29ef503898e59522c8dbe,2025-11-12T14:16:20Z,False,direct,,,human
4.6-stable,a1340f05a993288ac33bdeecdc99b9741b680de5,2025-11-12T15:34:43Z,False,direct,,,human
4.6-stable,afa07c1a762e73a257e14016e3437240aa44497c,2025-11-12T17:24:10Z,True,merge,109987,,human
4.6-stable,df3e70bf420130c11ed03d16a3fb06b152f73faa,2025-11-12T17:24:11Z,True,merge,82212,,human
4.6-stable,66782884902847770551a21c6e7c3db99986e8fd,2025-11-12T17:24:12Z,True,merge,111909,,human
4.6-stable,78c3a07ef07ab08c3c5f964eb7cea57d39f13558,2025-11-12T17:24:13Z,True,merge,111499,,human
4.6-stable,c9ef31360f6f954f20997c16be74e90c930f33a5,2025-11-12T17:24:14Z,True,merge,112657,,human
4.6-stable,04bc282ae7ba4a48d90c74a9f30623971b0b40f2,2025-11-12T17:24:15Z,True,merge,104851,,human
4.6-stable,df51b1480dc7ff277facc6d97c09843a83234c86,2025-11-12T17:24:16Z,True,merge,112660,,human
4.6-stable,a68d26ca6fabf660af258614acaf6808b60140b6,2025-11-12T17:24:17Z,True,merge,112659,,human
4.6-stable,bad1287b62ea09d993fb178bb6b1a61c17ae725e,2025-11-12T17:24:17Z,True,merge,112665,,human
4.6-stable,e6f7161b9485b75bc2a20ec8b896e62f6bf443f7,2025-11-12T19:07:32Z,False,direct,,,human
4.6-stable,6b98a57b8e6eb588a4132274881bd64782bcc868,2025-11-12T19:51:04Z,False,direct,,,human
4.6-stable,27b650092361214e2d1f02451ff9cce1826ebd92,2025-11-12T22:02:50Z,False,direct,,,human
4.6-stable,e9a6a84468a800a30372e4dc1b85931fb851470c,2025-11-12T22:24:10Z,False,direct,,,human
4.6-stable,b7f537c863ded968eb5c2e0f12fa8ca93449e5e8,2025-11-12T22:55:29Z,False,direct,,,human
4.6-stable,4eb11cc9d88a26bdc5d27624d0dc4b1fadb74e7d,2025-11-12T23:26:19Z,True,merge,112173,,human
4.6-stable,8aec3e89370c4b7d6160e8fb2943e3858f2849b2,2025-11-12T23:26:20Z,True,merge,112685,,human
4.6-stable,fdcc29d6e5ad81acbaaba65ced8f976d57df107d,2025-11-12T23:26:21Z,True,merge,112686,,human
4.6-stable,08fb2e61e7b8067e2831577b3bcdc2f1c46d95b6,2025-11-12T23:26:22Z,True,merge,111503,,human
4.6-stable,e6aa06d3de372513bedb036d2adb1052a9b4b87f,2025-11-12T23:26:23Z,True,merge,112692,,human
4.6-stable,2e7c2da2a08ba49b9025cdcc3a9b3d640198d840,2025-11-12T23:46:18Z,False,direct,,,human
4.6-stable,3f5339a046085937ed62a006b40587d29d27332b,2025-11-13T00:46:26Z,False,direct,,,human
4.6-stable,455bb2a4ed6d069911d1c689e481599d1bb95e83,2025-11-13T04:13:06Z,False,direct,,,human
4.6-stable,6146f3efee03cd0d93881d2bc852b89de50a9fcc,2025-11-13T04:59:34Z,False,direct,,,human
4.6-stable,a6f6d7118e934913953cc0bd9edb22afa3c953e2,2025-11-13T06:26:11Z,False,direct,,,human
4.6-stable,79fe28b456cc3d2d2a2f995fc2226de2a462be06,2025-11-13T07:49:34Z,False,direct,,,human
4.6-stable,d06ce5420c792526c43cab7d6a3db1ba2fdcb821,2025-11-13T08:34:37Z,False,direct,,,human
4.6-stable,d0ced442eca5b46077f7432136fdbb0b5e07b5f1,2025-11-13T09:20:00Z,False,direct,,,human
4.6-stable,69401d6eb1cd02b3a36759d61729627b7f643330,2025-11-13T09:24:11Z,False,direct,,,human
4.6-stable,c5aae722eeafb38c7eab259c28642c174cb5cc2f,2025-11-13T10:18:31Z,False,direct,,,human
4.6-stable,9ebe051d5c985c88e1e199041d3bab1fb2f2a330,2025-11-13T11:14:41Z,False,direct,,,human
4.6-stable,5fa0f3124720c2f7653bff39340d7f6d818316db,2025-11-13T12:37:09Z,False,direct,,,human
4.6-stable,251746a89caccf896a4a9902f13579f319c3f247,2025-11-13T12:43:17Z,False,direct,,,human
4.6-stable,63d131967482bc81e1d50e25881e4cace2da4e9e,2025-11-13T13:10:44Z,False,direct,,,human
4.6-stable,39053925968344fd8a2590474842a8d5adcd8ec9,2025-11-13T13:14:08Z,False,direct,,,human
4.6-stable,d27e4dab1674caa822dfbb1e0ae92a08e4580c75,2025-11-13T13:38:54Z,False,direct,,,human
4.6-stable,26596a8d24f1d287aaa244072faf72763a150420,2025-11-13T15:36:35Z,False,direct,,,human
4.6-stable,2ed51e00a1f524fa403fd2638eca9a32c0a41680,2025-11-13T18:17:43Z,False,direct,,,human
4.6-stable,d73c04543abf91cf4cd6b8ef2b478a7cf2cc9bef,2025-11-13T18:33:31Z,True,merge,112704,,human
4.6-stable,8a3bb49db4c0df8c502aae88f8f9a510c52153a7,2025-11-13T18:33:32Z,True,merge,112708,,human
4.6-stable,0cd901bb94cdefb6951769a0f68eb562081d765f,2025-11-13T18:33:33Z,True,merge,109803,,human
4.6-stable,1f8d114e31f35fc72eab59a325d95b9b85a87e2f,2025-11-13T18:33:34Z,True,merge,112716,,human
4.6-stable,e75336e0d077ec98b049562b2f09aa3432391b0c,2025-11-13T18:33:35Z,True,merge,105292,,human
4.6-stable,bc929aac4a330603cbc32e29f9a5086e6674de48,2025-11-13T18:33:36Z,True,merge,112720,,human
4.6-stable,d2ff4c6377d8ec84934281fd4ef8a15776635dc6,2025-11-13T18:33:37Z,True,merge,112401,,human
4.6-stable,12cdb66e33648455ad2c33725fbac33843cfeca6,2025-11-13T18:33:38Z,True,merge,108853,,human
4.6-stable,6d060b0531914950341796e8a4418ff7d7ec05dc,2025-11-13T18:33:39Z,True,merge,112732,,human
4.6-stable,5d721538b74e3ac55217b055e8434cf600979fe8,2025-11-13T18:33:40Z,True,merge,112575,,human
4.6-stable,41d93ca03ced3427809b353980e0c873aff6a63c,2025-11-13T19:52:31Z,False,direct,,,human
4.6-stable,226d726b05a912535a083e2f2f75fe4e6ac1437e,2025-11-13T21:22:07Z,False,direct,,,human
4.6-stable,29148d71e7dfdd2dc40d267f2ec14bad0f6f124c,2025-11-13T23:38:11Z,False,direct,,,human
4.6-stable,6a3d1f1fa14f28556ed1f1d621f633cd36cff78f,2025-11-13T23:42:47Z,True,merge,57121,,human
4.6-stable,55bedbfaf5bd8a0c87a370fe5d3d0c5d4ad1d17e,2025-11-13T23:42:49Z,True,merge,108741,,human
4.6-stable,d59cf3e6c2c3b481599c725c31fd3ff07e037ac1,2025-11-13T23:42:50Z,True,merge,92390,,human
4.6-stable,e658d2ae838b949a97ce95f0555f9f6f5877245a,2025-11-13T23:42:52Z,True,merge,109384,,human
4.6-stable,e53cbad0b1517125434ad8cac0bc0ef293267e93,2025-11-13T23:42:53Z,True,merge,109322,,human
4.6-stable,8950c6527b49e6e9158c5085096ec88bfc488f81,2025-11-13T23:42:55Z,True,merge,101165,,human
4.6-stable,d03fc3be9532c635bf515dd07bf9140a0a5c6f30,2025-11-13T23:42:56Z,True,merge,109101,,human
4.6-stable,1ab8e9847de16d407e928d0fa2463cf5f8a79923,2025-11-13T23:42:57Z,True,merge,112494,,human
4.6-stable,b52e3f7e6bc8a9de55aab6b69e6f3f57e9ca3d3a,2025-11-13T23:42:59Z,True,merge,107440,,human
4.6-stable,9a9e64a6eed9cba48dab4a0c5f0815fd9f99c7ba,2025-11-13T23:43:00Z,True,merge,108981,,human
4.6-stable,65beea65d877ea3def7ff9bb43c01aacb176b1bb,2025-11-13T23:43:01Z,True,merge,108987,,human
4.6-stable,3cc90cd925829fed1d7653c2e0a2036612c082cf,2025-11-13T23:43:03Z,True,merge,110524,,human
4.6-stable,0b5ad6c73c2c5bb046078134d9d1ef505f3894dd,2025-11-13T23:43:04Z,True,merge,112573,,human
4.6-stable,f51f97aaec9f68225a4edcb78e1002d800842478,2025-11-13T23:57:00Z,False,direct,,,human
4.6-stable,64c943694edc7b2b4e426f945fe8c4ac898bd55f,2025-11-14T00:14:17Z,False,direct,,,human
4.6-stable,a48353b1c62ac460dad511a363a66e38fe3f0e15,2025-11-14T00:35:13Z,False,direct,,,human
4.6-stable,23ed730e3f6021b62362f61e6ffd536ab351c6d1,2025-11-14T02:05:54Z,False,direct,,,human
4.6-stable,dcb6431c01828a7ec9bb2998162ec9da2b86feaf,2025-11-14T02:19:26Z,False,direct,,,human
4.6-stable,52e7b970af5d3dbdb2b9352da7fedbd6b4112ea5,2025-11-14T02:52:07Z,True,merge,111681,,human
4.6-stable,31c856e96aa701186c85e4656c72d7082186f4a8,2025-11-14T02:52:08Z,True,merge,112676,,human
4.6-stable,3387636918ab7d2d088bf2fd82b0968052846a31,2025-11-14T02:52:09Z,True,merge,112710,,human
4.6-stable,ccf5be0dda03c59c303c8104288bb2c9a5a8236f,2025-11-14T02:52:11Z,True,merge,112679,,human
4.6-stable,0aeab540b782eb25f3db403d1fdf9fb452004ab8,2025-11-14T02:52:12Z,True,merge,101129,,human
4.6-stable,cf0d2d724e70fc730006d0241bd15a2f4f764b46,2025-11-14T02:52:13Z,True,merge,112585,,human
4.6-stable,e33d929efc7cff39cb58d85dc89de411c7816184,2025-11-14T02:52:14Z,True,merge,112621,,human
4.6-stable,93a3ea5ff89ba94358d05e62a18cb894e3b89e9f,2025-11-14T02:52:15Z,True,merge,112590,,human
4.6-stable,b32b435520725bf53dfdadd5115ec67ea0c5f92c,2025-11-14T02:52:16Z,True,merge,112687,,human
4.6-stable,fc02d09f41008848e84bd4a9f2f09f204d186c28,2025-11-14T02:52:18Z,True,merge,112623,,human
4.6-stable,0066308830fd905e406aa2dafea68f1d71032b47,2025-11-14T02:52:19Z,True,merge,109587,,human
4.6-stable,a04dd90f4305d8c73e332080216255991d3a93fc,2025-11-14T02:52:21Z,True,merge,109331,,human
4.6-stable,0bede04f6f7923583c36faba0ce854430c465db2,2025-11-14T02:52:22Z,True,merge,112691,,human
4.6-stable,45b427f2e67146e2a24e79430984c0422dd144b5,2025-11-14T02:52:23Z,True,merge,112627,,human
4.6-stable,ba446717779f964898a2e9d50048157a8e168d6b,2025-11-14T02:52:24Z,True,merge,112148,,human
4.6-stable,2cd268fea40cb5352ad54368f57f47aa6092b6f5,2025-11-14T02:52:26Z,True,merge,112441,,human
4.6-stable,bd2ca13c6f3a5198eac035c855dcd1759e077313,2025-11-14T02:52:27Z,True,merge,112733,,human
4.6-stable,e2cbfb53f1305e474eb1a45cd97cb49bca093ae0,2025-11-14T03:48:04Z,False,direct,,,human
4.6-stable,e6bc3fa16430ae7d9c37350b1ca5f19f47585820,2025-11-14T09:33:13Z,False,direct,,,human
4.6-stable,9b0b9ef45004843c3976b0878234157ebef8392a,2025-11-14T13:11:12Z,False,direct,,,human
4.6-stable,31610b058bf17eb3db510632d2e708701a5cccfc,2025-11-14T13:16:32Z,False,direct,,,human
4.6-stable,5ac0a57b32865fffe79a680b6490549c68d45237,2025-11-14T13:47:05Z,False,direct,,,human
4.6-stable,585389af2412f917dad04cf471270c24993b7054,2025-11-14T14:13:17Z,False,direct,,,human
4.6-stable,9d0b391d6c0eb99e8d5d6836e1c7099b4b8c7619,2025-11-14T15:05:04Z,False,direct,,,human
4.6-stable,e15a54ddeac2af51126d61d2df4d9f95b706a5f3,2025-11-14T17:23:08Z,False,direct,,,human
4.6-stable,91e8072be640e5532903f2e5e200c832b120986c,2025-11-14T17:35:19Z,False,direct,,,human
4.6-stable,54c2eaee4daa4ca13a23cca500faa9249d9ec830,2025-11-14T17:52:42Z,False,direct,,,human
4.6-stable,f71640e97a4128dc96512766f10b254d7f1bfb3f,2025-11-14T19:03:23Z,False,direct,,,human
4.6-stable,90c0e6acca8e4c58b051cf569013b1cad5533aa2,2025-11-14T19:25:49Z,False,direct,,,human
4.6-stable,353c871160ae62385e646eb99e5a0be85dedadbb,2025-11-14T19:54:53Z,False,direct,,,human
4.6-stable,527cb4123ecde01fe4bbc654079eb149fabf640e,2025-11-14T20:22:28Z,True,merge,107264,,human
4.6-stable,23338d2d9841429d3a77bc47c545a9eae94445d6,2025-11-14T20:22:29Z,True,merge,108168,,human
4.6-stable,61a1575807ef35f344859ab8e5ad7add9ca66706,2025-11-14T20:22:31Z,True,merge,112137,,human
4.6-stable,e474bc5ce38bc3e4d247ca390325ce6b98231dbb,2025-11-14T20:22:33Z,True,merge,108554,,human
4.6-stable,814138ec69d2aabdb688bf02b8c398c563a90f3f,2025-11-14T20:22:35Z,True,merge,107795,,human
4.6-stable,af30016c75298675b854151b72b04a6c64cfd1f4,2025-11-14T20:22:37Z,True,merge,108705,,human
4.6-stable,e18b1de88dcfdb00b0b8dcc362fe682624b40c04,2025-11-14T20:22:38Z,True,merge,107942,,human
4.6-stable,0d66b2a9cfba6482f4cdb59d9c31955d817b62e3,2025-11-14T20:22:40Z,True,merge,109103,,human
4.6-stable,26fd075621f0826d6c3053939f491fd7ba538b7f,2025-11-14T20:22:42Z,True,merge,108079,,human
4.6-stable,6c63a1fd8bb525c7d8d5aaada2fd4df9dc5529b3,2025-11-14T20:22:44Z,True,merge,107959,,human
4.6-stable,356fd8fc6221a6cdd73cee1b25f50512bc5fa5b4,2025-11-14T20:22:46Z,True,merge,108479,,human
4.6-stable,c287d61402c2a3be5c2bcdf4150475de3435c614,2025-11-14T20:22:48Z,True,merge,107969,,human
4.6-stable,dc590a50d3a27b95778f5ce287d26e0554bcba72,2025-11-14T20:22:50Z,True,merge,112201,,human
4.6-stable,f66fc72374539b287ad6add46474da8e984dcbbf,2025-11-14T20:22:51Z,True,merge,112714,,human
4.6-stable,c52c93e2a2f3ba4c4c28be64d5da45e2e8450ce8,2025-11-14T20:22:53Z,True,merge,112725,,human
4.6-stable,22fcb577c0954c85e8bebac0cc0fcf3b085af07b,2025-11-14T20:22:55Z,True,merge,106071,,human
4.6-stable,7d5034c50a65a65be0a8a90c0e4387287ebbc73c,2025-11-14T20:22:57Z,True,merge,108507,,human
4.6-stable,5389f835c229ea73b562d651e83a7280563a0af3,2025-11-14T20:22:59Z,True,merge,108379,,human
4.6-stable,90413dacb457b613fe78cab8991c66ba75c2040b,2025-11-14T20:23:01Z,True,merge,97758,,human
4.6-stable,235d11245c60e9722fa4c129eb8e6b5d8839e250,2025-11-14T20:23:02Z,True,merge,112481,,human
4.6-stable,83aa53b5e167478ced4b04dc292b4095f6d60a21,2025-11-14T20:23:05Z,True,merge,108129,,human
4.6-stable,c6fe923e3375c1364a63c39a0e825beb405a0924,2025-11-14T20:23:06Z,True,merge,108516,,human
4.6-stable,8ff0683defbe69a46a6567d909338c07ca881d69,2025-11-14T20:23:08Z,True,merge,110949,,human
4.6-stable,1932a5c07fb018d7bf361c9811a010833d44300a,2025-11-14T20:23:10Z,True,merge,108391,,human
4.6-stable,d6027422212a107f581f64e6876454d9a17d9a81,2025-11-14T20:23:11Z,True,merge,102889,,human
4.6-stable,d1a90109b41adaecb2cfda95e9e89af6cf72ff39,2025-11-14T20:23:13Z,True,merge,108010,,human
4.6-stable,6a1a86261f316964837657e2d9f6211b4d24e6e0,2025-11-14T20:23:15Z,True,merge,110324,,human
4.6-stable,c36e846fb1f75d033d921f9ab921b78642460ce7,2025-11-14T20:23:16Z,True,merge,112760,,human
4.6-stable,e46c2ea3fa81245a956c3467f552cec5c80a2ba1,2025-11-14T20:23:17Z,True,merge,112379,,human
4.6-stable,aa248bfedd52800e8533c4b40cb4902dd6ba5e63,2025-11-14T20:23:19Z,True,merge,111612,,human
4.6-stable,889fc8105acfd04a0d641c3d846f4255acfd2a6b,2025-11-14T20:25:55Z,False,direct,,,human
4.6-stable,209986bde042bb2da07f1e922703cc67b68802ee,2025-11-14T20:37:58Z,False,direct,,,human
4.6-stable,9c1375f6be83af54209c976d01c5865dbc602512,2025-11-14T21:10:56Z,False,direct,,,human
4.6-stable,b1465d6af088abd9771cd8a0c087d4e8b141c884,2025-11-14T21:31:09Z,False,direct,,,human
4.6-stable,ada95cb543f21bb9f39d5fc0d1f55bcdcf0480e4,2025-11-14T21:43:33Z,False,direct,,,human
4.6-stable,76e974da7c5215f0065b9ae2f260814c2510a9b7,2025-11-14T23:16:43Z,True,merge,110336,,human
4.6-stable,90bd3ada97bd65c35f4d5e7e7a45953ccbaaedcd,2025-11-14T23:16:46Z,True,merge,112769,,human
4.6-stable,5519dba0d6b1c44adcb4305c99f38b4cff4213c4,2025-11-14T23:16:47Z,True,merge,110502,,human
4.6-stable,a2c24c175b284c922bf0c4b8ad5b8ac79d7a8c55,2025-11-14T23:16:48Z,True,merge,112296,,human
4.6-stable,fa451cd05b3fe9fe5fcb919c8ae451c6693e442d,2025-11-14T23:16:49Z,True,merge,112777,,human
4.6-stable,30d753c87e693d93fcbddbf41eda4abb06fea817,2025-11-14T23:16:50Z,True,merge,111184,,human
4.6-stable,d5c0a11da0a701ccdd827c0640ed1bd07d034f84,2025-11-14T23:16:51Z,True,merge,107890,,human
4.6-stable,ef34c3d534a16b140aef0643ed2fa36f8e9d1612,2025-11-14T23:16:52Z,True,merge,112663,,human
4.6-stable,ea1cc3c04ee02e31801c16723b7625e1ee999733,2025-11-14T23:22:11Z,False,direct,,,human
4.6-stable,944bd82d4547ca11d03f3c2ef0ea47f010cdab5a,2025-11-14T23:39:34Z,False,direct,,,human
4.6-stable,fa5c17d68c612092aa00747054a0861cb88d890c,2025-11-14T23:50:31Z,False,direct,,,human
4.6-stable,918f23f80fc2ab682ea6f4746c983eb372d1192a,2025-11-15T00:27:22Z,False,direct,,,human
4.6-stable,43e323dce549d3cda34a992500baa8c00a588abf,2025-11-15T02:13:07Z,False,direct,,,human
4.6-stable,e9bfc5a346b95215c70790294fab2b9b1a64bfaa,2025-11-15T02:15:59Z,False,direct,,,human
4.6-stable,cbd3528e014cc612c9604a09b88cb6e4c4c3a429,2025-11-15T02:22:35Z,False,direct,,,human
4.6-stable,b8158adfe3eb88b70e375f2c08ec9217f4e69abf,2025-11-15T02:45:41Z,False,direct,,,human
4.6-stable,3cfcedd6d57e171b54a342842bf807479b0c903e,2025-11-15T03:04:05Z,False,direct,,,human
4.6-stable,8aea5136f8923f1437cd44c048ddf78ac08152da,2025-11-15T03:54:34Z,False,direct,,,human
4.6-stable,513e4212094e6d755f3c1361c263e1d5cb51b4c0,2025-11-15T04:55:03Z,False,direct,,,human
4.6-stable,1ce77b8899fac1830a51f7288c7858d9658f7ec9,2025-11-15T05:35:36Z,False,direct,,,human
4.6-stable,79ffbfdf73d3e5031ccb6ab9ad7fd2fa55b32a4f,2025-11-15T06:29:28Z,False,direct,,,human
4.6-stable,a7e1a65ca823d7e5f189d508792bcccd61929a08,2025-11-15T07:17:17Z,False,direct,,,human
4.6-stable,087dea4b15f43adf824ccedd82773b41fdb0b4e1,2025-11-15T12:02:43Z,False,direct,,,human
4.6-stable,d7f5c13db87d13a9dada5d8f275f7be7b4b40fe6,2025-11-15T13:21:54Z,False,direct,,,human
4.6-stable,e32f7de33d836ed6137f7f56f7c59b5f418227b6,2025-11-15T14:06:48Z,False,direct,,,human
4.6-stable,c6ab6013649711d8564e30dd73fb71251a27d7aa,2025-11-15T14:10:15Z,False,direct,,,human
4.6-stable,f722513c086eefeceb0085195530fdbd114c48ce,2025-11-15T18:45:14Z,False,direct,,,human
4.6-stable,98caaebb723c47f8a8f6e50336eb4975cf7ee125,2025-11-15T19:03:14Z,False,direct,,,human
4.6-stable,98523d8a1dcaddbfad0601ae69eec7f118de0e9b,2025-11-15T19:21:12Z,False,direct,,,human
4.6-stable,141a49b0906f0c38083a468805ecdaf7de922d5d,2025-11-15T19:39:49Z,False,direct,,,human
4.6-stable,2e99891be269140d64f373df46313bc296e0b914,2025-11-15T20:18:23Z,False,direct,,,human
4.6-stable,9fadd0d99e581c83484c56c256af1029b44a4d8e,2025-11-15T20:44:01Z,False,direct,,,human
4.6-stable,c4c39fba55f566a36072d4f9005bf8854382d922,2025-11-16T02:18:24Z,False,direct,,,human
4.6-stable,5c2d12dea380580ebd14feeea8c29856234761d0,2025-11-16T17:13:02Z,False,direct,,,human
4.6-stable,f69ad331ebe8c858efd450e7be88509c016deffa,2025-11-16T18:22:41Z,False,direct,,,human
4.6-stable,0573f874d135e84f97cfaf269315414bfa4cdcdc,2025-11-16T18:30:02Z,False,direct,,,human
4.6-stable,369e690c55d6b30df191be67288eb683f5e3d8d8,2025-11-16T18:59:26Z,False,direct,,,human
4.6-stable,77318d2acdada6089e5a8a23ed5d4a169c842105,2025-11-16T20:02:52Z,False,direct,,,human
4.6-stable,7df165ce942886dfe65e4f4c435fc995ee328ebd,2025-11-16T20:31:12Z,False,direct,,,human
4.6-stable,c18332740c0de71e3fafae3586456d98bcca72a8,2025-11-16T23:06:04Z,False,direct,,,human
4.6-stable,031fd66fede27a5cfc64849b6ac5a2003794cd5a,2025-11-17T00:45:31Z,False,direct,,,human
4.6-stable,21ffbecfa9d9b7234ed2d3d6f0177e5432bd9279,2025-11-17T06:29:38Z,False,direct,,,human
4.6-stable,1a3a254e2604971b86e72331056299d9a7894803,2025-11-17T10:46:28Z,False,direct,,,human
4.6-stable,cc7b79cdbd957fb65b06837d2d1ce62486d106da,2025-11-17T11:07:00Z,False,direct,,,human
4.6-stable,acdace4f00d6f8e754284cfc1f0e8301569d7e89,2025-11-17T13:30:37Z,False,direct,,,human
4.6-stable,359ef8fc2b771b8cde320a8eb443220fe635c89d,2025-11-17T16:56:27Z,True,merge,108932,,human
4.6-stable,f00cf63b42975e44c573b589037b45c40a5f84a9,2025-11-17T16:56:29Z,True,merge,107652,,human
4.6-stable,c5ebb7a6451fa0eabbd236c1f59fc093bc4f4edc,2025-11-17T16:56:30Z,True,merge,111367,,human
4.6-stable,42f06f6d4dac85cdf3ce5317cbcad8caa4b0a0bd,2025-11-17T16:56:31Z,True,merge,108170,,human
4.6-stable,cb937c31f89ca93c18eb5b6f9f69151f91c8cca8,2025-11-17T16:56:32Z,True,merge,112787,,human
4.6-stable,9323d9d624854704f48c85ed7d774f64e36da646,2025-11-17T16:56:33Z,True,merge,110487,,human
4.6-stable,e051f23971ba64571e77fb709aa7d30d611eb118,2025-11-17T16:56:34Z,True,merge,112792,,human
4.6-stable,187ab2161da4a3199a98a34db01461f3a57f2ecb,2025-11-17T16:56:35Z,True,merge,112793,,human
4.6-stable,9cebf8d9579afd7672a48fb7e111e54058fda731,2025-11-17T16:56:36Z,True,merge,112666,,human
4.6-stable,fc15c8f63ff1ad88d9f981f39080429a1ad562e3,2025-11-17T16:56:37Z,True,merge,106780,,human
4.6-stable,0faf4210b4f596efeaf6157062a81515dbd083c9,2025-11-17T16:56:38Z,True,merge,112798,,human
4.6-stable,e81f1df09dc2e0499a2d8c23f70ff4aa05f38192,2025-11-17T16:56:39Z,True,merge,112800,,human
4.6-stable,46adcc62688bb7258ea0b6c219fad8559ebe19d2,2025-11-17T16:56:40Z,True,merge,112801,,human
4.6-stable,d999f873bae12f86c403b14298d6827f794f0931,2025-11-17T16:56:41Z,True,merge,106532,,human
4.6-stable,d78725646b8dd12501dcafdbf44135f84678064f,2025-11-17T16:56:43Z,True,merge,110761,,human
4.6-stable,11dd67108dec5ed9666be6e30657e42eb9a4383c,2025-11-17T16:56:44Z,True,merge,112174,,human
4.6-stable,9cb514c67a110d4b870a26270729e2357adaa846,2025-11-17T16:56:45Z,True,merge,112693,,human
4.6-stable,18c58dfffecb9d83774071dc307f50d7506194b4,2025-11-17T16:56:46Z,True,merge,112824,,human
4.6-stable,bf99866abeff9e75d8730b8d3021b8ebb0e53da8,2025-11-17T16:56:47Z,True,merge,112825,,human
4.6-stable,58054297e737bb3a4238cc1038c5a4132831eed9,2025-11-17T16:56:48Z,True,merge,112828,,human
4.6-stable,f4bb9eaafe6f2005d9970f191fc218c8a23fa473,2025-11-17T16:56:49Z,True,merge,112702,,human
4.6-stable,dd3df2a075fb7755cc2feb5193105048d1355905,2025-11-17T16:56:50Z,True,merge,112831,,human
4.6-stable,b651fc3204c9f722d61284c7b2fb1e89822f8981,2025-11-17T16:56:51Z,True,merge,93889,,human
4.6-stable,c7bed1e1cc350cac071d1479d19b9cec2ea45e14,2025-11-17T16:56:52Z,True,merge,111815,,human
4.6-stable,fa1e1bbee7ca7667ee4b7ea77cda25e90f4d9a9b,2025-11-17T16:56:53Z,True,merge,110543,,human
4.6-stable,436853de2acb5de4c2581ce2e3ddaf419b08299f,2025-11-17T16:56:54Z,True,merge,112852,,human
4.6-stable,910133fda6bbc1d09d2ed5a5ffa5acb7aa93717a,2025-11-17T16:56:55Z,True,merge,104280,,human
4.6-stable,070730e21b3be3a4861c903a2ca9904760c5d801,2025-11-17T16:56:56Z,True,merge,112856,,human
4.6-stable,ac641b11c3dff2aeba6b8ce801e89a6c48fbf474,2025-11-17T16:56:57Z,True,merge,112858,,human
4.6-stable,8a04e33056b56b31ac294cc1da36543ff358e8f5,2025-11-17T16:56:57Z,True,merge,109153,,human
4.6-stable,fb03c9ce4b8694343cd9cbe5c9e6038946fc9fb3,2025-11-17T16:56:58Z,True,merge,112739,,human
4.6-stable,16d3ba7982379ebd80585049c463ecde5b1a9214,2025-11-17T16:56:59Z,True,merge,111589,,human
4.6-stable,109008bb8091955d9644da470f9ab71c4167c8cb,2025-11-17T16:57:01Z,True,merge,107765,,human
4.6-stable,94b3e107b112b2f3c4b3023ab7f066e8cf10c3b8,2025-11-17T16:57:02Z,True,merge,112120,,human
4.6-stable,68410acc61fb9996aba544a615b3927fe78a643e,2025-11-17T16:57:03Z,True,merge,111613,,human
4.6-stable,e14263f9170082afeb58fb24b04638c4bfbe61ab,2025-11-17T19:09:05Z,False,direct,,,human
4.6-stable,448a605cec578fdbaed6601c11262733f9f69639,2025-11-17T19:11:35Z,False,direct,,,human
4.6-stable,8f60f9de69958db6382d0cfda808fc91bcd308ff,2025-11-17T20:05:02Z,False,direct,,,human
4.6-stable,8adea5454e2cb3cccc36d6b44d533190cbdf5b92,2025-11-17T21:58:06Z,False,direct,,,unknown
4.6-stable,3812c74eab1f78fe5fe87fa234d8bc9c5ce0708b,2025-11-17T22:13:17Z,False,direct,,,human
4.6-stable,38581121a4a607efecbccbb13563134b3650f7a4,2025-11-17T22:13:36Z,False,direct,,,human
4.6-stable,665238e0fbcff7eef33fc8ed02f971e89e5bc982,2025-11-17T22:15:03Z,False,direct,,,unknown
4.6-stable,01a5ba4b9dee95a434dfd139460cba350e885a9e,2025-11-17T22:39:16Z,False,direct,,,human
4.6-stable,8a22dba956b462425b2f83c5cd9ef0c3c7deb0be,2025-11-18T00:40:49Z,False,direct,,,human
4.6-stable,b630d374a23ffdb927bcc88b54b6f08de399066a,2025-11-18T00:41:06Z,False,direct,,,human
4.6-stable,cbb8f55b965c8d4845a01cd9bd9e504feaa22a91,2025-11-18T01:03:05Z,False,direct,,,human
4.6-stable,afbefa6fc18a9a6dccfe5d322be3dc20d40eeae6,2025-11-18T01:06:24Z,False,direct,,,human
4.6-stable,ca987476d534c08ce3165e49a824cfeb4325375b,2025-11-18T01:21:56Z,False,direct,,,human
4.6-stable,d823a69237ff6cf4ad639bb73ed5db66c34d7846,2025-11-18T01:28:27Z,False,direct,,,human
4.6-stable,f41c8464cc9d4fbf06961c3885f9b1bc1bdba81b,2025-11-18T01:36:07Z,True,merge,112770,,human
4.6-stable,131ba00a6112ece266215ad494d3a3d7ad3ffe73,2025-11-18T01:36:08Z,True,merge,112524,,human
4.6-stable,9e6fefd96eb3cb17eb3f90f00fb5743fc0666898,2025-11-18T01:36:08Z,True,merge,107154,,human
4.6-stable,e3350cf4f2e6bde7fac80c47a23512b0a9075210,2025-11-18T01:36:09Z,True,merge,112790,,human
4.6-stable,34e5b4e0dfd72d5a11f11a0f0f6f517716e2985f,2025-11-18T01:36:10Z,True,merge,112673,,human
4.6-stable,eaa0a00b8d20d19bfc4b9ab99c335324511d9e29,2025-11-18T01:36:11Z,True,merge,108457,,human
4.6-stable,accfebb1ad62a0bb26fd520690307ac30711154a,2025-11-18T01:36:12Z,True,merge,103340,,human
4.6-stable,98ee65eafdea40e1f7f65f81363481abd48b1cb5,2025-11-18T01:36:13Z,True,merge,53679,,human
4.6-stable,d3418fb88fe208e3138115266f8e235ae4e8d4ee,2025-11-18T01:36:13Z,True,merge,112819,,human
4.6-stable,f14c18966014fae64780a64d95b72e1c1a5bad46,2025-11-18T01:36:14Z,True,merge,108340,,human
4.6-stable,40cba9094f225d1a1992d7f19ec20a7821fc6d00,2025-11-18T01:36:15Z,True,merge,112823,,human
4.6-stable,bcb694fa0ea69fd670d2b084c8a3052d3f1f6d26,2025-11-18T01:36:16Z,True,merge,112698,,human
4.6-stable,d9333131d0881e173da6db82bd77e367417190f4,2025-11-18T01:36:17Z,True,merge,108608,,human
4.6-stable,4e8c4bce381aa1cafe1a6da5e909921e85ef1aaf,2025-11-18T01:36:18Z,True,merge,112728,,human
4.6-stable,68c125b1f5365bd11c74b7e507e0e14ed015d987,2025-11-18T01:36:19Z,True,merge,112859,,human
4.6-stable,376a19e0bdf7c34e6e119bd6f91128b50f5bd886,2025-11-18T01:36:20Z,True,merge,108125,,human
4.6-stable,4b92028e612cc90a0d39941b6ac7bd20229a36d0,2025-11-18T01:36:21Z,True,merge,112861,,human
4.6-stable,4fb6a7ce989b4f403d6dd1500b0d93d7d7210fc3,2025-11-18T01:36:21Z,True,merge,112867,,human
4.6-stable,ee60dce3b89b7e1c75bdc315b35d9caa17c53c4b,2025-11-18T01:36:22Z,True,merge,107237,,human
4.6-stable,b6d75d7c31d8cd77fa545c2c63150448778fae66,2025-11-18T01:36:23Z,True,merge,112881,,human
4.6-stable,2a62c1d555a1155e83b2e2a5b75766e994df4119,2025-11-18T01:36:24Z,True,merge,112889,,human
4.6-stable,412601a8a35e7bab4ee9a05825de8110caa385ba,2025-11-18T01:36:25Z,True,merge,112890,,human
4.6-stable,3f5b871666ff8a73c88765813582aadd9d15ab70,2025-11-18T01:36:25Z,True,merge,112893,,human
4.6-stable,04ac5cbb89bce692f4a42e5865c546c5ff1dca2e,2025-11-18T02:07:35Z,False,direct,,,human
4.6-stable,232bdc51b535e019ffa40a12681ee7ff42f00771,2025-11-18T05:33:17Z,False,direct,,,human
4.6-stable,b5591bf5f67b761bac5d059f9bc3547a4b84c6ec,2025-11-18T06:44:51Z,False,direct,,,human
4.6-stable,314e084d335a8d145cdce549893b8ffa9877457d,2025-11-18T10:36:21Z,False,direct,,,human
4.6-stable,90f2026c0fb761a98e3627b6b3ad90ccfdd51073,2025-11-18T10:38:22Z,False,direct,,,human
4.6-stable,d650ac8a96a03090fa5b67e6f9e05ae2843e3eb1,2025-11-18T11:24:09Z,False,direct,,,human
4.6-stable,84f842f2e98dde3ca4e09fed8ae30d05b8cc6aea,2025-11-18T11:49:25Z,False,direct,,,human
4.6-stable,6a5c7de993a18b8950aaed45be6914e5aa4f998c,2025-11-18T12:13:58Z,False,direct,,,human
4.6-stable,92d3fc302acf3a41b914b48034e98a9d80f502a8,2025-11-18T12:33:30Z,False,direct,,,human
4.6-stable,f07923a5271055147ed2343a153ccd5cc3d3df2e,2025-11-18T12:50:16Z,False,direct,,,human
4.6-stable,3a3af8d8060ce302f78bf5496120f609b402fcc2,2025-11-18T14:25:39Z,True,merge,112899,,human
4.6-stable,9ce8d2da20696d51082b87110a95b7fb7ef02f6a,2025-11-18T14:25:41Z,True,merge,112904,,human
4.6-stable,d28db795f8697361ce5d176827bba26d61bbc8ba,2025-11-18T14:25:42Z,True,merge,112907,,human
4.6-stable,b59cded5d771c7f9340d6472f792a6d58d806068,2025-11-18T14:25:43Z,True,merge,112911,,human
4.6-stable,8cb98cc4973cc9ccd4767c51d6d6b3cb4d39bd2f,2025-11-18T14:25:44Z,True,merge,112912,,human
4.6-stable,eafc21fb0597b7c3a66c61ccf393aa1343a708fb,2025-11-18T14:25:45Z,True,merge,112784,,human
4.6-stable,462a8d65bf9b098e6fb6049e0154754ee3b22588,2025-11-18T14:25:46Z,True,merge,110162,,human
4.6-stable,2c11facde0bd90823ee7b779b2d2b5356b7d975f,2025-11-18T14:25:47Z,True,merge,112853,,human
4.6-stable,9c561027fc8753e30ff32152d0dcb9727c2f421b,2025-11-18T14:25:49Z,True,merge,112538,,human
4.6-stable,70e6ac5db3f4223a7f6cee0b3feec09304d39061,2025-11-18T14:34:49Z,False,direct,,,human
4.6-stable,2f4234d3159923e24b69135287aea77b730fdb0b,2025-11-18T14:40:47Z,False,direct,,,human
4.6-stable,53e1ea184a3b0b05eed3c6a260980403b9a26662,2025-11-18T14:58:11Z,False,direct,,,unknown
4.6-stable,dda1842b185ac4128cbe216feb68e12a94c3497f,2025-11-18T15:00:29Z,False,direct,,,human
4.6-stable,f3233372f1f348d9efeaadaf4a95d4282057d9f6,2025-11-18T16:23:56Z,False,direct,,,human
4.6-stable,5d5b2054e8c98e9241ca84162d90273234a7c477,2025-11-18T16:32:58Z,False,direct,,,human
4.6-stable,0b9371286636e13ec779ecf2c0945b85a0a1eb9d,2025-11-18T17:25:01Z,False,direct,,,human
4.6-stable,2c6749ab9aa8bcdc7ad4ec61e01b0119babc0b81,2025-11-18T17:33:42Z,False,direct,,,human
4.6-stable,7668360c68f126ecc0b58305bdd333790c0e6e9b,2025-11-18T18:12:33Z,False,direct,,,human
4.6-stable,179d1b763b32ef2936b74197d1380bd937fb4e6f,2025-11-18T18:18:12Z,False,direct,,,human
4.6-stable,bd2d596ca767ac0cc43913f4ffe70b0e6f3a7859,2025-11-18T19:12:49Z,False,direct,,,human
4.6-stable,ed62fb12ab8fe1f9bb01c51be995264fd3fbe79b,2025-11-18T20:00:39Z,True,merge,112897,,human
4.6-stable,76835d28ca6a45023590f7152544990e4bc8030f,2025-11-18T20:00:40Z,True,merge,104802,,human
4.6-stable,8cb0cc8a1fbe82ad6ecd752b66b8d6e03f7378d2,2025-11-18T20:00:41Z,True,merge,110943,,human
4.6-stable,5cb2bfc1b38c05667b9b79031a9a453e4f3d37d4,2025-11-18T20:00:42Z,True,merge,109063,,human
4.6-stable,1e1e9d8d1e425d2a1f99876a996f102271c54d60,2025-11-18T20:00:44Z,True,merge,108335,,human
4.6-stable,1e1f044fd1c20a75ff1d64295247b274f4a04142,2025-11-18T20:00:45Z,True,merge,110256,,human
4.6-stable,d30ec9aef08e8993605bb6a8e30518431a4aabad,2025-11-18T20:00:47Z,True,merge,112888,,human
4.6-stable,c0a397f18cb7fc91d46d591b7c9769a22ef8413e,2025-11-18T20:00:48Z,True,merge,112925,,human
4.6-stable,b15a13eed39d902fafb14ca0637c5827c80b2bc9,2025-11-18T20:00:50Z,True,merge,112607,,human
4.6-stable,f14ed7e37020926bf0fbb2c951a4bcf40f7ccb55,2025-11-18T20:30:41Z,False,direct,,,unknown
4.6-stable,472a26e895432d15acd14c53cdbc96890d294366,2025-11-18T22:00:39Z,False,direct,,,human
4.6-stable,54a6e6784c982819bf8c585c5a912e3b60553c4a,2025-11-18T22:30:51Z,False,direct,,,human
4.6-stable,6de36fe6b239ef05e9854bbe9d63faedf165f718,2025-11-18T22:33:13Z,False,direct,,,human
4.6-stable,c056cae43798928a77c2c253513560d3172f145a,2025-11-19T00:54:25Z,False,direct,,,human
4.6-stable,2479e1737af616893a4e534ddbb48cfb7f2c06b6,2025-11-19T06:36:20Z,False,direct,,,human
4.6-stable,4c6f9844c667ce7b5188893b9a8ccb4bd0f7c405,2025-11-19T08:24:28Z,False,direct,,,human
4.6-stable,b9d5c3e213f203b519b36ef4638293eb20817dde,2025-11-19T11:43:09Z,False,direct,,,human
4.6-stable,94f433ccf625bf11ca368f7d91c4c438589e9e82,2025-11-19T12:38:07Z,False,direct,,,human
4.6-stable,e7bf3ec52dbf9ed64acfc9c35fc80f8e9d06d9f6,2025-11-19T13:16:14Z,False,direct,,,human
4.6-stable,826f60db620b098fc2436a05b9d8341ea2f54557,2025-11-19T13:16:14Z,False,direct,,,human
4.6-stable,14734cbcf888dfb84fbf15d0b266c93d2d8b1efd,2025-11-19T13:51:38Z,False,direct,,,human
4.6-stable,fe0c187ba58f4c86128635c91577ce80c1885ec4,2025-11-19T17:03:54Z,True,merge,112930,,human
4.6-stable,0382d7de32270ea253a21903c9d8a752f4fd54ba,2025-11-19T17:03:56Z,True,merge,112803,,human
4.6-stable,2135cb1707630f1a2e1ebf7489f9316551888e82,2025-11-19T17:03:58Z,True,merge,103749,,human
4.6-stable,75e0559d4b3d81e8a7e680d2d4bf72da203f2637,2025-11-19T17:04:00Z,True,merge,94542,,human
4.6-stable,c5bb2dc5e46e8552836ab37fa177d04e7ef45c2f,2025-11-19T17:04:01Z,True,merge,111983,,human
4.6-stable,11ba422b660b137425aa24e79f73a92c8c95d121,2025-11-19T17:04:03Z,True,merge,101168,,human
4.6-stable,dc6671a24d2bc7cddcaac4d36ee9d3553fa3c46f,2025-11-19T17:04:05Z,True,merge,112465,,human
4.6-stable,dfc38d2a3f7c840c2960e380d1a52ad970881c78,2025-11-19T17:04:06Z,True,merge,94873,,human
4.6-stable,ba0956e1a41c90dcb5687b74d1a26b130598dc46,2025-11-19T17:04:08Z,True,merge,112924,,human
4.6-stable,7716a4cba0e4d96e170488bd4f332d22395f7bdb,2025-11-19T17:04:10Z,True,merge,101342,,human
4.6-stable,65a0ace3bc2c062f1803a74947ba5ac871f3cee2,2025-11-19T18:05:57Z,False,direct,,,human
4.6-stable,6e047a028762d6baeada94683c0e5b5238d5fe1e,2025-11-19T18:19:29Z,False,direct,,,human
4.6-stable,3f99bef808d32ebbbb5544e1f2e3d85d796bcd70,2025-11-19T20:10:08Z,False,direct,,,human
4.6-stable,bbf65ae72fa2cb8158bf1a52b170e9ed6003597e,2025-11-19T20:24:18Z,False,direct,,,human
4.6-stable,43a8009a56e98b88a521af04f58d095564d3d3d2,2025-11-19T21:39:05Z,False,direct,,,human
4.6-stable,351e0dcfbff1152c0e696d0d3c06f38c5d23dadf,2025-11-20T05:47:50Z,False,direct,,,human
4.6-stable,4eb70da8b1e8d8b6eed7c5e20ba5f470c2e3c563,2025-11-20T10:22:25Z,False,direct,,,human
4.6-stable,f5bbd71dfc6334a7a82c40bc60d42d78dec59629,2025-11-20T11:32:55Z,False,direct,,,human
4.6-stable,af9be78054d29f39eb4a179023e761ee9fcca6ba,2025-11-20T12:12:29Z,False,direct,,,human
4.6-stable,bca6fd61af643dbbdd87a2f9db2feaf43c88d9c7,2025-11-20T14:50:40Z,False,direct,,,human
4.6-stable,23314701285b9e2011d365428e7f452be9d103bc,2025-11-20T16:26:00Z,False,direct,,,human
4.6-stable,817bf9575667798e392197caebe181b47539f248,2025-11-20T16:32:08Z,False,direct,,,human
4.6-stable,d089d0e1e245a4e34970bba348350b23210518b9,2025-11-20T17:10:45Z,True,merge,112961,,human
4.6-stable,7e7504c8b01bd33c45ae680af9c5012f5f8ad2ec,2025-11-20T17:10:46Z,True,merge,112932,,human
4.6-stable,2edc43df8e72c9ae650d521c4a310b75c99cb9a9,2025-11-20T17:10:48Z,True,merge,78598,,human
4.6-stable,a79b1552983a8fcb2e4c971fa7b1c05c2f35230b,2025-11-20T17:10:49Z,True,merge,112969,,human
4.6-stable,688a6d02b2e37161625331cd749f1e2e85a1313f,2025-11-20T17:10:51Z,True,merge,107435,,human
4.6-stable,2c0309958728603d745b8f4d45d232f9aa00c1d0,2025-11-20T17:10:52Z,True,merge,103953,,human
4.6-stable,8c505d98e48a9e45ab4ac688541b1df0b7d32b5a,2025-11-20T17:10:53Z,True,merge,112914,,human
4.6-stable,df7fd31d07016f29bc084d2954f7931f0a6df796,2025-11-20T17:10:54Z,True,merge,112978,,human
4.6-stable,51c470e4106f29bba7b787d535c4f59108f35182,2025-11-20T17:10:56Z,True,merge,112953,,human
4.6-stable,d843374519f6caaace6977d0aa90ab7d084be4cb,2025-11-20T17:10:57Z,True,merge,112766,,human
4.6-stable,8deb2218292cc7b8de15616a13a0e76cf8edc04f,2025-11-20T17:10:58Z,True,merge,101247,,human
4.6-stable,42c683d450a5e02d143876147de467b513fbc4c6,2025-11-20T17:12:09Z,False,direct,,,human
4.6-stable,d6d60845fe57069d65500e4d6f26e6f6fe0e6f01,2025-11-20T18:49:18Z,False,direct,,,human
4.6-stable,ca45ce91b7e381c7a7759984397591dcabab3c3f,2025-11-20T20:26:53Z,False,direct,,,human
4.6-stable,b4203f7f643640dd0a0212f454e8894aac018021,2025-11-20T20:48:03Z,False,direct,,,human
4.6-stable,d6e90de10be2990467e74eef1021dd3d4e5c4204,2025-11-20T20:57:25Z,False,direct,,,human
4.6-stable,a7358ddd12d6668ddfcb4dc9422dc07eb26556fa,2025-11-20T21:19:09Z,False,direct,,,human
4.6-stable,28ec1cd394fda15b5f92585846421f6251be940e,2025-11-20T22:46:51Z,True,merge,112100,,human
4.6-stable,1d8e0138a96a297cdb9643a5768d020de4ca148f,2025-11-20T22:46:58Z,True,merge,112196,,human
4.6-stable,b0a03edce0dc69fbc46e93dae9cd0c82265f5929,2025-11-20T22:47:00Z,True,merge,106891,,human
4.6-stable,09bc1ca32745b4336440dccda33a6ca3fe176e97,2025-11-20T22:47:01Z,True,merge,77292,,human
4.6-stable,80d1459a59d6980bbc971a9c675aef9edec2ad2a,2025-11-20T22:47:02Z,True,merge,102193,,human
4.6-stable,45ce9f09d28007a6655ff826975bbd68ffc9669f,2025-11-20T22:47:04Z,True,merge,93436,,human
4.6-stable,e9718d4bed782246ab7fcd8c692e3eb25747a30d,2025-11-20T22:47:05Z,True,merge,98936,,human
4.6-stable,cb1569345a6f17da08241e645ab03cb2e1b78d2f,2025-11-20T22:47:07Z,True,merge,112729,,human
4.6-stable,b79fe2e0205fd7ab70a155d16f00c0ca2a7a7a5b,2025-11-20T22:47:08Z,True,merge,98428,,human
4.6-stable,17703ab0fb6f0a5d096403e7fbc54145259acc3c,2025-11-20T23:51:12Z,False,direct,,,human
4.6-stable,ec860ffe4a1684511283438780419a189f7f59f1,2025-11-21T00:51:26Z,False,direct,,,human
4.6-stable,3206e28c8d527516b1456d618be1436ec7953c0b,2025-11-21T03:13:02Z,False,direct,,,human
4.6-stable,5fdcb805d4dfd75f69b5349cc07cb82ee2f75dde,2025-11-21T05:49:26Z,False,direct,,,human
4.6-stable,985dfa7cda60897cd37e58593d22098194c0b29c,2025-11-21T09:21:46Z,False,direct,,,human
4.6-stable,b16a8b8a76079f06a2ef5f6efd95c47a3e22604a,2025-11-21T10:09:16Z,False,direct,,,human
4.6-stable,4ba4558cf6e0550190ee2cb7fbc3c6af3fa2e677,2025-11-21T10:11:30Z,False,direct,,,human
4.6-stable,37ff5dd99e4d2bf32b6f0a30d7bebaf2100c8e37,2025-11-21T14:31:57Z,False,direct,,,human
4.6-stable,67735cf213009c57e617f2dee7e1d7b0b8924366,2025-11-21T17:52:13Z,False,direct,,,human
4.6-stable,de9b22625ea255a01cd03b16cc4b827555f26c51,2025-11-21T17:53:20Z,False,direct,,,human
4.6-stable,6145b0ca2942d6b97e03612848dceb3cfda6b68f,2025-11-21T17:58:26Z,False,direct,,,human
4.6-stable,2cbdffee8c041a0fda2ea8c7c4bb5636ebcf436b,2025-11-21T19:09:06Z,False,direct,,,human
4.6-stable,8179eb6f9bd207ebab4aecb4d949161e5b45e7fd,2025-11-21T20:11:41Z,False,direct,,,human
4.6-stable,87279f0aa065bf7ac8084e854bcf68dfe4d97827,2025-11-21T20:46:41Z,True,merge,112928,,human
4.6-stable,b51320f22ef28937b221cd9ad92c836000a5b448,2025-11-21T20:46:43Z,True,merge,112450,,human
4.6-stable,e873576d71a610106618fddb642e8c4628d6796c,2025-11-21T20:46:44Z,True,merge,111878,,human
4.6-stable,efa1056a3ab4780c62e77876fd89a2e3c997e424,2025-11-21T20:46:45Z,True,merge,101255,,human
4.6-stable,8480b62202c6862b24b5f6e43317685921fad1ad,2025-11-21T20:46:47Z,True,merge,113000,,human
4.6-stable,884bf2f3320f475319733ee637091d8d81bd8645,2025-11-21T20:46:48Z,True,merge,108647,,human
4.6-stable,47d6ce29175dafbdf88de6e8e9bde65ac622df1d,2025-11-21T20:46:49Z,True,merge,110408,,human
4.6-stable,9f5143dac925fbbad3e46bcf4753e8d3ecd0da29,2025-11-21T20:46:51Z,True,merge,111285,,human
4.6-stable,0e182ee83d0210c3485d377ee9fef2b501696cdf,2025-11-21T20:46:52Z,True,merge,112506,,human
4.6-stable,ccf414ecb47ac07d0996fbebc80453a6ed2f400f,2025-11-21T20:46:53Z,True,merge,112989,,human
4.6-stable,cb7d00efadca36be8013e10c0d5437e4e4de420e,2025-11-21T20:59:55Z,False,direct,,,human
4.6-stable,de4979fcaf07cb4046bb62508326d47403d6ed00,2025-11-21T21:35:31Z,False,direct,,,human
4.6-stable,3fee7c24647baca7daa962d07cc28a8b4392a2ce,2025-11-21T21:55:52Z,False,direct,,,human
4.6-stable,f4244fd61cbef24ebd6a955ca045f936e2af085a,2025-11-21T22:45:02Z,False,direct,,,human
4.6-stable,4f255fa7d76fc8f682767aa3a2baade42e5dfd7e,2025-11-21T22:52:32Z,False,direct,,,human
4.6-stable,646ac8494ba0b6e410106bcac70e86dd381fda92,2025-11-21T23:28:59Z,False,direct,,,human
4.6-stable,14cde0fa10fde7575b1f9fcc5a865cd9c66eabd0,2025-11-22T00:03:38Z,False,direct,,,human
4.6-stable,25cc9ccefb7211e58d0a8b813c6149b9a963e69d,2025-11-22T00:37:24Z,True,merge,112577,,human
4.6-stable,fa6ca106c776feb3b8d24f51c8f7c049a5f13d3b,2025-11-22T00:37:25Z,True,merge,112962,,human
4.6-stable,b9a92ca7d1c1a6faf9d012e7b7a9354b1ee2b057,2025-11-22T00:37:27Z,True,merge,112231,,human
4.6-stable,7ec0243f105a66f1bd70c58b0cb899a310712b0c,2025-11-22T00:37:28Z,True,merge,110376,,human
4.6-stable,dca2986321c925b6d17a052a4bca6b236c753680,2025-11-22T00:37:29Z,True,merge,112844,,human
4.6-stable,25a62398e8e50ce7566412203367797ec1d2a19f,2025-11-22T00:37:30Z,True,merge,112396,,human
4.6-stable,640109eeea32d2006592cfe8a592b4c8350e6f73,2025-11-22T00:37:32Z,True,merge,111952,,human
4.6-stable,3619c68856582a2f3669f9b40dcdc0fab9f986c2,2025-11-22T00:37:33Z,True,merge,91634,,human
4.6-stable,d540752f15e0145628df06e0addb5e03f008e1bb,2025-11-22T00:37:35Z,True,merge,109972,,human
4.6-stable,18046f5b8eb192609e139eebc28671744f7f175c,2025-11-22T00:37:36Z,True,merge,112986,,human
4.6-stable,4ce5f9cbde9b904eee0d8e36b7ddd4d4f7119323,2025-11-22T00:37:37Z,True,merge,112571,,human
4.6-stable,101b8270871ef7f383bfc32d2ed4e24a57904937,2025-11-22T00:37:39Z,True,merge,110623,,human
4.6-stable,235a32ad11f40ecba26d6d9ceea8ab245c13adb0,2025-11-22T00:37:40Z,True,merge,113023,,human
4.6-stable,5b61baa60de749a29f9168c0229a22657d547c53,2025-11-22T01:01:15Z,False,direct,,,human
4.6-stable,ef9738005aae82e3e633c41c924279e5c5021700,2025-11-22T02:17:03Z,False,direct,,,human
4.6-stable,4dd5c83f72d69f9d772d3793f138cac2505b0c30,2025-11-22T08:29:05Z,False,direct,,,human
4.6-stable,270407b20a33ce54c652b1b8d961a340d4a9a6a8,2025-11-22T11:32:33Z,False,direct,,,human
4.6-stable,76f3155f0aa602e96b2547d764ed3f414091cfc5,2025-11-22T13:28:33Z,False,direct,,,human
4.6-stable,7687a948834c334e13d86eeaf244199fd0ee6aee,2025-11-22T13:57:50Z,False,direct,,,human
4.6-stable,364e98afc52e81fd54567148f6e6cb4ab9ee9b8b,2025-11-22T15:52:55Z,False,direct,,,human
4.6-stable,70b7b44e5c67e89f6cb7c1e3cc742083ac678d9a,2025-11-22T16:40:54Z,False,direct,,,human
4.6-stable,2251f2f0aac5e3c1bed2f31c465e7b4afcb1fcda,2025-11-22T17:02:18Z,False,direct,,,human
4.6-stable,16313db7a76f10a72106a1587466a1622652d90e,2025-11-22T17:20:39Z,False,direct,,,human
4.6-stable,8af1a134b40dedf0f923286640faaf2037df08c6,2025-11-22T17:28:26Z,False,direct,,,human
4.6-stable,4cc88e5175b642e5bf3afdbfc2a7c584734a9d33,2025-11-22T18:17:15Z,False,direct,,,human
4.6-stable,11fc9983688abff0446988ec3215e258e0e573a8,2025-11-22T19:22:31Z,False,direct,,,human
4.6-stable,35a6ba5ff93a93d1862aa32c933e86ecf88bc3ad,2025-11-22T21:17:36Z,False,direct,,,human
4.6-stable,8ced63315a3127a9dd6e94c1c37fa5d73075538d,2025-11-22T22:30:23Z,False,direct,,,human
4.6-stable,c4da6d0915a1e47b8055bf955c0abf01aa51c6dc,2025-11-23T08:31:55Z,False,direct,,,human
4.6-stable,11e97cace520a6c69bc7547059f0c25b6e91c9d7,2025-11-23T11:35:21Z,False,direct,,,human
4.6-stable,8d10d8e7e6571221c6e9ad587d816d51265ec46e,2025-11-23T13:10:00Z,False,direct,,,human
4.6-stable,81f727b6dd3b31ec5190902798cef0a074bbf92a,2025-11-23T15:31:59Z,False,direct,,,human
4.6-stable,ad02128137a90c27c67bb8733bf51990528e73bd,2025-11-23T17:09:21Z,False,direct,,,human
4.6-stable,1538b2b8e6590afba3211f6a7f398631c89ca8be,2025-11-23T19:35:45Z,False,direct,,,human
4.6-stable,ae2f69b6c01415e29d7f7d2ffbe7d10d30a03723,2025-11-23T21:02:02Z,False,direct,,,human
4.6-stable,dce2518dc17fca7a5e4583f6a2f53e14343bbd18,2025-11-23T22:09:14Z,False,direct,,,human
4.6-stable,d454e1a1e0f805f590d9a39ee959a1414b794b64,2025-11-24T09:18:25Z,False,direct,,,human
4.6-stable,23b6f129c7dc55dad5cdf69a59829d29747897fa,2025-11-24T09:43:18Z,False,direct,,,human
4.6-stable,cd2bd8f624c842f446a309684e7e4d5891593bc1,2025-11-24T10:39:58Z,False,direct,,,human
4.6-stable,da8817a4e8874f23eb5dadd226b229e2f5aad4bf,2025-11-24T11:13:02Z,False,direct,,,human
4.6-stable,62eeecd5283346efe0baa9f8561b800f48d0cbbe,2025-11-24T11:42:43Z,False,direct,,,human
4.6-stable,ec7de6b82b38bc8dbee25167a4e0be8cf1fcffa6,2025-11-24T13:45:47Z,False,direct,,,human
4.6-stable,0a29b90296e980c7df0699612bd0209f946f247b,2025-11-24T15:37:32Z,False,direct,,,human
4.6-stable,3d0f2889d8b4b6c12e7931210e7853afb950edfb,2025-11-24T16:21:20Z,True,merge,113034,,human
4.6-stable,2250b317a8eec26c267d443ee83a695b6d04ad02,2025-11-24T16:21:21Z,True,merge,113041,,human
4.6-stable,008f5165d4c50a92df30e014e6a648412249cb34,2025-11-24T16:21:22Z,True,merge,113044,,human
4.6-stable,d5d061e1c2dda17e72ddc8b4434af415ac651f9e,2025-11-24T16:21:23Z,True,merge,108180,,human
4.6-stable,06f7cc9e02edefc1b0ee631c782860ac3aa84e60,2025-11-24T16:21:24Z,True,merge,101787,,human
4.6-stable,a56260773b178abf59c324a67b6843c09cd3b6b4,2025-11-24T16:21:26Z,True,merge,107423,,human
4.6-stable,55e98063fe9582a79a7277d5d29ed01880513fde,2025-11-24T16:21:28Z,True,merge,113055,,human
4.6-stable,56d766a2a7378bb7b5f0e7a0cb40803800ed895c,2025-11-24T16:21:29Z,True,merge,113061,,human
4.6-stable,3f950a5bdf750c2d94c1f5af56a099ea373c2ba3,2025-11-24T16:21:30Z,True,merge,113064,,human
4.6-stable,7477823ad53299f5f9485cdbb11b64dfd83cd0c4,2025-11-24T16:21:31Z,True,merge,113068,,human
4.6-stable,55c93555e8b556ad5fff3452c9c56927d14f469d,2025-11-24T16:21:33Z,True,merge,112054,,human
4.6-stable,48887b3f2e03b9daff231e8689af6c7afa065e24,2025-11-24T16:21:34Z,True,merge,99640,,human
4.6-stable,9c753915d11c2c3f5823d68fbe8594ba20bb56c5,2025-11-24T16:21:35Z,True,merge,113084,,human
4.6-stable,02335fa12600ce5d2b30adedc94c6e6318b2dc7f,2025-11-24T16:21:36Z,True,merge,107845,,human
4.6-stable,761b78b7ec0e9354dd951207db6e7e97ea105f9b,2025-11-24T16:21:38Z,True,merge,112967,,human
4.6-stable,1fc27cc1a9c4f184b761750660c09ba3a8e78d9c,2025-11-24T16:21:39Z,True,merge,95817,,human
4.6-stable,6002abe017aaf9faf05d52339b805b6b98c9aa00,2025-11-24T16:21:40Z,True,merge,113099,,human
4.6-stable,c171af7ffa27c46b103e4d2a69b96c1dbfed5de0,2025-11-24T16:21:41Z,True,merge,113112,,human
4.6-stable,7772549c0f940c6961c34ee454d81ca82a248f15,2025-11-24T16:21:42Z,True,merge,110435,,human
4.6-stable,089298322580b0cb9920e5370f350f58021e95e5,2025-11-24T16:21:44Z,True,merge,113013,,human
4.6-stable,4fef336722e3fe0016119eb09c04ae497c261cde,2025-11-24T16:21:45Z,True,merge,113014,,human
4.6-stable,bbe965432747f49ac647883c871a38ade26bdc4a,2025-11-24T16:21:47Z,True,merge,111484,,human
4.6-stable,de18f3200e5506c1c6bd6f37a8c74613af7d90fe,2025-11-24T16:38:47Z,False,direct,,,human
4.6-stable,f0e57a727bc93225a157e0f4bde63302b2012ce4,2025-11-24T17:40:07Z,False,direct,,,human
4.6-stable,d95d49ee124abfd2c0befde69821a78d9035c421,2025-11-24T18:12:09Z,False,direct,,,human
4.6-stable,090a4540b7b708f9c8acf8edac4f56888188bc6d,2025-11-24T18:12:10Z,False,direct,,,human
4.6-stable,51be9b5f1c761f160907e4c2072aa2f98bf5015d,2025-11-24T18:24:47Z,False,direct,,,human
4.6-stable,fc9ea462cad98308baac555caa23ca5057821e39,2025-11-24T20:10:07Z,False,direct,,,human
4.6-stable,0820f3269925672a0cc0e7e2b73f74b3029bf5fd,2025-11-24T20:39:21Z,False,direct,,,human
4.6-stable,a945df84139c979998490f078fe1334b7647c6e3,2025-11-24T21:17:28Z,False,direct,,,human
4.6-stable,e5100fd204f26f4a8ad7d0ce1f233dfb2e648e09,2025-11-24T21:30:23Z,False,direct,,,human
4.6-stable,7e55f1d1bf305f137d05937cb144ac1831c73159,2025-11-24T21:50:09Z,False,direct,,,human
4.6-stable,d92aa168cc4ae2b0376a41d93e693630c5d7c745,2025-11-24T21:59:55Z,True,merge,113120,,human
4.6-stable,e1b3387513f0fe31f19c574fd97ff342579487d7,2025-11-24T21:59:56Z,True,merge,108704,,human
4.6-stable,5144ee81cd98151c352690b287976048cd328973,2025-11-24T21:59:58Z,True,merge,108546,,human
4.6-stable,ce5f11352dc53bb5612cdda48f3296019e8a061f,2025-11-24T21:59:59Z,True,merge,112996,,human
4.6-stable,c818c7f43864de168f4e11ef3826a195f80bb180,2025-11-24T22:00:00Z,True,merge,113126,,human
4.6-stable,fb91141cd12a79f6912b9e1174c893f5f542cb1e,2025-11-24T22:00:02Z,True,merge,107343,,human
4.6-stable,af6f7202f0e439c4b09193a52497519b7e3d248b,2025-11-24T22:00:03Z,True,merge,113106,,human
4.6-stable,9a8b9e5c244186a6f291e3248b58fa5e6ef8ab31,2025-11-24T22:00:04Z,True,merge,113010,,human
4.6-stable,b3b0feb2292586e69f889d55657b1bd665a942c0,2025-11-24T22:00:06Z,True,merge,112916,,human
4.6-stable,6d8ec7e7ce753082f350aeb8ce23dad42f4c34ab,2025-11-24T22:00:07Z,True,merge,86930,,human
4.6-stable,b962544a3edb7bf57f55fd518a1253fba1471e93,2025-11-24T22:00:09Z,True,merge,93463,,human
4.6-stable,ca692bee19b203a59b647cb04afa1d6bf05877f6,2025-11-24T22:00:10Z,True,merge,103672,,human
4.6-stable,f1de9c48452e8e2852f6702fb283d177a6285593,2025-11-24T22:00:11Z,True,merge,113117,,human
4.6-stable,369afc7b46d87dd28fc70976fc66875e76e36101,2025-11-24T22:00:13Z,True,merge,86079,,human
4.6-stable,0f047944e4b34483c8f2b9e529e8ecbd36dbef2d,2025-11-24T22:03:22Z,False,direct,,,human
4.6-stable,92ce6c7b75d81cb4aa59728f248f9aeefb01b501,2025-11-24T23:04:04Z,False,direct,,,human
4.6-stable,1fb101f7a588b8a3759dc0f4777442c325c49fc6,2025-11-25T00:34:52Z,False,direct,,,human
4.6-stable,b4f58e5d8ed2e5c373d8e9cd6fcd0dfcc94111f2,2025-11-25T00:40:27Z,False,direct,,,human
4.6-stable,8fb195e20dc01646d771c85daaf85624f67a5eb2,2025-11-25T02:36:16Z,False,direct,,,human
4.6-stable,6efe6aa60ca647eff99362d1696f50c4813a5815,2025-11-25T09:49:18Z,False,direct,,,human
4.6-stable,51ff09dc1ef1777dbe0421b6281ad10f98d61c77,2025-11-25T11:01:43Z,False,direct,,,human
4.6-stable,d17ea061bcbf0ae96e4b71e642834315a9580be0,2025-11-25T12:34:38Z,False,direct,,,human
4.6-stable,6e6976013482ebaca644074e00024b59b6414470,2025-11-25T13:06:48Z,True,merge,111967,,human
4.6-stable,1788983ee8b2e5715eb41b0e999e7a01bb1347b3,2025-11-25T13:06:50Z,True,merge,113031,,human
4.6-stable,2f37fcb94bc5fd3070bb27c5021c45dcb95128b1,2025-11-25T13:06:51Z,True,merge,108871,,human
4.6-stable,bea52f4e37561981a59db43cf3849a97361b0b67,2025-11-25T13:06:52Z,True,merge,113130,,human
4.6-stable,258ee89997d5de18fa4a4058e0bfb3b0e6449e06,2025-11-25T13:06:53Z,True,merge,90411,,human
4.6-stable,912da563d5a43a921392c0da06e5f2ec63e4605e,2025-11-25T13:06:55Z,True,merge,113070,,human
4.6-stable,d0727a39b68c2f85348cb07c662f19b401cac1f6,2025-11-25T13:06:56Z,True,merge,113039,,human
4.6-stable,8eb265c646e5642a1c8d4f70f1044cbcfbae67fc,2025-11-25T13:06:57Z,True,merge,113134,,human
4.6-stable,0ebb11041b114d50908def8f468a66c2293d3c60,2025-11-25T13:06:59Z,True,merge,113138,,human
4.6-stable,ada0e6032e9df2fe8c1cf9d958a45468f828518c,2025-11-25T13:07:00Z,True,merge,112087,,human
4.6-stable,14185ef082078ae41a70d67981c8d0ec20d4b7e7,2025-11-25T13:07:01Z,True,merge,113145,,human
4.6-stable,22a28e07cc1cf6c510784c81ba30b7f572c152f1,2025-11-25T13:07:02Z,True,merge,101407,,human
4.6-stable,985a5e95a9ab5d430bb7b245ae1fd20ac70caec8,2025-11-25T13:38:16Z,False,direct,,,human
4.6-stable,7722d52d5154075830abb33da498c806b9c8cf9c,2025-11-25T13:46:05Z,False,direct,,,human
4.6-stable,d968c3e5d699a27a7c61789e5c015633b689da41,2025-11-25T14:48:37Z,False,direct,,,human
4.6-stable,501c5b0900f147f242554a9215393e32448771ee,2025-11-25T15:24:18Z,False,direct,,,human
4.6-stable,231adb0f0c374f2c4aa81469e2c49d97be668662,2025-11-25T15:52:18Z,True,merge,91617,,human
4.6-stable,d5b705600c0e8198a633160a23c67f37b903c047,2025-11-25T15:52:19Z,True,merge,112547,,human
4.6-stable,b2b30b437b187f40b7b57b6ee0d7a61e446147dd,2025-11-25T15:52:21Z,True,merge,112935,,human
4.6-stable,a259ad354f20f18e8886d56d91de578b81878d3e,2025-11-25T15:52:23Z,True,merge,112295,,human
4.6-stable,5ff7a9e79351718912284ebd0fd7da6799138c74,2025-11-25T15:52:24Z,True,merge,112031,,human
4.6-stable,4dbac6eaeab727d33a49973d20937e5e927f0562,2025-11-25T15:52:26Z,True,merge,112810,,human
4.6-stable,0da802cdd7a8058c2bdce51ac7ef87faaa8bdb8e,2025-11-25T15:52:27Z,True,merge,111114,,human
4.6-stable,ee5f8bbf11baa8c734c50ecd5e04972ab8b76d18,2025-11-25T15:52:29Z,True,merge,112940,,human
4.6-stable,8c76d71971d1af47ac77eaedc7e09328be8c1b70,2025-11-25T15:52:30Z,True,merge,113065,,human
4.6-stable,1a5ee71651e64a7cba4173a5177ddd842a9ed457,2025-11-25T15:52:31Z,True,merge,112903,,human
4.6-stable,324ca13df037d1a9da7cacc7d0c8a2fd20769027,2025-11-25T15:52:33Z,True,merge,112334,,human
4.6-stable,89435a9e052e48d9a46b455a0dab9a1353dad91b,2025-11-25T15:52:34Z,True,merge,97616,,human
4.6-stable,5a033aec35be5bb3b5722f6d2a5b8cf902f2b468,2025-11-25T15:52:36Z,True,merge,113075,,human
4.6-stable,158f13aebf68fcccfe4bb3588f3fd0d1bce77ab2,2025-11-25T15:52:37Z,True,merge,102232,,human
4.6-stable,5afc01c46d49fa8fc5f2e7464fd47756f91e2ee2,2025-11-25T15:52:38Z,True,merge,112604,,human
4.6-stable,e1aebc6f95012ce27e6e9743ff504d5ecf95cb15,2025-11-25T15:52:40Z,True,merge,58749,,human
4.6-stable,4601c07d86bed2a5a25ea4b32c4f0b933c03e18b,2025-11-25T15:52:41Z,True,merge,113151,,human
4.6-stable,109d3d8530eeca2e7e28838446520454ade4b4f5,2025-11-25T18:05:30Z,False,direct,,,human
4.6-stable,2721dbf5bc2b0003ca439128fabb93348fb5b0a0,2025-11-25T18:32:42Z,False,direct,,,human
4.6-stable,807df6e9ab54826d1e73b531f4144bf100c102f2,2025-11-25T18:55:07Z,True,merge,113028,,human
4.6-stable,5cf4d2042f4c3da9aa660aa3c4fc5956634ff90a,2025-11-25T18:55:08Z,True,merge,111711,,human
4.6-stable,32f43e17f9199e022fb4616a9194208c9be928a1,2025-11-25T18:55:09Z,True,merge,113062,,human
4.6-stable,6774821a23b3cca97fcf9cf32858b0cded19761e,2025-11-25T18:55:10Z,True,merge,111926,,human
4.6-stable,b7f06bd14d60dd2f8979823efd6669ce05a1bed6,2025-11-25T18:55:11Z,True,merge,112539,,human
4.6-stable,f34c270452937d643f15084adbbafa6bdcfa078e,2025-11-25T18:55:12Z,True,merge,113150,,human
4.6-stable,9dd6c4dbac70b28e8156255c3a2b78722772b036,2025-11-25T18:55:13Z,True,merge,112927,,human
4.6-stable,203eb9e6d7ddd6b5af81dcb7bc23a990f0004d16,2025-11-25T20:01:25Z,False,direct,,,human
4.6-stable,be0c68845e449e54149273f8f09f98cfa4e4f63b,2025-11-25T20:20:57Z,False,direct,,,human
4.6-stable,a07fcf5d05e8a9528e1e572bdf6d4f77578046f5,2025-11-25T20:26:50Z,False,direct,,,human
4.6-stable,60d20ab038e1c4a341acb8d04e039db986eb1162,2025-11-25T21:07:30Z,False,direct,,,human
4.6-stable,e4e00a546106ab7111c09dc8e324beb0c623a3e8,2025-11-25T21:10:08Z,False,direct,,,human
4.6-stable,e0668de3dec92c91ac24b1214c0a4b70799a2a70,2025-11-25T21:16:26Z,False,direct,,,human
4.6-stable,871abd1c072c62b9f0f2a8e65124b02a8083ef0c,2025-11-25T22:05:57Z,False,direct,,,human
4.6-stable,c0bc43d1def582f44a91b9c9b3b59d5fc7486702,2025-11-25T23:35:37Z,False,direct,,,human
4.6-stable,2b3501923f070798861068feb7617b5e0b3301cb,2025-11-26T00:17:54Z,False,direct,,,human
4.6-stable,dc75272d865806da2ad6e18833dfe061a8083154,2025-11-26T00:31:54Z,False,direct,,,human
4.6-stable,96332f1b4dc01f868c528698cd1ee48c8433a35b,2025-11-26T00:43:39Z,False,direct,,,human
4.6-stable,023024440b66089ad4c9f55ec9109b85f80c3512,2025-11-26T01:06:43Z,False,direct,,,unknown
4.6-stable,37a60435796823efa2481d7b7b333d2e952cce07,2025-11-26T04:37:14Z,False,direct,,,human
4.6-stable,45f4aebe240ba161db2081e2804e603243dc45dc,2025-11-26T04:40:26Z,False,direct,,,human
4.6-stable,56db3aed47ff192a3598e158ed0c42647dab623a,2025-11-26T09:00:02Z,False,direct,,,human
4.6-stable,fce47ac4566a7e38cb4b1129e7e285c997d41108,2025-11-26T11:02:22Z,False,direct,,,human
4.6-stable,4334fff23001fcb2d2299ffdfdcf5afcfbdd04a8,2025-11-26T11:59:27Z,False,direct,,,human
4.6-stable,0cc88f34dabb27af61ef77a680653a0290e31055,2025-11-26T12:52:19Z,False,direct,,,human
4.6-stable,cbf888896da69cfe1cb512eec163110d546a7d9b,2025-11-26T12:55:18Z,False,direct,,,human
4.6-stable,834dfcbcaf3a3c7c448d19f4b973f6f970217d58,2025-11-26T13:42:36Z,False,direct,,,human
4.6-stable,f7b805b701313fdc7aa0b11c1392b4d71a9158ee,2025-11-26T13:46:27Z,False,direct,,,human
4.6-stable,639e396d98d0eec75f12a3407373456ebeeb8755,2025-11-26T14:04:49Z,False,direct,,,human
4.6-stable,69ff129e33f6f1607b18e04d3378017800dfaed2,2025-11-26T14:16:08Z,False,direct,,,human
4.6-stable,21a8d6b1bc0f875ef3afb4c1b1e0fdccc06a79cb,2025-11-26T14:37:33Z,False,direct,,,human
4.6-stable,b8ef67586da4f50d6ce0e2fa15f0ec1a4bb239e7,2025-11-26T15:00:08Z,False,direct,,,human
4.6-stable,d97496a99e633a998a2d34a50def3e18228b658b,2025-11-26T15:02:38Z,False,direct,,,human
4.6-stable,c2f8d1a29ba915e2c58941c2ad27c811f3d66489,2025-11-26T17:17:34Z,False,direct,,,human
4.6-stable,0a68eb3d37682b31bf5374d2dbd3745ce8a53f59,2025-11-26T19:01:36Z,False,direct,,,human
4.6-stable,68716b67953485c1110a6f11d229cfc72a0ec97e,2025-11-26T19:13:39Z,False,direct,,,human
4.6-stable,596fdd018b9e2909f845eee4c2baeabe438b1540,2025-11-26T19:39:44Z,False,direct,,,human
4.6-stable,ef18638ac37b2e1f14b5b1dbe71b883fb8095d06,2025-11-26T19:47:58Z,False,direct,,,human
4.6-stable,8ac43f4733daa46c43a7ad15a6da9bd539544b52,2025-11-26T20:01:49Z,False,direct,,,human
4.6-stable,f37edd524f03ed373415a6a26c1c9f02d4e5c8b5,2025-11-26T21:11:57Z,False,direct,,,human
4.6-stable,1c824f5912fc6c059ca91478ef64e794cd39412d,2025-11-26T22:15:54Z,False,direct,,,human
4.6-stable,d57a59838eee892ad55c50c1c3385f2eea2f4434,2025-11-26T22:43:11Z,True,merge,107536,,human
4.6-stable,f305da3c9eb7483c5b572ef29ba41d9028424d01,2025-11-26T22:43:15Z,True,merge,108135,,human
4.6-stable,f35f42827921bdb2ea28cf207f6f68b1c337091b,2025-11-26T22:43:22Z,True,merge,108417,,human
4.6-stable,13e7215b46937d521f33da0d247b6fef1bd431f2,2025-11-26T22:43:27Z,True,merge,111426,,human
4.6-stable,a1eb6889b1cbc9aff3ad0817e40938debd8d1e28,2025-11-26T22:43:32Z,True,merge,111870,,human
4.6-stable,fa0293e1f16175c5cac0941547c928d804cc3043,2025-11-26T22:43:36Z,True,merge,112011,,human
4.6-stable,cbeb7339b5eeb065e16cf6565df27e0263fd617a,2025-11-26T22:43:42Z,True,merge,112301,,human
4.6-stable,ee66b34160856f2016bccfe4d9ddd0d968509114,2025-11-26T22:43:47Z,True,merge,112514,,human
4.6-stable,381473b9134d0fae45b38c6727a96d1bbbf2fde2,2025-11-26T22:43:51Z,True,merge,112593,,human
4.6-stable,5603b3b0e43460aaef9c3f6bce2c90eb135182bb,2025-11-26T22:43:57Z,True,merge,112884,,human
4.6-stable,660b52b828e1ab77cce70f4bfbe0633d030e3355,2025-11-26T22:44:01Z,True,merge,112990,,human
4.6-stable,9c7bea6cda5268bdb6bd0799f16998fbd1023b52,2025-11-26T22:44:05Z,True,merge,113140,,human
4.6-stable,21af1e286f7501d102a59dd05d360d2208bb3624,2025-11-26T22:44:10Z,True,merge,113160,,human
4.6-stable,c82e16efb06bd317dde8c03acd17859f0529b41b,2025-11-26T22:44:14Z,True,merge,113161,,human
4.6-stable,ca366b51df86b1237c9636b98d019a782fd895c6,2025-11-26T22:44:18Z,True,merge,113164,,human
4.6-stable,c260a17d4a846e3d75ee61f4a811321ef73801c6,2025-11-26T22:44:22Z,True,merge,113167,,human
4.6-stable,c3df5d4fb1c70e42e17d09d4ede4aadeef51aac1,2025-11-26T22:44:27Z,True,merge,113187,,human
4.6-stable,1a191688f1b079a8f62eeeb9ea9a356b8bbe22e9,2025-11-26T22:44:32Z,True,merge,113190,,human
4.6-stable,b90884bcd9d3ccbd0bfff00fc5495028b806d095,2025-11-26T22:44:36Z,True,merge,113191,,human
4.6-stable,d5b76f733b9cffb81672e18320fe05527f4ea055,2025-11-26T22:44:41Z,True,merge,113193,,human
4.6-stable,9ad733bd0af02f18ae8dcc9d9f5e9f8c1767c870,2025-11-26T22:44:45Z,True,merge,113194,,human
4.6-stable,1667e6fcceba0908f30dc21e0aec4b643a71dfaa,2025-11-26T22:44:49Z,True,merge,113195,,human
4.6-stable,936f17f1985b83de3824712dc37f09cf702b904f,2025-11-26T23:01:10Z,False,direct,,,human
4.6-stable,e4d2f1d630b5057d4f7779215c04266ceb52098a,2025-11-27T08:55:16Z,True,merge,108682,,human
4.6-stable,44005f96d16e45a68303704a85cdbc85ddd6e5c5,2025-11-27T08:55:21Z,True,merge,109302,,human
4.6-stable,4f04a9de1de70b1c52cc97c061f0a1e60bf4a70f,2025-11-27T08:55:26Z,True,merge,111332,,human
4.6-stable,b1de0364bfc9e05d997e0525206be4a9c2fd1726,2025-11-27T08:55:31Z,True,merge,111954,,human
4.6-stable,aafad04a1b5feee5b9b3e60d71c34a3fd3e6619b,2025-11-27T08:55:35Z,True,merge,112107,,human
4.6-stable,499254e49515b327b1b6c77dbf76ee27cdde149e,2025-11-27T08:55:40Z,True,merge,112559,,human
4.6-stable,1cb4ada316716f4e699090f10f39e171c59760d4,2025-11-27T08:55:45Z,True,merge,112994,,human
4.6-stable,85fd05fc3095ab0f0d477dd0e453191360e963c3,2025-11-27T08:55:50Z,True,merge,113080,,human
4.6-stable,e0e1a0c6d31f20df666e72e55695c403d0cdc888,2025-11-27T08:55:55Z,True,merge,113115,,human
4.6-stable,30f1ab165c9e29c3e90773672b5cbb1608879e5b,2025-11-27T08:55:59Z,True,merge,113133,,human
4.6-stable,b22d15311c42396da4a66b7c814bebf637b4d1b8,2025-11-27T08:56:04Z,True,merge,113159,,human
4.6-stable,3a97723ff25e89d15a860f0ce7ab0a9cd65d7bd8,2025-11-27T08:56:08Z,True,merge,113209,,human
4.6-stable,b87fcf7e79f09186c2e99dbd3a537fbbe5d18990,2025-11-27T09:26:25Z,False,direct,,,human
4.6-stable,0d9ff7029686f45d75b5859c718312ee576f2253,2025-11-27T11:24:58Z,False,direct,,,human
4.6-stable,bdca5fa3a343542b65c4478bd9061586218edba1,2025-11-27T11:40:14Z,False,direct,,,human
4.6-stable,3e97ee77503dbd9c33a3d5358718c6879220d1b8,2025-11-27T13:28:16Z,False,direct,,,human
4.6-stable,f694c64ac4a935e61d24407615743d1978f7e956,2025-11-27T13:53:28Z,False,direct,,,human
4.6-stable,6b7ec9950a95d777d7671f2fbdab3f5b816fc1b6,2025-11-27T14:11:31Z,False,direct,,,human
4.6-stable,bfdf86370f7d3acf32b99bef4b07db56d0dab179,2025-11-27T14:26:26Z,False,direct,,,human
4.6-stable,3ae88632e2bfc11902790d6e7b23bd8d0ba4e557,2025-11-27T14:53:34Z,False,direct,,,human
4.6-stable,68e9cb4a97cfdd9aaa3da2e6a5b593373d11ae9c,2025-11-27T16:29:43Z,False,direct,,,human
4.6-stable,5593a0b2b27c9e015e711b235539043b6c5742d9,2025-11-27T17:03:06Z,False,direct,,,human
4.6-stable,1eb4972a5d495c2173f1e8564a27625182409fde,2025-11-27T17:06:14Z,False,direct,,,human
4.6-stable,7504b5cee25128b4df7f85828a7dc7aeb4dd0d4d,2025-11-27T20:05:23Z,False,direct,,,human
4.6-stable,fc696bd17c42be1a43112f39c2e4ce32a82f28c2,2025-11-27T20:47:54Z,True,merge,111732,,human
4.6-stable,1d9b073ef0f53c77f4a81a2a815fb7d45e2fc155,2025-11-27T20:47:59Z,True,merge,112058,,human
4.6-stable,8237bb4a323a9a95b9b03ac658876082be0c2c1f,2025-11-27T20:48:04Z,True,merge,112124,,human
4.6-stable,a67116ecbb54a725262add1280be69e2b56048d3,2025-11-27T20:48:08Z,True,merge,113073,,human
4.6-stable,e28ef68957956e535958ba0d11d5332bccdb69af,2025-11-27T20:48:12Z,True,merge,113135,,human
4.6-stable,93e83c5e987214d135bdc839b8f024cac4898aa6,2025-11-27T20:48:17Z,True,merge,113186,,human
4.6-stable,bb7054cdf2bbcc50c8b54a97b82db315121bb9e5,2025-11-27T20:48:20Z,True,merge,113213,,human
4.6-stable,71b600024954d8ab334e91e3e28348fc4f03975c,2025-11-27T20:48:25Z,True,merge,113232,,human
4.6-stable,4bb9ef7fce827cab9c01897c0836b718c8552033,2025-11-27T20:48:29Z,True,merge,113234,,human
4.6-stable,79432b6592f51ab8a3b806afcf4ffce218be5841,2025-11-27T20:48:32Z,True,merge,113236,,human
4.6-stable,a2db1805274a74e1530c4dd7e62bd95f1ac71e3f,2025-11-27T20:48:36Z,True,merge,113237,,human
4.6-stable,8c93de89d1142689ffd792304584c0428583511a,2025-11-27T20:55:36Z,False,direct,,,human
4.6-stable,e68b2436eea1ea7ee80e725d008b6e3a312a0d6f,2025-11-27T21:04:51Z,False,direct,,,human
4.6-stable,a8a4faacfec9320fb7bbfb27212a14981d9d0da7,2025-11-27T21:20:15Z,False,direct,,,bot
4.6-stable,b0a42784f1143051313832bf9b6ef2b7afbe2656,2025-11-27T21:37:28Z,False,direct,,,human
4.6-stable,a79239e332ef08d15ec2ada2ef04c881511f11b5,2025-11-27T21:37:28Z,False,direct,,,human
4.6-stable,230ca1d6730473fae1d5fe40bf94282f95f3aa5e,2025-11-27T22:00:23Z,False,direct,,,human
4.6-stable,7ed0b6167618f9c8c5df87c7e83da6003c081368,2025-11-27T22:00:46Z,True,merge,113251,,human
4.6-stable,f90a9ad6596ee752e3648611df3e4d4f447ef674,2025-11-27T22:02:08Z,False,direct,,,human
4.6-stable,2863d8cb1e4dc9cbb9bc6455c10055ea355e1c2e,2025-11-27T22:12:14Z,False,direct,,,human
4.6-stable,281145dacc2debd597792b74e0e9c921687764ee,2025-11-28T03:06:53Z,False,direct,,,human
4.6-stable,342088ca31b53b84a0a7e6b82095956f30aa45a8,2025-11-28T07:08:42Z,False,direct,,,human
4.6-stable,047e0e060604204b335a98b021c6a4e7777d52b1,2025-11-28T08:16:31Z,False,direct,,,human
4.6-stable,bb8537f657c4ef3e1b7958a82dbf768816b6ae5f,2025-11-28T08:48:43Z,False,direct,,,human
4.6-stable,3140ae104269dbeeba82a382686a5d5e39af666c,2025-11-28T11:25:13Z,False,direct,,,human
4.6-stable,17fa5219a94bfa4896ab42f133aaf34357616c47,2025-11-28T12:23:08Z,False,direct,,,human
4.6-stable,3e997f5edb8f4969339f59a60afa38ad8713d8a1,2025-11-28T12:59:14Z,False,direct,,,human
4.6-stable,3fcf980ce722dda28a3327ece27de2e6c6eed56f,2025-11-28T14:52:37Z,False,direct,,,human
4.6-stable,acefbbbbcdadc23b229ab91ebd52385551a8fcfc,2025-11-28T15:36:36Z,False,direct,,,human
4.6-stable,390e64ff9c9feed77f082f7fcacd5f2be431df15,2025-11-28T15:37:01Z,False,direct,,,human
4.6-stable,1b4f116db14123b4cfab655de40d2e4f81aea517,2025-11-28T15:39:25Z,False,direct,,,human
4.6-stable,5f7566a72ec265335b006a337287b976fd77e3fd,2025-11-28T16:06:19Z,False,direct,,,human
4.6-stable,4dec66859e98bd8302d621cd65e508b4612eed4d,2025-11-28T17:19:45Z,False,direct,,,human
4.6-stable,24b09f93ed922855eec3ed232a7100ddfa8c112f,2025-11-28T19:42:47Z,False,direct,,,human
4.6-stable,cea95e60048538bb4186e061a2800c9fa06e7015,2025-11-28T23:44:01Z,False,direct,,,human
4.6-stable,cac9651713dd4001270068cf85a8aa84ff855d54,2025-11-29T00:05:55Z,False,direct,,,human
4.6-stable,fc79b3c11593f268273255032bc9f0c48067af61,2025-11-29T01:19:14Z,False,direct,,,human
4.6-stable,54b738dea4edf357cd8aba79e383e4f41ec4a276,2025-11-29T01:23:42Z,False,direct,,,human
4.6-stable,3a965d50fe5420a8cb845dcca56482732603489d,2025-11-29T02:20:27Z,False,direct,,,human
4.6-stable,819b69f2c1e0aac273d5d57c1a0903496f02fa1b,2025-11-29T06:29:23Z,False,direct,,,human
4.6-stable,3b4b0c530ee693468a0010995da740a50964b513,2025-11-29T14:54:49Z,False,direct,,,human
4.6-stable,349b61cb1415e40e77fc8c6318020f547546ef5f,2025-11-29T15:22:46Z,False,direct,,,human
4.6-stable,83b245a84decab6cde7cfb62eac21f1e58932e03,2025-11-29T16:47:07Z,False,direct,,,human
4.6-stable,f8c251aeb8cfe5b310ff5f917bf2d9293fa4ac52,2025-11-29T18:49:03Z,False,direct,,,human
4.6-stable,66802874e39d5520b77f4e11b8e60ab468c89c3f,2025-11-29T21:27:13Z,False,direct,,,human
4.6-stable,989ec5a6b01cbaf2e11510deb35df98ec7e04e07,2025-11-29T22:16:27Z,False,direct,,,human
4.6-stable,9a814b4444f35b67ed6c44c3209116c15cc0a1b4,2025-11-30T04:11:40Z,False,direct,,,human
4.6-stable,91996ac1fc9aa91e757c2b59676318cdb84b5fa3,2025-11-30T08:20:43Z,False,direct,,,human
4.6-stable,8b79e94fb6794152db57179256709bfa2930d09b,2025-11-30T08:23:23Z,False,direct,,,human
4.6-stable,3a61ca94524ca08007ac44392ff1cfa1af491094,2025-11-30T17:07:57Z,False,direct,,,human
4.6-stable,b5bb3191c81dcfc3d9cf2b27d9b83baeca5f56d8,2025-11-30T17:21:45Z,False,direct,,,human
4.6-stable,96c79f303e03ad6a0924f45c5e744f3ac8b8eeb2,2025-11-30T17:55:47Z,False,direct,,,human
4.6-stable,ac1f05516e75f7453ebbb5ff682dcff241d202c8,2025-11-30T21:27:18Z,False,direct,,,human
4.6-stable,c6852a2d916e266c7e4c796511847688042c3449,2025-11-30T21:45:13Z,False,direct,,,human
4.6-stable,7ea96d2817fb27d58d9f07f1b97f99a70be1e914,2025-12-01T02:08:19Z,False,direct,,,human
4.6-stable,74d80f485c053209b9978eb761a36a758dc22f19,2025-12-01T05:57:51Z,False,direct,,,human
4.6-stable,4e29217e01f019dba356d49625478f036ae63037,2025-12-01T08:25:30Z,False,direct,,,human
4.6-stable,0f160c72931406e1f44e7679afd2144a7b01115e,2025-12-01T09:21:32Z,False,direct,,,human
4.6-stable,d85dbee766749fc77ab8d0c3a4c81b9fc3f9e504,2025-12-01T10:08:29Z,False,direct,,,human
4.6-stable,31b18a2d6c716b58ce5c6a55703d5253bb7b9ea3,2025-12-01T10:18:09Z,False,direct,,,human
4.6-stable,dcd071bc4b70346572c2698ca0c3a1b33eb1f445,2025-12-01T10:47:57Z,True,merge,96897,,human
4.6-stable,1575e3da9069e89edf556e6af4c165ff77ed3d25,2025-12-01T10:48:05Z,True,merge,97620,,human
4.6-stable,a6f4154082613826509594e1e43d1691c650f27a,2025-12-01T10:48:09Z,True,merge,108224,,human
4.6-stable,32249f87a447097cba98b55af832c67fee595b08,2025-12-01T10:48:14Z,True,merge,111622,,human
4.6-stable,c2ee46011f56dbcb95cd682940b882942f4aeaee,2025-12-01T10:48:20Z,True,merge,111755,,human
4.6-stable,66c6987523e3d4767583904fe506186a645e8e55,2025-12-01T10:48:24Z,True,merge,111960,,human
4.6-stable,5e0ddecb73178ce13b7605d466260b44ba1955d5,2025-12-01T10:48:29Z,True,merge,112343,,human
4.6-stable,97a670db46398ac70671729df7f5732808fa7c9e,2025-12-01T10:48:34Z,True,merge,112448,,human
4.6-stable,c3954a01aacb7e4ba529b4d1bdb381e51224a8b1,2025-12-01T10:48:40Z,True,merge,112874,,human
4.6-stable,a5bb19a0d2e9bf25adcbbb5b2aced3f61da330ea,2025-12-01T10:48:45Z,True,merge,112952,,human
4.6-stable,ae59770211ff61ab8fec78d41e183cab9952450c,2025-12-01T10:48:50Z,True,merge,112997,,human
4.6-stable,a5fc5bbff5d6490a00ff2c4e18b0bfa1d331b3f4,2025-12-01T10:48:56Z,True,merge,113026,,human
4.6-stable,a2df35489a4ff72c89ba45cf7bae579b3d50288f,2025-12-01T10:49:01Z,True,merge,113078,,human
4.6-stable,f0f30fed91474806d45e534f3f3c2afda8021a30,2025-12-01T10:49:06Z,True,merge,113172,,human
4.6-stable,8f14acb1510ae2b5aaacf627832fd9ad467343a9,2025-12-01T10:49:10Z,True,merge,113197,,human
4.6-stable,67d91548545f6f34d3c651d1c59414f26d14ae1d,2025-12-01T10:49:15Z,True,merge,113220,,human
4.6-stable,fc033ce0886b843493e77994cc65ee4a02064573,2025-12-01T10:49:20Z,True,merge,113245,,human
4.6-stable,053bcf9d3065f93d7250009f71162ee37e1e6836,2025-12-01T10:49:24Z,True,merge,113252,,human
4.6-stable,543713021dc10a761eb0228b1906ff5a252ef8fd,2025-12-01T10:49:28Z,True,merge,113253,,human
4.6-stable,7135bb534f9a21415a66703b05e8ea2407bf37db,2025-12-01T10:49:32Z,True,merge,113262,,human
4.6-stable,b275237bbd1843d046961792b9b43c662c35e07c,2025-12-01T10:49:36Z,True,merge,113267,,human
4.6-stable,d1b9e51e124bdbc75c913e0bfdf4d78b448c1806,2025-12-01T10:49:41Z,True,merge,113269,,human
4.6-stable,1867600b8b950a543729304d352483da4ecff2ea,2025-12-01T10:49:45Z,True,merge,113285,,human
4.6-stable,e02fe5d9b01d2f4552db92a4432e58b59faabad6,2025-12-01T10:49:49Z,True,merge,113293,,human
4.6-stable,4dad75f968b96ce710030ff4b6552985f45e6beb,2025-12-01T10:49:53Z,True,merge,113298,,human
4.6-stable,c7ae694d6bb753e18e27ce09ac2172c356e6e854,2025-12-01T10:49:58Z,True,merge,113300,,human
4.6-stable,4d072556efc629e019ec5e25176395d3aa16395e,2025-12-01T10:50:02Z,True,merge,113302,,human
4.6-stable,da3233a5b4a326803d60df128a5e89f789f1ec05,2025-12-01T10:50:07Z,True,merge,113306,,human
4.6-stable,1c7ef74f4f403180f8bbda5050e309c8e42cdaad,2025-12-01T10:50:11Z,True,merge,113346,,human
4.6-stable,c1412af2553fc0eb8eef1f147ae0855ee15cd68e,2025-12-01T10:50:16Z,True,merge,113372,,human
4.6-stable,84abf392b64d0cb1ec12c64b96c98216277b9143,2025-12-01T10:50:20Z,True,merge,113383,,human
4.6-stable,7374a5e7c72819f1e839b3575bfad49176eece7a,2025-12-01T10:50:24Z,True,merge,113388,,human
4.6-stable,7a207b3eaa6ebeb020a83b52467ddcab9ee1ccf4,2025-12-01T10:50:29Z,True,merge,113389,,human
4.6-stable,178264c066dc4d974182acb6493ed60c361b45bc,2025-12-01T11:12:48Z,False,direct,,,human
4.6-stable,0f13b9ba9166bcc85ded92bf57d99626b37c5838,2025-12-01T11:30:52Z,False,direct,,,human
4.6-stable,5806e3c76147efe16e9d003ac138be200a12a0d0,2025-12-01T11:33:48Z,False,direct,,,human
4.6-stable,ff561c13794d1fd4d8af2d18c41dd625f9a2b4cd,2025-12-01T11:43:11Z,False,direct,,,human
4.6-stable,7573388c82efe6a0cd09c48e2a2f2c82a9318b85,2025-12-01T11:48:58Z,False,direct,,,human
4.6-stable,725cf51353f36077f77a94227d6830fce930a27c,2025-12-01T11:56:34Z,True,merge,113393,,human
4.6-stable,996c9a644e6de0dff1271a05d60ada742661a468,2025-12-01T12:13:19Z,True,merge,113176,,human
4.6-stable,39c74798397a56d6c0dbfdcb83469ca4a0465f9c,2025-12-01T12:13:27Z,True,merge,113381,,human
4.6-stable,4b573fb0803ae8cc7cbdad7079b3672b8b947023,2025-12-01T12:27:03Z,False,direct,,,human
4.6-stable,ad54cd403293b0933eba00e31b1be632b05a5056,2025-12-01T12:38:29Z,True,merge,113353,,human
4.6-stable,f5918a9d35350bf6402dd1b4902ab539747d77a6,2025-12-01T12:38:47Z,True,merge,113395,,human
4.6-stable,b1ef01dceeb75693c49ec570d03d7c72f6629709,2025-12-01T13:23:58Z,False,direct,,,human
4.6-stable,7282a8564b5ef16c969620aebf4dceb3e09d01f2,2025-12-01T14:43:50Z,False,direct,,,human
4.6-stable,85ec5b9f42a78e03ce6aa7ee975cc3977ca64fc9,2025-12-01T15:31:51Z,False,direct,,,human
4.6-stable,968b67207ec50d9ac69dd07bf66bf3e773601184,2025-12-01T15:33:56Z,False,direct,,,human
4.6-stable,a998842e3e7b7517c2f5a173635ed7883b43d7eb,2025-12-01T15:38:01Z,False,direct,,,human
4.6-stable,2cf7af9149e3558b8cfb30e03e660795f32fa61a,2025-12-01T16:38:12Z,False,direct,,,human
4.6-stable,ebf6016267e4383438f56e001cbe1cfa978d2491,2025-12-01T17:02:47Z,False,direct,,,human
4.6-stable,0580d79b8768a66f122b7fb588522185d7c73592,2025-12-01T17:22:19Z,False,direct,,,human
4.6-stable,5a3c86646e0f486609b23c1333b48d932b77ec85,2025-12-01T17:33:25Z,False,direct,,,human
4.6-stable,ef0742827e24ca06e2e4782adb5e65fc84edc0a7,2025-12-01T18:23:15Z,False,direct,,,human
4.6-stable,33c2ce5deea8d464cb7234a90d4af769c962abb1,2025-12-01T20:44:08Z,False,direct,,,human
4.6-stable,66698019d61446a7f763b7f503f0e64e887e8515,2025-12-02T00:11:05Z,False,direct,,,human
4.6-stable,db920eb7f07490567f28d9436aea10d11c8cd52d,2025-12-02T00:36:35Z,False,direct,,,human
4.6-stable,034942557e6c7fb597c70976b677bda5284ea2f5,2025-12-02T02:14:33Z,False,direct,,,human
4.6-stable,e435015476176f04dfacd866c32cf45ae913c7e6,2025-12-02T07:09:37Z,False,direct,,,human
4.6-stable,eb00eb9a686ef2af27bbfa2ceec140fab7b8316b,2025-12-02T08:00:43Z,False,direct,,,human
4.6-stable,772caa8170121f69302486db12a0a4477abd3d72,2025-12-02T08:04:19Z,False,direct,,,human
4.6-stable,6ff3833c3341f55f3b7e14ed10e3ec306672da33,2025-12-02T10:20:26Z,False,direct,,,human
4.6-stable,c1cc178a82e00618e4ea15bf9e7b9ac58f9b7b50,2025-12-02T11:30:51Z,False,direct,,,human
4.6-stable,b97aa0ba3c1ad1a458b703ac2c256e4af37eadd8,2025-12-02T12:45:35Z,False,direct,,,human
4.6-stable,e0532a711ae0458003c0cf7addeb351bc39a1853,2025-12-02T12:45:54Z,False,direct,,,human
4.6-stable,d94914417a86395d10860254669d72946bc6f34c,2025-12-02T13:03:26Z,False,direct,,,human
4.6-stable,df0e6d39065d5b1fe243ede6ce6e5b3ceaf83be9,2025-12-02T13:15:16Z,True,merge,89983,,human
4.6-stable,44bc2da147e320127c07100066cd9d61399b4696,2025-12-02T13:15:23Z,True,merge,98122,,human
4.6-stable,85d5df058bbf717f23382e0184cd24774a8b23c4,2025-12-02T13:15:28Z,True,merge,104371,,human
4.6-stable,0fe1334de8838ff9d875e5cae0fb8668bd1484b1,2025-12-02T13:15:33Z,True,merge,111212,,human
4.6-stable,fede39884d97c927b8085e503cf72d5fb6879701,2025-12-02T13:15:38Z,True,merge,111742,,human
4.6-stable,c87dd8e02bb364388133638d81af7ef3c0d206c5,2025-12-02T13:15:43Z,True,merge,111806,,human
4.6-stable,d64b6bddef9f2508955f8958f25ee3da434e9ac0,2025-12-02T13:15:48Z,True,merge,111935,,human
4.6-stable,12ca45a9050e77218252cb5d249c4175bf229975,2025-12-02T13:15:53Z,True,merge,112215,,human
4.6-stable,fe17c16ff9c05f08c5356a6e8fbf2e4eca85de2a,2025-12-02T13:15:58Z,True,merge,112491,,human
4.6-stable,3d64c33edb70880d75b76e85bdcdf46ef586fbdc,2025-12-02T13:16:03Z,True,merge,112504,,human
4.6-stable,8167a18286eaf3812495e14f3b2825b700418bf1,2025-12-02T13:16:07Z,True,merge,112537,,human
4.6-stable,3d585df89f664f8f8e484758267c4cc8ba4526a8,2025-12-02T13:16:12Z,True,merge,112762,,human
4.6-stable,90235fddebc61261fe31e94003556f5328219dee,2025-12-02T13:16:16Z,True,merge,112999,,human
4.6-stable,edb6ae1f7503ecffc308e2f8f88c4be02b4d064b,2025-12-02T13:16:21Z,True,merge,113017,,human
4.6-stable,a1848013e5a3fb2d11c64538183d0a698cdc9b86,2025-12-02T13:16:27Z,True,merge,113114,,human
4.6-stable,37cfae845ba93387f23fd1f75326520ef54d1334,2025-12-02T13:16:32Z,True,merge,113132,,human
4.6-stable,9f761d50fc1412a1b107a9133dc09f479f9bbc92,2025-12-02T13:16:36Z,True,merge,113206,,human
4.6-stable,6d4ad2190385f95e44acc45e59bb451b1a8c31c3,2025-12-02T13:16:41Z,True,merge,113211,,human
4.6-stable,e55bc690938c093027e7c697330d3aeb4bb009d0,2025-12-02T13:16:46Z,True,merge,113218,,human
4.6-stable,2e4d5c261f9fe0ee1630b122ad773611f62a687f,2025-12-02T13:16:50Z,True,merge,113277,,human
4.6-stable,71d4ded745650ff28f45917fdab400fe35b55b5e,2025-12-02T13:16:56Z,True,merge,113279,,human
4.6-stable,2c8a0c3419ccb95b0bb50d23069941d473809bde,2025-12-02T13:17:01Z,True,merge,113284,,human
4.6-stable,5ef6b01b3f7d95eab0e2d1b49e99f1a3782a25b6,2025-12-02T13:17:05Z,True,merge,113392,,human
4.6-stable,8cee5355ff4ec2227c552ab8009e0c30dbfb748d,2025-12-02T13:17:10Z,True,merge,113398,,human
4.6-stable,54e0254af240aa9df61c3d65093e9dd825683938,2025-12-02T13:17:14Z,True,merge,113403,,human
4.6-stable,f6092acb7b649fe19ab2d5390c82e43e29f0d6ad,2025-12-02T13:17:19Z,True,merge,113407,,human
4.6-stable,5a41bb884a0648ea475fa13827c7f193a4d3f0fe,2025-12-02T13:17:23Z,True,merge,113416,,human
4.6-stable,34cdf39db0a2fd2b68c157e1f9418e5deb980adb,2025-12-02T13:17:28Z,True,merge,113420,,human
4.6-stable,dd8a830fcb8b4f1c8920dd64ee3196afdbc0f843,2025-12-02T13:17:32Z,True,merge,113430,,human
4.6-stable,5f12ada7a4ae9c440e2b22be168c78dba0244075,2025-12-02T13:17:38Z,True,merge,113432,,human
4.6-stable,398927226e670eea55428298f03c8e17ac1cccaf,2025-12-02T14:10:49Z,False,direct,,,human
4.6-stable,ba556ebe03eb062e6cce8535994cbb5886114da1,2025-12-02T14:36:31Z,False,direct,,,human
4.6-stable,cf00643565810853ebb884bc0ebb6c34f0870743,2025-12-02T14:39:11Z,False,direct,,,human
4.6-stable,358d799b9a8ee7f172538d3509f113a3a9abc2b0,2025-12-02T14:44:00Z,False,direct,,,human
4.6-stable,2de97cafb7b2c8b88c5d950b684dbe9cf83788bf,2025-12-02T15:27:36Z,False,direct,,,human
4.6-stable,0932e8d4b76a9018fc83c7de61c145debade6351,2025-12-02T15:47:57Z,False,direct,,,human
4.6-stable,e483d2e2d1b831d27503ba3231180e63b5be7f3a,2025-12-02T15:58:24Z,False,direct,,,human
4.6-stable,59e83a5c14a2e1644d3e4c7e9f8e90cb6e8f39db,2025-12-02T16:04:15Z,False,direct,,,human
4.6-stable,67a1c8f4ef9bd87c6ef044a9b963bd4199c1c3cd,2025-12-02T16:41:57Z,False,direct,,,human
4.6-stable,fc92ce3e7f8eab4c9a0df24bc25195a581998168,2025-12-02T16:44:12Z,False,direct,,,human
4.6-stable,b93d82a2b3c441408645be092fb83dddb3b4f288,2025-12-02T16:56:50Z,False,direct,,,human
4.6-stable,a9ef3e5804167c8d596b376214199f5a1a5577ef,2025-12-02T16:58:55Z,False,direct,,,human
4.6-stable,1bcc499d9a54e68a5f61cc81f66fd6b4d0471dfe,2025-12-02T17:02:01Z,False,direct,,,human
4.6-stable,4bb188f85f30bb5c9de4aa57d55e71cbecd58291,2025-12-02T17:43:33Z,False,direct,,,human
4.6-stable,6c57ce7a05aba5d774951a36a336094539f903d0,2025-12-02T17:47:05Z,False,direct,,,human
4.6-stable,cd8a2923244879220ca14db99ca12ff879c62152,2025-12-02T17:51:52Z,True,merge,113297,,human
4.6-stable,295435d83ac1a6cb8d811da1d5be279e6be96717,2025-12-02T17:51:54Z,True,merge,110866,,human
4.6-stable,3c73bed8d649098843ae44de346c89a4d727e2ef,2025-12-02T17:51:55Z,True,merge,110354,,human
4.6-stable,bf10defa6d014a101ec29ad6e00eb18b63aefab6,2025-12-02T17:51:56Z,True,merge,113433,,human
4.6-stable,51d5a17055e053e3052291d31ee13a0fa6839f88,2025-12-02T17:51:58Z,True,merge,113447,,human
4.6-stable,8749308796a11d4aa7d2cd610f0fc7b27235066d,2025-12-02T17:51:59Z,True,merge,111913,,human
4.6-stable,ec3f304ccc4babc833d2e8ba8d7f4bd68d889fa1,2025-12-02T17:52:01Z,True,merge,113455,,human
4.6-stable,b3de23f4e7027a9b732ee29579e6eeaa503cd04a,2025-12-02T17:52:02Z,True,merge,109234,,human
4.6-stable,1577061e3d896a943081e90ffef32f99da386a7b,2025-12-02T17:52:03Z,True,merge,113202,,human
4.6-stable,224f5e8914161b382e90c190c001ed23402921e5,2025-12-02T17:52:04Z,True,merge,113460,,human
4.6-stable,82e4493edb8f0dab6fb27fbbb7b4f896ef5c880c,2025-12-02T17:52:06Z,True,merge,91703,,human
4.6-stable,5b527b23d817030ecd5d4ad3d0b8592b618d6b22,2025-12-02T17:52:07Z,True,merge,111800,,human
4.6-stable,0289309270fb1ab0badcd006a5a7f955eebbe8bf,2025-12-02T17:52:08Z,True,merge,112191,,human
4.6-stable,bed803fcdacaa060b44059e39f4a0bd054e3441b,2025-12-02T17:52:09Z,True,merge,113367,,human
4.6-stable,666bcb20565af8e7f868e835cc039a7b7ffb434b,2025-12-02T17:52:10Z,True,merge,111452,,human
4.6-stable,554c2ab374797df9c6a16d6959af27674a41d513,2025-12-02T17:52:12Z,True,merge,112991,,human
4.6-stable,dec0b22f7d25f07df837dda45b8e9c1871722b08,2025-12-02T17:52:13Z,True,merge,64487,,human
4.6-stable,25203e24c403afdba4370249204b83cb830e4809,2025-12-02T17:52:14Z,True,merge,112895,,human
4.6-stable,0d83637853218127a5ec81a2bad7825dfc0c3885,2025-12-02T18:40:44Z,False,direct,,,human
4.6-stable,4cd65e081dea3e7e2abb060409fc8ddfff8af6e7,2025-12-02T19:18:00Z,False,direct,,,human
4.6-stable,d3113441ba5444d3ed3471696747637fb83354ee,2025-12-02T19:20:52Z,False,direct,,,human
4.6-stable,93b6348cfe4764d2e2eda071461dbaf07e87b9fa,2025-12-02T19:48:41Z,False,direct,,,human
4.6-stable,f0ef4ff97769641d13e31bea62910a5d6afa79ca,2025-12-02T20:12:26Z,False,direct,,,human
4.6-stable,1977969759a8fcff0f2da35de66e309f80a76087,2025-12-02T20:18:40Z,False,direct,,,human
4.6-stable,a0c2d3d51d8b5e381a62572c0c99cb93dbf6d9d9,2025-12-02T20:30:43Z,False,direct,,,human
4.6-stable,8eba8bda8562a37cae86aff7b10f26fa1bdd1c13,2025-12-02T21:23:37Z,False,direct,,,human
4.6-stable,3a090ff25e2dd7b64bf29e984582e391d8e55c58,2025-12-02T21:45:58Z,False,direct,,,human
4.6-stable,c78c3ba894ab3b80079a6249b35d047c6fd0a6c1,2025-12-03T01:48:12Z,False,direct,,,human
4.6-stable,ad094b93be08ce0cf30c643fc80ac31c7f970b0d,2025-12-03T02:39:44Z,False,direct,,,human
4.6-stable,9f76aa3df5088639d4d7911b5fee649de6968780,2025-12-03T02:42:53Z,True,merge,113282,,human
4.6-stable,c54c8b795bf8a3e005efa1cb21402b92c66d2ac4,2025-12-03T02:42:54Z,True,merge,113477,,human
4.6-stable,cd7cff8fa02dc51a79e99ae02bc03800e19e3bbf,2025-12-03T02:42:56Z,True,merge,113257,,human
4.6-stable,c585681d72015879d44d206022fa595ad233aa2e,2025-12-03T02:42:57Z,True,merge,113342,,human
4.6-stable,5db51a2d64e82250f878f69a6498e215e6ca411a,2025-12-03T02:42:57Z,True,merge,113470,,human
4.6-stable,9c78fafce20855632f28d076ae9f6b6c34c24520,2025-12-03T02:42:59Z,True,merge,113457,,human
4.6-stable,5947dff88abddafa03ef92f53b02489278153315,2025-12-03T02:43:00Z,True,merge,103352,,human
4.6-stable,fc8c494e7cda2ba3c6501cdd098f187300a14f35,2025-12-03T02:43:02Z,True,merge,113241,,human
4.6-stable,4fffa192172a44dbb87747bbbe7c3db2047f30a6,2025-12-03T02:43:03Z,True,merge,113467,,human
4.6-stable,8c8927e015e8c571a50c8400ee64edf83c6dd44c,2025-12-03T02:43:04Z,True,merge,113181,,human
4.6-stable,62affe05b8f76c94e4b2c43801476f70b9a4aca3,2025-12-03T02:43:05Z,True,merge,107902,,human
4.6-stable,9f5309a2a498ae2adfe2e7ac48d9813fd8ecc490,2025-12-03T02:43:06Z,True,merge,113471,,human
4.6-stable,e815a8f899d94422c2026b0146fdd7dde5a5a28f,2025-12-03T06:07:50Z,False,direct,,,human
4.6-stable,a8d3ecec13f9e16cff3fec3cdc857212808de398,2025-12-03T08:02:41Z,False,direct,,,human
4.6-stable,c2bc0afa3554407aeb003708eb1a08fe4bd9f0af,2025-12-03T08:16:24Z,False,direct,,,human
4.6-stable,14ede94a7696eb5dc83dfa940e38f53e7d2989bb,2025-12-03T08:21:50Z,False,direct,,,human
4.6-stable,846ae11cd75d7d0cbca15a1072bfa248eb3efe7b,2025-12-03T08:24:24Z,False,direct,,,human
4.6-stable,58e92077b385de4cd61fc17b2fef1741a23d0e6c,2025-12-03T08:46:58Z,False,direct,,,human
4.6-stable,46cfb80f2183c571c18674dc7f739397ac8c854e,2025-12-03T08:49:22Z,True,merge,104496,,human
4.6-stable,b603be2211d6a67e5d5a88af645670fc52d6f04e,2025-12-03T08:49:27Z,True,merge,107167,,human
4.6-stable,11ffcb3ef7a09c7b9b529aeed3c4171de13e680a,2025-12-03T08:49:31Z,True,merge,113108,,human
4.6-stable,3ffed928ed9b7c76b2c425fa3d9fbaeff67859e0,2025-12-03T08:49:36Z,True,merge,113128,,human
4.6-stable,4093a1e402e940ee25e24152074640754db519dd,2025-12-03T08:49:41Z,True,merge,113179,,human
4.6-stable,5ef57c669f468e42cdb1d83e7b0bd6ee7313ca37,2025-12-03T08:49:45Z,True,merge,113244,,human
4.6-stable,03546373f42b9983d471d69593638823a490d59b,2025-12-03T08:49:50Z,True,merge,113320,,human
4.6-stable,79106fdf40b013f1b59f0b4430bfdbfc6d2a06ca,2025-12-03T08:49:55Z,True,merge,113338,,human
4.6-stable,acb157df7a302ae7e91c3ca1edffc72f39f47814,2025-12-03T08:50:00Z,True,merge,113464,,human
4.6-stable,7a228b4b9126d218425cb20b4846963b2dae489c,2025-12-03T08:50:05Z,True,merge,113473,,human
4.6-stable,2865bf3e6b3c83c2a1b63d386b05990bc6e9fdb2,2025-12-03T09:45:25Z,False,direct,,,human
4.6-stable,308f23f21d6803115f49a9cd2b827a61275c1dab,2025-12-03T10:14:52Z,False,direct,,,human
4.6-stable,35441fda1b7ea166b38ce76d9f817b9c367d8b00,2025-12-03T11:32:35Z,False,direct,,,human
4.6-stable,ad22add5caaf24645f5f5a420f7542307542f8bd,2025-12-03T12:11:06Z,False,direct,,,human
4.6-stable,6304e9f87634a1a3685ed73798dcd312f57efb55,2025-12-03T12:19:05Z,False,direct,,,human
4.6-stable,997473ba4e70cf4c5fc69df63e67206c69d4b8df,2025-12-03T13:09:50Z,False,direct,,,human
4.6-stable,f6298405f312df80a49afde3042af2b1c92b9319,2025-12-03T13:15:56Z,False,direct,,,human
4.6-stable,0cc6b6e91a272b4502644623153b75a5e4fd7135,2025-12-03T13:58:09Z,True,merge,92649,,human
4.6-stable,c5e643380d1f2395c9774bfcb1b4d2796199c770,2025-12-03T13:58:13Z,True,merge,113387,,human
4.6-stable,973f1f4649170f9fbc69edf08cd80ff44ab2f87a,2025-12-03T13:58:17Z,True,merge,113459,,human
4.6-stable,cc0abdeb60c10499984cadc000a7bce5d1665f26,2025-12-03T13:58:21Z,True,merge,113492,,human
4.6-stable,04107df01b7a776a78f929102f4f9e6e2df7f87f,2025-12-03T13:58:25Z,True,merge,113493,,human
4.6-stable,af6e91d3ccfca44bc1118476fb9b9b7aa2f59909,2025-12-03T13:58:29Z,True,merge,113500,,human
4.6-stable,2ecefada8d8ae0071ee05bb53e3e2f7cdff3853f,2025-12-03T13:58:34Z,True,merge,113503,,human
4.6-stable,628df323e2e7fbaa4a7fbe6efc064cb45ae506d6,2025-12-03T14:01:39Z,False,direct,,,human
4.6-stable,58940024c834d3742cb241127e3ffea7b53edd03,2025-12-03T14:25:16Z,False,direct,,,human
4.6-stable,234a2552491daab77043d1f7425008320b66e648,2025-12-03T14:28:24Z,False,direct,,,human
4.6-stable,6d60660cd669cd5569793527a1cb37eefc0a6f42,2025-12-03T14:34:04Z,False,direct,,,human
4.6-stable,51bfe186a96befa8eb786eb1541998668e87efa7,2025-12-03T14:35:08Z,False,direct,,,human
4.6-stable,11b16552988c606b5a88d25a0bb1df3686d73a03,2025-12-03T17:21:08Z,False,direct,,,human
4.6-stable,d5b1ee5bc6c4854b237f734b9452ed5ec28e8bac,2025-12-03T17:42:15Z,True,merge,113507,,human
4.6-stable,216fdd180356b28980374ccea205d74691e1d04a,2025-12-03T17:42:17Z,True,merge,113510,,human
4.6-stable,416491dcdd06c5c7a271c507b510dd22fc3c35ca,2025-12-03T17:42:18Z,True,merge,113511,,human
4.6-stable,6124d5ee2b53c2632a885765b7dce7656ab0972b,2025-12-03T17:42:19Z,True,merge,113255,,human
4.6-stable,f972ab80ec5aa3c62a3888c262fd0a54c2ca526f,2025-12-03T17:42:20Z,True,merge,113415,,human
4.6-stable,825d0fe94afce96b9230b3bb20d5cc4f2c1d34b5,2025-12-03T17:42:22Z,True,merge,113418,,human
4.6-stable,202e442671623c8b20ac9c9687f9780909541ede,2025-12-03T17:42:23Z,True,merge,113261,,human
4.6-stable,b0a1b9a0b140579cdc9d58e2ed19200de05767ea,2025-12-03T17:42:25Z,True,merge,111471,,human
4.6-stable,61b58e881843dd54956ebfe14a8704fa2346b122,2025-12-03T17:42:26Z,True,merge,113489,,human
4.6-stable,9eab056f8d3aef0e9de913a8414d4ddc6f8baec8,2025-12-03T17:42:28Z,True,merge,112857,,human
4.6-stable,8105ff7ac735f83be221296a6bb9b22caa7d9253,2025-12-03T17:42:29Z,True,merge,106940,,human
4.6-stable,10c7cb878aaf3fc7441405db8183fa5f390f10f8,2025-12-03T17:57:40Z,False,direct,,,human
4.6-stable,5a06774885e41c3d0ffd9e13f18fbe1bc405ba96,2025-12-03T18:32:57Z,False,direct,,,human
4.6-stable,3e8bf3ba91b8cdaca216996ca2266329782ff425,2025-12-03T18:49:56Z,False,direct,,,human
4.6-stable,828242a41d5e7d24a371025970212dd82d3669ad,2025-12-03T19:19:00Z,False,direct,,,human
4.6-stable,e4192cc77f3d7f108cbc20f29883db54cef58855,2025-12-03T19:20:04Z,False,direct,,,human
4.6-stable,e46936c363e1f958cfbce050d1d34233370980da,2025-12-03T19:59:19Z,False,direct,,,human
4.6-stable,ab4e59dced780f6f5309e640c185e471a49038fb,2025-12-03T20:01:19Z,False,direct,,,human
4.6-stable,ebc9aebb69bac8a201fc08b5431b5f6f782b5f3e,2025-12-03T20:21:18Z,False,direct,,,human
4.6-stable,aa33b53e6700295e8965339c06bd7ae178af884e,2025-12-03T20:32:46Z,False,direct,,,human
4.6-stable,9e9ca20239e1c823d00e590b7ccbbe105437db6a,2025-12-03T21:25:44Z,False,direct,,,human
4.6-stable,662db6eb591cebe2bec4cf728e5313d7f02e6cf3,2025-12-03T22:50:29Z,True,merge,106016,,human
4.6-stable,db077a4fec053d4f3d65dcd6b45dec95dbab5c2b,2025-12-03T22:50:31Z,True,merge,113531,,human
4.6-stable,5a7e1bf0f4ecf6169acd266143d76741f4be33b4,2025-12-03T22:50:32Z,True,merge,113288,,human
4.6-stable,25498c6b884a5d00ebac47e06e502d3351234aa0,2025-12-03T22:50:33Z,True,merge,113450,,human
4.6-stable,66333f9d92166fed55cd5f9a6428e492466f5d44,2025-12-03T22:50:35Z,True,merge,113322,,human
4.6-stable,367f9bf9e3920922281c0bd30a003485dfa0c406,2025-12-03T22:50:36Z,True,merge,111052,,human
4.6-stable,2ab75a93df081c6717e3c96085ec67953052fbc1,2025-12-03T22:50:37Z,True,merge,113514,,human
4.6-stable,d7d09a91dfd2c0ad9543f2a7f6eaeb7a454c0883,2025-12-03T22:50:38Z,True,merge,113521,,human
4.6-stable,8ad45dae15800df569b482e812830465f9b0134e,2025-12-03T22:50:39Z,True,merge,113494,,human
4.6-stable,d1ce45488d7001e2160f8967c60434460703c1f9,2025-12-03T22:50:40Z,True,merge,113527,,human
4.6-stable,fbc9539764c8c932b62116146a6c8a7f3f5e67f7,2025-12-03T22:50:41Z,True,merge,113275,,human
4.6-stable,abf7b3c2eec99916bcbaf21fa218c4d70b1d9f4f,2025-12-03T23:50:11Z,False,direct,,,human
4.6-stable,c6021f1e5b78e688ea013935c4c630093b785102,2025-12-04T02:47:40Z,False,direct,,,human
4.6-stable,f6b3803900dc26fb49b401831c807a23929d527f,2025-12-04T03:01:56Z,True,merge,109345,,human
4.6-stable,05c33ece53f298b01f1e8e3820dff78d282f3091,2025-12-04T03:01:57Z,True,merge,91556,,human
4.6-stable,0755f096e0ded420124fe522ffd7495146237379,2025-12-04T03:01:58Z,True,merge,113512,,human
4.6-stable,5ba04e81ead6e7ca179bb63a600e826f91387c15,2025-12-04T03:01:59Z,True,merge,113522,,human
4.6-stable,63e14e13f972671a43abcf019962129e5cca7d01,2025-12-04T03:02:01Z,True,merge,111767,,human
4.6-stable,0cc15abfae6bca396b5506e644c2cf0d6331df21,2025-12-04T07:05:24Z,False,direct,,,human
4.6-stable,3eaab684856f1b4ce5b9989eb6c91fade80d3fc3,2025-12-04T08:26:14Z,False,direct,,,human
4.6-stable,36521091aaa5aa21b9b738377b5d0c645579bad0,2025-12-04T09:30:57Z,False,direct,,,human
4.6-stable,f31aa20562fa10a144e0545203a5c32495c1c93b,2025-12-04T10:40:53Z,False,direct,,,human
4.6-stable,cabf3bfba6e708646f8c8427dbbddf7da56460f6,2025-12-04T10:52:52Z,False,direct,,,human
4.6-stable,2aad7bf9940b38eaf3c2a85263e9a15dc5f850e0,2025-12-04T11:04:51Z,False,direct,,,human
4.6-stable,22daf7826d1c16399e0e65b263356339692a410f,2025-12-04T12:16:15Z,False,direct,,,human
4.6-stable,ff610712f5b4c6f073989262d1b4ba16320c1c4c,2025-12-04T12:21:31Z,True,merge,109878,,human
4.6-stable,fa2be879986791558a3a25e8c00d53cd3c756ec0,2025-12-04T12:21:38Z,True,merge,109907,,human
4.6-stable,daf2871828e57762d56b7977862c633279af8f71,2025-12-04T12:21:43Z,True,merge,113088,,human
4.6-stable,957094a1aa91f0fda27e3311dcf3250a1cfe1fd6,2025-12-04T12:21:47Z,True,merge,113524,,human
4.6-stable,8f3801aaeca3bae9a6f7387cee3518944e8fce61,2025-12-04T12:21:52Z,True,merge,113526,,human
4.6-stable,98954c5b388a367e4cc49a2a5f509d176d55f35c,2025-12-04T12:21:57Z,True,merge,113547,,human
4.6-stable,30fee670baf00f08e353e97531b929825c2fb983,2025-12-04T12:22:01Z,True,merge,113550,,human
4.6-stable,c5f207fdcb326ce45f55cac55e368c26c97f8e58,2025-12-04T12:22:05Z,True,merge,113554,,human
4.6-stable,5ff8f21ff3c9767666fc289fadeeee65e35840d1,2025-12-04T13:39:53Z,False,direct,,,human
4.6-stable,8402065b0b6c2382bd0579bb0d8f86f0b552703c,2025-12-04T13:45:04Z,False,direct,,,human
4.6-stable,84378694348ae8b1bdad5727eeb802981d5e5400,2025-12-04T14:52:40Z,True,merge,112615,,human
4.6-stable,46963fae90339aa770de109b31226d9fbdcc2d83,2025-12-04T14:52:48Z,True,merge,113221,,human
4.6-stable,9449e8ccad5cbd992b6ffcef2e7c00d65eba28d6,2025-12-04T14:52:53Z,True,merge,113541,,human
4.6-stable,37b00ce960bfd59bb6f13b9d33897bd9b44ec34f,2025-12-04T14:52:57Z,True,merge,113546,,human
4.6-stable,877b113afa995323b176c22bc82d795e3caeecea,2025-12-04T14:53:01Z,True,merge,113553,,human
4.6-stable,78d91947f689ea9eb4049f4d6371c0dfcfa0e62f,2025-12-04T14:53:06Z,True,merge,113557,,human
4.6-stable,31f641371751b4857999283934016d572b878098,2025-12-04T16:02:24Z,False,direct,,,human
4.6-stable,98ccfb07c1e7cfafeeb09a8bd9b478ec7487a7a1,2025-12-04T16:23:10Z,False,direct,,,human
4.6-stable,bf85f96a8e151708be137431733f23564759b3ba,2025-12-04T16:38:02Z,False,direct,,,human
4.6-stable,cb4d1b79e00b52a5f892860330e1ff7ed89693ab,2025-12-04T16:46:51Z,False,direct,,,human
4.6-stable,c4e49b4aed4f872cb9bcfad3e32e856429dd787e,2025-12-04T17:01:57Z,False,direct,,,human
4.6-stable,6c6c184c320eabc78a6f58fc8ddca6fd14b4758a,2025-12-04T18:15:26Z,False,direct,,,human
4.6-stable,ccd84d79a72b7389cfee59cf40f411d9d8dcdbe8,2025-12-04T19:12:20Z,False,direct,,,human
4.6-stable,ed6181c943716d1b449d627d95478cf46293643c,2025-12-04T19:42:40Z,False,direct,,,human
4.6-stable,2ce3be221a12a1db637e00ead22aacb8bb1ca20e,2025-12-04T19:44:00Z,False,direct,,,human
4.6-stable,ed4bc24f9b3861a930841660b3a214f18243b5b5,2025-12-04T20:00:13Z,False,direct,,,human
4.6-stable,df4f9d077894c230ae6d158a5fefc367b6140932,2025-12-04T20:16:45Z,False,direct,,,human
4.6-stable,191289ec118b562e21f16903f8fb7ba9ddbb2af5,2025-12-04T20:59:49Z,False,direct,,,human
4.6-stable,ad4fb8c1df3330761dcc59a5c44169af059b8a1e,2025-12-04T22:27:06Z,False,direct,,,human
4.6-stable,6f023772729cae9d6031f02cd1a7eda879940119,2025-12-04T22:42:46Z,False,direct,,,human
4.6-stable,c01711ca1682af524c26f4393364f4a2125584bb,2025-12-04T23:06:24Z,False,direct,,,human
4.6-stable,8dfcae15fd857681f758681f5d8839ffe1e43ab9,2025-12-05T04:05:14Z,False,direct,,,human
4.6-stable,05830dfbfb60a32c7757240cb152d4b03ffba1a1,2025-12-05T06:58:05Z,False,direct,,,human
4.6-stable,e8e59a25fae47aa4a9e6510476568063fbf182a3,2025-12-05T07:01:49Z,False,direct,,,human
4.6-stable,e2b8c9f038a7a4d1722cb6b2a0a4dced9b7c853e,2025-12-05T08:20:50Z,False,direct,,,human
4.6-stable,724054c1abb702fd5daaac3d7ec71e6b351f12b5,2025-12-05T08:38:00Z,True,merge,90439,,human
4.6-stable,6b0a74073ca2eb0cad4f2d52ea4f00d96f97f91a,2025-12-05T08:38:08Z,True,merge,113296,,human
4.6-stable,b3cec96b24a9713a867c6a787cac7139999f2d15,2025-12-05T08:38:13Z,True,merge,113366,,human
4.6-stable,27b185955d8c9aa6c4d6e7d76b2adafb95c2c214,2025-12-05T08:38:17Z,True,merge,113572,,human
4.6-stable,8bff45aa3688827dc0c7ea007ad881df65980071,2025-12-05T08:38:21Z,True,merge,113573,,human
4.6-stable,fdd47084bf58ebbfccb0440344b79fd41036ae3e,2025-12-05T08:38:25Z,True,merge,113578,,human
4.6-stable,94eeedd4d6ed1f871ecbbc82b5a76aaa3d88d98a,2025-12-05T08:38:29Z,True,merge,113580,,human
4.6-stable,09abc058782b819a99f176de3cf9452eb4f544d1,2025-12-05T08:38:34Z,True,merge,113581,,human
4.6-stable,4b448fdd19c8722e17154c3e5d16e70798b68d40,2025-12-05T08:38:38Z,True,merge,113585,,human
4.6-stable,ed02f9e03d5cbba9b3a927e9ef390b4ef0bb04fe,2025-12-05T08:38:43Z,True,merge,113599,,human
4.6-stable,eb389feaf2d5e5aadde97d7702fe6b7268dfd573,2025-12-05T08:38:46Z,True,merge,113601,,human
4.6-stable,3edd256a6f8f72d8c656f02e319e280151187840,2025-12-05T08:38:51Z,True,merge,113611,,human
4.6-stable,ab0397878c14b508137abb90f4cd071de493dbd3,2025-12-05T09:41:06Z,False,direct,,,human
4.6-stable,e4c92b69ac69deba6e2efdb4bce1024b3c9b5245,2025-12-05T10:05:03Z,False,direct,,,human
4.6-stable,330a19f36292436c6321baf9bba357d78c007a25,2025-12-05T10:10:28Z,False,direct,,,human
4.6-stable,a6f81f03b3c71deb771d6c1a40b7cf7ee9bb0aff,2025-12-05T11:41:06Z,False,direct,,,unknown
4.6-stable,6b420d701a8c19e5ab39613fa5020562aa6ff6b3,2025-12-05T11:55:44Z,True,merge,110080,,human
4.6-stable,8981cede94628a0a8caebad6b63692e92ea0f2d4,2025-12-05T11:55:49Z,True,merge,113235,,human
4.6-stable,3135a406992e4bfa33ba83aab1ac11abe135f2c1,2025-12-05T11:55:53Z,True,merge,113525,,human
4.6-stable,9706b4e53a58ff2b451ae95a7d821722d54b646c,2025-12-05T11:55:57Z,True,merge,113564,,human
4.6-stable,204e784bcae27e0f810e1abf5cd0b88b041e18d4,2025-12-05T11:56:01Z,True,merge,113587,,human
4.6-stable,c1bbaca12a03eb1957ab85f54ddccb0c17019f76,2025-12-05T11:56:06Z,True,merge,113600,,human
4.6-stable,0156b2bcd6e2f392f9f3626caac1f4dbf3cc7edb,2025-12-05T11:56:10Z,True,merge,113615,,human
4.6-stable,31307ce856f6006cb3d18b31a76497d47d3db4fb,2025-12-05T12:21:37Z,False,direct,,,human
4.6-stable,7efdb83924d4ba199005dca12c1e8e7044a48273,2025-12-05T12:52:42Z,False,direct,,,human
4.6-stable,7e1ef4c9e2b11e2ba1e134f1e01c3dcbaf0ab035,2025-12-05T13:14:40Z,True,merge,113268,,human
4.6-stable,dec5a373d97cbadce5e1fabe6095ae9957ff3aa6,2025-12-05T13:21:06Z,True,merge,113622,,human
4.6-stable,040b36fe878c6b2f5479d5968177f4fd9715dc69,2025-12-05T13:56:02Z,False,direct,,,human
4.6-stable,cf8f2e783b7e8cc51650bd8838190d35ca64a6aa,2025-12-05T14:09:01Z,False,direct,,,human
4.6-stable,4b73e5af2429000047f0b2ddc49ddf83c23094d2,2025-12-05T14:26:14Z,False,direct,,,human
4.6-stable,209899834712c664d27e9b4b3200e401ccecdfc1,2025-12-05T15:05:07Z,False,direct,,,human
4.6-stable,814e9cab660c1a7e5bbd6474f27e31130e9345b1,2025-12-05T15:18:11Z,False,direct,,,human
4.6-stable,520f159810c70e718020a26cd10dac1bfa250377,2025-12-05T16:44:22Z,False,direct,,,human
4.6-stable,27e63aa2708bcb438175ede6f5a0af5efbfa8c51,2025-12-05T17:00:13Z,False,direct,,,human
4.6-stable,d8b207b599a0524189cd8210fd050347547780f1,2025-12-05T18:19:35Z,False,direct,,,human
4.6-stable,7c8485e5328b74af1d6a31a855fd814fbd0a707d,2025-12-05T20:13:48Z,False,direct,,,human
4.6-stable,a8159efebf8d2cbd4ad60b41e0f447ef8737f936,2025-12-05T20:48:11Z,False,direct,,,human
4.6-stable,f46bca99c743630693874de7c94c3334dc54c8f4,2025-12-05T21:54:25Z,False,direct,,,human
4.6-stable,051f7c2ca24e9c7dc540afa65d09b1cca995cf7b,2025-12-05T22:26:12Z,False,direct,,,human
4.6-stable,99b109e981eb49f777f839bee9f743a04a671f04,2025-12-05T23:54:50Z,False,direct,,,human
4.6-stable,5981bf0d3afa51d19d578ca200695ed8969be129,2025-12-06T07:28:40Z,False,direct,,,human
4.6-stable,035de4a6baa7d9739f8a2614ea958fa900c39f4f,2025-12-06T18:12:46Z,False,direct,,,human
4.6-stable,58969218d64d5e63ad23f937a197b8621af48b21,2025-12-07T10:19:50Z,False,direct,,,human
4.6-stable,48c50bacba0e73a927e59724d8ad7a7b3ca74c65,2025-12-07T10:29:19Z,False,direct,,,human
4.6-stable,17c7a3b8176d46a0cdf12e88e8fe2a75dde79c0d,2025-12-07T10:55:08Z,False,direct,,,human
4.6-stable,42e60c38dcd479ed6c446a89f62335d171f1fb33,2025-12-07T11:46:26Z,False,direct,,,human
4.6-stable,e9aa840b96960439ba1706d8223de6fd6d26bcf4,2025-12-07T13:12:48Z,False,direct,,,human
4.6-stable,599ce2b43a7e4120cbeab4a6e6bbc56fe835bf74,2025-12-07T16:41:38Z,False,direct,,,human
4.6-stable,0f1cf00264d7fbfa686db161661173c50a1c515f,2025-12-07T18:20:54Z,False,direct,,,human
4.6-stable,75ba00babfd42fcc1c38ad84583d7f7afe4f880e,2025-12-07T19:25:33Z,False,direct,,,human
4.6-stable,f2bfc898b2b14bd60a5c65c822c2f064843b108f,2025-12-07T21:23:40Z,False,direct,,,human
4.6-stable,7357bd01381a3628ae6f71c488de9bcf7b117c9d,2025-12-07T21:24:55Z,False,direct,,,human
4.6-stable,3f9ab52872aeb3def5ac6233f06d70c7cf138c5d,2025-12-07T23:52:40Z,False,direct,,,human
4.6-stable,20c183b166937e59aac96574143c44be25df8773,2025-12-08T07:44:11Z,False,direct,,,human
4.6-stable,def5763eac900642017c2737232c1679a3349b21,2025-12-08T07:57:46Z,False,direct,,,human
4.6-stable,7205e21915f80cd2d0cde5cb8383670702edfc0f,2025-12-08T08:11:15Z,False,direct,,,human
4.6-stable,ab0a7f2da27ff21da8351c9e6a378ba768275e8b,2025-12-08T11:15:15Z,False,direct,,,human
4.6-stable,60591dc7e814b1f960f2b0f68ce1edbe751df977,2025-12-08T11:40:14Z,False,direct,,,human
4.6-stable,eb3e169b793a320df9a2d1d36ef6ce04fb59e786,2025-12-08T11:43:39Z,False,direct,,,human
4.6-stable,b982794b23f2a06aae9e57c01d6eee4e8cfe4bbe,2025-12-08T13:21:45Z,False,direct,,,human
4.6-stable,6e6558c04b55764fbf8ea45ac4f078ea581e3770,2025-12-08T15:17:42Z,False,direct,,,human
4.6-stable,3b1be372a0a1ba6c0092d5dc8587948c3ba23202,2025-12-08T16:20:11Z,False,direct,,,human
4.6-stable,d5df25fdc63dfb1f867e0c784b33138a813ca461,2025-12-08T17:40:48Z,False,direct,,,human
4.6-stable,b56a7ef923207e1c7d035c79041e0186676d772d,2025-12-08T17:53:39Z,True,merge,110464,,human
4.6-stable,edffd0712f5df8e78f3b30495fbc3a2b0788d8f5,2025-12-08T17:53:41Z,True,merge,111758,,human
4.6-stable,8e2feb7b734060d38cf8506ffe3638e1eacedf9a,2025-12-08T17:53:42Z,True,merge,106768,,human
4.6-stable,e56ea15a03cc4340d774622fa9d1030b50d80a07,2025-12-08T17:53:43Z,True,merge,113701,,human
4.6-stable,003266b51fe638d51dc801fa93590e047a6352cb,2025-12-08T17:53:45Z,True,merge,107687,,human
4.6-stable,7cf9ee862eb6d79057088a66ba8111a239a83ed0,2025-12-08T17:53:46Z,True,merge,113709,,human
4.6-stable,0e51e58f9dc8959ea487bc89576ec74e69be0f8a,2025-12-08T17:53:47Z,True,merge,113582,,human
4.6-stable,fdc9ed0b08d15e70d7ac0360ded8d9d9137fdd96,2025-12-08T17:53:48Z,True,merge,113714,,human
4.6-stable,5f73d8501be73697abf2e5977cb8dda1921cb13e,2025-12-08T17:53:50Z,True,merge,108213,,human
4.6-stable,ebc5a9b1fb0e1faecfea6727e839235342d6495e,2025-12-08T17:53:51Z,True,merge,113591,,human
4.6-stable,e98e8c555a060ab9a6a43413c122e8b03a73f629,2025-12-08T17:53:52Z,True,merge,113341,,human
4.6-stable,4f523ec895acfff43550699a8af0537a929d0d54,2025-12-08T17:53:53Z,True,merge,113598,,human
4.6-stable,f6cb714037daf98d15324e2657f0384bf01b767e,2025-12-08T17:53:55Z,True,merge,113730,,human
4.6-stable,db8b25e62aa2c1902f5a90b3c2d312a06ff69889,2025-12-08T17:53:56Z,True,merge,113609,,human
4.6-stable,979b6191302ea6522e9a7d5703e256b0afa5358c,2025-12-08T17:53:57Z,True,merge,113612,,human
4.6-stable,5cd9d2d9be62e8fe28f2626ab38e0fdbb6515856,2025-12-08T17:53:58Z,True,merge,113741,,human
4.6-stable,2f752fdfd0d8ab225b0f7feec5aef9da5efe0341,2025-12-08T17:54:00Z,True,merge,113486,,human
4.6-stable,4a95e20d8668ca96201c27888d4d6df78e96e318,2025-12-08T17:54:01Z,True,merge,112719,,human
4.6-stable,f3e8007ce705d09c60e29bfb1593bf481479dcca,2025-12-08T17:54:02Z,True,merge,113742,,human
4.6-stable,7d517902e3f32d9b8f1f58bb4e8a618782fccf68,2025-12-08T17:54:04Z,True,merge,113744,,human
4.6-stable,7f520e7456dccced8d2b3398d10ab2d4ad5ebe46,2025-12-08T17:54:05Z,True,merge,113626,,human
4.6-stable,e076acfcccfcf380419f265a8f3cafef6a25d099,2025-12-08T17:54:06Z,True,merge,113633,,human
4.6-stable,de8a64ed56db3e948aa4450465c17bba31a3e328,2025-12-08T17:54:07Z,True,merge,113637,,human
4.6-stable,026f04e67e2c2a46d0e0620165e8e0e8fa61f1c7,2025-12-08T17:54:08Z,True,merge,113639,,human
4.6-stable,757bba192ef4c3254b44bc0d2c8cf36aa3343e30,2025-12-08T17:54:09Z,True,merge,113649,,human
4.6-stable,d7792feabad6c20aa7bc25dbdeab5cf62f784236,2025-12-08T18:11:23Z,False,direct,,,human
4.6-stable,8a23bec158e0f552bee7d47695456e8fd1fa3fed,2025-12-08T19:13:36Z,False,direct,,,human
4.6-stable,60619d40c8d5d379979a23acda9c3462ee8ed4fa,2025-12-08T21:20:31Z,False,direct,,,human
4.6-stable,298dca9531679ad25dfe67fc690a1ba9e1981e2f,2025-12-08T21:24:41Z,False,direct,,,human
4.6-stable,c15e04cc4363fe86c38ca3628ede1fa4fef6faf1,2025-12-08T22:19:05Z,False,direct,,,human
4.6-stable,a0d915528364393d929c7adbf7cca96b9842ffc7,2025-12-09T03:59:14Z,False,direct,,,unknown
4.6-stable,58ae0b5129019c5a2e9d6178001b0ab64e8d3087,2025-12-09T04:06:32Z,False,direct,,,human
4.6-stable,9f4db24ef4cf15d019ed2601aa6374bd1d1b28e4,2025-12-09T04:57:30Z,False,direct,,,human
4.6-stable,08427e198da7126a2d8db694880b3453dddcec80,2025-12-09T06:45:43Z,False,direct,,,human
4.6-stable,887e001c215fabdfe93629df514083283df3c285,2025-12-09T09:48:09Z,False,direct,,,human
4.6-stable,05f80d16b1c3434a44cad06624a60076ac97c263,2025-12-09T11:45:15Z,False,direct,,,human
4.6-stable,a2a82f02e369f8941d8600b1fa20d200efd016d7,2025-12-09T12:41:12Z,False,direct,,,human
4.6-stable,53222f45b90d067a422ba8491b3de6627d6dcc26,2025-12-09T12:43:59Z,False,direct,,,human
4.6-stable,54cf1eab45bbd165f8faf64943073d4bf51b6fd3,2025-12-09T13:06:35Z,False,direct,,,human
4.6-stable,f187b8b2bf419fde26dc4fd469f378c158b5e117,2025-12-09T13:55:26Z,False,direct,,,human
4.6-stable,824287eefb3de4ebe62857c2e24c18b3d18bd89e,2025-12-09T15:09:08Z,False,direct,,,human
4.6-stable,b15f9deffbf1ef54a867ea0786b4f86e1fa03fa9,2025-12-09T15:40:11Z,False,direct,,,human
4.6-stable,e20b45f6537d54117d22157133a94c658275f724,2025-12-09T15:45:04Z,False,direct,,,human
4.6-stable,40c5b2110ef583ea7286f61e39680f69d9b5e6d6,2025-12-09T16:16:54Z,True,merge,112995,,human
4.6-stable,a2d0545cef0490a5c1dec28592ea0e86cdea92ed,2025-12-09T16:17:03Z,True,merge,113650,,human
4.6-stable,4f4a27b311a581b64281898aa45c5c9d892cd893,2025-12-09T16:17:08Z,True,merge,113688,,human
4.6-stable,0cb60c82fb761f9371b057a299b355c08d6cfe35,2025-12-09T16:17:13Z,True,merge,113697,,human
4.6-stable,66b6ea492f57d779a12c81760b2491f43ef7172f,2025-12-09T16:17:18Z,True,merge,113706,,human
4.6-stable,03b0a0b09625eb521fb08e40e117396cd8fe179a,2025-12-09T16:17:23Z,True,merge,113708,,human
4.6-stable,8a14c0fb87c6f3d20b044de2b8570b8cf595490d,2025-12-09T16:17:28Z,True,merge,113711,,human
4.6-stable,eb79fb80dea7bea2bfbbdb92490ed1cc4eae9b0e,2025-12-09T16:17:33Z,True,merge,113746,,human
4.6-stable,ee8b979d857de580919c60fadf3c13be140cbf5c,2025-12-09T16:17:38Z,True,merge,113754,,human
4.6-stable,64640a01c71a9ccc68c4ec8f731a7f13d4f1deb5,2025-12-09T16:17:43Z,True,merge,113755,,human
4.6-stable,f8ea55122affa04fd2afe0ef9dde1c9b4768c5d0,2025-12-09T16:17:48Z,True,merge,113775,,human
4.6-stable,abc1b82d12160af87c26c1e5c9da5909a64b6aae,2025-12-09T16:17:53Z,True,merge,113776,,human
4.6-stable,d71335c74d0f21a3a1db563ea76100a7cd2d8757,2025-12-09T16:17:58Z,True,merge,113785,,human
4.6-stable,5e3fb0d6c664fda1b6b076a7891eb842a5c428c9,2025-12-09T16:18:02Z,True,merge,113788,,human
4.6-stable,6ca17e29aa2dd01c8725f14855735d408d93fbd3,2025-12-09T16:18:07Z,True,merge,113789,,human
4.6-stable,eaddff155e4a773f9165b070bc5077e065089af8,2025-12-09T16:18:12Z,True,merge,113801,,human
4.6-stable,639b7cefa125f5f2b991757bf47516dbbf589a7d,2025-12-09T16:18:18Z,True,merge,113804,,human
4.6-stable,5d80686497ecf4af402a404fdc13797e355c1a46,2025-12-09T17:16:01Z,False,direct,,,human
4.6-stable,74ffb69b0e76e5f1d19fcb66eaf5de39ada1bbc3,2025-12-09T18:11:39Z,False,direct,,,human
4.6-stable,d09a3d83ffb6ba2a612724d24343432cb1031c82,2025-12-09T18:32:11Z,True,merge,113574,,human
4.6-stable,e6a5a52a5bdd51bd8762062319c0bd8c4af1bebf,2025-12-09T18:32:19Z,True,merge,113807,,human
4.6-stable,342ba8063e1a69b65b93ec0e577c6925e0e15729,2025-12-09T18:54:22Z,True,merge,112361,,human
4.6-stable,65c8c3dbca853ac65c7a2e1c52e583c7de3b53f5,2025-12-09T18:54:31Z,True,merge,113458,,human
4.6-stable,3ee5620c73c49dcdbb95778e170afe823377a71d,2025-12-09T19:21:37Z,True,merge,113632,,human
4.6-stable,bb92a4c8e27e30cdec05ab6d540d724b9b3cfb72,2025-12-09T19:26:45Z,False,direct,,,human
4.6-stable,ec215018610787b7598483b9a3aa7d967163dcf0,2025-12-09T19:53:28Z,False,direct,,,human
4.6-stable,79fe3dc3c89536c4abbc7cf2a59087aab596aadc,2025-12-09T20:12:36Z,False,direct,,,human
4.6-stable,61940e40ea27911093806ac8720af966c7001892,2025-12-09T20:26:27Z,False,direct,,,human
4.6-stable,556dfd4e2978c6ff71a688190cc775698dc3ef7f,2025-12-09T20:41:17Z,False,direct,,,human
4.6-stable,59e8acbb36034aeb7f9bb3e45567b50494257c0e,2025-12-09T21:14:12Z,False,direct,,,human
4.6-stable,7b02f8f125018ebf59205899bce6d8f2edea2f81,2025-12-09T21:27:09Z,False,direct,,,human
4.6-stable,a2a38102dc558279d7f2e989249745476a1f14e6,2025-12-09T21:53:06Z,False,direct,,,human
4.6-stable,1c5ccfe61ce9495038e38987ee538dc49a17d1f0,2025-12-09T22:15:13Z,False,direct,,,human
4.6-stable,a4a2de5a0eb075b281418389e64d56da77e39f3a,2025-12-09T23:05:33Z,False,direct,,,human
4.6-stable,0baa47bb53e15c35671a986e06df1ae8aa2eab23,2025-12-10T01:41:43Z,False,direct,,,human
4.6-stable,3c5a2732d463329bd66870cda9ceeb67e4e477c8,2025-12-10T06:57:49Z,True,merge,113812,,human
4.6-stable,cce211f7d4e4ad62562b05c2d57d495a4a19bc10,2025-12-10T06:57:57Z,True,merge,113813,,human
4.6-stable,9a64a0177bd293060ddd176e8d2d5d90ff98a7d6,2025-12-10T06:58:01Z,True,merge,113818,,human
4.6-stable,d743736f84fb668bcdfb5bf86258e483f35c6fec,2025-12-10T06:58:05Z,True,merge,113820,,human
4.6-stable,3904c6050787691af360093b99d9132674bba97c,2025-12-10T07:04:25Z,False,direct,,,human
4.6-stable,1251348c96a2865cf7fab5b183683eb70111106a,2025-12-10T11:19:35Z,False,direct,,,human
4.6-stable,d5a7335cec9e9f870e921bb72a364a74a7721f78,2025-12-10T12:24:51Z,False,direct,,,human
4.6-stable,ec705f6d47a5e921a993646ed2f77f8c6cd53023,2025-12-10T12:28:39Z,False,direct,,,human
4.6-stable,f1ab85a5d27f846371a3917e82a38d20d60fa6b6,2025-12-10T13:54:50Z,False,direct,,,human
4.6-stable,87863e06be2207d72af955634e33637c9ed40c7d,2025-12-10T15:19:23Z,False,direct,,,human
4.6-stable,4619b2dffa11b64b1538e3673b3875f377e4bea5,2025-12-10T17:32:46Z,False,direct,,,human
4.6-stable,1682f6d4dd2ec6a30977a00672698b61389b07a8,2025-12-10T18:05:38Z,False,direct,,,human
4.6-stable,d134fcfa4cae722e5403642b5ce07bcc7c7dd78a,2025-12-10T18:46:41Z,False,direct,,,human
4.6-stable,e89fcc78f2234c060fa2068fdbf11a4e54b98b3f,2025-12-10T23:55:59Z,False,direct,,,human
4.6-stable,fe638bc5cd903e8ed07bc7cd13e8218bb6334791,2025-12-11T00:10:22Z,True,merge,113802,,human
4.6-stable,0bc58d12174e156ea7f25c886e3261309b8a4baf,2025-12-11T00:10:23Z,True,merge,113814,,human
4.6-stable,dea2fea0bc99fe73caa70cdecf98f1e6f4495b9e,2025-12-11T00:10:24Z,True,merge,113815,,human
4.6-stable,ef733070a68a8de06796f06615cb065a21ecf434,2025-12-11T00:10:25Z,True,merge,111641,,human
4.6-stable,ed1ec3a0ee1f12db485e7345282fefbfb9c2ea3f,2025-12-11T00:10:27Z,True,merge,111387,,human
4.6-stable,5831c53ed6550aeb358ccb174d622921bf15dc24,2025-12-11T00:10:28Z,True,merge,113822,,human
4.6-stable,83934a55dbf021dd3901c8ef0eb9e2c6a80a3de4,2025-12-11T00:10:29Z,True,merge,113824,,human
4.6-stable,6139cef625f638cc2c35aa96358a388ee443a53c,2025-12-11T00:10:31Z,True,merge,96547,,human
4.6-stable,db413b26320ddc1be8496688ed9c061f48f8b841,2025-12-11T00:10:32Z,True,merge,113828,,human
4.6-stable,3e58beca972e15ecccdfc16bd4a5e4be1f7bc429,2025-12-11T00:10:33Z,True,merge,113830,,human
4.6-stable,52d259d6547bd2426e1403a7b79870e55c2a5aae,2025-12-11T00:10:35Z,True,merge,113835,,human
4.6-stable,e0c40c7ee17ad8603b15c28d3503077d374fb34a,2025-12-11T00:10:36Z,True,merge,113844,,human
4.6-stable,49ec6b0b9096e56aa2dc0373dec9f9e8512ca087,2025-12-11T00:10:37Z,True,merge,113848,,human
4.6-stable,1311629bce3d213f857f16cfbeb14d57df2dab60,2025-12-11T00:10:38Z,True,merge,113851,,human
4.6-stable,2553b70496ade853e788ae451861368ce7d4f0f0,2025-12-11T00:10:39Z,True,merge,113857,,human
4.6-stable,6c01624340233c265fe0cbb4bab5139f1988e9fa,2025-12-11T00:10:40Z,True,merge,113859,,human
4.6-stable,b70b97afffc652301be06d76c058ce5f0cad9c42,2025-12-11T00:10:42Z,True,merge,112972,,human
4.6-stable,73318cd8d018bff55a8c34ab9b3f5e66ba809186,2025-12-11T00:10:43Z,True,merge,113616,,human
4.6-stable,a566a01b4791a9ff65e471cc300370c4fb58c675,2025-12-11T00:10:44Z,True,merge,113643,,human
4.6-stable,14e840dd752884c4d98cb16f5f6f5fb1604c1e3d,2025-12-11T00:10:45Z,True,merge,113533,,human
4.6-stable,ef6e11b8e13f40ea3f89b5dd12822e0901a3c38b,2025-12-11T00:19:27Z,False,direct,,,human
4.6-stable,a0b5306b7906ded36162831327172ad2ad32edb8,2025-12-11T05:34:23Z,False,direct,,,human
4.6-stable,b40afd67815bffa6129118dd1f095b675fa9cd80,2025-12-11T05:58:40Z,False,direct,,,human
4.6-stable,0a6f8c2554a52313ad804cb1c0d5287b1fbe524b,2025-12-11T09:23:57Z,False,direct,,,human
4.6-stable,398842678ecdad51047c4724ec52bd926d36aa55,2025-12-11T13:50:18Z,False,direct,,,human
4.6-stable,d28758e1669b914679700121ad6a01aea914a164,2025-12-11T14:04:07Z,False,direct,,,human
4.6-stable,4f4f272423e6c4c527075b662e60200a8f23f151,2025-12-11T18:12:36Z,True,merge,113856,,human
4.6-stable,289321ad1ea0333d65869e22242a336d4d7af0f8,2025-12-11T18:12:38Z,True,merge,113728,,human
4.6-stable,7413f0195f236ad7f1a7469b19043edff1e9ae90,2025-12-11T18:12:39Z,True,merge,113890,,human
4.6-stable,3516c26bf47133f12d5b2d7311171a9e1f16f867,2025-12-11T18:12:40Z,True,merge,113666,,human
4.6-stable,3008b5c59f764266ec0dc8abf530f99455d3487c,2025-12-11T18:12:41Z,True,merge,112941,,human
4.6-stable,bb4b4e3890ac4a7b718e4a268020a2d9bd266493,2025-12-11T18:12:42Z,True,merge,113619,,human
4.6-stable,afefed5adf0a73cd9b2aaf6b8dcbe6ccc6ebfc16,2025-12-11T18:12:43Z,True,merge,113723,,human
4.6-stable,1cf31805370716ce8160ddc1394b9820249a21f7,2025-12-11T18:12:44Z,True,merge,113757,,human
4.6-stable,8fa484f331932526e9e4891f084186d4e889466b,2025-12-11T19:50:22Z,False,direct,,,human
4.6-stable,a6dc792bbd1ebccd8d158aa6ee7d8e93659b3c25,2025-12-11T20:38:08Z,False,direct,,,human
4.6-stable,d534b85e70e1b2d746ec8bda73a0aa8ce060c246,2025-12-11T21:37:18Z,False,direct,,,human
4.6-stable,810180f4a2e4363b2a60fa6a8f77b5f005a5c243,2025-12-11T21:37:33Z,False,direct,,,human
4.6-stable,00b3587d6afe33920e75b9ec24a985b0585aabc3,2025-12-11T22:25:16Z,False,direct,,,human
4.6-stable,b3afc74115b4a3d17e56081303c2be08f5d1851b,2025-12-11T22:42:45Z,False,direct,,,human
4.6-stable,92d10d9b4c64486b507ece425cecff1b5df99078,2025-12-12T00:22:20Z,False,direct,,,human
4.6-stable,1f7ed74a32954cc82c1c734b5c5338b062592531,2025-12-12T10:10:08Z,False,direct,,,human
4.6-stable,6917b1934f3010ab9896c5f3144327b94f51efa3,2025-12-12T11:31:32Z,False,direct,,,human
4.6-stable,a995ae46f3737bff7ded0ed567a31913307c4706,2025-12-12T11:40:37Z,False,direct,,,human
4.6-stable,70727f46fd6261b34b3af05cc9886abde6c793d9,2025-12-12T13:01:06Z,False,direct,,,human
4.6-stable,442c117fb76e525d122f1ea71be8774817137d1c,2025-12-12T13:01:19Z,False,direct,,,human
4.6-stable,8355286fc7836821b718b526c351451ff33a363c,2025-12-12T13:20:13Z,False,direct,,,human
4.6-stable,5246b5fba9c53c43cc4f97ebe5adef15f375f65a,2025-12-12T13:59:03Z,False,direct,,,human
4.6-stable,62335d1ac78f3cffd17bfb4f4337c89005364423,2025-12-12T14:05:39Z,False,direct,,,human
4.6-stable,9f3c19c4278e150063c483c9765b3eccd0dfed1f,2025-12-12T14:22:30Z,False,direct,,,human
4.6-stable,57667597393976b0dd0353b1c8e29697bed7f461,2025-12-12T14:42:56Z,False,direct,,,human
4.6-stable,48d2461e9ac56e1f83238a267f205c9ae65e61c7,2025-12-12T15:18:09Z,False,direct,,,human
4.6-stable,2fc6e11e31ed88e7f56e0d319281332a242b06db,2025-12-12T15:27:47Z,False,direct,,,human
4.6-stable,005cc0d95ac0d687334edb2d7257c31e2883bc7a,2025-12-12T16:12:51Z,True,merge,112408,,human
4.6-stable,e7d8609c73f43b437ade4e4a523430724c05f09a,2025-12-12T16:13:00Z,True,merge,113390,,human
4.6-stable,67c579bcef669f7278138613ba305575ce30680f,2025-12-12T16:13:05Z,True,merge,113713,,human
4.6-stable,9785d4435d1f17a058922441ac71985149db416c,2025-12-12T16:13:09Z,True,merge,113782,,human
4.6-stable,3ff4c195087bbc0e1eb21ebf966a75484e2f1d1d,2025-12-12T16:13:13Z,True,merge,113816,,human
4.6-stable,abcd160145a0ac12fc5526d89854cf7e67c59606,2025-12-12T16:13:17Z,True,merge,113893,,human
4.6-stable,12eaddd40ae7990a6ee21fc007e38b9bbfe8ad33,2025-12-12T16:13:21Z,True,merge,113912,,human
4.6-stable,dc74262a175495efcf6e4c87b272eed5c1cd3df2,2025-12-12T16:13:25Z,True,merge,113916,,human
4.6-stable,f9b48a5592932e2ed1c41313840bdf3859e477ba,2025-12-12T16:13:29Z,True,merge,113926,,human
4.6-stable,2b4569dd67f563cc33e15f372b109637e254a926,2025-12-12T16:13:33Z,True,merge,113927,,human
4.6-stable,e2a10cd46f01a5973e905e30c70d91415555788d,2025-12-12T16:13:36Z,True,merge,113934,,human
4.6-stable,7fa5587396edaabb34e9e4e639cdbdd95a0a11eb,2025-12-12T16:22:33Z,False,direct,,,human
4.6-stable,a92851c5176ee659e0726f50aa5565971e900847,2025-12-12T17:22:48Z,False,direct,,,human
4.6-stable,d9280fbf88047b73e87b7db15d2dc60bf6d9a3a3,2025-12-12T17:38:20Z,False,direct,,,human
4.6-stable,e70c6f970dce496dc6691b955bab5afa11edb638,2025-12-12T17:49:20Z,False,direct,,,human
4.6-stable,b439a71db3f5845c90505bd7daf1a2f8d94eb103,2025-12-12T18:06:29Z,False,direct,,,human
4.6-stable,1d1cd7cc1a34387d935a466ff55d2cf5652c5fba,2025-12-12T18:22:19Z,False,direct,,,human
4.6-stable,a8e1d2385574785d7e0b9386934f634f3e9f200e,2025-12-12T18:23:26Z,False,direct,,,human
4.6-stable,55360ec825fa622b6217de61da863ff4f32c946a,2025-12-12T18:40:02Z,False,direct,,,human
4.6-stable,5d9f5c54ef567770ecdd65cb33503281c9c9f477,2025-12-12T19:34:36Z,False,direct,,,human
4.6-stable,b85ef7e5a828d6dd9620ba3d0cd0a3c77c1969de,2025-12-12T20:09:50Z,False,direct,,,human
4.6-stable,451336dfbb17bfdf8ccd7355f40e153cb1c84e5e,2025-12-12T20:15:02Z,True,merge,113888,,human
4.6-stable,6edec57535f76fe2b7352ced73f3d0c6b604f9fd,2025-12-12T20:15:03Z,True,merge,113922,,human
4.6-stable,31413d5fd79bd711d2457da4f5357ed8cbc200e6,2025-12-12T20:15:03Z,True,merge,111747,,human
4.6-stable,c180b5e569ec21f0a635883179dabfa8f457a40f,2025-12-12T20:15:04Z,True,merge,113924,,human
4.6-stable,c50d2c319c8a42be0af9dd9fc549013ed89656ff,2025-12-12T20:15:05Z,True,merge,113733,,human
4.6-stable,17c1f502cce932f50ad9cfee80df486233e02615,2025-12-12T20:15:06Z,True,merge,113935,,human
4.6-stable,eb22beab516a82c2b73cad66296fd260cb4326f0,2025-12-12T20:15:07Z,True,merge,113936,,human
4.6-stable,43d541195efd8c08760bc39a4326e030677e5306,2025-12-12T20:15:08Z,True,merge,113938,,human
4.6-stable,a6f313c755d570f5d1e9a3d6f2bfb71e60fcac3d,2025-12-12T20:15:09Z,True,merge,113618,,human
4.6-stable,d3613aaf606507a9d3c01beae286941a719283cd,2025-12-12T20:15:10Z,True,merge,113940,,human
4.6-stable,9bdae4260b5fb38d4cc4eea9c466f8ee3fc52875,2025-12-12T20:15:11Z,True,merge,113945,,human
4.6-stable,08e6cd181f98f9ca3f58d89af0a54ce3768552d3,2025-12-12T20:15:12Z,True,merge,113915,,human
4.6-stable,88fd9d707327c3765fc1e5bc5a41b292b6617e21,2025-12-12T20:55:55Z,False,direct,,,human
4.6-stable,d0b157317ad28bfc1b60a6b69ced5f11194eec85,2025-12-12T21:14:48Z,False,direct,,,human
4.6-stable,259d95fd85560802add32d85db57835bf5b9e599,2025-12-12T21:18:55Z,False,direct,,,human
4.6-stable,cb1680c07afcaecec430e77bef650f5e6c709c21,2025-12-12T21:22:38Z,False,direct,,,human
4.6-stable,3a48029fc2bb1d230d04a8caf6f1e31bac1d5c2c,2025-12-12T21:27:27Z,False,direct,,,human
4.6-stable,76dda1f2c837dbe4cdf375575bf74fc18a728fcb,2025-12-12T21:39:53Z,False,direct,,,human
4.6-stable,c5c85a7d36d43b88e0e617442927e3151bebcfeb,2025-12-12T21:51:19Z,False,direct,,,human
4.6-stable,1ca8f1d7f6ff6ea81aafe71183e9ac709d9dfeb0,2025-12-12T22:04:35Z,False,direct,,,human
4.6-stable,36e7675d6d70191ed383e0a4cff992db63599261,2025-12-12T22:10:07Z,False,direct,,,human
4.6-stable,466fe1abd88d0a299a3c85422f7cda09dd89a87b,2025-12-12T22:16:46Z,False,direct,,,human
4.6-stable,280120b1f8f7d297f396fce70872605b4a43b35a,2025-12-12T22:20:13Z,False,direct,,,human
4.6-stable,c9fb6a3040b6a5cf3665b722c5137fe5574a4359,2025-12-12T22:38:54Z,False,direct,,,human
4.6-stable,db51366aff679dd9be911be141519443297c57bc,2025-12-12T22:57:35Z,False,direct,,,human
4.6-stable,8beb7a062dc12b9324e054a5df23c5d0ea8ac28e,2025-12-12T23:00:28Z,False,direct,,,human
4.6-stable,a5452ce8c5f0c21405bc70430901c11da3e075bc,2025-12-12T23:04:56Z,False,direct,,,human
4.6-stable,58b0cf61abc0074102658116aa2e0e601b9f8880,2025-12-12T23:24:35Z,False,direct,,,human
4.6-stable,2eb41ac549fdf8bd82e1b11ba6bf7a4f524dadee,2025-12-13T01:41:01Z,False,direct,,,human
4.6-stable,874dd28d66191677c73a614be29e049bf24beef1,2025-12-13T09:10:29Z,False,direct,,,human
4.6-stable,17f3c28c80183fece11396a9151896826b1781d4,2025-12-13T09:33:52Z,False,direct,,,human
4.6-stable,f99d0947782eba6794b6a39eedcaced21f1564a9,2025-12-13T09:38:34Z,False,direct,,,human
4.6-stable,30d7ecfcc9973dd9c057c73fe8ac9ce10b978533,2025-12-13T12:15:33Z,False,direct,,,human
4.6-stable,99a9f07ab5d6de916454a90e7d008e50a76ec750,2025-12-13T12:30:07Z,False,direct,,,human
4.6-stable,4c3cf9c1c472c7de023806fb1dad1387cfc99bcd,2025-12-13T14:28:30Z,False,direct,,,human
4.6-stable,ef0dd99a37f3d9e6c0a45b363a1fa13272aaf510,2025-12-13T15:55:14Z,False,direct,,,human
4.6-stable,0ed400a45fee43a22fd836d00524cc53f42fe79f,2025-12-13T20:06:02Z,False,direct,,,human
4.6-stable,8e6f554aec0f6ec89d11a1fea80fbeb5781e3cb6,2025-12-13T20:28:20Z,False,direct,,,human
4.6-stable,f7a10145ae262aeed7fe2634369d682f027aaba1,2025-12-13T23:05:36Z,False,direct,,,human
4.6-stable,f82b4fdf7a7157db5c5635b06c076756e8b6ac8a,2025-12-14T09:25:41Z,False,direct,,,human
4.6-stable,dfaae243cac8f918ca55efa2446adb4b39ce01e6,2025-12-14T14:47:15Z,False,direct,,,human
4.6-stable,a7e227b7bb642bd994be2211b4db8abd4c62c338,2025-12-14T15:19:21Z,False,direct,,,human
4.6-stable,be7ec02dee6efa667516ce5ccb94dc97ce175eab,2025-12-15T00:37:23Z,False,direct,,,human
4.6-stable,3caa3d57dbcdcbd47e15201fc6fb18fc0b9e5cf0,2025-12-15T07:07:11Z,False,direct,,,human
4.6-stable,326217dc0f395d049d1fc72ea58a83f245993c1e,2025-12-15T12:11:37Z,False,direct,,,human
4.6-stable,43bbffa5a1748eef8984bbefff2bbfbe679e0a17,2025-12-15T14:00:51Z,True,merge,113933,,human
4.6-stable,c62d8b681a4903029699c8f2c8271d965f31a38c,2025-12-15T14:00:52Z,True,merge,104340,,human
4.6-stable,635160a1c71a1094b8ada310a70180ea5acaa846,2025-12-15T14:00:53Z,True,merge,113944,,human
4.6-stable,00c5af7ff0f0350c9e0c1df260f1b2ddcb5d2437,2025-12-15T14:00:54Z,True,merge,113690,,human
4.6-stable,bfa5c33746b0f8e683a69f5472a089b807405a41,2025-12-15T14:00:55Z,True,merge,112410,,human
4.6-stable,e1b9adac9a9027e68a716d18e2dce825b9ba14c9,2025-12-15T14:00:56Z,True,merge,113960,,human
4.6-stable,8cfbdf5231a0e613aeee1bbc8a11f4f8fbf5181e,2025-12-15T14:00:56Z,True,merge,113961,,human
4.6-stable,23e956443b3910cef1e3eb30e4368ef4caa0ff06,2025-12-15T14:00:57Z,True,merge,113962,,human
4.6-stable,afd4e0f67b5df906c886203cddd5d5525df05e71,2025-12-15T14:00:58Z,True,merge,113963,,human
4.6-stable,fe6f69fcbfaa191b1c6472ca0b38a17bc95a094c,2025-12-15T14:00:59Z,True,merge,113964,,human
4.6-stable,7ee6a0bbca49b2c7a50ab3516edc70a1506f3c20,2025-12-15T14:01:00Z,True,merge,113837,,human
4.6-stable,6f33ef8c0e43be91041a7029cda1d3b1b3b311a9,2025-12-15T14:01:00Z,True,merge,113966,,human
4.6-stable,cf66274d81cbf953f91ec82fb4f89694d6870410,2025-12-15T14:01:01Z,True,merge,113967,,human
4.6-stable,4d0ddafa2157dc53e6f02cc2bba57cebfc0b0ec2,2025-12-15T14:01:02Z,True,merge,113965,,human
4.6-stable,eacf3109d73b7d4d68a8482b418c49ad383cd3c6,2025-12-15T14:01:03Z,True,merge,113969,,human
4.6-stable,64a12e59f8cd9eb4bf3a549ec2224926a38a3e50,2025-12-15T14:01:04Z,True,merge,113974,,human
4.6-stable,206f1b5a7ccef34780480682aa36138113f0dccf,2025-12-15T14:01:05Z,True,merge,113977,,human
4.6-stable,14d8c55cfa95922c93078b671e26b1056358de9c,2025-12-15T14:01:05Z,True,merge,113982,,human
4.6-stable,8787f581f9f06f2783ca8c923cc05b07f62ef02c,2025-12-15T14:01:06Z,True,merge,112830,,human
4.6-stable,5f56002e5b5ad5823271b446ec00c9268f84c3fe,2025-12-15T14:01:07Z,True,merge,113983,,human
4.6-stable,9d4279846f4bbbfe0e550cedb5c29e719038f35b,2025-12-15T14:01:08Z,True,merge,113985,,human
4.6-stable,6f7cd362d13ebbb152e37632570543dea369f38e,2025-12-15T14:01:09Z,True,merge,113990,,human
4.6-stable,d18d3fb060393bdcdba40ca23a330aa228aa9a51,2025-12-15T14:01:10Z,True,merge,113352,,human
4.6-stable,36f07362d474c845e7a059ed3caef501e8032b24,2025-12-15T14:01:11Z,True,merge,109651,,human
4.6-stable,8c4e793d3a9b87793d296c9d9936ae52cbebe038,2025-12-15T14:01:12Z,True,merge,111700,,human
4.6-stable,4adf88033f879e582080eb02134422b27c2119c1,2025-12-15T14:01:13Z,True,merge,113365,,human
4.6-stable,5311b5e4d0ecce38908eb292b69ade1b0eefa261,2025-12-15T14:01:14Z,True,merge,113878,,human
4.6-stable,44800f9ea693086409035e7c35be5d06a410c221,2025-12-15T14:01:15Z,True,merge,113875,,human
4.6-stable,2da239fa220fc6226cb20035ce2d099cf9f6bd3f,2025-12-15T14:01:16Z,True,merge,113753,,human
4.6-stable,21181750c18ba0bf6bf585075b00e38ae91a6d48,2025-12-15T14:01:17Z,True,merge,114026,,human
4.6-stable,8aa4a5207fd2e06cc46f540f5db08758dfeeb954,2025-12-15T14:01:17Z,True,merge,110968,,human
4.6-stable,e2f8a4f78651d25acef6b3290b1b77d6a11abdde,2025-12-15T14:20:09Z,False,direct,,,human
4.6-stable,88d4d7222af47dbf2af6ee234cf7064c92910cf5,2025-12-15T14:52:38Z,False,direct,,,human
4.6-stable,16f9c8653cb609a6fb64a3672605caee66ea321b,2025-12-15T15:26:09Z,False,direct,,,human
4.6-stable,5c69e70f16beff01c91d8fbedebe16c9ca26b603,2025-12-15T15:32:08Z,False,direct,,,human
4.6-stable,83af07876192c6ddbb0029dadf31ad9e43141696,2025-12-15T15:34:43Z,False,direct,,,human
4.6-stable,a35f7d62b25e2b8ca64f905cffd00d0e8ff59561,2025-12-15T16:17:31Z,False,direct,,,human
4.6-stable,aeef4fff6d7bd10cc8d81b2c39e8a198a02ee45a,2025-12-15T17:23:03Z,False,direct,,,human
4.6-stable,53fb0f0b57391558fa9f529f3fa67247238a4197,2025-12-15T19:02:00Z,True,merge,114015,,human
4.6-stable,fbf6956fe4b7ea32d3ba3c73a7f564ed648c08fa,2025-12-15T19:02:01Z,True,merge,113740,,human
4.6-stable,1efa8b177f5a256f5c88baa09a164172f914885e,2025-12-15T19:02:02Z,True,merge,113871,,human
4.6-stable,2589c4da64e849ba58eaab6777d8c5a18c802b43,2025-12-15T19:02:03Z,True,merge,114033,,human
4.6-stable,c341d7c25fc1f2b0487aa5f95e3c1b7bcfece021,2025-12-15T19:02:04Z,True,merge,114001,,human
4.6-stable,3c7e8afdb4609b2c4a06c47abffd6615ac27e960,2025-12-15T19:02:05Z,True,merge,114039,,human
4.6-stable,4b6c88deda6c183d397819cb327dcbb95ecc1fcf,2025-12-15T19:02:05Z,True,merge,114047,,human
4.6-stable,cc0196a22987ce0330b390fdcdd29a5afefa1921,2025-12-15T19:37:26Z,False,direct,,,human
4.6-stable,775bd3497ea6c7372c58949a1e10b9df8b619c02,2025-12-15T21:28:49Z,False,direct,,,human
4.6-stable,233a00c474330f4b0543d58223547378bf93c98b,2025-12-15T23:40:50Z,True,merge,113968,,human
4.6-stable,3f566a80228a8a48a950679f137fa2ca8afd37c8,2025-12-15T23:40:51Z,True,merge,113794,,human
4.6-stable,1aa9035ac29dcf910f88de4a9ff17bea70900af8,2025-12-15T23:40:52Z,True,merge,114051,,human
4.6-stable,76972d691d988b195ce80aadfcb6456881348369,2025-12-15T23:40:53Z,True,merge,113908,,human
4.6-stable,adb7774a615b714d098985c9574fe02a3b462c7e,2025-12-16T09:15:02Z,False,direct,,,human
4.6-stable,717a7f1d7616882efd97c0f35044729e9946566e,2025-12-16T10:02:07Z,False,direct,,,human
4.6-stable,9b5e8f9483fd5432160280f3080798777baf2bbb,2025-12-16T10:26:22Z,True,merge,102789,,human
4.6-stable,61b5f80a500c386be293927efbb71ced604b10ab,2025-12-16T10:26:31Z,True,merge,113256,,human
4.6-stable,318aeded6abbe5b118b063a01fa8b0cd4dc3e3ee,2025-12-16T10:26:37Z,True,merge,113339,,human
4.6-stable,5d5db072f38108ff79e24f9a072867b9bc9e11ed,2025-12-16T10:26:42Z,True,merge,113656,,human
4.6-stable,d84a8a63fa9273ae0318d30222fb71624910c6e1,2025-12-16T10:26:47Z,True,merge,113946,,human
4.6-stable,3e2f769ddf472f02cc0973858fe7c89989339130,2025-12-16T10:26:53Z,True,merge,113947,,human
4.6-stable,9d8180edb80fc7c70c8b9333c581b0abf6628ddb,2025-12-16T10:26:59Z,True,merge,114027,,human
4.6-stable,7b1a525f173838057618a6609d29357cbfe33ca8,2025-12-16T10:27:03Z,True,merge,114040,,human
4.6-stable,7fcf2d4b6ad5c80fa7fe963817177fbf1997beb5,2025-12-16T10:27:07Z,True,merge,114057,,human
4.6-stable,d08fbbcc0d8e633c195e712756e1540b64708e8a,2025-12-16T10:27:13Z,True,merge,114072,,human
4.6-stable,0307895ededc89e32305cd839288a8ce716cfdb4,2025-12-16T10:41:09Z,False,direct,,,human
4.6-stable,65ffa4f7a585159f8cebfbf17d8339ca51468fe4,2025-12-16T10:48:37Z,False,direct,,,human
4.6-stable,8e68058505d5d9fb945d9e46b64455adf7755817,2025-12-16T11:49:31Z,True,merge,111839,,human
4.6-stable,b3584527e5b1d97b1656f5a18dae98d199c9c598,2025-12-16T11:49:35Z,True,merge,113692,,human
4.6-stable,5cb1ec590036fba44cdd8e727136ec6c25f11660,2025-12-16T11:49:40Z,True,merge,114043,,human
4.6-stable,ec7bd419fcce53ba9fb097bcc6185630d22cb842,2025-12-16T15:51:23Z,False,direct,,,human
4.6-stable,90cdfaa2500d1350602e1f0bf4fdc6bbf72db453,2025-12-16T18:09:02Z,False,direct,,,human
4.6-stable,0e21840973834b6a41b0fec6fc3989b9f9fa8dd9,2025-12-16T18:12:49Z,False,direct,,,human
4.6-stable,c807f39eab145fdb8817e4b87d4ccb89a61b0b7e,2025-12-16T18:36:54Z,False,direct,,,human
4.6-stable,08b511ec8fc3455c449ebb07638ef62598024520,2025-12-16T18:38:54Z,False,direct,,,human
4.6-stable,91c5edff3d811df41dc0c50f76d7905a40c74d2a,2025-12-16T18:42:22Z,False,direct,,,human
4.6-stable,7c24d72ca61345dc9c214fe4f9ae90f5c24eeefd,2025-12-16T19:38:29Z,False,direct,,,human
4.6-stable,cd79779bff39da468264ff7afb09a4097be70dbf,2025-12-16T21:18:27Z,False,direct,,,human
4.6-stable,72d4eda5c850396b9b42c2c906b4d285834109a0,2025-12-17T02:31:26Z,True,merge,114086,,human
4.6-stable,be1492908bbf62fa2b270ab712be28927fac790a,2025-12-17T02:32:54Z,True,merge,114056,,human
4.6-stable,da365177b714def63690586494498ca2a43a1316,2025-12-17T02:32:55Z,True,merge,114091,,human
4.6-stable,48109bab646e343b13a0250d28d8269a88e68b7b,2025-12-17T02:32:56Z,True,merge,96825,,human
4.6-stable,d9f938775dd3057d6a3d3cc4f153e3c6b17cc7ff,2025-12-17T02:32:57Z,True,merge,105236,,human
4.6-stable,590c310d19d9085fe552bb512a3ccbd312a968c2,2025-12-17T02:32:58Z,True,merge,114037,,human
4.6-stable,077d6fb8763ae5ca1aff9b19fb179935614ea0f2,2025-12-17T02:32:59Z,True,merge,114073,,human
4.6-stable,e6b37bdb9afcba62ce270f9819d8b5f1230f2392,2025-12-17T02:33:00Z,True,merge,113246,,human
4.6-stable,1ea6b0ccff9962ec93c4008e66b4f83cb57b9023,2025-12-17T02:33:01Z,True,merge,114079,,human
4.6-stable,fb8443a2192e5223f67736a0aded9a5f624f85e7,2025-12-17T06:20:49Z,False,direct,,,human
4.6-stable,89324bc6d2724d8db9c18c2c11bdd02f3e8520b8,2025-12-17T11:54:50Z,False,direct,,,human
4.6-stable,776245b3e76ac3cfe82d959d1b799b8e89d21992,2025-12-17T11:54:56Z,False,direct,,,human
4.6-stable,bea572fc008c394016eeb6091193a1c6b98ef4ba,2025-12-17T12:17:14Z,False,direct,,,human
4.6-stable,8e4847eed9ef5cefc2cce1988a0d4b79e5ae85e5,2025-12-17T12:58:32Z,True,merge,113800,,human
4.6-stable,44cd99517e80d885ad09aa5d73ec06c5ed500c68,2025-12-17T12:58:43Z,True,merge,113986,,human
4.6-stable,0509500a9fab6a854fb66b5088a7edf2115522ee,2025-12-17T12:58:46Z,True,merge,114081,,human
4.6-stable,0e2175e3ff9018dd6f728a478637e7029da770bb,2025-12-17T12:58:50Z,True,merge,114084,,human
4.6-stable,5d9adbe1be0b10c5baa226fad0fbb9d3233b3cce,2025-12-17T12:58:54Z,True,merge,114087,,human
4.6-stable,24333c4e3d3d420298253c5fdb04176ecbac3af9,2025-12-17T12:58:58Z,True,merge,114105,,human
4.6-stable,a45bdce7636626af3738c2c1c37ee38b9842872e,2025-12-17T14:15:33Z,False,direct,,,human
4.6-stable,38beb1c94b5221b975dbfa10e2e4dd272325894c,2025-12-17T15:30:53Z,False,direct,,,human
4.6-stable,0ec97ce1eb88bee9f271b4adfef94329f68c8ab7,2025-12-17T18:04:48Z,False,direct,,,human
4.6-stable,18b9821a47447e0a41bb07ff65fd6bef9e1b9035,2025-12-17T19:06:00Z,False,direct,,,human
4.6-stable,bbe0bff4aa37f27bbeac712fc1aaead55176bacb,2025-12-17T19:43:06Z,False,direct,,,human
4.6-stable,8d1277fdb10c4f3c2753641c53575b7f37954cbc,2025-12-17T19:48:11Z,False,direct,,,human
4.6-stable,bd5ff04a63d7a09b7bff3cb68f96c32aa80b02fd,2025-12-17T21:25:04Z,False,direct,,,human
4.6-stable,07c31dba84d970f36c2c48b7c69126a13c61a1be,2025-12-17T21:26:53Z,True,merge,112923,,human
4.6-stable,e4c542d5a442e2d5fdf3fbad346dadb5b93c845c,2025-12-17T21:26:57Z,True,merge,113660,,human
4.6-stable,789bdbd25d837b20a0fbdecfb94e8b01bc672a7c,2025-12-17T21:27:02Z,True,merge,113773,,human
4.6-stable,4cb5e8fc5f3f29a901c8797b39a74c5596fb3754,2025-12-17T21:27:06Z,True,merge,113896,,human
4.6-stable,42c3e683c8ac9ab0c65a0dcee7bc4e183922eb7e,2025-12-17T21:27:11Z,True,merge,113903,,human
4.6-stable,bdee84630dfe71bf9cd3c4a8e8217760c31d4378,2025-12-17T21:27:15Z,True,merge,114035,,human
4.6-stable,c5aff613019a4143da195aa30b6e31ff767865dd,2025-12-17T21:27:19Z,True,merge,114054,,human
4.6-stable,efab5cdc9832fbd8d3e4c1f9d86ab0004b7ae7d2,2025-12-17T21:27:22Z,True,merge,114116,,human
4.6-stable,a20506f7f6772d602e54118343c4feeb9f7d899a,2025-12-17T21:27:26Z,True,merge,114120,,human
4.6-stable,79603b2f28fdd8b0dce14064e488a3783d51d1ff,2025-12-17T21:27:30Z,True,merge,114122,,human
4.6-stable,4383cd06f13cef9dee03a39c02597d910a61599d,2025-12-17T21:27:49Z,False,direct,,,human
4.6-stable,c92ad80ec0d32f3b970366f6259e26ba015fa7c4,2025-12-18T00:41:58Z,False,direct,,,human
4.6-stable,683f0c0714e11683a3dcf1685631ab28d8c6419f,2025-12-18T01:24:38Z,False,direct,,,human
4.6-stable,fce7dfb5e5b4942865ecfbff6484d38a0e588660,2025-12-18T01:27:13Z,False,direct,,,human
4.6-stable,3e7eb5c9dcc0974a1ebcb7c26b8622229a4d5363,2025-12-18T01:28:13Z,False,direct,,,human
4.6-stable,a6d71f33be218b3f55f194d3a191e1b0669e693b,2025-12-18T01:30:23Z,False,direct,,,human
4.6-stable,475e792a7b86e8081c3e6d193d34d6415f6ff540,2025-12-18T01:35:12Z,False,direct,,,human
4.6-stable,1e4de4ed31e54262cacc81f079efd684c8fc3464,2025-12-18T02:23:07Z,False,direct,,,human
4.6-stable,540a74dd4c2e3f64c6e517b5ee6d8da71f46d126,2025-12-18T06:26:05Z,False,direct,,,human
4.6-stable,4fc07a8edbc6dbc11b9e47e49a98928b5ee5d4c1,2025-12-18T06:40:14Z,False,direct,,,human
4.6-stable,9ebe07e28062ce08cfa083ee4029d34408a4a863,2025-12-18T06:59:28Z,False,direct,,,human
4.6-stable,997f326b5864d6b2806c654dc75615312d519a70,2025-12-18T07:05:07Z,False,direct,,,human
4.6-stable,338cfba60a7cc9ea0f98f50f7775342e392ce4c0,2025-12-18T07:16:43Z,False,direct,,,human
4.6-stable,2c68c80b19ff40932b4007466533fe41aa121686,2025-12-18T09:31:52Z,False,direct,,,human
4.6-stable,4f7146f59b84d6ba50e48ba3bd9d82e7d496cd2b,2025-12-18T11:07:14Z,False,direct,,,human
4.6-stable,679e910fa8fa12186ddec5e604815db28a123c67,2025-12-18T13:22:29Z,True,merge,93724,,human
4.6-stable,cc1f229f5dc86d7416de0eda994e18b1333a4748,2025-12-18T13:22:36Z,True,merge,108674,,human
4.6-stable,0095f6fa7fe1440dbc7dfb2940c6c0646c350e3e,2025-12-18T13:22:40Z,True,merge,108677,,human
4.6-stable,babde91d7d4eb3a8c181ef29eaef99530bc8159d,2025-12-18T13:22:45Z,True,merge,108758,,human
4.6-stable,acf4f6b15d714888b0bc089237759ff67e1babf6,2025-12-18T13:22:49Z,True,merge,108882,,human
4.6-stable,22fac0ef50c2a5297d49348f64e67d6e06aa9e0c,2025-12-18T13:22:54Z,True,merge,109138,,human
4.6-stable,047a7c5aa56021d7a71db42aef88d9c80a34112e,2025-12-18T13:23:02Z,True,merge,110192,,human
4.6-stable,65676315c639ef84e4e951689e200f5cb17c6fde,2025-12-18T13:23:10Z,True,merge,110310,,human
4.6-stable,bb07fd927f36ac473ad9c518a80bbbe5f8879c6d,2025-12-18T13:23:15Z,True,merge,110375,,human
4.6-stable,b72679bcc52831f37cb6272f3473e973aac8e0d3,2025-12-18T13:23:21Z,True,merge,112116,,human
4.6-stable,c3ea15b1b7e3562f77ca902d7595772487f430bd,2025-12-18T13:23:27Z,True,merge,112236,,human
4.6-stable,823cb065ced1f80a7364e7c73a8436a87fe69a20,2025-12-18T13:23:31Z,True,merge,112487,,human
4.6-stable,4be81ddf447530629b0473526f97fdccd7357ff7,2025-12-18T13:23:38Z,True,merge,112602,,human
4.6-stable,5d89816d93f5feadad8e76b54318c5f44dae7e53,2025-12-18T13:23:42Z,True,merge,112661,,human
4.6-stable,43f966772d928d6dce243a3b5e54908bc10e06a5,2025-12-18T13:23:48Z,True,merge,112712,,human
4.6-stable,72f3654321aae49c9ba1c043cefb86b7ecacde13,2025-12-18T13:23:53Z,True,merge,112882,,human
4.6-stable,30c2fc148e8062cd0ae3c613e1dfeac2f0a94ac9,2025-12-18T13:23:59Z,True,merge,113575,,human
4.6-stable,00f4fb72715a9070eb8d81c2fcf285e5d1f1b8d8,2025-12-18T13:24:04Z,True,merge,113608,,human
4.6-stable,6e70db94bc0c540d4149c57c66c89309068bdc66,2025-12-18T13:24:10Z,True,merge,113645,,human
4.6-stable,e43485a9ee6479da2ccc353490790e1302599643,2025-12-18T13:24:15Z,True,merge,113648,,human
4.6-stable,6370912e1360304cdd0387893f7d3ad39744b6d4,2025-12-18T13:29:05Z,True,merge,113774,,human
4.6-stable,42f49e488ba08b5aa1697a08ab767beec696a5bc,2025-12-18T13:29:10Z,True,merge,114115,,human
4.6-stable,034c55efec0b3f8897242ce6fd97c63cfd054c3a,2025-12-18T13:29:15Z,True,merge,114132,,human
4.6-stable,b7cdfd268ba92ab8515542a550188d435aed3e8d,2025-12-18T13:29:19Z,True,merge,114141,,human
4.6-stable,8a6408c1ceaac721f7594a864fa98234644a19d5,2025-12-18T13:29:23Z,True,merge,114142,,human
4.6-stable,5afbbc71a43ff0ca373d1bfb583b1f55900f95c7,2025-12-18T13:32:52Z,False,direct,,,human
4.6-stable,649f401479d019870c128895fff18d58a75e23c1,2025-12-18T14:16:16Z,False,direct,,,human
4.6-stable,b1d8bf32eeb83aed8b92a5552c6a1ed59111a37a,2025-12-18T14:19:27Z,False,direct,,,human
4.6-stable,bb22b0eece35e01c7e6874394ffee8d44dfb454b,2025-12-18T14:30:14Z,False,direct,,,human
4.6-stable,40952b8ac9a73b501ad758a119daf8ab91c0a772,2025-12-18T15:34:06Z,False,direct,,,human
4.6-stable,bc5249873e6b82daeac2a8151ef363f9d3147aab,2025-12-18T17:46:28Z,False,direct,,,human
4.6-stable,799ff265b4b0ebad2f0b19f136ae9dfe8a9394f1,2025-12-18T18:19:01Z,False,direct,,,human
4.6-stable,1ee63e4f288045c3d910ca766705fc9990850de9,2025-12-18T18:51:54Z,False,direct,,,human
4.6-stable,3be85a86148d5de85559349a5748f12fcd896125,2025-12-18T19:01:48Z,False,direct,,,human
4.6-stable,12e451bb5384a7af759826023700092cd8dca302,2025-12-18T19:04:27Z,False,direct,,,human
4.6-stable,d81ed63fc5f087de9857f3814906fbd689d8aaef,2025-12-18T20:31:40Z,False,direct,,,human
4.6-stable,64cb7e721ce9a97662a6faac2ccaab8ca031ed27,2025-12-18T21:10:42Z,False,direct,,,human
4.6-stable,1a176ede06f7d4aec3c478dfc57055e0b41ac120,2025-12-18T22:29:06Z,True,merge,105366,,human
4.6-stable,dda53d761ae990071b695caf7db5071775fcd43e,2025-12-18T22:29:14Z,True,merge,108372,,human
4.6-stable,c5247f68a4384458c7ab305cd162ce2a807ff421,2025-12-18T22:29:20Z,True,merge,108596,,human
4.6-stable,624d77d67a372575eae6b12c5ed4ff23830ec0ca,2025-12-18T22:29:29Z,True,merge,109112,,human
4.6-stable,cd157234b127778cf5fdf61f6a327762ae5a6bfb,2025-12-18T22:30:17Z,True,direct,,,human
4.6-stable,b46988a1429b81ef6ac28ef09263df4fda1f74cd,2025-12-18T22:30:43Z,True,merge,110817,,human
4.6-stable,f1afe67b3b5983b0cbd3348735f80dabd82f3c2a,2025-12-18T22:30:49Z,True,merge,111062,,human
4.6-stable,68abeedba7ec6a5f3739e340284e6881507e679d,2025-12-18T22:30:54Z,True,merge,111837,,human
4.6-stable,5a0026ba6e1a36aa8c24858aff13964adfd191a3,2025-12-18T22:31:00Z,True,merge,112210,,human
4.6-stable,d9914b5877705405559412a80db03590aefa9abb,2025-12-18T22:31:07Z,True,merge,113790,,human
4.6-stable,7f58b23c72f7025f42e647e7146d8dbd92ce41b0,2025-12-18T22:31:12Z,True,merge,113957,,human
4.6-stable,7642c34a186bfa04ad019254df145195e45eb15d,2025-12-18T22:31:19Z,True,merge,114098,,human
4.6-stable,884f2061033344254798918e9d9301ce8e7325e3,2025-12-18T22:32:57Z,True,merge,114159,,human
4.6-stable,52a0633d9734e94ef0bc0bfaf9ff5910b1c3500c,2025-12-18T22:33:02Z,True,merge,114163,,human
4.6-stable,0a4d774795a67de7cf50e207067657d5a18d5966,2025-12-18T22:33:08Z,True,merge,114164,,human
4.6-stable,2f0fe04e0b385ce5d133814b903a295270f00702,2025-12-18T22:33:14Z,True,merge,114167,,human
4.6-stable,40cf5a0f50b4ddbd1d6990c7e7b92226665d7053,2025-12-18T22:33:20Z,True,merge,114169,,human
4.6-stable,61254acd9824b744dd2c31b70b6c7790a676cd69,2025-12-18T22:48:52Z,False,direct,,,human
4.6-stable,0e7a69a2e06a76966ac08517180b420ad7990a2a,2025-12-19T00:38:51Z,False,direct,,,human
4.6-stable,6c52ba9625edda92570c8c46b0e14d0a432aed03,2025-12-19T00:51:18Z,False,direct,,,human
4.6-stable,ff615f8aed4309e8c03a7aa89f6fa36d439864a6,2025-12-19T01:19:44Z,False,direct,,,human
4.6-stable,07c709bb4b04023ad90f192c140335812282b003,2025-12-19T01:38:25Z,False,direct,,,human
4.6-stable,6370c371604e4e5c7621b70366e91b68267dfc19,2025-12-19T01:47:45Z,False,direct,,,human
4.6-stable,f270f0a5bd202fe2c960fc6cf675b19ded96a317,2025-12-19T04:48:29Z,False,direct,,,human
4.6-stable,12764858d36ad090ec131979b0bcc19fd9b1f83d,2025-12-19T05:02:34Z,False,direct,,,human
4.6-stable,ffd51293374f54746859f0f5dc25e209b27280b5,2025-12-19T05:51:36Z,False,direct,,,human
4.6-stable,99be5302a624b0742390024cb6842fb8ec32e1ec,2025-12-19T07:32:54Z,False,direct,,,human
4.6-stable,f18a33f4515e6dad4f4939b9de5e7b18c2c7a7ac,2025-12-19T08:56:47Z,False,direct,,,human
4.6-stable,1e3babd0a55808e17eecf6a3c6b77267b29f6170,2025-12-19T09:56:03Z,False,direct,,,human
4.6-stable,d76be3e52272833783720b1031340d3289595fa0,2025-12-19T10:17:11Z,False,direct,,,human
4.6-stable,15265bc241688fac8a2d323b2193a0dc7cda2d6b,2025-12-19T10:51:39Z,True,merge,109980,,human
4.6-stable,0468f90a48e72e4a9c88b8775e25536961235c09,2025-12-19T10:51:50Z,True,merge,110432,,human
4.6-stable,2b02308967e672979bcd57e512218300e26f02af,2025-12-19T10:51:58Z,True,merge,110533,,human
4.6-stable,bcd9a4eae52bbdfe728ab7fcfc5960cb1b95060f,2025-12-19T10:52:06Z,True,merge,110572,,human
4.6-stable,92e96bdf279596382a7054c4df84438ffb8cd263,2025-12-19T10:52:15Z,True,merge,110575,,human
4.6-stable,2d3b076b089655af84540c65de989eefc3ba1589,2025-12-19T10:52:23Z,True,merge,110705,,human
4.6-stable,81ad30305cc26a790bb5cf6cceb912ae1c9183b4,2025-12-19T10:52:31Z,True,merge,110731,,human
4.6-stable,be9f30a9d0025e776c67e601ca59d4b78da10ecf,2025-12-19T10:52:38Z,True,merge,111166,,human
4.6-stable,4484897e749609a4563fda6c11144a0d191ce601,2025-12-19T10:52:46Z,True,merge,111334,,human
4.6-stable,f4dab5199a8028d728a9fb863bd0c6cd251c3151,2025-12-19T10:52:53Z,True,merge,111748,,human
4.6-stable,e51c6e9fe8f589b01fa1b59b6615fc70a61fe685,2025-12-19T10:53:02Z,True,merge,111797,,human
4.6-stable,1be9fd7d50db9744d4d607a03710a46752017a9e,2025-12-19T10:53:10Z,True,merge,113537,,human
4.6-stable,9302ec9f21195fc7fc8e7f058b9f98dea22be3f4,2025-12-19T10:53:16Z,True,merge,113917,,human
4.6-stable,e387a144dd7a267676cdc922c727328053498bb9,2025-12-19T10:53:20Z,True,merge,114152,,human
4.6-stable,0bb30e4e90cbe1acea124b03e8a0a74f608e1019,2025-12-19T10:53:26Z,True,merge,114175,,human
4.6-stable,53dae9b3df0aaaeeec9b17743f13348133455905,2025-12-19T10:53:30Z,True,merge,114176,,human
4.6-stable,0efff3a14217decf6ab1c80c3e1b0bfb203a9d0d,2025-12-19T10:53:35Z,True,merge,114177,,human
4.6-stable,143c2c4270419c0ce669db43d0bac9d6ce77a690,2025-12-19T10:53:40Z,True,merge,114178,,human
4.6-stable,af9fdbb051277f5a440435be28f437ac534349c1,2025-12-19T10:53:45Z,True,merge,114183,,human
4.6-stable,eae8439bdedd3b85eba80d8cd5e2ac0450ca1156,2025-12-19T10:53:49Z,True,merge,114187,,human
4.6-stable,551ce8d47feda9c81c870314745366b24957624b,2025-12-19T10:53:54Z,True,merge,114189,,human
4.6-stable,c1d7c097b1b672e9cfd2a94c53cdee4037c4c0a8,2025-12-19T11:51:49Z,False,direct,,,human
4.6-stable,a55cae85d79d7c1c2601ad10c8368088122b0073,2025-12-19T12:57:32Z,False,direct,,,human
4.6-stable,73bb2fcfb37892dda7d0f29cb809b7f412c4e167,2025-12-19T14:19:44Z,False,direct,,,human
4.6-stable,27100c7d3938943b6ac8227c552674de8efb3e2a,2025-12-19T15:26:20Z,False,direct,,,human
4.6-stable,5090418177118e7fe74172bc94fe89d30183c66b,2025-12-19T16:13:07Z,False,direct,,,human
4.6-stable,d2eb458b2b118d51ceecaafce9e2ff2627604ab4,2025-12-19T22:40:25Z,False,direct,,,human
4.6-stable,8e20f4c2897b70d19aff11940679e9702b9acb7d,2025-12-20T03:17:46Z,False,direct,,,human
4.6-stable,0c6285c0b997184e8d5880cbd508ad3e4e2fa2c7,2025-12-20T11:20:24Z,False,direct,,,human
4.6-stable,3db6605c836ef631ba53d14c368cb7c8bc9f5842,2025-12-20T12:23:44Z,False,direct,,,human
4.6-stable,d5cf2a5e7fef2fe7200d8bfa2a7bfa1c69267069,2025-12-20T18:20:05Z,False,direct,,,human
4.6-stable,4609ba77e61d0a1eacb48ac548685d84d0d75392,2025-12-20T20:37:32Z,False,direct,,,human
4.6-stable,0e3c9e4bf88d573bf59b6d834ceb2bafb0a1abc0,2025-12-20T21:30:25Z,False,direct,,,human
4.6-stable,3a486ef46c4dfd7f274c339ab5630dec9722f2b1,2025-12-21T00:23:49Z,False,direct,,,human
4.6-stable,18a7231cf4985bfc2814f78acbcbffa06bac60b3,2025-12-21T01:14:57Z,False,direct,,,human
4.6-stable,32e7bbe7bdbf0911ace3d0a56c5e0a28f9519602,2025-12-21T01:26:57Z,False,direct,,,human
4.6-stable,834c3c0da6dbf2ea2802f25dbdbaeb38d5e7dcb9,2025-12-21T09:40:31Z,True,merge,108404,,human
4.6-stable,d61c12ff59887d07fa12ec753d8c113132160896,2025-12-21T09:40:37Z,True,merge,110422,,human
4.6-stable,8b8b8bcc61178e2361b42c708de23c7294bbff6e,2025-12-21T09:40:43Z,True,merge,111774,,human
4.6-stable,231d2ed7fbfdc5e2f6c056335a9bf6516246f26c,2025-12-21T09:40:50Z,True,merge,111804,,human
4.6-stable,4014b4acf056da0578c3dd303d7adf5e6182f0b9,2025-12-21T09:40:56Z,True,merge,113870,,human
4.6-stable,97f584f58e24c0f30fc802c21e69374c6843bf2f,2025-12-21T09:41:03Z,True,merge,114062,,human
4.6-stable,c56f68e4d3150a8ae414ebe05e3463f2b134a5d5,2025-12-21T09:41:08Z,True,merge,114162,,human
4.6-stable,93737b0d9544ab83d917fd574fb97bfcba0e5880,2025-12-21T09:41:12Z,True,merge,114180,,human
4.6-stable,ec06048f6ed031dddcdec76e3d9efeb8461d968f,2025-12-21T09:41:17Z,True,merge,114181,,human
4.6-stable,6b06edb457d4fc82261cbf7dfea286eceeb15bc6,2025-12-21T09:41:24Z,True,merge,114190,,human
4.6-stable,1125e34e713b7ab619e1727806229c21770b2995,2025-12-21T09:41:28Z,True,merge,114196,,human
4.6-stable,feed71cdd91cc98d9abc5af2d0667419e23eb90f,2025-12-21T09:41:32Z,True,merge,114202,,human
4.6-stable,ef36e694422dc427b7aee2796bf252d1c3842429,2025-12-21T09:41:36Z,True,merge,114222,,human
4.6-stable,eebf4143f1ff2f185ff879e8a1c145e04573a79b,2025-12-21T09:41:40Z,True,merge,114227,,human
4.6-stable,764de6fecc09d2feede78c78a7b6d9ef4d71c07e,2025-12-21T09:41:44Z,True,merge,114231,,human
4.6-stable,444ebfe3547d9d96bd4330821afd957772670319,2025-12-21T09:41:49Z,True,merge,114234,,human
4.6-stable,3b48b0110e04e84db54788ccda4f8f5f7fa1fcf4,2025-12-21T09:41:53Z,True,merge,114243,,human
4.6-stable,c8e733f667b921c1a9d3e68a03573cb22c406bf8,2025-12-21T10:45:11Z,False,direct,,,human
4.6-stable,f23aa06647e3ac9c2b1544c307f8e45f66d24f91,2025-12-21T14:17:46Z,False,direct,,,human
4.6-stable,3e7228d13775f33c9e680965f9a027bf13e5baa8,2025-12-22T02:31:26Z,False,direct,,,human
4.6-stable,3b23931eae53b6ae6198f2c23b1876f8378c3caa,2025-12-22T09:42:19Z,False,direct,,,human
4.6-stable,cf0cb625b2c79c76979555263eb97e4a70b46335,2025-12-22T13:02:09Z,False,direct,,,human
4.6-stable,63227bbc8ae5300319f14f8253c8158b846f355b,2025-12-22T17:56:23Z,True,merge,114281,,human
4.6-stable,b08b0c477b5746c7089f7191eb13707aff4fa4ed,2025-12-23T01:05:42Z,False,direct,,,human
4.6-stable,26d8a32020bd01c64e67cf3014cc0d40e0a551e3,2025-12-23T01:13:23Z,False,direct,,,human
4.6-stable,0e072e9014a072aec53211053e7bec7b4e85d264,2025-12-23T01:41:58Z,False,direct,,,human
4.6-stable,1c1b8a0c222ef3b205a9292d4b6fc9af28419292,2025-12-24T09:22:32Z,False,direct,,,human
4.6-stable,f63186f707ce7bb0f2d3ece66169f61ca9c2225b,2025-12-24T21:59:58Z,False,direct,,,human
4.6-stable,205d9814f1c3e09525d7f8831588c88b2a72dd66,2025-12-25T13:53:11Z,False,direct,,,human
4.6-stable,3e5f3e9d3504c955cf635168653f40e0315b6c7a,2025-12-25T14:24:30Z,False,direct,,,human
4.6-stable,d9df586bbb136b5e92d4cd826d13c9a7271c101b,2025-12-26T11:54:04Z,False,direct,,,human
4.6-stable,66e357f29a994d7dec64af48737b7be8491f9051,2025-12-26T18:28:47Z,False,direct,,,human
4.6-stable,595807acfbcb45b6bc972c1bd2669be23f5345d9,2025-12-26T20:42:23Z,False,direct,,,human
4.6-stable,84742563f8bcbd525d8accbc2c05b46a6bc5ada0,2025-12-26T20:44:22Z,False,direct,,,human
4.6-stable,d78fdeac139c230158f2830afaa7c904379c4f3f,2025-12-27T08:35:55Z,False,direct,,,human
4.6-stable,614e35f04b4b53c79fa189d72391d96ae9e55341,2025-12-27T22:24:21Z,False,direct,,,human
4.6-stable,a797a2f5f7402396d7f1c446ce0bc7980a0015c7,2025-12-27T23:50:04Z,False,direct,,,human
4.6-stable,4eca0fbbc3f6a8f8ca24894f8cb06f7270628a25,2025-12-28T00:04:16Z,False,direct,,,human
4.6-stable,b45f4401647e247abbf43ce3d0d19605f68539fd,2025-12-28T04:36:22Z,False,direct,,,human
4.6-stable,4532cbe006059c90b2787ce0d18c7c8809fe65ea,2025-12-28T06:11:15Z,False,direct,,,human
4.6-stable,71ee53384e3102e31a4d7c538639a934013ad51f,2025-12-28T14:47:18Z,False,direct,,,human
4.6-stable,a1fb9daae1b01ffaf05f8ab7c1e28aef6db64439,2025-12-28T18:11:29Z,False,direct,,,human
4.6-stable,ea494833342b76d04562c12c7bdbe9dfda95d2bc,2025-12-28T18:46:40Z,False,direct,,,human
4.6-stable,2e8bc7cd11bd44fbed76bd85eaa3744bf6b4869a,2025-12-28T19:56:12Z,False,direct,,,human
4.6-stable,cbc3a989fbf13a400f8e17696c64aaa1f189a6c9,2025-12-28T21:42:29Z,False,direct,,,human
4.6-stable,f3cb02ac924489f74577ea1438a121df0f90760e,2025-12-29T01:08:53Z,False,direct,,,human
4.6-stable,7278190c71159026142438beee40bec9c7d75e69,2025-12-29T02:29:16Z,False,direct,,,human
4.6-stable,2c29a37840514f686b220123ea9d0fdd9dd12976,2025-12-29T02:35:21Z,False,direct,,,human
4.6-stable,30dc68dd93905a93f4d0307a0454ce77a016503b,2025-12-29T06:06:51Z,False,direct,,,human
4.6-stable,3ef93dc19f99e3df337525b2194be34f18bc512e,2025-12-29T12:14:04Z,False,direct,,,human
4.6-stable,526cab14a90a4e45727dacb78c35a8d880f34b97,2025-12-29T16:42:24Z,True,merge,114382,,human
4.6-stable,12b110c4ea45645ced0b9270000fb458a0d65d4f,2025-12-29T17:08:27Z,True,merge,114401,,human
4.6-stable,20b67f3661c5434bd9a39268160aff33c90e0d81,2025-12-29T18:45:46Z,True,merge,114364,,human
4.6-stable,8819651847e0a51cad699aed76bb3f4470f69866,2025-12-29T23:03:17Z,False,direct,,,human
4.6-stable,8a4fec4397c08450bf7356332a46b64a2dedde2b,2025-12-29T23:15:26Z,False,direct,,,human
4.6-stable,3393740d4297651661585aa3976bfa71cd8cbb77,2025-12-30T02:05:12Z,False,direct,,,human
4.6-stable,298affa02518352a2d7d7954841a71bb5b2901d6,2025-12-30T02:50:37Z,False,direct,,,human
4.6-stable,64277e610161415f4291b522ed411b9e235ce8dd,2025-12-30T06:33:41Z,False,direct,,,human
4.6-stable,0c8b132efe70774341c43deb918ccf536cc79e92,2025-12-30T07:13:56Z,True,merge,114416,,human
4.6-stable,001ab24dce17e4a7632073673cf2f9bd13977b66,2025-12-30T10:23:14Z,True,merge,114325,,human
4.6-stable,1559ab34c645abf14f8b8cf61e1a6f0eddaf6285,2025-12-30T10:46:53Z,True,merge,114335,,human
4.6-stable,f4aeec3a1ac3ff2beac83d58ebe95ac3c79a2784,2025-12-30T13:51:42Z,False,direct,,,human
4.6-stable,9aa4a7fa8fd3b36fa54fd78a06588e4202e04c34,2025-12-30T14:02:15Z,False,direct,,,human
4.6-stable,7f13b04c99ebe75bff93b4cc13dee5753a819689,2025-12-30T14:20:45Z,False,direct,,,human
4.6-stable,261ab6092bad6c404490d3c535f83d651167b506,2025-12-30T15:53:57Z,False,direct,,,human
4.6-stable,dc08fd48cbf734ff0a27efcc3ab6637eb41b15cb,2025-12-30T16:27:36Z,False,direct,,,human
4.6-stable,38dd2e69d0da5d549e7075865884f1b9840ddeab,2025-12-30T18:19:21Z,False,direct,,,human
4.6-stable,d1a5d9da3e8bd32adf6fbcb8f7734bcedf70176f,2025-12-30T18:50:14Z,False,direct,,,human
4.6-stable,8299b704b3cf57d865b40b740bff3585972a79aa,2025-12-30T22:09:28Z,False,direct,,,human
4.6-stable,be24804e1a112631d646556bad4064e47cb42c0a,2025-12-31T03:25:29Z,False,direct,,,human
4.6-stable,ffa9f27726fec70750b1c15d8d49b52ce19b391d,2025-12-31T03:55:17Z,False,direct,,,human
4.6-stable,281a32066b89826982033590f268c0082423e12d,2025-12-31T12:15:29Z,False,direct,,,human
4.6-stable,2bc63ddf0839d648ed149f02ce921b625b133f11,2025-12-31T13:46:34Z,False,direct,,,human
4.6-stable,ea978e4471f130d58d76b543e3e75e4999c27313,2025-12-31T19:35:13Z,False,direct,,,human
4.6-stable,b3358688fee868d5411d162c304883fd2c045967,2025-12-31T21:45:56Z,True,merge,114463,,human
4.6-stable,c8c0aa92974056b7d4750cbb19807ab78c416acf,2025-12-31T22:26:41Z,False,direct,,,human
4.6-stable,185a4abcb5a38b68fc462b7cac0ce9d9027e29f9,2026-01-01T03:17:56Z,False,direct,,,human
4.6-stable,329bc5867cb9b5c1decfc24074380c2c8db9f7aa,2026-01-01T07:58:59Z,True,merge,114482,,human
4.6-stable,7692a3d53b1d33eb2288518bb6b91b7fd3c3ec90,2026-01-01T09:19:54Z,True,merge,114313,,human
4.6-stable,e304b4e43e5d2f5027ab0c475b3f2530e81db207,2026-01-01T10:46:24Z,False,direct,,,human
4.6-stable,fc7d6da3faf46c70f247824487dc872776ed2b74,2026-01-01T10:54:24Z,False,direct,,,human
4.6-stable,263589497b95c455b1b8563edd9a7ff4c1f32c12,2026-01-01T11:00:52Z,False,direct,,,human
4.6-stable,0844d4b11f4816456faaec70b0dd15227f5c7174,2026-01-01T11:03:16Z,False,direct,,,human
4.6-stable,898e29971b37bf78246d134321d2f3b3ccc40b80,2026-01-01T11:05:42Z,False,direct,,,human
4.6-stable,52f43c643ce3588ab64691503f0ec3e598e30c65,2026-01-01T12:41:23Z,False,direct,,,human
4.6-stable,7f973b2886dfacfccafdaf93cfadf2a229fb37fb,2026-01-01T13:43:16Z,False,direct,,,human
4.6-stable,9ae02dbab0f7f7afb470fbb772000f0efb038fe6,2026-01-01T15:09:22Z,False,direct,,,human
4.6-stable,76d9850b41c6cb2c5d5974970366ef11da378326,2026-01-01T15:10:34Z,False,direct,,,human
4.6-stable,337ffc62b6541019c0a0050309f98e3cf83dcce5,2026-01-01T15:12:10Z,False,direct,,,human
4.6-stable,6592147892ff9c89dd03e11f936614dcc0c9c020,2026-01-01T15:39:54Z,False,direct,,,human
4.6-stable,e364215bea84b1ee5da7234083c682283f65f08e,2026-01-01T15:45:31Z,True,merge,107326,,human
4.6-stable,602d98b63901a20f4462cb8c18efb0484706ffb2,2026-01-01T15:45:35Z,True,merge,110847,,human
4.6-stable,137e8096568fc71501b90c7c9621e2a7fc778e79,2026-01-01T15:45:41Z,True,merge,111251,,human
4.6-stable,cde4f41e9aaf9671471b0ba2fbec70d41b440825,2026-01-01T15:45:47Z,True,merge,112475,,human
4.6-stable,779fd0a14ae3f5b2d7febf450db78eb6f5960fc7,2026-01-01T15:45:54Z,True,merge,112717,,human
4.6-stable,65f8e1ecc2b6ae3bafcbe398e696cf3c9806e0f4,2026-01-01T15:45:58Z,True,merge,113122,,human
4.6-stable,51ff4d0458a8a269992b4a3ba2400f061bb927c1,2026-01-01T15:46:05Z,True,merge,113334,,human
4.6-stable,f655f60649b099df216a9b795eefdf732c52ddb2,2026-01-01T15:46:10Z,True,merge,113461,,human
4.6-stable,444bf2960b88daaf1fdf5a84f94affab557defac,2026-01-01T15:46:14Z,True,merge,113475,,human
4.6-stable,fddee74cb013f93a93e41dd067165f51e93160cd,2026-01-01T15:46:20Z,True,merge,113703,,human
4.6-stable,37ac9d563632b289b05f566a4685aec07f108196,2026-01-01T15:46:26Z,True,merge,113988,,human
4.6-stable,57384a78de0bad45a785bb6cb614a1846bce0014,2026-01-01T15:46:32Z,True,merge,114053,,human
4.6-stable,7ce98872e8be834add112909d80e4fa374699e11,2026-01-01T15:46:36Z,True,merge,114225,,human
4.6-stable,d318f7e65869a587b8f53233067dde292af659ff,2026-01-01T15:46:40Z,True,merge,114237,,human
4.6-stable,751a891a206b70cd3ac6c9ea68262a65be5571dd,2026-01-01T15:46:44Z,True,merge,114252,,human
4.6-stable,57ea31509d6a98b70a598c1e992aa420727dc698,2026-01-01T15:46:48Z,True,merge,114259,,human
4.6-stable,261e114ed5e391695050549ba9b49e86717ca953,2026-01-01T15:46:52Z,True,merge,114269,,human
4.6-stable,679e5924780174c0406521415da38bd01b20d3d7,2026-01-01T15:46:56Z,True,merge,114290,,human
4.6-stable,52e7076a48613223fad6d65d5379b149b3beeefd,2026-01-01T15:47:01Z,True,merge,114314,,human
4.6-stable,44f444a1d825198c0bdde6166dcd3596ffc64444,2026-01-01T15:47:05Z,True,merge,114330,,human
4.6-stable,d45718ecb4706e15cbd7d3788010367da033b8c6,2026-01-01T15:47:09Z,True,merge,114334,,human
4.6-stable,f2badb47f117a766ab979b2a6d7390a25b75e3a9,2026-01-01T15:47:15Z,True,merge,114354,,human
4.6-stable,504df6253dc150f62403bf29704256a5e7c65b0f,2026-01-01T15:47:19Z,True,merge,114392,,human
4.6-stable,50669b2062419b17cc8bd87d87a2a7c3aecbd3db,2026-01-01T15:47:23Z,True,merge,114394,,human
4.6-stable,d5d369b6974ec63473466abe6def055b6ece31eb,2026-01-01T15:47:26Z,True,merge,114395,,human
4.6-stable,3349d14f84e6394c5f49d15d441da004b949f97b,2026-01-01T15:47:30Z,True,merge,114404,,human
4.6-stable,424310f775ff033c9221dadb4a88dc38064f7525,2026-01-01T15:47:35Z,True,merge,114405,,human
4.6-stable,fa740ac5f33f77217a3001584697fb0f35977cbb,2026-01-01T15:47:39Z,True,merge,114431,,human
4.6-stable,2e72c10475452fd1cf9a1f6984287fe7c9205862,2026-01-01T15:47:43Z,True,merge,114439,,human
4.6-stable,c7531846afb28007d7da4b29900b86e0c844f70f,2026-01-01T15:47:47Z,True,merge,114444,,human
4.6-stable,38e032b67ad0e00fba7d9e133815bd2e7b73fc3a,2026-01-01T15:47:51Z,True,merge,114445,,human
4.6-stable,4b96991907bd07ec6d437b6c75d3d8b0f8f2db9a,2026-01-01T15:47:55Z,True,merge,114453,,human
4.6-stable,16975f5c2473f00839c026d5a8c331ad85b7cf17,2026-01-01T15:47:59Z,True,merge,114465,,human
4.6-stable,c1e13145601b72ef4d16c0740736ed9d0bcd66a8,2026-01-01T15:48:03Z,True,merge,114495,,human
4.6-stable,a8ebeb4ddae0f9cd91fcb58239b2974bf15873be,2026-01-01T16:14:58Z,True,merge,114501,,human
4.6-stable,0e9eb62fb3bb30c3c2051d6fa0a3c272c703b4f8,2026-01-01T18:46:30Z,False,direct,,,human
4.6-stable,2b855e73a4b45796f64902c9adb606adfc2525ad,2026-01-01T19:42:06Z,False,direct,,,human
4.6-stable,7d552ad5b921527f3b2b83875a66195b44545e71,2026-01-01T20:20:25Z,False,direct,,,human
4.6-stable,2421a716a49ae430d4fb638c5fd91b7eff68f6a1,2026-01-01T20:26:19Z,False,direct,,,human
4.6-stable,18b98ae0995d20a316bf113224fe7f960beed25f,2026-01-01T20:50:26Z,True,merge,114063,,human
4.6-stable,588c6579208d375be23533c45fee417a470ac5b4,2026-01-01T20:50:34Z,True,merge,114240,,human
4.6-stable,a2588748ad1c6d67bd05a5cb909a6d7e52013369,2026-01-01T20:50:38Z,True,merge,114266,,human
4.6-stable,168efd31eb242c94a714412f32fd05aeb2dbae11,2026-01-01T20:50:42Z,True,merge,114497,,human
4.6-stable,05c097e5e29d32bff50cf8cfa46576c932afd32a,2026-01-01T20:50:46Z,True,merge,114507,,human
4.6-stable,624e41d4a3aa411b77b1c3b9d49dc2292500b884,2026-01-01T22:33:07Z,False,direct,,,human
4.6-stable,f4d28f655e333c13dafc50af8de4495683190b44,2026-01-02T08:52:59Z,False,direct,,,human
4.6-stable,9f96d2199df91c5f5c38081ea8c2d16459f953ae,2026-01-02T12:16:23Z,False,direct,,,human
4.6-stable,a45074e6929c3ed51fc5efc6157a37c32f945638,2026-01-02T17:37:03Z,False,direct,,,human
4.6-stable,f10b71ff560bd615b6d91eb9069be031fc35bfbc,2026-01-02T20:08:24Z,False,direct,,,human
4.6-stable,a60390c0eea16b95f9bc66ce364ab8f935af4a62,2026-01-02T22:48:01Z,True,merge,114384,,human
4.6-stable,f0aeea26fb9d930be42f1cdc5cb55b3acf9589bf,2026-01-02T23:26:33Z,True,merge,114483,,human
4.6-stable,36f4ea227d1b4a8bb6cdd735408e01563f21bece,2026-01-03T00:05:06Z,False,direct,,,human
4.6-stable,deeb528c83eaabd4c4a09b1dd6ae60c372689adf,2026-01-03T00:16:57Z,False,direct,,,human
4.6-stable,b8e452322411e55fc31f23c05ae2eb95ceff6c35,2026-01-03T15:49:34Z,True,merge,114541,,human
4.6-stable,ed078ed4385c682cf2c707c0dc2e9003cc72b0ff,2026-01-03T17:23:59Z,False,direct,,,human
4.6-stable,7a3c74e739461dd8f21de13e48dcc9560089b151,2026-01-03T17:49:34Z,False,direct,,,human
4.6-stable,411c47f87e36997f9783481149e77b0ad2c03caa,2026-01-03T20:11:03Z,False,direct,,,human
4.6-stable,33a48f1387f247742d93974faf6c308651f95e36,2026-01-03T20:48:18Z,False,direct,,,human
4.6-stable,8a8477bec997d1536d8829f7de32a884dd27f379,2026-01-03T21:37:49Z,False,direct,,,human
4.6-stable,de1d2acec24ff97bb4f3f19a663de7a32e2cfa1a,2026-01-03T21:50:30Z,False,direct,,,human
4.6-stable,b1997e1e2d13a9941d5fe2486770d8e4520080d7,2026-01-03T23:23:46Z,False,direct,,,human
4.6-stable,ecee746215f59688bb57e9f23c7eed2bb35d48b2,2026-01-03T23:41:28Z,False,direct,,,human
4.6-stable,33ce7441f8d3806f21dc46dc6882184edb91a6d8,2026-01-03T23:51:12Z,False,direct,,,human
4.6-stable,e9c918eac62bf7b83666efba0b880af1c70954ec,2026-01-04T07:46:37Z,False,direct,,,human
4.6-stable,4036e90a4349740cb86e6245b9e11f38bb436897,2026-01-04T14:03:00Z,True,merge,114499,,human
4.6-stable,945b2a4522ec5ae7512e896dac0a31299a92d195,2026-01-04T20:29:39Z,False,direct,,,human
4.6-stable,8dcf5b4eafff013b7d7022c5c1b3e33dc15e5947,2026-01-04T22:51:55Z,True,merge,114537,,human
4.6-stable,e631fce422bd508047c3ab6813ae38d4e53cc412,2026-01-05T08:16:20Z,False,direct,,,human
4.6-stable,0918da0122fe04219a5611032d46531379b06e01,2026-01-05T09:39:34Z,False,direct,,,human
4.6-stable,9c7669d32c075b338d90789e48750c9197ee14e4,2026-01-05T10:08:56Z,False,direct,,,human
4.6-stable,75446fc4d0acbd1822b4add71ecfb901015fcfad,2026-01-05T10:09:43Z,False,direct,,,human
4.6-stable,eba4ceb0ea0ecc1f389e47fc44b252ece2710732,2026-01-05T10:33:11Z,False,direct,,,human
4.6-stable,e9b32de2a51322d69e8a45e818eb27c0755b6a3d,2026-01-05T10:41:00Z,False,direct,,,human
4.6-stable,fbbd4e007025dd82ca61c0cd60891a401a42e1c6,2026-01-05T10:44:50Z,True,merge,111811,,human
4.6-stable,b4207f9da4a64686e5907a08132279716ca541ce,2026-01-05T10:44:55Z,True,merge,112316,,human
4.6-stable,04c7c7d2267d9b708c7612a4215c46d97911e3f3,2026-01-05T10:44:59Z,True,merge,113631,,human
4.6-stable,9c880b59accc847304e8358a47363face80d9a6b,2026-01-05T10:45:04Z,True,merge,114385,,human
4.6-stable,7d4396cede187906d73bcd4cf664a24623470df3,2026-01-05T10:45:09Z,True,merge,114400,,human
4.6-stable,8d03283b58286f4b3d18a167da654b68c3ba22ae,2026-01-05T10:45:13Z,True,merge,114425,,human
4.6-stable,dcaf8533ad9d01fc94fc0c1d88c765690026a83c,2026-01-05T10:45:18Z,True,merge,114563,,human
4.6-stable,7552bbf80dc0991aabf49e7c5ba2aa255a40d65f,2026-01-05T10:45:22Z,True,merge,114571,,human
4.6-stable,1c5bd2d341a0071605350c181d7f4d7d16364211,2026-01-05T10:45:26Z,True,merge,114574,,human
4.6-stable,4e18022442899a70067ffe18eb21b3a71e34aab2,2026-01-05T10:45:31Z,True,merge,114581,,human
4.6-stable,5a5ed7c4433745d58fd79a0e102bae9b161b692c,2026-01-05T10:45:35Z,True,merge,114604,,human
4.6-stable,71112a248dd503df6ccf054c6d65eb0e134a8cd7,2026-01-05T10:45:40Z,True,merge,114615,,human
4.6-stable,3c3c5f295ed239b0a8b37e43a8fac480bb7ce1b3,2026-01-05T13:40:22Z,False,direct,,,human
4.6-stable,4cfda984ede36b3d8483a58edf54575d511b012a,2026-01-05T16:18:01Z,True,merge,114525,,human
4.6-stable,5dcbe939d7506671e839653ab05bfe9348d56091,2026-01-05T16:18:02Z,True,merge,114247,,human
4.6-stable,76cd830ba956711d5394d081ed4395c537605472,2026-01-05T16:18:03Z,True,merge,113895,,human
4.6-stable,c23a224e24946947860c86e1fe94d5cfafd38d17,2026-01-05T17:24:20Z,False,direct,,,human
4.6-stable,95e78ba5a2664af0a9e751e57b3740df5e0a5542,2026-01-05T18:06:33Z,True,merge,112386,,human
4.6-stable,6e3881b10568ec029aecb8e9213c5edf172cc3f8,2026-01-05T18:06:34Z,True,merge,114438,,human
4.6-stable,e40cd8f580c5f5762470a445dba7915a96471aa2,2026-01-05T18:06:35Z,True,merge,114412,,human
4.6-stable,08afdab9f86d611aceeebb572eb9027462ec9c3f,2026-01-05T18:06:36Z,True,merge,112945,,human
4.6-stable,bacdeb08017c2769654bbec7abaa3a399d7db36b,2026-01-05T18:06:37Z,True,merge,114363,,human
4.6-stable,5b4cbd2299e867ec7d3b11fb2715e525e0f9fb8f,2026-01-05T18:06:38Z,True,merge,114621,,human
4.6-stable,a5c42f1ddf7d1cc0050f66ad06fbfae74a4fa606,2026-01-05T18:35:31Z,False,direct,,,human
4.6-stable,fe5450298758d86041fc444b4942dfd136312d92,2026-01-05T20:46:24Z,False,direct,,,human
4.6-stable,6e6d59b2e701b1a9871aa8c1fb5ea4b2ca0131bd,2026-01-05T22:11:58Z,False,direct,,,human
4.6-stable,375a8f84d2c8717a77dbc351585b4b3bf7b8dcb1,2026-01-06T00:38:32Z,False,direct,,,human
4.6-stable,c3a9ae33bc6de7994953dd694ab923fa8dd39d56,2026-01-06T01:15:08Z,False,direct,,,human
4.6-stable,b987c430d777a11051856dcd365f789ffd732fbb,2026-01-06T03:57:20Z,False,direct,,,human
4.6-stable,33475724e51a330113fbe2ee26110c494fb37a9b,2026-01-06T09:39:35Z,False,direct,,,human
4.6-stable,5acd0c0143cb140bfa843b61a3c4d028bd654f29,2026-01-06T09:59:33Z,True,merge,111858,,human
4.6-stable,bc6f6a6358027a42a0aeff3cefed182c7bec11a0,2026-01-06T09:59:42Z,True,merge,113842,,human
4.6-stable,4757542c31b6b90967c095664943e1bdf70f02d0,2026-01-06T09:59:49Z,True,merge,114146,,human
4.6-stable,05a46f365499d82c1ca919ea19ef6658be474189,2026-01-06T09:59:54Z,True,merge,114194,,human
4.6-stable,70ed5500a8cbf6492fbf47cbbe2fa68015046b42,2026-01-06T09:59:59Z,True,merge,114262,,human
4.6-stable,cca4e17d5a47166c470bd44fd6f91fa1f926ec6e,2026-01-06T10:00:03Z,True,merge,114398,,human
4.6-stable,6be8eb91fd2b0664a0102f032fa5e984ed18f8ca,2026-01-06T10:00:08Z,True,merge,114458,,human
4.6-stable,0a31c9c615c8daaca7a19cc811153bdd1adcfa1d,2026-01-06T10:00:13Z,True,merge,114603,,human
4.6-stable,c392565228c4c4c48939df4f209a4926dfdf71bf,2026-01-06T10:00:18Z,True,merge,114626,,human
4.6-stable,28b0151c2d35a8c32d3904c143a89c9c9ecaa66e,2026-01-06T10:00:23Z,True,merge,114630,,human
4.6-stable,c742d107e29b2c858ef8930760479deb413c68bc,2026-01-06T10:00:27Z,True,merge,114635,,human
4.6-stable,d5e67225586e0b06c7c119b2e9e0005b6cf38dc5,2026-01-06T10:06:35Z,False,direct,,,human
4.6-stable,51348a2cef8eee33651b82ec38d65c656a388c58,2026-01-06T13:56:23Z,False,direct,,,human
4.6-stable,f5c66ba68bf60923995a0326c13cb9fa39e5946c,2026-01-06T15:56:53Z,True,merge,114279,,human
4.6-stable,46eb6e93e846a71ee7776f75f4846f01e8b382bd,2026-01-06T15:56:54Z,True,merge,113642,,human
4.6-stable,61ce28cb9021a3757242d8139634e7eb5e88ade1,2026-01-06T15:56:55Z,True,merge,114543,,human
4.6-stable,6e0ab2e71ad6ec2f635adfb91dab6a004d02efd2,2026-01-06T15:56:56Z,True,merge,114578,,human
4.6-stable,4fa62da60c79990ff5b9014534c771bf2eae2583,2026-01-06T15:56:57Z,True,merge,114580,,human
4.6-stable,66b9c7251e3a0a665458f49c086f6b9d07635d8a,2026-01-06T15:56:58Z,True,merge,114457,,human
4.6-stable,23b7415b052a7225d10050d72c3b90df63643784,2026-01-06T17:25:43Z,True,merge,114356,,human
4.6-stable,7d807ec22d0982a583d22d52610ce5d2ce5ead18,2026-01-06T17:25:50Z,True,merge,114476,,human
4.6-stable,6da13253f21ba9583e7e8b3816a64146de10e6a1,2026-01-06T17:25:55Z,True,merge,114506,,human
4.6-stable,f4499eea4b9fa51551ca0a520ba758cf875a60bc,2026-01-06T17:25:59Z,True,merge,114647,,human
4.6-stable,07a9f918639ace882b04c83f0089f6e86aea36db,2026-01-06T18:01:37Z,False,direct,,,human
4.6-stable,bce41d08fe93092c452ed784cd203e942d54caeb,2026-01-06T19:02:51Z,False,direct,,,human
4.6-stable,b5c15ed15028e4fd3a8ab589be36aefabc26e812,2026-01-06T20:03:06Z,False,direct,,,human
4.6-stable,da561cd619711453c00a6d2eabe6048f76f62daa,2026-01-06T21:34:20Z,False,direct,,,human
4.6-stable,8072cc97797ca7bd2ccc6432c157e592b4e42087,2026-01-06T21:39:31Z,True,merge,110720,,human
4.6-stable,82bc54c7d63596f04a211df325a270de3fa5e096,2026-01-06T21:39:39Z,True,merge,114487,,human
4.6-stable,ce648d13e32e22257bd3a675ef97df3090139cfe,2026-01-06T23:19:57Z,False,direct,,,human
4.6-stable,c31a20c33c61431e5213f8230e60979da3fcb73d,2026-01-07T00:16:58Z,False,direct,,,human
4.6-stable,d6e3fef853edf91ea0ee0e925776e0f519c36a7d,2026-01-07T00:41:03Z,True,merge,112048,,human
4.6-stable,05636dc2ba82f0aaf8dab44b51205e681543370c,2026-01-07T00:41:15Z,True,merge,112156,,human
4.6-stable,5cfb68fbbf8d719e60fdae7d90b085ca502c4425,2026-01-07T00:41:22Z,True,merge,112597,,human
4.6-stable,8254d1383621c854fdbe58b196094145bd8375d7,2026-01-07T00:41:29Z,True,merge,113630,,human
4.6-stable,3caa11c75d88b8b45a11bd62d43db5df6d7226b4,2026-01-07T00:41:36Z,True,merge,114032,,human
4.6-stable,07a4a1f870da7bfe9b6ab45d9a8824b66ea94cc9,2026-01-07T00:41:41Z,True,merge,114315,,human
4.6-stable,2bf354f8d43734bcf885925c44546c044fe6278a,2026-01-07T00:41:45Z,True,merge,114348,,human
4.6-stable,9009a6636c8024eef71039235939a861de09dda3,2026-01-07T00:41:50Z,True,merge,114366,,human
4.6-stable,90220f3f347cd2ea655378dcbb0edf4fbd2ddff5,2026-01-07T00:41:54Z,True,merge,114569,,human
4.6-stable,6ac051f67e02d80275defbf5f1d611ca6ec56e6c,2026-01-07T00:41:59Z,True,merge,114579,,human
4.6-stable,8c4f3c4f017e4ab0df2efa8fe52553d070db3b18,2026-01-07T00:42:03Z,True,merge,114634,,human
4.6-stable,5f7d8be936cf839c8dcb245219e6db4b7febaad5,2026-01-07T00:42:08Z,True,merge,114636,,human
4.6-stable,2b8be909edea70acef2af124e49a49a4bbb45d00,2026-01-07T00:42:12Z,True,merge,114645,,human
4.6-stable,b94ca9b0bc2588fc75110195b43a206f5b1de5f5,2026-01-07T00:42:17Z,True,merge,114665,,human
4.6-stable,206c5b05baa517bbf58685cf70ab76d88bac8a40,2026-01-07T00:58:56Z,False,direct,,,human
4.6-stable,6a096defff39ef3de85c0ecc6915f245e7276a0f,2026-01-07T09:51:54Z,False,direct,,,human
4.6-stable,f12ca05d67be6d969a3420e986ec9b5b8b9cc667,2026-01-07T10:20:49Z,False,direct,,,human
4.6-stable,94b599502abebe2c569741d791d94cf61e122183,2026-01-07T11:29:22Z,True,merge,114551,,human
4.6-stable,a8202c9c867c68e0e5d23248d878e1bc975577f2,2026-01-07T11:29:29Z,True,merge,114653,,human
4.6-stable,76dda5c6c50c9cc26128c5e831f1a70b6e8a6785,2026-01-07T11:29:34Z,True,merge,114668,,human
4.6-stable,68521070356ecc37f3ac1ff53e4954962606f80f,2026-01-07T13:47:17Z,False,direct,,,human
4.6-stable,a38881ac7e719e58a543a7dfbda9a5d53081dc70,2026-01-07T13:55:55Z,False,direct,,,human
4.6-stable,fe3b8cbfb4e61fabe93334f90941ae486d4fb8b6,2026-01-07T13:56:16Z,False,direct,,,human
4.6-stable,74336ffcea7682f3e802bea76d553b0b58aea7dc,2026-01-07T14:39:38Z,False,direct,,,human
4.6-stable,5d26490fbfd00ca4d575c361cf74ed3e41d57fbe,2026-01-07T16:38:13Z,False,direct,,,human
4.6-stable,57503f5cf226d567a53611c08d6b8b04a277c3bf,2026-01-07T16:54:07Z,True,merge,114593,,human
4.6-stable,92a0a0597b40180a653b3649f26ecdab0b708995,2026-01-07T16:54:08Z,True,merge,114682,,human
4.6-stable,ab54e943b61f85b86a63abbd5d32e538cb309be4,2026-01-07T16:54:09Z,True,merge,114249,,human
4.6-stable,c327a45dbe8806e5a2cab5761255705dd0650853,2026-01-07T16:54:11Z,True,merge,114200,,human
4.6-stable,5d9722e83288f33827bcad70561f0737f8cde456,2026-01-07T16:54:12Z,True,merge,113786,,human
4.6-stable,ae68ee4940497f8730c8dc0405f0910dc57840b1,2026-01-07T17:16:26Z,False,direct,,,human
4.6-stable,4409c786caeb7b917c33c24a95ab3cb80e3e7643,2026-01-07T18:05:19Z,False,direct,,,human
4.6-stable,62d039213115a04734bebf31a8e3d0c4e3c6d079,2026-01-07T21:04:13Z,False,direct,,,human
4.6-stable,422cc7b91bfd10b293673f6497daa6daf469fabe,2026-01-07T21:40:06Z,False,direct,,,human
4.6-stable,bdb8cd91b0f2f9c1630e50735f6a5a36607c4b74,2026-01-07T22:30:00Z,False,direct,,,human
4.6-stable,872e4da330e70c34096191f35363465717a3ee23,2026-01-08T00:10:53Z,False,direct,,,human
4.6-stable,89372664a20a8bd3014a66090b7f39e2e899fdf2,2026-01-08T06:32:57Z,False,direct,,,human
4.6-stable,25824f18f54ed7e687b090db2f3c4d2fef6908c7,2026-01-08T08:16:40Z,False,direct,,,human
4.6-stable,614d0e2f0d6c967391e8e3b19dd8ae19fcc6d9b0,2026-01-08T08:41:21Z,False,direct,,,human
4.6-stable,b486f2d07a4aad2170cc38e8cab28fee174742e4,2026-01-08T12:35:38Z,False,direct,,,human
4.6-stable,4152bf1438dcb47844231dbd1758089de0083d7d,2026-01-08T13:56:09Z,False,direct,,,human
4.6-stable,2b394f4aab241ab90dc90c5669620214a7e790f1,2026-01-08T14:16:53Z,True,merge,108954,,human
4.6-stable,f878b34c1d2b52504ed8d9779dedca93b203e827,2026-01-08T14:17:04Z,True,merge,114408,,human
4.6-stable,dfbb272bd7ef2b5664d747d9a16c9ec432b728ae,2026-01-08T14:17:08Z,True,merge,114695,,human
4.6-stable,8c44be5a57c9b4b2ab58a2c0357e0a723018746a,2026-01-08T14:17:12Z,True,merge,114703,,human
4.6-stable,b3c8cd5c3f1a53673dfb7f071527531ae2d075c0,2026-01-08T14:17:17Z,True,merge,114705,,human
4.6-stable,840a6eaf7d6715046492a487c6c6384a826be0e2,2026-01-08T14:17:21Z,True,merge,114706,,human
4.6-stable,877188dab1af9897b7fe8fdab8ee2f60190ac6de,2026-01-08T14:17:26Z,True,merge,114709,,human
4.6-stable,64bc9a25a35ef96cda9211ca0def863bc9e83165,2026-01-08T14:17:30Z,True,merge,114722,,human
4.6-stable,9fb4b0379b4cbf1d3b09295d13446b84ddb96895,2026-01-08T14:44:09Z,False,direct,,,human
4.6-stable,2b5c901f3d7edfdd482a4a35fbe62008d5ffb138,2026-01-08T15:05:08Z,False,direct,,,human
4.6-stable,0449f4bce140c70cef2afd761f569f5bc7619758,2026-01-08T16:15:33Z,True,merge,114657,,human
4.6-stable,d506c79945044b1af99987506bab7638c5aa444d,2026-01-08T16:15:39Z,True,merge,114734,,human
4.6-stable,5b2b23e1cefa55dc6bb0a978804024ff15f857b7,2026-01-08T16:15:46Z,True,merge,114740,,human
4.6-stable,fa270881431a9e723328ef1421bb1696695d1a41,2026-01-08T16:15:50Z,True,merge,114741,,human
4.6-stable,8e305bb701dad27f930273020dd932022a624bcd,2026-01-08T17:10:55Z,False,direct,,,human
4.6-stable,8e66e512e655ebdf3acb1fef8392b87a8177828f,2026-01-08T17:45:47Z,False,direct,,,human
4.6-stable,5a275eae38ace4aa6de2faf66fd73748e8891b5e,2026-01-08T18:41:56Z,False,direct,,,human
4.6-stable,f3121dfcc38f30aa47f2bf55df053f903ffe57dd,2026-01-08T18:46:28Z,True,merge,114753,,human
4.6-stable,2d37d38c1ad3bea320b03e8b5d016dc48f25ee1d,2026-01-08T18:46:29Z,True,merge,114684,,human
4.6-stable,c5e670f26e1e1fd052fa16005ee641ddab06f4b1,2026-01-08T18:46:30Z,True,merge,114751,,human
4.6-stable,2fe73ad967f71c4edfd1306917ed32b61f1f3c04,2026-01-08T18:55:28Z,False,direct,,,human
4.6-stable,e02b117af75c88239e3c56ca568ad3a46beae93b,2026-01-08T19:01:33Z,False,direct,,,human
4.6-stable,887a3061361ce63f4cf9b044ba0fbd8807cc0645,2026-01-08T20:03:55Z,False,direct,,,human
4.6-stable,886e8142b68db60aa018f8899c045fc9d0186ffe,2026-01-08T21:57:09Z,True,merge,110544,,human
4.6-stable,4595e5fc6c0057d262c86a29506361449645d88c,2026-01-08T21:57:13Z,True,merge,114207,,human
4.6-stable,8859f93c4eabfab00b5e9c847d7e6dadd8edca01,2026-01-08T21:57:17Z,True,merge,114419,,human
4.6-stable,c8b1071f3b9414b6a233a8ff2ff9d5746b61371e,2026-01-08T21:57:21Z,True,merge,114727,,human
4.6-stable,6f15a05b6cf5f87de80e09f960a0e7a7449db640,2026-01-08T21:57:25Z,True,merge,114759,,human
4.6-stable,576afb6c18ef3287a556d72238ca437c0ac2a22b,2026-01-08T22:23:38Z,False,direct,,,human
4.6-stable,e25a21da3a23d2a3eb5324240c0f419b53ba043a,2026-01-08T23:39:16Z,False,direct,,,human
4.6-stable,6b4e26c479494b79ede05ddfe20e95b811deba43,2026-01-09T00:19:38Z,False,direct,,,human
4.6-stable,6c8be2393ec9e0ae792b970b6bde30e16e7674cc,2026-01-09T01:02:33Z,False,direct,,,human
4.6-stable,3106b11108cbb5e56cd05fe59cdc493320048e2c,2026-01-09T01:04:54Z,False,direct,,,human
4.6-stable,541f62617f90205e0d9172c5f639fde81f4ad4c6,2026-01-09T05:34:24Z,False,direct,,,human
4.6-stable,f1a0a2aabe41daec1d7c631447309350b29b5652,2026-01-09T06:53:47Z,False,direct,,,human
4.6-stable,3be861c3701a9ecd4baf0436bb25e380a3a6e605,2026-01-09T07:56:29Z,False,direct,,,human
4.6-stable,2d9b12acbff20d95b59e46af4979dfa37dfb25c0,2026-01-09T08:38:59Z,False,direct,,,human
4.6-stable,f33a83cdfed20d9636af2bb86f361f59e5a06d9c,2026-01-09T09:46:33Z,True,merge,113979,,human
4.6-stable,f1fad3837421cdc3aa2f044661338fd157962e54,2026-01-09T09:46:43Z,True,merge,114638,,human
4.6-stable,1f64c2c9bc93741dc3e1ab365af4c6352d27e9e7,2026-01-09T09:46:47Z,True,merge,114756,,human
4.6-stable,7c6102b33f005553032c1ecddd24a68c10264358,2026-01-09T09:46:52Z,True,merge,114765,,human
4.6-stable,d5a5e9a031c6f357874ff85b1ec0170c196faa03,2026-01-09T09:46:56Z,True,merge,114770,,human
4.6-stable,51117da39e6da94bf7ce831e8d3698ed2a3d7de3,2026-01-09T09:47:01Z,True,merge,114778,,human
4.6-stable,4089843d13b594285749e5add91717c6c53960ac,2026-01-09T09:47:08Z,True,merge,114781,,human
4.6-stable,1f3dcbd3f89c02857c77ab3a73bdaa11cfb2b143,2026-01-09T11:00:20Z,False,direct,,,human
4.6-stable,71582241a3f29b38ea2f7b9ba0ccb9175121ef16,2026-01-09T12:04:36Z,False,direct,,,human
4.6-stable,3518b0dc5a53a5426a1c34d9cd4a73c7ecd62510,2026-01-09T12:26:11Z,False,direct,,,human
4.6-stable,9cb9c28c3ca4118f7388e8913a94a2e07e624c0d,2026-01-09T13:07:30Z,False,direct,,,human
4.6-stable,17ef5afa6cdc26e1586637968f1b930a97fbf757,2026-01-09T13:19:29Z,False,direct,,,human
4.6-stable,d378cbca65fc408736f5f3f58e5e0d5a855f11f5,2026-01-09T13:28:05Z,False,direct,,,human
4.6-stable,42e3baaf4bcb61c6a2da5e492489f748d081137f,2026-01-09T14:00:43Z,True,merge,91199,,human
4.6-stable,a7c65380937c0a0100d1e783b3c6399c94c6993e,2026-01-09T14:00:51Z,True,merge,114773,,human
4.6-stable,2ed91ed2078c88492b68c968ae18783be9e1ac2d,2026-01-09T14:00:56Z,True,merge,114789,,human
4.6-stable,9d90a6794c6aad0cde4ae77e12e1733aa45221a0,2026-01-09T14:45:18Z,False,direct,,,human
4.6-stable,6cd83c78a9a1890ac59315efaed61555b90516fd,2026-01-09T14:48:38Z,False,direct,,,human
4.6-stable,9813c834fab309594e1856553f1aeffebe07a151,2026-01-09T15:46:45Z,False,direct,,,human
4.6-stable,df2f9c3047ed3a5531ac99601316b25e30766b03,2026-01-09T16:34:52Z,True,merge,114793,,human
4.6-stable,87ab52238c73990f482c9b5e8d155d0892c9de58,2026-01-09T16:34:53Z,True,merge,114772,,human
4.6-stable,996e1d14ec4015e3492a5414bb976ca0a7e97906,2026-01-09T16:34:53Z,True,merge,114797,,human
4.6-stable,728c159f01a79c752f6bc94b4430947a050c2ad7,2026-01-09T16:34:54Z,True,merge,114783,,human
4.6-stable,970aeae3a05128456520688a3aa0767452db88db,2026-01-09T16:38:52Z,False,direct,,,human
4.6-stable,87217e50efc217e81c0844339def83197ad51970,2026-01-09T17:59:22Z,False,direct,,,human
4.6-stable,b4f14f92e84dac9d9510516d60590d08dc3c8bae,2026-01-09T19:45:35Z,False,direct,,,human
4.6-stable,37f09e579e49d85870dc2c70bb4693bb424bb182,2026-01-09T19:54:08Z,False,direct,,,human
4.6-stable,72ed25ea240801a946123384d1bb21a375bc593d,2026-01-09T20:37:12Z,False,direct,,,human
4.6-stable,14b6ca17fe34c275d1e605ebe734f76ef50c4433,2026-01-09T20:51:01Z,False,direct,,,human
4.6-stable,2a67a76f92a09ae35f32bd1fd456228374f57ac8,2026-01-09T21:57:07Z,True,merge,114697,,human
4.6-stable,dc19eb6ed8c7b3bed720df36f403153181f420b9,2026-01-09T21:57:15Z,True,merge,114791,,human
4.6-stable,2d0a589777829c2c3fdf5ce64964afbed57e7794,2026-01-09T21:57:20Z,True,merge,114808,,human
4.6-stable,007179545b186748ed702350f4ec9923a344e410,2026-01-10T02:42:58Z,False,direct,,,human
4.6-stable,569a36b6fef8f2f150c4cc70a958e95f391af1b9,2026-01-10T06:28:43Z,True,merge,114785,,human
4.6-stable,14a7c0f1e5daa1890de393bc2d2ecbff9d5530ae,2026-01-10T08:41:15Z,False,direct,,,human
4.6-stable,94971e1b47f6cc59a6d3845d23f16638d28430bb,2026-01-10T10:52:44Z,True,merge,114752,,human
4.6-stable,c1c983df8e767f1778a2bb18f6026728cd4b4d50,2026-01-10T14:13:06Z,False,direct,,,human
4.6-stable,bd54c553f4523556f751cd449c1766dd76aea562,2026-01-10T16:50:52Z,False,direct,,,human
4.6-stable,141b7355239940c96fb20a7a498247060e689833,2026-01-10T22:08:21Z,False,direct,,,human
4.6-stable,16daea3622468abf68a4f0ec22de0a46d57f17ed,2026-01-10T22:15:22Z,False,direct,,,human
4.6-stable,d814d43d76b660fc68dee32c193a8e54a2395ba4,2026-01-10T22:47:59Z,True,merge,112791,,human
4.6-stable,836df3aad7c9a991514529e510673b1b7f208563,2026-01-10T22:48:03Z,True,merge,114572,,human
4.6-stable,557e009f9dc6202db4080ed79b7d836253524412,2026-01-10T22:48:07Z,True,merge,114680,,human
4.6-stable,1085d9f37213b46bed52798fcc7a51369511500b,2026-01-10T22:48:11Z,True,merge,114714,,human
4.6-stable,ab6bbf1c59726652fec25449b83c0592e059c4e2,2026-01-10T22:48:16Z,True,merge,114742,,human
4.6-stable,c990e60889eeb2175520785f34f8071fe9d34949,2026-01-10T22:48:20Z,True,merge,114790,,human
4.6-stable,fa8a11f65234ab979593beda1e1c0c53f84bf781,2026-01-10T22:48:23Z,True,merge,114802,,human
4.6-stable,e1ad44c496a9f5d2422538737ab888c05fdfeab9,2026-01-10T22:51:29Z,True,merge,114804,,human
4.6-stable,ec5a4f0cd6088e72c3544f5cb6f3d3da4621a51b,2026-01-10T22:51:33Z,True,merge,114806,,human
4.6-stable,85c75da4ad8a01e1f9e25620872560293ac70b51,2026-01-10T22:51:37Z,True,merge,114829,,human
4.6-stable,3e942c7135adc95ccdf7b5cf51565668ea5992fe,2026-01-10T23:00:08Z,False,direct,,,human
4.6-stable,e9bb99a3bbf69e117d8e8aafba70db31aefc34f5,2026-01-11T07:44:28Z,True,merge,114839,,human
4.6-stable,993d28c2cf87a882e8779bede100c41506156e69,2026-01-11T08:14:07Z,False,direct,,,human
4.6-stable,1ff0239c0c62abbabda51af95c56e8ddf5996d4d,2026-01-11T11:01:41Z,False,direct,,,human
4.6-stable,22a4f9fd9c5b7f73dac563a361e817a8ae75511c,2026-01-11T17:52:40Z,False,direct,,,human
4.6-stable,32fc6b939cd49aec103741add1eb24e144a3f2bf,2026-01-11T17:59:55Z,False,direct,,,human
4.6-stable,6f0bd2efb9960407da20789dc1caa26c10c7706a,2026-01-11T20:01:49Z,False,direct,,,human
4.6-stable,1f292ae0a9642c716ed1cd8e22c5a3c095e5109d,2026-01-11T20:59:01Z,True,merge,114852,,human
4.6-stable,ae80681a5b8249ee086a2ff4b54682665c868b8d,2026-01-11T22:26:06Z,False,direct,,,human
4.6-stable,ac8f63819b490ad80cb89e5d8ec84efbd7acae48,2026-01-12T01:35:46Z,False,direct,,,human
4.6-stable,922a3c2566440cf4d2bf5a1ada39cc5b4b40d234,2026-01-12T07:54:49Z,False,direct,,,human
4.6-stable,6b93d6472e00f8d986befa2daf413f0c0b519104,2026-01-12T08:23:05Z,True,merge,114760,,human
4.6-stable,0b45cca1ca1fe4c8a9d5b2352b7c7655a7d1f693,2026-01-12T08:23:09Z,True,merge,114838,,human
4.6-stable,95dc28c8dd6ffd4419674d8824fb51940d9ebb52,2026-01-12T08:23:13Z,True,merge,114855,,human
4.6-stable,5543be106e813b2ec512e322c6915af00b71f2cb,2026-01-12T08:23:17Z,True,merge,114862,,human
4.6-stable,e21bf420851fdce14aec83472f1eca983112ad14,2026-01-12T08:23:21Z,True,merge,114866,,human
4.6-stable,274923a364297945d76ee301a49d1b2e2d48c9f5,2026-01-12T08:23:25Z,True,merge,114871,,human
4.6-stable,788beb36dc54ee4307a32d52e4895017d3620375,2026-01-12T08:23:28Z,True,merge,114874,,human
4.6-stable,2f0ff3aeb7dffddd94945f3c46c6f3e168392445,2026-01-12T08:46:37Z,False,direct,,,human
4.6-stable,fbadba291db8e122743ffacf6a2676e444451122,2026-01-12T11:03:05Z,False,direct,,,human
4.6-stable,3b9c77b6148e049d899d32e4a6835280d36c87d6,2026-01-12T12:12:06Z,False,direct,,,human
4.6-stable,344451fa339e025f8983f7c491cfa511402b65db,2026-01-12T12:47:36Z,False,direct,,,human
4.6-stable,22fdb1c547adde0e335e928f8aeada37aa4937ab,2026-01-12T14:00:55Z,False,direct,,,human
4.6-stable,0e90c6d6d1f7b5d3eebb53536544a47bb26f0235,2026-01-12T16:19:47Z,False,direct,,,human
4.6-stable,d5fae879f1e57c0e793fa5b4389f08fc07c0badd,2026-01-12T16:27:55Z,False,direct,,,human
4.6-stable,5538a710af000a65a354f4947473577e4eb21c37,2026-01-12T17:19:11Z,True,merge,114847,,human
4.6-stable,02e67a4b6d2ce0bee200f1190ab12b0e373716d6,2026-01-12T17:19:12Z,True,merge,114881,,human
4.6-stable,eeb3d045234b93460deddb6dc91545c2fa57151c,2026-01-12T17:19:13Z,True,merge,114882,,human
4.6-stable,fd71f0c536a35709a5a67f59547133f515948002,2026-01-12T17:19:14Z,True,merge,114885,,human
4.6-stable,0034a5bce915102afeb29e19329017388919f7d2,2026-01-12T17:19:15Z,True,merge,112805,,human
4.6-stable,1910c58c4932414e9b09a437b6f0ea78243d6654,2026-01-12T17:19:15Z,True,merge,114879,,human
4.6-stable,9cc9e0ca1fe1a9387737484ff140447100cab9d2,2026-01-12T18:27:57Z,False,direct,,,human
4.6-stable,b3f3e7a4c959314b066ec597a5a87da940945942,2026-01-12T22:00:44Z,False,direct,,,human
4.6-stable,31206042a5fc8a74d21b4630e1e3df84d1b440e9,2026-01-12T22:29:49Z,False,direct,,,human
4.6-stable,4bf4d10f5eb1fb037d5e2773f1fa855de597c9aa,2026-01-12T23:03:21Z,False,direct,,,human
4.6-stable,8d69b6b89eb2603b2c524070ee6ea2554b47c38d,2026-01-12T23:08:53Z,True,merge,114801,,human
4.6-stable,490271fbaf1e2f4929e86132a841faffbc64e012,2026-01-12T23:09:01Z,True,merge,114897,,human
4.6-stable,4daa6fe86a3135577ceb891a8b48a025ba446f56,2026-01-12T23:09:05Z,True,merge,114901,,human
4.6-stable,5002677a4db268d7c4c3f317b175eefd9bdd6e4a,2026-01-12T23:09:10Z,True,merge,114902,,human
4.6-stable,ccd664974ae10331824f5889fa6f3ca909fa421f,2026-01-13T02:32:07Z,False,direct,,,human
4.6-stable,24c2c452de8f65115958583e34c765b21f851d04,2026-01-13T02:56:10Z,False,direct,,,human
4.6-stable,e33515c2e66358829f344660787a06a34c70f82d,2026-01-13T06:07:56Z,False,direct,,,human
4.6-stable,cc71d5a2be7a7701735bcb892b2d74cc69acc280,2026-01-13T08:52:07Z,False,direct,,,human
4.6-stable,ae12dea1bba059f09fd06400bf04acca23d94872,2026-01-13T10:05:43Z,True,merge,107586,,human
4.6-stable,865dbfc2fb7d653070b8822c6d39404cda64616d,2026-01-13T10:05:54Z,True,merge,113949,,human
4.6-stable,571c574f96edcb6eaf3a4bd7885cf6a75072b127,2026-01-13T10:06:00Z,True,merge,113950,,human
4.6-stable,ddda31d36314c535d711fe9570f7c11d06fde00d,2026-01-13T10:06:05Z,True,merge,114253,,human
4.6-stable,7b1dcd52ac6e49a70e9e6c7638219ba0fddb49dc,2026-01-13T10:06:11Z,True,merge,114291,,human
4.6-stable,4ae60579870c1c49d87c96d7ca8af4032a4bc204,2026-01-13T10:06:15Z,True,merge,114659,,human
4.6-stable,58e15470e885cfad42d882f3d289f8f3bb31ea0a,2026-01-13T10:06:20Z,True,merge,114744,,human
4.6-stable,50f3d51a9a6ef12e66ae2b9fc3236f904a1ebbd0,2026-01-13T10:06:25Z,True,merge,114774,,human
4.6-stable,7ebdb60060c065d985168cb49a7610f657923696,2026-01-13T10:06:30Z,True,merge,114807,,human
4.6-stable,38293c4d39c733f33af08e619077532b2b870aab,2026-01-13T10:06:34Z,True,merge,114820,,human
4.6-stable,f016ba60c2ba6ab2313e0be6122da4cdbad07a8d,2026-01-13T10:06:38Z,True,merge,114844,,human
4.6-stable,98d8a7dff8c90a461c64941861a139af42b4ae12,2026-01-13T10:06:42Z,True,merge,114886,,human
4.6-stable,50277787eacaf4bc4d8683a706fe54dc65762020,2026-01-13T10:06:45Z,True,merge,114904,,human
4.6-stable,d24d5b50feafa908de7e6390c74dcb2c7fbc4d8d,2026-01-13T11:24:12Z,False,direct,,,human
4.6-stable,01d0878c83028c931295f08b062dc5308050b8cc,2026-01-13T11:52:36Z,False,direct,,,human
4.6-stable,092bfca4dcc32573bc1765d4d189df36ff88f8cd,2026-01-13T16:51:08Z,False,direct,,,human
4.6-stable,dd5462c3f945db133e40cf6afff376303fc06f27,2026-01-13T17:52:33Z,False,direct,,,human
4.6-stable,65ce1360b4e3e27b0caab1d09910860d3f50d645,2026-01-13T17:55:55Z,False,direct,,,human
4.6-stable,4e06e305bf2311abb1818085f0022b1e65eda442,2026-01-13T18:00:25Z,False,direct,,,human
4.6-stable,75a3f4a244ae1edcf4eb7dd38419d5278255d192,2026-01-13T19:16:37Z,False,direct,,,human
4.6-stable,3d71d7df312f1a816fa84d6536ce9a562c527876,2026-01-13T21:20:28Z,True,merge,114410,,human
4.6-stable,b57985ab9e603894c312d1708889cbc6c1208e43,2026-01-13T21:20:37Z,True,merge,114582,,human
4.6-stable,f084100f4348120c4a0ec76bdab7c1ebd1808a62,2026-01-13T21:20:41Z,True,merge,114688,,human
4.6-stable,d6863b62cf1a0241b192d078bcb76ba9811dce63,2026-01-13T21:20:46Z,True,merge,114827,,human
4.6-stable,0dd64f4224d950dfeb4f1f1e63aef9b110c0b960,2026-01-13T21:20:50Z,True,merge,114851,,human
4.6-stable,427eab91a20e5d643b88a82fd2b382e73745c0be,2026-01-13T21:20:55Z,True,merge,114907,,human
4.6-stable,4db916dac60ba8dc7a68d7f9d6179a9ef8576124,2026-01-13T21:20:59Z,True,merge,114908,,human
4.6-stable,54acdca4f23789ac33d8298141dd706a4acab72f,2026-01-13T21:21:03Z,True,merge,114916,,human
4.6-stable,a240316ddbcbb4c4946e49b25f873967f9d28121,2026-01-13T21:21:08Z,True,merge,114927,,human
4.6-stable,8af6266193be0502f5a1b11441349edd1f5ca3c2,2026-01-13T21:21:12Z,True,merge,114928,,human
4.6-stable,8757f2b2bc58a068db55ed4e1797767925ac1392,2026-01-13T21:21:16Z,True,merge,114929,,human
4.6-stable,79033f17541771ab09c000460770b4024b32a3dc,2026-01-13T21:21:19Z,True,merge,114931,,human
4.6-stable,6a453b521c93842666570140cbfe9c4a86b00340,2026-01-13T21:55:45Z,False,direct,,,human
4.6-stable,702ec43bcda8d66dbfc51eff0accff93b1270cc8,2026-01-13T22:14:03Z,False,direct,,,human
4.6-stable,575a2a913c6768848583232f7e9f468ef68b3b16,2026-01-13T22:39:37Z,False,direct,,,human
4.6-stable,c99ae14992ada107fb24fbeeaeb207324d932e47,2026-01-13T22:43:44Z,True,merge,114932,,human
4.6-stable,468d9ab4a15a9002a523dba2e7a75072a2c4a2a6,2026-01-13T22:43:51Z,True,merge,114934,,human
4.6-stable,be6399ddac4557ebd92f0974aabfe2ab48d93226,2026-01-13T23:18:18Z,False,direct,,,human
4.6-stable,481f36ed20520db3195a09cc309abf48c03cf51a,2026-01-13T23:20:18Z,False,direct,,,human
4.6-stable,1d244cd9561d5f759fb0bf154948010fddcbe169,2026-01-14T00:02:23Z,False,direct,,,human
4.6-stable,1b157957ae8e4bdc94949b815a89e23b387b7a59,2026-01-14T02:17:00Z,False,direct,,,human
4.6-stable,8a448032c27190b9acd853c771bb6b6df8b156e9,2026-01-14T10:20:06Z,False,direct,,,human
4.6-stable,edd06075e366a23c71c3b2a1adfb50d401bc75af,2026-01-14T13:59:57Z,False,direct,,,human
4.6-stable,b79de5295177a5a9fc7b47facb584fdf1072720f,2026-01-14T14:16:39Z,False,direct,,,human
4.6-stable,1218413a941be7cc53a36dce9e722b1c4df2932d,2026-01-14T15:49:19Z,False,direct,,,human
4.6-stable,c65d71a0981bd13e707b5bdc10bc068b870a399c,2026-01-14T17:52:35Z,False,direct,,,human
4.6-stable,458d33717e8584e84b740de917d05b26cc227f85,2026-01-14T19:01:00Z,False,direct,,,human
4.6-stable,423326b25133cf9d3e8ae7eff9ceb32ed1a31b27,2026-01-14T19:51:37Z,False,direct,,,human
4.6-stable,34a0ab7de47c2c2de7ecc0a7bc0c1218fc84fba1,2026-01-14T20:52:29Z,False,direct,,,human
4.6-stable,d59db267109ac31197aac6c65eb21c323858358a,2026-01-14T20:58:29Z,False,direct,,,human
4.6-stable,83600fcc0d9bfd14fc3bcbfa8e3d3caa5276230e,2026-01-15T02:10:16Z,True,merge,114784,,human
4.6-stable,354ed3a871f200ccadf867eace9b0107718318ac,2026-01-15T02:10:18Z,True,merge,114950,,human
4.6-stable,8c78591906c8966a2e38dabb6af583ed897504bf,2026-01-15T02:10:19Z,True,merge,114956,,human
4.6-stable,9465655acbd9ccc906b03dfa5ef1fbc071c9201a,2026-01-15T02:10:20Z,True,merge,114960,,human
4.6-stable,86b60073ddf9642946a9958040d541c91f3a9c41,2026-01-15T02:10:21Z,True,merge,114935,,human
4.6-stable,1549d51865109a27216f2409a35f2c6dab7bb4d1,2026-01-15T02:10:22Z,True,merge,114938,,human
4.6-stable,c3bef1b83f0258431484df7f3bc961c83227b220,2026-01-15T09:19:43Z,False,direct,,,human
4.6-stable,4a69505facdb6d078987a15b78098adede4e299d,2026-01-15T09:27:00Z,False,direct,,,human
4.6-stable,601c8647580eeff292ef7d11c3529a5fbdebabda,2026-01-15T10:01:08Z,True,merge,114978,,human
4.6-stable,2d53a62898a65ba635efd554b101e033070c784c,2026-01-15T10:01:15Z,True,merge,114979,,human
4.6-stable,329a9f1fb2ad635840ae7d7650754d1d16ec00ee,2026-01-15T11:50:51Z,False,direct,,,human
4.6-stable,d70866bce86ed7a65c20fc4dda39c44395f9c800,2026-01-15T15:46:32Z,False,direct,,,human
4.6-stable,dac17215adf095c5feede3f5dcb68ee21afdeb79,2026-01-15T22:49:13Z,False,direct,,,human
4.6-stable,eeaf88daaffbfc524f882dfe88a91cfa398ea668,2026-01-16T00:08:57Z,False,direct,,,human
4.6-stable,13ad17ea9bed98ffe9b1175fdb920eb0cb7daf0c,2026-01-16T12:21:31Z,False,direct,,,human
4.6-stable,abb90e592a45f62a40d93db2a971c3f22fd876f0,2026-01-16T12:23:07Z,True,merge,101209,,human
4.6-stable,5ce4e5da14a12b947c31a8ff0a512350b9360e0f,2026-01-16T12:23:18Z,True,merge,114082,,human
4.6-stable,85ee87b16bb704e4ad66d8d630a9129d7483d6b2,2026-01-16T12:23:22Z,True,merge,114963,,human
4.6-stable,26d37c420cdba2703182d3ff78ae899229a5448c,2026-01-16T12:23:26Z,True,merge,114982,,human
4.6-stable,3211de51e2e11c8ff83e7cddad5fa9ccac93486d,2026-01-16T12:23:30Z,True,merge,114994,,human
4.6-stable,9820f40f9632df271a0f7ffdf4ccc807097336ee,2026-01-16T12:23:34Z,True,merge,115010,,human
4.6-stable,0c993df437e8faf377f09da6a47692c3501598e3,2026-01-16T14:02:34Z,False,direct,,,human
4.6-stable,47421473049488562674235e21be8bf73425aba6,2026-01-16T15:14:56Z,True,merge,115029,,human
4.6-stable,741fb8a30687d0662ab6b5c04a2a531440dd29d9,2026-01-16T15:15:04Z,True,merge,115037,,human
4.6-stable,81c2eae018ca3b57cb99f48f51a9d80372167ced,2026-01-16T17:40:25Z,False,direct,,,human
4.6-stable,f714eaba0dca3fe65ac7494e7e597de03cd3d623,2026-01-16T21:51:33Z,False,direct,,,human
4.6-stable,876ac8b457734024839129a75012e417abee1359,2026-01-17T13:44:04Z,False,direct,,,human
4.6-stable,b962c91a6a7b2cd497c6c3e07356f3a796679bb1,2026-01-17T18:32:45Z,False,direct,,,human
4.6-stable,829f4c068315034e03a591af07dd0a3c0d98d93f,2026-01-18T01:15:45Z,False,direct,,,human
4.6-stable,3a2a53f9014e55f9555cd8740e9f134489dd49c8,2026-01-18T08:47:23Z,False,direct,,,human
4.6-stable,1d34edf525bf5a186e13b103b6a52a201ac67198,2026-01-19T07:47:28Z,False,direct,,,human
4.6-stable,998c876f369f47a54368fe8ea7f1419e857f0134,2026-01-19T09:41:37Z,False,direct,,,human
4.6-stable,1cdf69b88f456f1a1c590dc267dc5bd4d46a6f15,2026-01-19T09:45:40Z,True,merge,113594,,human
4.6-stable,6f46be95aa0c53117b0e9bf0b2240d5eea6939d5,2026-01-19T09:45:48Z,True,merge,115041,,human
4.6-stable,88ea4605b4ccbc22c8536b66513a1a432d0a3b58,2026-01-19T09:45:53Z,True,merge,115049,,human
4.6-stable,2cda356b8a50d99bab143028defd4b55f93c5fe4,2026-01-19T09:45:58Z,True,merge,115067,,human
4.6-stable,b9ebff178f1312c630fcda715da4810d51049e05,2026-01-19T09:46:03Z,True,merge,115074,,human
4.6-stable,5b2f3f8c2ac23c184f708a63c990ffd605eb3d2e,2026-01-19T09:46:08Z,True,merge,115084,,human
4.6-stable,a1e209b7fec34eb0826e87ee83455d30288ab2ec,2026-01-19T09:46:13Z,True,merge,115090,,human
4.6-stable,652195645981101e25d3ce19a44a1c25eb7f4b33,2026-01-19T10:36:15Z,True,merge,115022,,human
4.6-stable,5f9a510441dec2322f68427cb73b13da9357eb73,2026-01-19T10:49:30Z,False,direct,,,human
4.6-stable,46e07a8b01bf721a47200a18cc9e2ae317145436,2026-01-19T11:57:54Z,False,direct,,,human
4.6-stable,ed4689c4ee837b726e2c8690edabeaf4fb6cb79b,2026-01-19T13:48:48Z,False,direct,,,human
4.6-stable,bb9d907df343a675787e563e213ff24479f8394f,2026-01-19T20:45:20Z,True,merge,114893,,human
4.6-stable,f5b3183251dedb65f6367064c7b8a8a4dc530503,2026-01-19T20:45:30Z,True,merge,114952,,human
4.6-stable,122d0bfddcadae037cf4f70646c4cd0b6c0dd791,2026-01-19T20:45:35Z,True,merge,114966,,human
4.6-stable,5177a2fe59bcd5d10999f6c223934478cb8dbb29,2026-01-19T20:45:40Z,True,merge,115118,,human
4.6-stable,895630e853b7f389c2a3de5cfe02ef433f7b8c23,2026-01-19T20:45:45Z,True,merge,115128,,human
4.6-stable,59b2bb1fe8765e3a586bad84b8122b4739162e92,2026-01-19T21:50:33Z,False,direct,,,human
4.6-stable,c5d21df245b01f1d2e7dd21779ce3977cb122669,2026-01-19T22:52:56Z,False,direct,,,human
4.6-stable,a4a26762f1565fb47e13fe0b93a311f9aea4d705,2026-01-19T23:22:32Z,True,merge,114328,,human
4.6-stable,aa6ab2660fef320f7a8f9d768d8f7705d2c98de4,2026-01-19T23:22:39Z,True,merge,115145,,human
4.6-stable,dc57cd698d29915cd020b1c229735e4a7ec18b7d,2026-01-19T23:22:44Z,True,merge,115152,,human
4.6-stable,7bebe1b1b1b21eb10697a8b9da9f4ef40c01468a,2026-01-20T03:09:33Z,False,direct,,,human
4.6-stable,bc0ffe15f26ffd6c403fb8d93aef36149b456a16,2026-01-20T06:13:39Z,False,direct,,,human
4.6-stable,372e5498311d81127de4e53d7b84517d6ec5e372,2026-01-20T08:06:32Z,False,direct,,,human
4.6-stable,f0fa171ec22f16de8219362ef9af357684644bea,2026-01-20T08:10:13Z,False,direct,,,human
4.6-stable,d1a03b30af9ae85caacc0b1c82bf0a9229f28fcc,2026-01-20T08:49:10Z,True,merge,113939,,human
4.6-stable,06adfa4eb8dc4fe28fcf82de2ace4dd2a356c820,2026-01-20T08:49:18Z,True,merge,115148,,human
4.6-stable,2c373ffc2c277a75acc1478c4c3751085cb2b25b,2026-01-20T08:49:22Z,True,merge,115161,,human
4.6-stable,1b00ad5519d23dda79a743925b6193cfe634672e,2026-01-20T08:49:26Z,True,merge,115163,,human
4.6-stable,db17acbed12ce93883cb6b00a3c5ee97b164efea,2026-01-20T09:07:44Z,False,direct,,,human
4.6-stable,78c6632eb174aabb2790975cf83e28fee065b43d,2026-01-20T09:25:43Z,True,merge,115166,,human
4.6-stable,4cd3e5a76eb0d042db35f96761f505b57cd071c3,2026-01-20T16:29:00Z,False,direct,,,human
4.6-stable,5d995a955809a8f9c5501a68b09d6e4f51cc0614,2026-01-21T01:12:15Z,False,direct,,,human
4.6-stable,1e11fe936b8e910f9de9f2b7e30c3094a77c783f,2026-01-21T01:46:10Z,False,direct,,,human
4.6-stable,46436c12788f372b232d3f4492ca96b456f74810,2026-01-21T01:56:28Z,False,direct,,,human
4.6-stable,6b76a5a8dc011723033cc8ad2ba3da345daab039,2026-01-21T12:43:30Z,True,merge,115198,,human
4.6-stable,dc1a92b9a2c3adf75205e3060dcc197c3392ac97,2026-01-21T14:31:03Z,False,direct,,,human
4.6-stable,2025985ba9a2c01c736d5bf53eb736dda61781de,2026-01-21T16:44:17Z,True,merge,115199,,human
4.6-stable,8b2d988ba751600929cffff118a3025500810333,2026-01-21T16:44:25Z,True,merge,115208,,human
4.6-stable,76addfff12b4dd1b8258ee9f14d4d8e03647cbf0,2026-01-21T17:02:24Z,True,merge,115175,,human
4.6-stable,ff89f649fae46a6632feb7abe784c254e24ef8a2,2026-01-22T00:40:28Z,False,direct,,,human
4.6-stable,27b19164659d15695c9fad33bf32af40c1f1ce7e,2026-01-22T05:28:27Z,False,direct,,,human
4.6-stable,77d98cf3dd66dc20f27191b03615db65a4d32252,2026-01-22T09:43:41Z,False,direct,,,human
4.6-stable,06922002b5983003e56407c5ea31149c7fe5970b,2026-01-22T09:58:59Z,True,merge,115231,,human
4.6-stable,d2a60ebbe9626d067130f38502d8c94947fc30fb,2026-01-22T09:59:06Z,True,merge,115242,,human
4.6-stable,e0b046e6dbb384472d59df9e8af3ee9cdc0e731e,2026-01-22T09:59:11Z,True,merge,115249,,human
4.6-stable,c3058391d7bd1a13481c393061c164c24ec99685,2026-01-22T15:56:07Z,True,merge,115181,,human
4.6-stable,5cc33d6965395f8a6c8aeac2cca27f3624ac6b3b,2026-01-23T04:56:04Z,False,direct,,,human
4.6-stable,3172d4479922eb5e0b0e71a7b6f1559dd709e8da,2026-01-23T11:38:50Z,False,direct,,,human
4.6-stable,c2b068d08ce28e220f5d2fc73e0f5edfe17f1d78,2026-01-23T13:43:09Z,False,direct,,,human
4.6-stable,9e066453faaaa54e176e741f6ca9cc613fa6e64f,2026-01-23T15:55:54Z,False,direct,,,human
4.6-stable,233a5aeb4d23b569bb0c711825bb31978313d4ca,2026-01-23T19:36:22Z,True,merge,115299,,human
4.6-stable,157f070fafaefb3dcc7152b3defa20e627c0abbe,2026-01-23T22:30:23Z,False,direct,,,human
4.6-stable,1d0a3c8c7254b9991b60a9dc8ecacd3f2121266d,2026-01-23T23:46:35Z,True,merge,115303,,human
4.6-stable,ebbdef7830e9dd0a2c293ef2f951a7a2d3ada14e,2026-01-23T23:46:44Z,True,merge,115316,,human
4.6-stable,8b400edb92adf9669af215cacf22fb046b9ceb90,2026-01-24T12:29:37Z,False,direct,,,human
4.6-stable,cca9d04b56be8f887f07ad9e132605f3d3b9aa70,2026-01-24T20:35:51Z,True,merge,115330,,human
4.6-stable,04249468d320710aefd783931bb059c0edb8f44a,2026-01-24T21:50:36Z,True,merge,115293,,human
4.6-stable,810b377492d07c8aecf985c2317a144bf1665b5b,2026-01-24T23:52:02Z,False,direct,,,human
4.6-stable,83e105ea355a59c6c12786b3d388972e5f535b54,2026-01-25T08:54:05Z,True,merge,115348,,human
4.6-stable,39ef602b9b364ba4f8148a58ececd8be7d1ac36b,2026-01-25T08:59:40Z,False,direct,,,human
4.6-stable,d5edd4a59287679ae390149c0c1c3397aeb5f502,2026-01-25T09:07:59Z,False,direct,,,human
4.6-stable,8322eb1414dd1f37a59555a7bbee3725f9dfeeb1,2026-01-25T10:39:36Z,False,direct,,,human
4.6-stable,89cea143987d564363e15d207438530651d943ac,2026-01-25T12:41:41Z,False,direct,,,human
4.6.1-stable,543f47485c0c952b122747ef05af60e778c44139,2026-01-26T15:55:29Z,False,direct,,,human
4.6.1-stable,0227be0bdb184f58379d7b21889a1a961e91c079,2026-01-30T16:38:48Z,False,direct,,,human
4.6.1-stable,6188f459b35219f0b40d6994ae85732da0718d46,2026-02-05T15:46:05Z,False,cherry_pick,115714,7ac0eef82801fce2e069262c1a6149e2251bcfa2,human
4.6.1-stable,45f8e0894b44da66702f6d5f7f0e5d97dcb9576e,2026-02-05T15:46:05Z,False,cherry_pick,115759,63e7936e18026d483135c28856b5338b50efb923,human
4.6.1-stable,5222598c113050b29635497c1267278b78407ffa,2026-02-05T15:46:06Z,False,cherry_pick,115430,9c753ebe8432991c88a0b0c934f8dea029f59b6f,human
4.6.1-stable,1f6f4b622e07d0066bb9fa6617f7d0eb72b4619e,2026-02-05T15:46:06Z,False,cherry_pick,115473,a6e952c1604963023a87c07093cc9b24e6d6591d,human
4.6.1-stable,5207208577baad1a65f1edaacdcd32fbaa486fc7,2026-02-05T15:46:07Z,False,cherry_pick,115606,b4b20e95ed4e18d18370f76f6faad5f8e1e380d3,human
4.6.1-stable,d376ca77dc66da80bdde78df86d997bc34e4c653,2026-02-05T15:46:08Z,False,cherry_pick,115874,da7540f3f19ad7c05acd5f3632ed349a0db75032,human
4.6.1-stable,6a0b2db3acc2413945d176d37b596a7f89985854,2026-02-05T15:46:08Z,False,cherry_pick,115823,6e5d1e00e02cf9086224b5eb3258f901a26de413,human
4.6.1-stable,30dc8889fef46b0ec1244a28d067f173fd22db9f,2026-02-05T15:46:09Z,False,cherry_pick,115827,1ea927cadcd7803af49cf2476512c6d91bfecd8a,human
4.6.1-stable,aac131f3865a712ea2274921618be3e9f790da1a,2026-02-05T16:04:58Z,False,cherry_pick,115314,35a9ec140fa6aaa215e2c61e209dac6790d5a0df,human
4.6.1-stable,2dec60976f00f614aa93456f73dfa520444bad1d,2026-02-05T16:04:59Z,False,cherry_pick,115778,afdc1d64567b93d5b6fda8f9e20cde462a4fbea0,human
4.6.1-stable,a570951ff42e47e9347e76947bfb51d29bd81321,2026-02-05T16:05:00Z,False,cherry_pick,115751,1c80b25af8c6c6f8cf6c80b96e7fdb10a18efa8a,human
4.6.1-stable,fbf92d76425186c7a4d1f6ee3c06c4e8238e5688,2026-02-05T16:05:01Z,False,cherry_pick,115689,381ad1e4b549790c8dbe34ebb1db48d53bace26d,human
4.6.1-stable,19df5470c827ba7a39dec987f6d95d50d8753503,2026-02-05T16:05:01Z,False,cherry_pick,115124,f975cfe037971bc1684d64d31be7be09b31aa093,human
4.6.1-stable,aff6e910480631abc4826a954eaafa2f196b3827,2026-02-05T16:05:02Z,False,cherry_pick,115364,e7cf2f42cc71179cb7e4d7caa35f3d3a9834dc66,human
4.6.1-stable,cbdc2a2d851905f46a91979b7e6d708fecff0166,2026-02-05T16:05:03Z,False,cherry_pick,115608,41bf7648c29762cd3c3e9d647c99f6a363008811,human
4.6.1-stable,0762732d4d4dcc5af96a769290b651ed170601d7,2026-02-05T16:05:03Z,False,cherry_pick,115671,9c72dafbe6443b61c5dda39b63edd261e9034989,human
4.6.1-stable,98be0bbc323e6633226ce93bd7a22e94de05a2ec,2026-02-05T16:05:04Z,False,cherry_pick,115672,0080d6f109d769478b049a0b3621183f8df71776,human
4.6.1-stable,f9fc70cf96e9764d2d72d353de205cf9ef3bdf71,2026-02-05T16:05:05Z,False,cherry_pick,115685,5928e260d428bee0afe5d5ca0f8bbfde832eb4f2,human
4.6.1-stable,ac86b22f3b8673c0447fa98bff76c0e42bca435d,2026-02-05T16:05:06Z,False,cherry_pick,115515,40b770ecf019c3742b4dbc9a8ce7b11168f99824,human
4.6.1-stable,a5f67bc458b99f3da961591a458fb5f40e329467,2026-02-05T16:05:06Z,False,cherry_pick,115292,56e646c2170a91d1432b43471330da818a2a8b82,human
4.6.1-stable,de0e8a4c764da4b3705f206d3e962763c0142623,2026-02-05T20:10:50Z,True,merge,115870,,human
4.6.1-stable,b553150425b1e451020101c5cd05d04b498626d9,2026-02-06T14:34:48Z,False,cherry_pick,115422,c3a61d531fe041e939ecc109cea7a20e44876567,human
4.6.1-stable,c773197ca553333a6e0b5112cdead3318f879785,2026-02-06T14:34:49Z,False,cherry_pick,115002,7b2b3b41ee2f5fe1aa40527373929b22920d7c0e,human
4.6.1-stable,c61b9083876d659e9be66b93e0e4343bd4dc1385,2026-02-06T14:34:49Z,False,cherry_pick,115289,4faffeaf7996cb3c978f28f584f0b24e8ddf85ee,human
4.6.1-stable,c46adc2b719a6338977cea08f85bdef7ff79488d,2026-02-06T14:34:50Z,False,cherry_pick,115290,529e50cfd452d39706d5299c5f3b293b0af5bd13,human
4.6.1-stable,9dff014efdb7ed2b531234ad53272c7ed8b31d75,2026-02-06T14:34:51Z,False,cherry_pick,93478,cdafcefb6b5a467e2741d30f82d2f00a9e723335,human
4.6.1-stable,6fddd8f881923e58120ddd5812540056258eeb44,2026-02-06T14:34:51Z,False,cherry_pick,106352,d9c3c87eaa103618cb58203fafcde7e7d524b2e6,human
4.6.1-stable,682d546d60d7ae89c2b8d3c3443b1341760cfcc2,2026-02-06T14:34:52Z,False,cherry_pick,115298,1dec165139924a7b0108b93e85acace506b8a7e0,human
4.6.1-stable,2b228bed52e24e8655046d60d17b08b92f3c9a54,2026-02-06T14:34:53Z,False,cherry_pick,115921,0877a968d9711d8e39c7d92344dcfa24b394c2e5,human
4.6.1-stable,c62269efe4cb643162871f1e5b3787c8591061ef,2026-02-06T14:34:53Z,False,cherry_pick,115923,02a3ada50224e1cdc95077ee0d67d633ff904d7f,human
4.6.1-stable,9a55eb991f5382af79a1adcb9777a9ce27f8549b,2026-02-06T14:34:54Z,False,cherry_pick,115919,a17ee0f9d8f444184932bf74bf46032a125679a8,human
4.6.1-stable,62e80cd8948dafee15564b2fb262eeea1a7b7fc6,2026-02-06T14:34:54Z,False,cherry_pick,115931,164f117c16d59fa201956e0be5da45868e3cae46,human
4.6.1-stable,fe7a8363df91b2fc819249925f02a5bcf9f1f4b0,2026-02-06T14:34:55Z,False,cherry_pick,115862,e67a431894f95f11f481e92c5fdbf48d79506338,human
4.6.1-stable,21e93094c535c79ecb3ad485fb61343d5631d0d0,2026-02-06T14:34:56Z,False,cherry_pick,115729,4dfbd909acc7e20d5b58bc5a135509ad97499956,human
4.6.1-stable,a05938e7b139fa8df8f9d22ecf40e6ddf257ec57,2026-02-06T14:34:56Z,False,cherry_pick,115575,f0069875981698f0a7efe561eedff7c76646ecb3,human
4.6.1-stable,7bfffc846d13cf0368a0c59c72f821fd916824d1,2026-02-06T16:02:31Z,True,merge,115961,,human
4.6.1-stable,bc81d56c1ecf60d678276efa8f14797584063306,2026-02-09T20:47:23Z,False,direct,,,human
4.6.1-stable,e9861dfe4e1a2bddd62faa3111ae1fd31381ec2a,2026-02-10T16:45:28Z,True,merge,116111,,human
4.6.1-stable,f4e9a0c426d679d8e61a131f9434fb9763192729,2026-02-10T16:45:46Z,False,cherry_pick,115968,d68d42b6f54441e5792f28ed5d22e4fbcc8d5a8d,human
4.6.1-stable,0591470c3627c350dd32a877d200202eac3b8319,2026-02-10T16:45:55Z,False,cherry_pick,116107,2343d36b4352ff1c177e611e71df7df6129e993f,human
4.6.1-stable,8c223270f28fa8d00c706dfb38bb12c25214695e,2026-02-10T16:46:07Z,False,cherry_pick,116140,ba5a0758e9a492e87dc79b057cc3c7119e055eec,human
4.6.1-stable,c90bb52b3b7518f203b5a296b9dc23ac59a6cecb,2026-02-10T18:35:47Z,True,merge,116142,,human
4.6.1-stable,f3466332fdca2d30aac244063542dadfa4fd1f2e,2026-02-13T13:31:08Z,False,direct,,,human
4.6.1-stable,a6839cd10c957391204fa20a5522e8ecb45c8172,2026-02-16T15:06:50Z,False,direct,,,human
4.6.1-stable,14d19694e0c88a3f9e82d899a0400f27a24c176e,2026-02-16T15:13:51Z,False,direct,,,human
4.6.2-stable,3f3b95213d7837cf29e9cfc7a7b3ce60b32ab829,2026-02-06T12:02:08Z,False,direct,,,human
4.6.2-stable,a16e481cf424f8e39dc2cdea1a6bdc1e309acdc1,2026-02-16T15:34:44Z,False,direct,,,human
4.6.2-stable,7f6e559e26d401624f779546ffa11bdda48a10d6,2026-02-20T18:20:23Z,False,cherry_pick,115392,d061d9bac36847bedbb10fcb8abbb573f362172a,human
4.6.2-stable,ff21a96b125e35edeeea5450e9e674370589dd0b,2026-02-20T18:20:27Z,False,cherry_pick,115917,e2c955eb201f11bfc327799e07336a439c7347e3,human
4.6.2-stable,bd2c551ec6d8ff19840c57ef84762e72fd4a37b8,2026-02-20T18:20:31Z,False,cherry_pick,116197,149ecbcbfde98f0e4a8fed8bf2703d3666d5c4ed,human
4.6.2-stable,4caac57d2ab1bcd2acb524b14757fc68e15580bb,2026-02-20T18:20:35Z,False,cherry_pick,116395,b03f0a9e249fea94e145b5761a321a97eb957ce8,human
4.6.2-stable,effdbbfafd29162ad1cdb22d88ecc2386c54a940,2026-02-20T18:29:04Z,False,cherry_pick,115565,876dcc8a5d2b1ca0cffcc84ea8cfd06d69fadde4,human
4.6.2-stable,33b93719ecdff3a21e0aac9842182d02c121b37d,2026-02-20T18:29:11Z,False,cherry_pick,115532,d8dd5a7604dc001a49b22ebe5f622057753fe867,human
4.6.2-stable,4d176d8b8161a9f6d17b5d6edafa8f80319fc160,2026-02-20T18:29:12Z,False,cherry_pick,116155,69a923e3402b45a44984703ffea826fa68ce0f53,human
4.6.2-stable,d96d41395e9a5971cb30af8485250f38dcb414ff,2026-02-20T18:29:12Z,False,cherry_pick,116366,8462c586bf65ef8e4629d859ff9b332ee5946253,human
4.6.2-stable,cfe4d37e75f6fbe06d73f72a150ad4aff159ef44,2026-02-20T18:29:13Z,False,cherry_pick,115752,ed9c865e9ba9e1331bfb15cea9107f546a9231e5,human
4.6.2-stable,e552490e096e4f58c265916bc47c5197c32283c2,2026-02-20T18:29:13Z,False,cherry_pick,115687,24d9448daff382b1517977baa21570f38a3bac47,human
4.6.2-stable,0938bd92555b7b7cf2b6bac7cbbcc4c8db48723b,2026-02-20T18:29:14Z,False,cherry_pick,116046,0852de70989969f7360b44a9ebdefd19de4cfaaf,human
4.6.2-stable,e226db088cacf01f00bda1a7b8655947d569a984,2026-02-20T18:29:15Z,False,cherry_pick,116154,0063b4ebd6aca6c29920e879d1c91ef0ef52147e,human
4.6.2-stable,539c06f94d935cd5caf521a3cb8fb68d45c00eed,2026-02-20T18:29:15Z,False,cherry_pick,116236,dc8e7ef2ce5deb8353a688951e9686f4510629a6,human
4.6.2-stable,d37348f94c7865ca85cbd8c0229fcfa79c8ef644,2026-02-20T18:29:16Z,False,cherry_pick,116354,07851f82719d65a34b425e0a204d23d0159aa36e,human
4.6.2-stable,2ec95001ec19dabb608a16bfd30950286ad253b1,2026-02-20T18:29:16Z,False,cherry_pick,116299,9655415fc44687702dd366c02a3ae7b28f2061f2,human
4.6.2-stable,e09e031eaebfdceccd4c37b8c50dbfc95c3b3abb,2026-02-20T18:29:17Z,False,cherry_pick,116525,23df31ece44cd307fa0232cb5f5b680e09232e01,human
4.6.2-stable,e07be1c9bda2679194af4156fbac95c8f7aab789,2026-02-20T18:29:17Z,False,cherry_pick,116515,7d6d11f8d8a6c39d8077fe80937e5c000d1f832c,human
4.6.2-stable,1eee33636133f0f8aefd0421a43eb813d8e60e9a,2026-02-20T18:29:18Z,False,cherry_pick,116196,f9f164f7cae6081cb47bc0c5ace4780c80b9852c,human
4.6.2-stable,8054ff5d03bb9775dfee16d598e8db8a627abf5c,2026-02-20T18:29:18Z,False,cherry_pick,116376,870631211f507b302b3fbc289a62891115ad7a29,human
4.6.2-stable,e10362f25cedd05d522b066c57fc3d4a330b6d26,2026-02-20T18:29:19Z,False,cherry_pick,116218,9518b98082a0bf99f09ce3b49d572caa8982981f,human
4.6.2-stable,d0121cbd9149a1f19ef23cd235881c12fe57fd54,2026-02-20T18:51:14Z,False,cherry_pick,114519,275b26a6c2991ed36e47f35a26fd59439973d9fd,human
4.6.2-stable,423b85f43a68d68ed2c60b142543d6197523ce1a,2026-02-27T15:42:00Z,True,merge,116547,,human
4.6.2-stable,64b5c92278be01074776bd1941aa0a397b511b6b,2026-03-05T16:35:20Z,False,cherry_pick,115294,b0320ef4ff65eaf0d51c6d30f5f8e9a08054f22b,human
4.6.2-stable,6e7385defcefed5da5ef4e17c7bd8487709b64d0,2026-03-05T16:35:31Z,False,cherry_pick,114947,4e8cba2d225cd385bba2512d714d01197dc914b2,human
4.6.2-stable,0bf28d4552290637a651d615ea0fd70627fe9005,2026-03-05T16:35:36Z,False,cherry_pick,115450,29acd734c71f06268d6ef4715d7df70b14731f48,human
4.6.2-stable,df3d28a6998f51b4268da6107676c4a0e1a42931,2026-03-05T16:35:38Z,False,cherry_pick,115576,c82263adb6208d3b8f1c78a51c47e34639901250,human
4.6.2-stable,cd22ca776fec10d47c1066e7f219c191a7716877,2026-03-05T16:35:40Z,False,cherry_pick,115504,2bd91c66463d836cadf6d349ca3dceb98670e712,human
4.6.2-stable,b95b9c1374c02d9626d4fcb6c7dda8010e7da333,2026-03-05T16:35:49Z,False,cherry_pick,115619,6b67059d940d58fd9be356bcb9714ec17219bbf8,human
4.6.2-stable,c3ef14ea4db40df8fd787092debc74fc85f19047,2026-03-05T16:35:52Z,False,cherry_pick,115620,f36366705e6d783aa5cb0f26d6a31781b1dbca92,human
4.6.2-stable,310e1317b062b774af6b7b2398002c72b149b1fa,2026-03-05T16:36:00Z,False,cherry_pick,115713,ec404a91d37f17ac9bfc7958a70888828846b22d,human
4.6.2-stable,0b6ff48f9593fbd18436ecdea9921744a1bec952,2026-03-05T16:36:02Z,False,cherry_pick,115726,9cfe909108ad9ce16c1e463970189056f5923b8f,human
4.6.2-stable,ca7c12ffc9e578dabf3d31a35bd9e5bd0759ab2a,2026-03-05T16:36:05Z,False,cherry_pick,115347,42b14ce18628da7ce2e62d29ad08b91a83890585,human
4.6.2-stable,d338295d3e9d0d0aab6faad29ac197a8a37589f4,2026-03-05T16:36:09Z,False,cherry_pick,115718,ddffef6fb17231791b39d4f59440636293883998,human
4.6.2-stable,7c856efd305ad5552dfcc3628c584201f01e952d,2026-03-05T16:36:14Z,False,cherry_pick,115800,8e5c352b482d892d169a4fd97e98f1fdc627c82a,human
4.6.2-stable,467d4e3793b2506947349b04f993bcce56da992c,2026-03-05T16:36:17Z,False,cherry_pick,115784,a9630eac57f33a22d52458de4306d51561327131,human
4.6.2-stable,6062c5eac6081cba723700d4f5400cc44765d08b,2026-03-05T16:36:19Z,False,cherry_pick,114131,9cebbf12dc231b3e8baa090879a176becbd1424b,human
4.6.2-stable,531219aa7cd3dbd79022fe08a63269faa14e9ddb,2026-03-05T16:36:22Z,False,cherry_pick,114521,d78857b53e1113861a995e0df6bf36a134a930d2,human
4.6.2-stable,eee5dd76e28d52cb54d11b38a1ce46d6da88844f,2026-03-05T16:36:25Z,False,cherry_pick,116537,59c9e27119f80caaf36e6207afd79daf8a4912c7,human
4.6.2-stable,5062a03a17af9fe6b6fba1b0f5029bb5c77d9c47,2026-03-05T16:36:27Z,False,cherry_pick,116242,d1698255bc9f509923e71fe83d24e1995f627fde,human
4.6.2-stable,7d43bec0241eb7410c691b5f97d8fe1814d2f612,2026-03-05T16:36:30Z,False,cherry_pick,116586,715d4bf7e60302aebe7ea9030fdcb8f7719f0883,human
4.6.2-stable,ca7b12ff4b09d97eaae49a40f0ed8c8c51b25303,2026-03-05T19:29:29Z,False,cherry_pick,116601,e5c50f4b7bc4279b23f9acd811f5636b18f0c266,human
4.6.2-stable,f887ee0430c27742aa87b83ecddc4ebe0141b450,2026-03-05T19:29:30Z,False,cherry_pick,116617,b5b15f0f7485064c9f3a642d90de690522ec05cf,human
4.6.2-stable,b3fee9495dfe73613da8a78b048c976d72e495e6,2026-03-05T19:29:30Z,False,cherry_pick,116628,62591f1b91a26802d08ae7635581ae17edf5f312,human
4.6.2-stable,ee5ac6c1d4f3fcd2024fc0d2d95489ff3b092006,2026-03-05T19:29:31Z,False,cherry_pick,116647,dc67bdaab4cd027850f40233d484623762373dd1,human
4.6.2-stable,e5c178ccf5a606f879ee05c508d414c408ee6e59,2026-03-05T19:29:32Z,False,cherry_pick,105045,bb3c8a06820511c7e9f88dcaf9db88ea677d6dfd,human
4.6.2-stable,0ece0ae45d5a9f213065f2f4764b59d4e8c9896d,2026-03-05T19:29:32Z,False,cherry_pick,108875,5127c71cb31f889a53935c236b9c443a32b7acf3,human
4.6.2-stable,bbceca86f129d56a85c30cfda4405eb25459d640,2026-03-05T19:29:33Z,False,cherry_pick,115125,7b80ae73255435e48c7b217046292e51992cbf23,human
4.6.2-stable,a4e748009faad5a578158276b3ad420fce5f5440,2026-03-05T19:29:34Z,False,cherry_pick,116014,86d336e1e0e32f61c457291351bb9b7e7c2c66c1,human
4.6.2-stable,9e7da504a349126aca365e7ce571a08ba9a07320,2026-03-05T19:29:34Z,False,cherry_pick,115895,9f64d28cd6dabaafc5d58dcd57db79f330208c48,human
4.6.2-stable,2ac6196cfac51040f9453e6a6f7bf4e8977f21bf,2026-03-05T19:29:35Z,False,cherry_pick,114890,ec394025f1eef67fa206978bd995a2d300bb04d1,human
4.6.2-stable,41840b0363319a4f8693cc6ff3f3512508bc62e0,2026-03-05T19:29:36Z,False,cherry_pick,116724,622efbe23b7c60b3765043a4fad5b8cb73341bb2,human
4.6.2-stable,598fd1fe019a38410458b54ca460deb65df77c64,2026-03-05T19:29:36Z,False,cherry_pick,116823,9d67b350d8050223d01c23c41f06256a55dd8492,human
4.6.2-stable,52b1f0a69aabbc32b146b67506a9808021d5ff4c,2026-03-05T19:29:37Z,False,cherry_pick,115410,a7c77ac1f711458a01bf3ea8a5fa97a3a87c2712,human
4.6.2-stable,fd855d44a627a04939b7f9bd9efe1627b5c13fc7,2026-03-05T19:29:37Z,False,cherry_pick,116928,d06b6e71116562e0acb076998c7da75c79d4c37b,human
4.6.2-stable,e7cb5c8d5bebd5e211a65c0faec00355d5d8b59f,2026-03-05T19:29:38Z,False,cherry_pick,116756,d09f6d879aa3d89e7de8afa9d9bc6dd4ecc26da0,human
4.6.2-stable,64092ce81bea517937e153d11ac0063f14be0388,2026-03-05T19:29:39Z,False,cherry_pick,116676,8c01b9ff3f41b2ba6f88a9efa7d49d559a446de9,human
4.6.2-stable,51665d46de5f45c8db9f4f9faaa370fae4752dbc,2026-03-05T19:29:39Z,False,cherry_pick,116264,f1908d643292027749f40e227f95c3f88f074a98,human
4.6.2-stable,701ae9e55251c8e53eff27238872e1063d2003a3,2026-03-05T19:29:40Z,False,cherry_pick,115257,c7e5caa68eb97db400160a71082cdde1a183965f,human
4.6.2-stable,547a094a08cb7a299336ae9132def556307401c3,2026-03-05T19:29:41Z,False,cherry_pick,116584,fc711baa23033a01407bdb37ce8e987f4b62db07,human
4.6.2-stable,3aa4fab65d280fdf35fb0c8d9b2a18220af40757,2026-03-05T21:30:34Z,True,merge,117110,,human
4.6.2-stable,c25b7781bac63ca784a6b1d298f3d1ab04c60049,2026-03-05T23:56:15Z,False,cherry_pick,115757,482d9313a2626950356c8ad8e12d7cbbb4c081c3,human
4.6.2-stable,997cdc1e3fa5a47f30c62c32aa954812a8b3dfb4,2026-03-05T23:56:18Z,False,cherry_pick,115089,d0025bd4a3bba845f0d4c04869447bcb17fa6a02,human
4.6.2-stable,06497383488a61cdcb5e2c0705390e8f3cd3ca51,2026-03-05T23:56:21Z,False,cherry_pick,115305,be27d2311637d9306bb33421db1ce506e2668b17,human
4.6.2-stable,ede2931d8892449d0ae933bd0df8d848f54c8fbd,2026-03-05T23:56:24Z,False,cherry_pick,115327,67d385e910b59378e6dd8ac69c1dab8ee2d41c87,human
4.6.2-stable,f721d684fb868474eb4c153b7c4f48b81fecde44,2026-03-05T23:56:26Z,False,cherry_pick,115147,aac883849e835eb8ff4e3bf2a0737355b55784e5,human
4.6.2-stable,e3e7ec09b4a81c0538176ea88131001c84f149b9,2026-03-05T23:56:28Z,False,cherry_pick,115194,b658e6824c49109108bb0721dfabd0ff4392a2ef,human
4.6.2-stable,9865127b116250a5c1d76fc2ab6ce538f27df33e,2026-03-05T23:56:30Z,False,cherry_pick,115315,4eafa3c58712a14046bb8f164051c08170c354a6,human
4.6.2-stable,6c89a7ec956e1a7abfd314fc351f462610acd02e,2026-03-05T23:56:32Z,False,cherry_pick,115353,fda3a5af8147c030ac76b2e11b006bb0eb6b824f,human
4.6.2-stable,00250c25db9278ba883e054a2df83d89056b0270,2026-03-05T23:56:35Z,False,cherry_pick,115412,36e3d18502786165521bd9ff091ea19d2135450d,human
4.6.2-stable,5e2052d1a7a71166de1855bbf183e4f521cd07af,2026-03-05T23:56:37Z,False,cherry_pick,115172,ffbeb2cbfc79851529d368acb3ab6886c4fa230e,human
4.6.2-stable,715bd0794ab0bb91960616acd3ea24944bf3eb4f,2026-03-05T23:56:39Z,False,cherry_pick,115193,e0e897c2ec29dd6e78cd5f87d46e430efaf2f385,human
4.6.2-stable,795a61dbb3a4983d48b0bd64bc4d63fbcd49d6dd,2026-03-05T23:56:42Z,False,cherry_pick,115026,7a2f188382ecbe7f81a4378e9786e0da0b575f9f,human
4.6.2-stable,f789cf0cb9ff64af92cc09d40fae0e536b327644,2026-03-05T23:56:43Z,False,cherry_pick,106219,4e95d26c9762c1b1cae41b16580bfb4cd7364c70,human
4.6.2-stable,d7ae59619be7b3253febd1a8527da9e3cfe3cd2d,2026-03-05T23:56:47Z,False,cherry_pick,116790,23edf0d4d929904ee5f5ea08a827b7b73b347e0c,human
4.6.2-stable,6010dc99882cd27b7a8b010e6cee373c93750170,2026-03-05T23:57:36Z,False,cherry_pick,116555,683950826bbe053934d4475f236211ff832459c2,human
4.6.2-stable,faa13210fc68ee6c8216dbd2eb39ced36c65340c,2026-03-05T23:58:19Z,False,cherry_pick,115045,fc8a6cfd3b40a221115302c7ce6d9c78e6b3b3e8,human
4.6.2-stable,0df5c0c05a38dfc1f0abd861672f9282f1d6be59,2026-03-05T23:58:22Z,False,cherry_pick,116778,8882d0efb922f5021fb0fa2b4b13a48c757c81ab,human
4.6.2-stable,d9d3aee616ad6d39590fd3be40c2a064b660bec8,2026-03-05T23:58:24Z,False,cherry_pick,116413,cd5f2aa923c338e752ae85f03d5fc142d4c26bd2,human
4.6.2-stable,d8d4e7cb7c88425a2885e7ee2a158e48509ea5f0,2026-03-05T23:58:28Z,False,cherry_pick,115230,d9198d1f669b81f0eeb1f148e3fff92fb918dac1,human
4.6.2-stable,cd9d78acfce5597b0ce4453cc0a79b382ff7e1d0,2026-03-05T23:58:30Z,False,cherry_pick,115549,cfa8d762ef8c513faa73b7f08074858475127921,human
4.6.2-stable,b055ec77df1201d3be03bb8194d90d7561239462,2026-03-05T23:58:33Z,False,cherry_pick,116057,4e8d5062e64e71c64434f2988db135226cdb9f7f,human
4.6.2-stable,448bc52537bde104c339acf36faf69bd74315d62,2026-03-05T23:58:35Z,False,cherry_pick,115378,7d3e84391b4186e5ea30202663111ffac195a556,human
4.6.2-stable,e3badfb393219efd66060f3663320c401d0b02f0,2026-03-05T23:58:37Z,False,cherry_pick,115116,e5a7fdbfd52d079872a6f2f463a09e00634079a8,human
4.6.2-stable,8ac83b922ab3557d006b2ccedce6e0d5e0266019,2026-03-06T00:09:57Z,False,cherry_pick,116719,fe57fbee8ee40261dbd728945eb347b82fb1a0fb,human
4.6.2-stable,6f79fde2ef0152c60658fde33e95955ba9ef7858,2026-03-06T00:10:06Z,False,cherry_pick,115373,f3dacf24b0b60e78ca74f2566eef26fb0c7d1767,human
4.6.2-stable,164dbf64e56c9562438e1b17c1b7c0a326dc9e86,2026-03-06T11:40:20Z,True,merge,115884,,human
4.6.2-stable,41635cea860b6108e275c05ca4e9559474beb2bf,2026-03-06T11:41:40Z,False,cherry_pick,116161,6a65e06e69f0a9486b7d87b6435fefdfbc4c86b9,human
4.6.2-stable,ceb9fdbd65a2c52a96b04b92ae4e680a1430f9a1,2026-03-06T14:18:34Z,False,cherry_pick,117131,ed8853b8d123b458b2a387be708fec9b2486276f,human
4.6.2-stable,257ac353291f56ce1857836924a6e0625ab21b75,2026-03-06T17:50:34Z,True,merge,117128,,human
4.6.2-stable,95a9dc8cc565b26511ea82dc0fa1605b5b2590f4,2026-03-11T22:42:51Z,False,direct,,,human
4.6.2-stable,773450daa87d06d12e18b54e58aae55ea3c121c5,2026-03-14T10:08:02Z,True,merge,117340,,human
4.6.2-stable,7b4b294fa030cdc894c3889936896dbecc29f166,2026-03-15T11:28:19Z,False,direct,,,human
4.6.2-stable,eaadb59480382042cf8173feaf51e425c2f51f93,2026-03-17T16:13:14Z,True,merge,117433,,human
4.6.2-stable,f0502ec9538b1cfcfe3b196c172c445ff3b1dd4d,2026-03-18T14:38:51Z,False,cherry_pick,117189,cd1d676c289804787c0fbe345308c35030b667d7,human
4.6.2-stable,424c4d30c161977eec03f5f9ddc672954f7be29d,2026-03-18T14:39:00Z,False,cherry_pick,117401,c05c85581eb236f224dd15a04feda2a8d80082cc,human
4.6.2-stable,10e92f64e5d3e0f64c6ba61f849aedf12bf11f1f,2026-03-18T14:39:04Z,False,cherry_pick,116972,20d540f943e45959fbf4eb3fc6e75d6a42e3db26,human
4.6.2-stable,7a18370d44ceb32b0db2515498c6bd4a974d7760,2026-03-18T14:39:07Z,False,cherry_pick,117469,44541235bac60be76a2801eea9e411a2b116c33b,human
4.6.2-stable,a8e815dfd9ff562cabf7a39e2857ea96002dd627,2026-03-18T14:39:09Z,False,cherry_pick,117488,697c4f1d0cbdd09c01a18846c08215d0823dc6fd,human
4.6.2-stable,942fe8896a2ac6e0e84ed93f9b290d94833ff487,2026-03-18T14:39:11Z,False,cherry_pick,117428,423ba3da00f9601be3acb813ef84b903524e36dd,human
4.6.2-stable,2d7c3e73d8735856969ba0e51d841940fc404a28,2026-03-18T14:39:14Z,False,cherry_pick,116524,f7faabb95e7e6a291bd5e1fd486bcab8206e33d5,human
4.6.2-stable,94726f67394b200582d62786d948cc1b2b817c6f,2026-03-18T14:39:16Z,False,cherry_pick,117224,ae2d544f6106c82da09567dcb8f4e988fca6723f,human
4.6.2-stable,34bc3757057cbf679cdc861f48a1867e23140d9e,2026-03-18T14:39:19Z,False,cherry_pick,116633,0c8c425f9be73b3ff43b96e9998edb3608b743a0,human
4.6.2-stable,347e6105244d06f8a63ca2bedbf1062bd3373612,2026-03-18T15:37:10Z,False,cherry_pick,117253,b9554859f62a189da846e2220b2bf4aa34b59b21,human
4.6.2-stable,a2d21508be483bf376e66df3ed243dcb5c554a99,2026-03-18T15:37:11Z,False,cherry_pick,117353,eb6dedf30f8f571a4eb88889a6de90729906274d,human
4.6.2-stable,4db15671c04e4a1081f0285ba94c3ee5b70f29a7,2026-03-18T15:37:12Z,False,cherry_pick,117371,3d62c026f6b585f9467c7d7c550e5afa9ea3f587,human
4.6.2-stable,4867b680aa62c0df8675848e326471605c627d2f,2026-03-18T15:37:12Z,False,cherry_pick,116589,e8fe6647104569ae49d98d23ee10762ceeccf0c4,human
4.6.2-stable,141ae8f6ff8d7490a799324cc5e1ed696616a021,2026-03-18T15:37:13Z,False,cherry_pick,117290,c2d191e5f3651715778b179a368c66aa76ac50bd,human
4.6.2-stable,bae6b1ca144a3a4e74ebdcacb55c3c4abfda3e90,2026-03-18T15:37:13Z,False,cherry_pick,116953,14ebaafa6df6a3e8fe06ddf03dffca583c940329,human
4.6.2-stable,18d11e0ce40f93d26bb7e2c3300c0d56cd77ab3f,2026-03-18T15:37:14Z,False,cherry_pick,117454,a61e6ffade5b678956f209e7bf99582aeba7d052,human
4.6.2-stable,5d17c04c6c40f8aff3ded3e162b380ccdc144fa5,2026-03-18T15:37:15Z,False,cherry_pick,116850,4c8b5f960f3d276c7e218b0830f2324915f8425e,human
4.6.2-stable,468ecf2141da995592bc2e25fa07b94351e1df77,2026-03-18T15:37:15Z,False,cherry_pick,117041,c0706bb71d1ae85a17e3b25a463ab6c192fe213c,human
4.6.2-stable,92abb854452dcebf99febd98751bb07503029ae1,2026-03-18T15:37:16Z,False,cherry_pick,117135,c85ada054b2d69b5926817d8d5c46cf1ab4d5fbc,human
4.6.2-stable,499ca0b8dfcf2a374d676b3c7cf3f687487525ec,2026-03-18T15:37:16Z,False,cherry_pick,117479,475e7452eb4a9e157acfe96f1949a4e266df2f16,human
4.6.2-stable,f647977a730eca9dcaafdb156de3c179e5eaaf9a,2026-03-18T15:37:17Z,False,cherry_pick,117201,e2e8a280c340fe2d59c50dab5fd7f13210132f0d,human
4.6.2-stable,8402ed6435af1d716e24faf8c27f6ceb52763e28,2026-03-18T15:37:18Z,False,cherry_pick,114941,5387f0d596dde3583e1e6c4c856ceba7ac046825,human
4.6.2-stable,46fb0152020aeb51b52dccbc8f08a7c4408394a6,2026-03-18T15:37:18Z,False,cherry_pick,117335,2df02c8463f9b57467c5e7b1443c09169548a0ef,human
4.6.2-stable,3aaedd088a1c751ecbc56e5841fe3a088b6ceaee,2026-03-18T15:37:19Z,False,cherry_pick,117388,9c1f440358530281cba3076e23832182ee4da3d7,human
4.6.2-stable,8967d5893cc16cb4719d9b3f751733a99e3a854a,2026-03-18T15:37:19Z,False,cherry_pick,117151,36c91c7a4abde6823c2aae07895d0fb129fe27ca,human
4.6.2-stable,b5b335cee140b9db270b895604128352486752fa,2026-03-18T15:37:20Z,False,cherry_pick,117564,cf1c203015a1f2fa48f234ba93548741fb74c9fb,human
4.6.2-stable,7ac2da56c7aff101bfdc591f2f5b2e3a4d93621e,2026-03-18T16:37:45Z,True,merge,117566,,human
4.6.2-stable,41d0dc8869f45e85ff9b6a972bcbad701afd00c8,2026-03-20T14:02:06Z,False,direct,,,human
4.6.2-stable,638b2f1e923cfb75cc812c2cc168d81fc09ee493,2026-03-20T15:29:43Z,True,merge,117674,,human
4.6.2-stable,5959ab22ca2877b62bf394b340d46464a23c5110,2026-03-23T20:10:26Z,False,direct,,,human
4.6.2-stable,5bd79ab53ffe9952f371a10e31c17947cf9a176b,2026-03-23T21:33:49Z,True,merge,117763,,human
4.6.2-stable,beafca8fbab19f42f6ecb0c98b0db596179eea95,2026-03-30T03:12:00Z,False,direct,,,human
4.6.2-stable,fdc9af6cdcee27edad16df50433b4f2a1bf01f57,2026-03-30T07:47:13Z,True,merge,117989,,human
4.6.2-stable,e2fce9597197d96144079c8fec4470b14916e9b4,2026-03-31T13:39:43Z,False,cherry_pick,115245,432214a29edbed233dd80e635806467c1795fbe3,human
4.6.2-stable,12d5ed791e93a88a6de32d1c6dbb9aa998c1fe25,2026-03-31T13:39:55Z,False,cherry_pick,117617,37481d661358766ab407d2365a2f4ed3a948e0f4,human
4.6.2-stable,3da104e06a34f0ae876d651f9577605c3fb06ab9,2026-03-31T13:39:57Z,False,cherry_pick,117634,ffb697f9671d578d92d21cb3733b649088a42f2c,human
4.6.2-stable,b107463c7e1d56b620458e19ec22e0a108479e7e,2026-03-31T13:40:01Z,False,cherry_pick,117464,e6d5e532e99c9e3765a102cd5a85330da39b78b3,human
4.6.2-stable,c563a1f251083b4f29cdfa0297a0fe5dbba75e17,2026-03-31T13:51:01Z,False,cherry_pick,117385,eb680bc8c3e4a811dc8736716fd9cf57567c21dd,human
4.6.2-stable,d64a8f17e58223ee5265a4716d3c2115243ab1a0,2026-03-31T17:46:16Z,True,merge,118035,,human
4.6.2-stable,f39cc28e89d4e8060a3ea0983477809bc0897554,2026-03-31T20:41:54Z,False,direct,,,human
4.6.2-stable,001aa128b1cd80dc4e47e823c360bccf45ed6bad,2026-03-31T20:42:38Z,False,direct,,,human
4.6.3-stable,8421c61c7edd9a19e3f147a7a57813db23539ed5,2026-03-31T20:45:15Z,False,direct,,,human
4.6.3-stable,0d03ed9cdad5fcee7bbd681b3ccd4815e1460e61,2026-04-13T17:16:41Z,False,cherry_pick,117477,013662361b9af5fda4cf12afcd822cafbcd8e4d8,human
4.6.3-stable,28e8ec1f65c1b2b854089d3951b4022cc7f97957,2026-04-13T17:16:44Z,False,cherry_pick,117878,481e3b41ef1d074b31407b9efd548c9cd0c1c536,human
4.6.3-stable,1f5771f9a4f144ff35a36a112ef375733fe1058a,2026-04-13T17:18:46Z,False,cherry_pick,117906,25b80e589e34c23a358656df7c078196cb59004f,human
4.6.3-stable,1382e3004dc52a61e3ea6fdc4cda68c5629a75e8,2026-04-13T17:21:45Z,False,cherry_pick,117511,64f7bbbf12f76f78999d9b2bad12346d2d8885a4,human
4.6.3-stable,8350e3883d5c1728e27dddb3878c737091d9015e,2026-04-13T17:22:24Z,False,cherry_pick,117725,73c860cde280f31c224f861b817c647dec83f4ca,human
4.6.3-stable,90b7674f8daf19432a33c9f4d2ba087d7a1d2b02,2026-04-13T17:22:28Z,False,cherry_pick,117529,c92480752075dca615c8fecd2a49b821784d90f0,human
4.6.3-stable,6649bc1eb06bfbbca5f976ac1bf5a2334d51323f,2026-04-13T17:22:32Z,False,cherry_pick,117790,a11e23e3e292710fcd5823faa1a3e48de591271a,human
4.6.3-stable,e5754f5a85b7485b3e4759baee13acf36a6707c1,2026-04-13T17:22:35Z,False,cherry_pick,115903,7e1c6ce8f0b0bf1c84b5cc339cb5afac582eeff8,human
4.6.3-stable,c434f7f69a24c92f67e2259a4f7f8465bf7e61bb,2026-04-13T17:22:38Z,False,cherry_pick,114868,13754bd0d421be9ff6d47ce7b50b10d981c25cd6,human
4.6.3-stable,34439197c2d0e083be32c287d3bc57ec1d411467,2026-04-13T17:22:42Z,False,cherry_pick,118064,27305b6de8e5a420bec843918650ec0c6f10ff72,human
4.6.3-stable,dfbf3f682879608fb7a5297e923f1c190959b0f0,2026-04-13T20:07:25Z,False,cherry_pick,118205,ac913816d4266394a738d2f3aea262fc9e0dba68,human
4.6.3-stable,9a786073a112fcd95a467bdbe4d94cd78b2622f2,2026-04-13T20:07:26Z,False,cherry_pick,118037,12a3d854339e7ce8270afd50d6e27dcb1e13b1ea,human
4.6.3-stable,064976f51e01c3382eac8136aab485e16a4b603d,2026-04-13T20:07:27Z,False,cherry_pick,118285,7f6796a57205093bdc8fc385eab93f540dba0fbd,human
4.6.3-stable,94cac96a97b33afafee6a2b870a696eb2ab47f2b,2026-04-13T20:07:55Z,False,cherry_pick,118317,63c49cc66841dfd1f9252ceefebb9c7a8f994622,human
4.6.3-stable,e162b39b1f6def642a557baa2755c71c43bb7662,2026-04-13T20:07:55Z,False,cherry_pick,113905,ad3d59b59d0c30e301cc15563eba93c4ffa38b8b,human
4.6.3-stable,bdb562650cd590fe3dec70a15b5172f9e4a8dead,2026-04-13T20:07:56Z,False,cherry_pick,118483,6c1306773ceeaa4445d129b98851b2004cb8a89b,human
4.6.3-stable,b141a0ae979a1ca2d7d52bedd2a1d797d55c27d9,2026-04-13T20:07:57Z,False,cherry_pick,115609,80c5e37530ff83351f685c2b29284cb8bec287f0,human
4.6.3-stable,64e9c041556e8f1053b4ae34ab59a37cd742a0a3,2026-04-13T20:07:57Z,False,cherry_pick,115274,2818cbd5a519bb82b0f2f709a39b9620a8862593,human
4.6.3-stable,b41da59a36151dbc1c42f6743fc4e863129ff934,2026-04-13T20:07:58Z,False,cherry_pick,116641,a5f462a9128f791e7235551b01fb751077e1bf32,human
4.6.3-stable,9109a4166433240764516cc9d60092f368713f0b,2026-04-13T20:07:58Z,False,cherry_pick,115132,30cfb06941ec86d7b7da164ca67cb5094c82441a,human
4.6.3-stable,0be906dc5ae4e7fdefd1c4668d8acefd84cfaf49,2026-04-13T20:07:59Z,False,cherry_pick,118512,eaa270cc1fbc1252a8e8d62aef9f02291946f6be,human
4.6.3-stable,8f0647b00ea750be863626ed6641f7bb799e0024,2026-04-13T21:34:55Z,True,merge,118531,,human
4.6.3-stable,d8fa2662351f0685ede20c7039bd4e4bf59b3cb9,2026-04-27T17:38:38Z,False,cherry_pick,118559,1dae15757edcffdeda62c3719c21a5d6457da80b,human
4.6.3-stable,baaad75c0515c76ecaa489e90396c258a6e3c18f,2026-04-27T17:38:39Z,False,cherry_pick,118564,f241e80105631a2fb191d05b471f87e3ba1f120f,human
4.6.3-stable,56b54c93ec3aef9b6b11c11164515c198429eee3,2026-04-27T17:38:40Z,False,cherry_pick,118749,419db23c85e4391697fe85afc79407638dae081e,human
4.6.3-stable,38aec3bf7ee377aa97bdcdeb3bf270dd13b301ce,2026-04-27T17:38:40Z,False,cherry_pick,118522,25b04932c99bb12992fd2f406952f89667fe784e,human
4.6.3-stable,b4d788e6d8a5476bdfc8485760ec7ce4f959cd23,2026-04-27T17:38:41Z,False,cherry_pick,118527,14568256a395c699df393818cafecff1945d164c,human
4.6.3-stable,088800bfaf9af7639660fd2e360aa3fc4f4bf59a,2026-04-27T17:38:42Z,False,cherry_pick,118774,419db238a52a63f4fbf3490e77ecb5f926b336d8,human
4.6.3-stable,b0f4bd26fd686f6ad403bde4d20fe1d3afb09b68,2026-04-27T17:38:42Z,False,cherry_pick,118786,754039e8770c6794c06046db45a1652b443b4ede,human
4.6.3-stable,0f007ed768c0643a07425d35ace1f57b33d45863,2026-04-27T17:38:43Z,False,cherry_pick,118678,6409ce6bb646e2c73362771b5e5e172de42a5a59,human
4.6.3-stable,cc4866afd1b6d485f9222ce9640ce113fb66ad3b,2026-04-27T17:38:44Z,False,cherry_pick,118850,74e0993abf951aec91421bee040b08e6803a87b9,human
4.6.3-stable,252ba19ae1f80ddeb0f37ef5cd3dd9636b42aca8,2026-04-27T17:38:44Z,False,cherry_pick,118952,2f55d31910c0feb406517820b6db0c92167600d2,human
4.6.3-stable,0df011d1f5be752c88c886926bce80bde56ccd50,2026-04-27T17:38:45Z,False,cherry_pick,117959,15e587d4b017ef1eacb79ccb6aea224aa801944f,human
4.6.3-stable,e784fb04690f6844741bb26d7fcbdaaf0095807f,2026-04-27T17:38:46Z,False,cherry_pick,117219,fb62d466475d76ef49da2ea367685cfb5ad0d80f,human
4.6.3-stable,6c6334bb9ab39075c9440f952cf37a60405c7d94,2026-04-27T17:38:47Z,False,cherry_pick,116670,a459aedac343894541d32414c3f03ffb95e76210,human
4.6.3-stable,b7007701f3e17b92df240894ceae078b52b5f97c,2026-04-27T17:38:47Z,False,cherry_pick,118116,34fe9ffc63c5bba7295c79db16e39500def9f6dd,human
4.6.3-stable,37ae6ebbee94b0ff39ff26d3997e273635f41d66,2026-04-27T17:38:48Z,False,cherry_pick,117147,32f835124d54d20f9aea1a33207bc1c660e9878a,human
4.6.3-stable,bfe6dc70e042f1a955b881cb766cd558f303d8f6,2026-04-27T17:41:28Z,False,cherry_pick,118533,bdc76e0f59eaa8fdfaa895e93d1abafddb603ca1,human
4.6.3-stable,457333bb66ff45e1d49e786ef45239d2adac64c7,2026-05-01T04:11:30Z,True,merge,119004,,human
4.6.3-stable,75bf918ca140da55018662b0d1475f76cd643728,2026-05-06T16:55:27Z,False,cherry_pick,116546,61f6005ca4501a7ad5c2db112ef9f46c490e364c,human
4.6.3-stable,9a5ef48ef94e42d7c2d5292c9118afec2adaea0c,2026-05-06T16:55:27Z,False,cherry_pick,116683,1842f22a15697c0a64dbafa1ece5891be7b6511e,human
4.6.3-stable,686718cc76f9587b123b1159f1d8c5e6d2fc8aa0,2026-05-06T16:55:42Z,False,cherry_pick,110083,c0a648de76f5a2cd9000205b561904919c0e9a4b,human
4.6.3-stable,75dfd81fa4fadd1a9046bd01ac5ea22bd82aff3d,2026-05-06T16:55:46Z,False,cherry_pick,117036,bbacc674b87d55675f7695e5db33a5c3a85273ff,human
4.6.3-stable,bca43fd2ef1900ff8f58bc63c88b3758cd214874,2026-05-06T16:59:34Z,False,cherry_pick,117011,70906e4febc724efdc3b4efc06a53feef95674d6,human
4.6.3-stable,8c14a20871244a534b8d364f0c92304b87a9375a,2026-05-06T16:59:37Z,False,cherry_pick,116568,d66c9cfebabbe9cf2aaad86b3664dcd6fe66e995,human
4.6.3-stable,d6930a3ff60478ea8316bd74fa52fa01338462d4,2026-05-06T16:59:37Z,False,cherry_pick,116105,bfcd9be90d20c3e1690a3e1f1412def00b714781,human
4.6.3-stable,52eb5c5c9d6963c7babe115604ca82109fb07e00,2026-05-06T16:59:37Z,False,cherry_pick,115587,a18550907b95aa86643b314909a0f02a202e07c2,human
4.6.3-stable,332d5839c81f9357291fae8c0abea799918aaf8f,2026-05-06T16:59:37Z,False,cherry_pick,115218,72ed330f9804439171ef9903a54a6e4e4fa6981d,human
4.6.3-stable,ca034ef3b50e0c7607159870d355ecbbd015c640,2026-05-06T16:59:38Z,False,cherry_pick,115197,d0069b6ba789987e91f3c4dfb03aae387c26e0da,human
4.6.3-stable,619d387d2005c41530e68bb96c20880713bf2a91,2026-05-06T16:59:38Z,False,cherry_pick,114943,277afe074bfe6ed073975a567f4ab731cb5fca93,human
4.6.3-stable,d25d3aefb18b35a8cba2db08c300377ad14c1b4e,2026-05-06T16:59:38Z,False,cherry_pick,113761,e86050e745ec8b2a2035744cc6a14cbbe2e75e33,human
4.6.3-stable,288b819c2ca955a849a5947270c63254e58553be,2026-05-06T16:59:38Z,False,cherry_pick,107234,979d3e58d08d60261a90505787c1b22b87d01a01,human
4.6.3-stable,c4e560c7f969bc6154cb39ea229f9c6df890a490,2026-05-06T17:05:46Z,False,cherry_pick,115282,27668c1f20bf7eb9460c0dc44e5390260c63ded4,human
4.6.3-stable,55dbab1d09519911a37c85e2690c9f20dd7c32b2,2026-05-06T17:05:46Z,False,cherry_pick,115601,95bc5e1efb43dea1cc737b989e7bd309f9332c57,human
4.6.3-stable,3741d9212f72deb9d018db741212cf86f04f5cbf,2026-05-06T17:05:46Z,False,cherry_pick,117256,b005890f06298982bfbe3a6a5dd8eecaeb427415,human
4.6.3-stable,cf9039c478cf1a3dec0ddab56491bbde928e7e4a,2026-05-06T17:05:47Z,False,cherry_pick,89325,5b83e9b0a42a6935662dbed000986735de2137c4,human
4.6.3-stable,e36d4a5019d087cdbfa44815fea8763716d20613,2026-05-06T17:05:47Z,False,cherry_pick,119274,873131973a084987144cd5f6bdfb52a95b43dbf0,human
4.6.3-stable,61a70f8ddde27078ddf21de4e4803c37bf71ad65,2026-05-06T17:05:47Z,False,cherry_pick,119265,995d280a1e305758252caffe32b00aefb03399a6,human
4.6.3-stable,6357d9e4cd17bb0d6f7c78183753b76f6852eb05,2026-05-06T19:33:37Z,True,merge,119290,,human
4.6.3-stable,4a788e4e4c333db10aa3e9f872f67fe60ed898a9,2026-05-14T14:49:19Z,False,cherry_pick,119414,c76223a35ef23546b09fe8f30f43652e4babf576,human
4.6.3-stable,8cb6531c843b1e14e5756da13587a1b8eb6b60e4,2026-05-14T15:22:43Z,False,cherry_pick,117846,10ac7baae28f29a31ea8d450838f09586c9f3c7a,human
4.6.3-stable,88c9f52e84766d39e30985938680c9b28de5ceac,2026-05-14T15:22:43Z,False,cherry_pick,116648,9c40e1d25b05a8f7d9f7b6cae26d082937cbf5cb,human
4.6.3-stable,451878606dc7232f0519a18a50757d4a5d8ecb2f,2026-05-14T15:22:44Z,False,cherry_pick,117873,b1c216d916a25e53cbdd10a942728a919cbf49b6,human
4.6.3-stable,17ea7a99aebce11367e15c40ccc15e4ced2d0e70,2026-05-14T15:22:44Z,False,cherry_pick,115267,744d038ae7688a01373ecaf5f980d18e9683e330,human
4.6.3-stable,efa58daa6587ac84d0568eaf0979019e8b9e6f22,2026-05-14T15:22:44Z,False,cherry_pick,115222,c317a4cc427f71a7398b9b13ccc69a843d675133,human
4.6.3-stable,e8b86be8c8b02a5e73d290bd645831a39a711362,2026-05-14T15:22:44Z,False,cherry_pick,114968,80c9c08df0d068474510f06009eee3790b12bc02,human
4.6.3-stable,c71fcb5574ea96a930d9b99386b0706997d0bc62,2026-05-14T15:22:44Z,False,cherry_pick,114951,3ad42d859e03162baf417560e7facb5149b3e791,human
4.6.3-stable,5ab8a05096c915a330b704ef4cedaba13f45fa36,2026-05-14T15:22:45Z,False,cherry_pick,114732,2d1137567c6cc45a4a4f8828fc1398a0c75d360a,human
4.6.3-stable,a079c458150c04069d77e8a300636dcff2728291,2026-05-14T15:22:45Z,False,cherry_pick,114467,3f50ab6f034d312a27f7fc77889f0803b2a53aa7,human
4.6.3-stable,a73208ab7f72c79fb2fa79f3719b2002d24d9c6e,2026-05-14T15:22:45Z,False,cherry_pick,111859,290180c89984cb5236c81e3f778d183026fdfbd1,human
4.6.3-stable,fc53b6a82d856771f479e7c711af8429525117c9,2026-05-14T15:22:45Z,False,cherry_pick,110523,ef98bdd5023f988c069f407812c68bef863c4f72,human
4.6.3-stable,97aa4f8a7d95fc0fef0fce9bf78ec06441aa98e5,2026-05-14T15:22:46Z,False,cherry_pick,116995,d65562366c47ae5a3abe1d0714d6731e30c3d2b8,human
4.6.3-stable,b6f12d66dc6fcc910dd00c752336e5b417db8b0f,2026-05-14T15:22:46Z,False,cherry_pick,118159,4be94676448c3e9680b3195d608f056b1a9b396c,human
4.6.3-stable,b5727d9cad076889db1e12ef236b0428055c7aac,2026-05-14T15:22:46Z,False,cherry_pick,117771,ee8aa5176b095be68c7b12a5f17cc2149e6f6e3d,human
4.6.3-stable,ca42aac89b74871854e5ba19db03774addd4d71c,2026-05-14T15:22:46Z,False,cherry_pick,117683,2a74e99f91df33f665d6edf83351557663fd1916,human
4.6.3-stable,c611992c92c496c41c4c50efdd85e98debc6709e,2026-05-14T15:22:46Z,False,cherry_pick,117673,14e1582b5e3e3c3b743748845ce9d1aec8611a4d,human
4.6.3-stable,05a07b4e2bbaf6117b0e81080c1aafdfe304976e,2026-05-14T15:22:47Z,False,cherry_pick,117521,1d77e2f10f00f64d2b87c2c416bdb98cafd1a07a,human
4.6.3-stable,e93b18dc50658d4acc0130c26b37494d8d01f60e,2026-05-14T15:22:47Z,False,cherry_pick,117378,96edb55fcd3a0f25bb786a9ae96f2cffca934730,human
4.6.3-stable,7c1ba29806eb2c0cc3a8bd241ac57b5d4849d49c,2026-05-14T15:22:47Z,False,cherry_pick,116814,4d012fe73c77d0ae305aa7890c741115472a47c8,human
4.6.3-stable,5aa2c5ae545421b655f88528b921de09a35ac9b8,2026-05-14T15:23:18Z,False,cherry_pick,118926,dc1a6dc07fbe111e034d89f10841a185e812c583,human
4.6.3-stable,e880d6bbfb74479376a0cba9b106ac0c39b4cfe4,2026-05-14T20:24:54Z,True,merge,119463,,human
4.6.3-stable,99f95bb2526d28cc0e25f835ffee7e14ee3f7304,2026-05-19T14:44:12Z,False,cherry_pick,117653,ea070aceeccf3d349c197379b28bb8a2b26d06a6,human
4.6.3-stable,a3953b69bc0f52c41cfde7e8fa59e1e8b5872d2b,2026-05-19T14:44:14Z,False,cherry_pick,119495,948032c89c96daee19a8f6778f492399c034c93b,human
4.6.3-stable,a9fbe3c8429d3a81878c765739029e5834886faf,2026-05-19T14:44:14Z,False,cherry_pick,119422,3821a9767a49965efa67bc34b57088184d3f0778,unknown
4.6.3-stable,7a728050acba7d31f3a781423538e08da7f4efc7,2026-05-19T14:44:14Z,False,cherry_pick,115681,5877ad3f6b5d29eb99cb6432aad177046bc8f77d,human
4.6.3-stable,433fcb2c8f95c10b5ab00e801aaf5aac54afb870,2026-05-19T14:44:32Z,False,cherry_pick,119150,9c81dfa8645585dda473689d56673dfb1cd45bf9,human
4.6.3-stable,8b7a4f91431dfc5ef8895d2c136b12ca70d59c63,2026-05-19T14:52:10Z,False,cherry_pick,119445,1ade2b8e517f7f0e404afd5dd90962e34d92b4aa,human
4.6.3-stable,2c288995110f9d83d76d5e835fd7aaf1d4057956,2026-05-19T15:52:38Z,True,merge,119575,,human
4.6.3-stable,a89dd52037983bacbdc118053eb3f68bb2480303,2026-05-20T13:47:15Z,False,direct,,,human
4.6.3-stable,35e80b3a8822a9df9be390814b62f44c0a9c69e8,2026-05-20T13:47:53Z,False,direct,,,human
4.7-stable,5b83e9b0a42a6935662dbed000986735de2137c4,2024-03-09T19:15:33Z,False,direct,,,human
4.7-stable,5809a67c474631986ff127722025faf91ec74555,2024-06-11T15:14:22Z,False,direct,,,human
4.7-stable,ddcec91db03df148b3661e73f629fd5a7052a393,2025-02-12T21:35:02Z,False,direct,,,human
4.7-stable,7affb89f65b5af8eb8b6551036cee9def96ae958,2025-03-21T13:32:00Z,False,direct,,,human
4.7-stable,763717f9a0de8f7f6a0a9b379d70abf0c9c3115c,2025-07-08T16:30:53Z,False,direct,,,human
4.7-stable,3b119ba465f13fce3ee2ce3e8968ec0ad84f582b,2025-07-21T16:51:19Z,False,direct,,,human
4.7-stable,01dfdaedb3f8c3cb7ce8e0a09d23fc5d61a59218,2025-07-30T04:56:19Z,False,direct,,,human
4.7-stable,9bbad450450ebdadcff7785fee63e67f2d980400,2025-07-31T16:24:21Z,False,direct,,,human
4.7-stable,67891fee5752eb46eb3f6370c10080ba3239935f,2025-08-01T05:50:56Z,False,direct,,,human
4.7-stable,62c7ddbdc9edc5cb69dd3baa4d215a5bc40c3a87,2025-08-18T16:31:57Z,False,direct,,,human
4.7-stable,17bf04fd2bc1e60f7f0472dbccaae39e6a533ceb,2025-08-19T06:46:17Z,False,direct,,,human
4.7-stable,55abbc424420b1f9d9895a80bcf25254b2b0763e,2025-08-25T13:24:24Z,False,direct,,,human
4.7-stable,62c6e2b11c4a760073457de1e7ba66f6fc2de0de,2025-08-25T14:49:37Z,False,direct,,,human
4.7-stable,adea40f0de2f100580bb5741b4f7a3026640fd14,2025-08-27T18:55:38Z,False,direct,,,human
4.7-stable,ef98bdd5023f988c069f407812c68bef863c4f72,2025-09-15T18:01:47Z,False,direct,,,human
4.7-stable,9fa4c62c228906a3f2a93d796882e76fe08a985d,2025-09-17T08:30:07Z,False,direct,,,human
4.7-stable,7e8e9398cedd4a67d669655b6415e16eed039a19,2025-09-28T22:50:35Z,False,direct,,,human
4.7-stable,14e1dbd2e07da6dcf0a377de7ac71ef35c4a0780,2025-10-13T06:03:46Z,False,direct,,,human
4.7-stable,290180c89984cb5236c81e3f778d183026fdfbd1,2025-10-21T20:44:34Z,False,direct,,,human
4.7-stable,357caceca6a8e4dbdb54606f0630a25632003969,2025-10-23T05:54:12Z,False,direct,,,human
4.7-stable,cabbc616c2930cd9fb44179d31cef64c1c81516f,2025-11-06T01:22:41Z,False,direct,,,human
4.7-stable,03d6e70dba91cac7cda2eb548faa0781aeb97b79,2025-11-17T20:03:19Z,False,direct,,,human
4.7-stable,cc91cae030091255d23ef1b31f621773527726c5,2025-11-18T21:55:22Z,False,direct,,,human
4.7-stable,cef0ebaa232ebaf8af44369ea58838f342a3f9c1,2025-11-22T16:08:06Z,False,direct,,,human
4.7-stable,c6950021762d2f53d36eb1dcbf37ce053f65e097,2025-12-03T05:02:10Z,False,direct,,,human
4.7-stable,22e9ff5e3e37c83f4ccff5923646f26682d9ea8a,2025-12-06T05:44:45Z,False,direct,,,human
4.7-stable,99b889b6c3d13d76e29582682d69a049a153a041,2025-12-08T12:50:19Z,False,direct,,,human
4.7-stable,442dd8a1ee3e83fd4d4401ed235a3681fc8d2f9f,2025-12-08T14:12:01Z,False,direct,,,human
4.7-stable,c1253d3aad0ae0195c1ffc8583dc20fba5ef9c8c,2025-12-08T23:47:42Z,False,direct,,,human
4.7-stable,db8a44b06bc32e9a9170ada26df0875de15e4059,2025-12-11T06:00:50Z,False,direct,,,human
4.7-stable,47833d6e1639bde39d4d9b867a56625964861121,2025-12-11T13:00:15Z,False,direct,,,human
4.7-stable,a378f9781d0aac23eb1e4851ff1a29086762f096,2025-12-12T06:04:22Z,False,direct,,,human
4.7-stable,1523979fa5b6bbefecf7f184c64efd996099a314,2025-12-12T13:07:28Z,False,direct,,,human
4.7-stable,e2a1ed44ac85b768dc7ac366bf1179829e4d4de2,2025-12-12T19:46:12Z,False,direct,,,human
4.7-stable,0e2263caa5743f1f1507885285e9f0ae139faf09,2025-12-16T13:28:45Z,False,direct,,,human
4.7-stable,9cebbf12dc231b3e8baa090879a176becbd1424b,2025-12-17T23:29:21Z,False,direct,,,human
4.7-stable,db60d48f43f5b2404b7022f46b9dfed57e9b8a2b,2025-12-18T15:17:40Z,False,direct,,,human
4.7-stable,ecc00b12388d58e25bcadb880d9bc29dda9d0328,2025-12-19T16:25:07Z,False,direct,,,human
4.7-stable,a1a6aae85927e029c6ec0be6900e5020aa9b1fe9,2025-12-19T16:26:05Z,False,direct,,,human
4.7-stable,ab1ae6d58c443532bb3b4569d940fb4bf95ba5c1,2025-12-19T17:15:22Z,False,direct,,,human
4.7-stable,95d07468bd47fb9a4da50c00c7997f556f778c2f,2025-12-19T19:12:19Z,False,direct,,,human
4.7-stable,9bcaa773a2c3a30e327972213c1e62cc01f70770,2025-12-23T00:16:02Z,False,direct,,,human
4.7-stable,e046830c5037ea3c06e3c8cc9211170dbb11bad2,2025-12-24T20:28:15Z,False,direct,,,human
4.7-stable,871a0cb7fadc0c74abe9dc72f5c620bf6b8d5047,2025-12-24T22:47:26Z,False,direct,,,human
4.7-stable,b5cb8216361f22b4cef31025a5b428d324177f49,2025-12-26T18:33:40Z,False,direct,,,human
4.7-stable,542bd5a52f4b658722786dc1df0c7c1f41da668c,2025-12-28T23:46:39Z,False,direct,,,human
4.7-stable,1d95e762a2c04a3648173f0206330c851366f97a,2025-12-30T12:32:37Z,False,direct,,,human
4.7-stable,612de1b6d295d6c91e133e71f115c7b65ce91087,2025-12-30T15:35:02Z,False,direct,,,human
4.7-stable,c3ff178b996195b292e7d4f23edf63403945f9d6,2025-12-30T18:08:17Z,False,direct,,,human
4.7-stable,72f13e0593d2014a585aa9d6c5f69e3af3a0ae80,2025-12-31T02:51:18Z,False,direct,,,human
4.7-stable,275b26a6c2991ed36e47f35a26fd59439973d9fd,2026-01-02T12:34:07Z,False,direct,,,human
4.7-stable,d78857b53e1113861a995e0df6bf36a134a930d2,2026-01-02T13:42:24Z,False,direct,,,human
4.7-stable,edabe363f9a0a7604e49d2b4e9a0af0301118ed5,2026-01-02T16:42:22Z,False,direct,,,human
4.7-stable,08624a7705b3d92ed658fe332534ab0de4882f44,2026-01-02T17:04:44Z,False,direct,,,human
4.7-stable,46a62fc0c2f17ffea56fa5195e227cdc57bb1d34,2026-01-03T13:20:19Z,False,direct,,,human
4.7-stable,4813b1a6dd8083d18a035f3e229e313eef24ef93,2026-01-04T09:24:15Z,False,direct,,,human
4.7-stable,200e7435687c1b08d122b5ed617198aaedd00315,2026-01-04T11:27:52Z,False,direct,,,human
4.7-stable,055648ea19897d38a9ee8a753acff149e98d53b6,2026-01-04T23:17:05Z,False,direct,,,human
4.7-stable,e9cf0e0e1864c4933be519e84872ae2c3f2e5516,2026-01-05T10:51:24Z,False,direct,,,human
4.7-stable,83409fc50fcc0f9cf31c00f6a74755bed9e37b87,2026-01-05T11:23:16Z,False,direct,,,human
4.7-stable,e51750968e4c1912dbe14a61a7e74e8a12ce9af7,2026-01-06T07:31:10Z,False,direct,,,human
4.7-stable,43a1a9464f0c364c479e651b7622e693955d637d,2026-01-06T17:45:16Z,False,direct,,,human
4.7-stable,6e49e01711501100eb2365666ebf7d434e58a6d5,2026-01-07T14:39:34Z,False,direct,,,human
4.7-stable,13754bd0d421be9ff6d47ce7b50b10d981c25cd6,2026-01-07T15:41:34Z,False,direct,,,human
4.7-stable,963f41fbb6f27a7b4499d88bf5a850c69f99062b,2026-01-07T19:07:49Z,False,direct,,,human
4.7-stable,e84f8c5e581a171b6a682adef73db8df6a19d2bb,2026-01-07T19:35:37Z,False,direct,,,human
4.7-stable,2d1137567c6cc45a4a4f8828fc1398a0c75d360a,2026-01-08T12:45:40Z,False,direct,,,human
4.7-stable,6f2eaf0f8e29dbbaa59a5caf433aca206259455b,2026-01-08T22:32:15Z,False,direct,,,human
4.7-stable,b8c3f9086ca2b18e6b9909959107ab9eace71e27,2026-01-09T14:09:36Z,False,direct,,,human
4.7-stable,15b34a71133a9085df0db752f357a276524e2c31,2026-01-09T23:45:41Z,False,direct,,,human
4.7-stable,d4f06d4983991c7f4d457dd0e0abcf3f971335e3,2026-01-10T17:35:34Z,False,direct,,,human
4.7-stable,12782eac8e097a9b9eb3537ce76658fc0ef5f4e3,2026-01-11T00:06:32Z,False,direct,,,human
4.7-stable,6d06b3a7d6250cece1c21f7a44312cc97383d99c,2026-01-12T08:59:38Z,False,direct,,,human
4.7-stable,3f3dea380c19224121ff6681698ba062c0de8b16,2026-01-12T23:31:30Z,False,direct,,,human
4.7-stable,91cc70f280a4808af69bcdee54f867d43b363bdd,2026-01-13T18:32:33Z,False,direct,,,human
4.7-stable,277afe074bfe6ed073975a567f4ab731cb5fca93,2026-01-14T11:42:36Z,False,direct,,,human
4.7-stable,4e8cba2d225cd385bba2512d714d01197dc914b2,2026-01-14T13:23:51Z,False,direct,,,human
4.7-stable,7ce460f243e8f80ebe0f085b8420d0f4593c9f59,2026-01-14T19:08:18Z,False,direct,,,human
4.7-stable,4414302eab73f1206b7b3c15816bb7a699a73b5c,2026-01-14T19:09:13Z,False,direct,,,human
4.7-stable,7c88d6d7e7b258a118edea2feb23a16be90a49e6,2026-01-14T19:30:13Z,False,direct,,,human
4.7-stable,bfccdbecec5c6fcc0ef2195f385eecad8b9c582d,2026-01-14T20:42:53Z,False,direct,,,human
4.7-stable,80c9c08df0d068474510f06009eee3790b12bc02,2026-01-14T22:06:08Z,False,direct,,,human
4.7-stable,320bfeb81958fa65e8edb3d166d2e3383dab9184,2026-01-14T22:58:01Z,False,direct,,,human
4.7-stable,542f8ddf22ab696b70d6f8acfeac95b037fd998b,2026-01-15T02:55:21Z,False,direct,,,human
4.7-stable,1af062788620e7a77aaf816fa0bfaf5ae6748bd6,2026-01-15T11:12:09Z,False,direct,,,human
4.7-stable,28c402e49791f68ff0beb78ee41c2d9a9356becc,2026-01-15T12:41:26Z,False,direct,,,human
4.7-stable,3ad42d859e03162baf417560e7facb5149b3e791,2026-01-15T13:27:27Z,False,direct,,,human
4.7-stable,7b2b3b41ee2f5fe1aa40527373929b22920d7c0e,2026-01-15T18:06:32Z,False,direct,,,human
4.7-stable,f2e370cfd3f3bdc0a301d8f0b7fbcf8a098e8d8a,2026-01-15T19:04:02Z,False,direct,,,human
4.7-stable,7d30a7b495ed9c99022fc1b198ae1108229d5fea,2026-01-16T00:05:38Z,False,direct,,,human
4.7-stable,7a2f188382ecbe7f81a4378e9786e0da0b575f9f,2026-01-16T09:12:52Z,False,direct,,,human
4.7-stable,edfce89232a41b603cfbb1423e20cb39827622bf,2026-01-16T14:25:43Z,False,direct,,,human
4.7-stable,fc8a6cfd3b40a221115302c7ce6d9c78e6b3b3e8,2026-01-16T20:39:52Z,False,direct,,,human
4.7-stable,2a7a3127662692ce7f677f79030651304b7bf21a,2026-01-16T22:32:51Z,False,direct,,,human
4.7-stable,af8881281bdb1b6d6194de9634f974bb7625187c,2026-01-17T00:59:11Z,False,direct,,,human
4.7-stable,7cbef45dd445e39d9705d9f5dde769248594d479,2026-01-17T13:39:43Z,False,direct,,,human
4.7-stable,03b67fd69724ddf92ae19ef47c6f5700b22615e9,2026-01-17T17:30:00Z,False,direct,,,human
4.7-stable,d0025bd4a3bba845f0d4c04869447bcb17fa6a02,2026-01-17T21:03:50Z,False,direct,,,human
4.7-stable,d4a765449371a306cf29f29e7448d8047db65673,2026-01-18T13:51:53Z,False,direct,,,human
4.7-stable,0b51ba8a6a378dfc8cb6eb4272db60932b1ac814,2026-01-18T20:22:16Z,False,direct,,,human
4.7-stable,4dda11b3f9592ebbaef6dc063da42d01297fc9f6,2026-01-18T21:03:45Z,False,direct,,,human
4.7-stable,e5a7fdbfd52d079872a6f2f463a09e00634079a8,2026-01-19T06:05:21Z,False,direct,,,human
4.7-stable,c26adbb92911a3b6a0f54990b790ccb0f4a30344,2026-01-19T09:24:17Z,False,direct,,,human
4.7-stable,7b80ae73255435e48c7b217046292e51992cbf23,2026-01-19T12:10:10Z,False,direct,,,human
4.7-stable,d53ab67b834756e2faec6e158e49d80ce8bc035f,2026-01-19T13:12:33Z,False,direct,,,human
4.7-stable,a301a7ca9935a2d535c338f2862ce19d2b3b22d1,2026-01-19T15:14:57Z,False,direct,,,human
4.7-stable,30cfb06941ec86d7b7da164ca67cb5094c82441a,2026-01-19T15:57:19Z,False,direct,,,human
4.7-stable,f975cfe037971bc1684d64d31be7be09b31aa093,2026-01-19T19:02:57Z,False,direct,,,human
4.7-stable,3a94b3e265d98a92e01bd56e392d10d7de90837e,2026-01-19T19:10:27Z,False,direct,,,human
4.7-stable,5127c71cb31f889a53935c236b9c443a32b7acf3,2026-01-19T21:30:33Z,False,direct,,,human
4.7-stable,997feea6cbfa60225bb238c8208dae7ed1bc3db8,2026-01-20T02:28:09Z,False,direct,,,human
4.7-stable,ffbeb2cbfc79851529d368acb3ab6886c4fa230e,2026-01-20T09:50:26Z,False,direct,,,human
4.7-stable,3f50ab6f034d312a27f7fc77889f0803b2a53aa7,2026-01-20T12:18:37Z,False,direct,,,human
4.7-stable,aac883849e835eb8ff4e3bf2a0737355b55784e5,2026-01-20T12:19:45Z,False,direct,,,human
4.7-stable,1d9910cac4c5598eef5e349e612643184d4cb99d,2026-01-20T16:24:20Z,False,direct,,,human
4.7-stable,e0e897c2ec29dd6e78cd5f87d46e430efaf2f385,2026-01-20T20:50:45Z,False,direct,,,human
4.7-stable,b658e6824c49109108bb0721dfabd0ff4392a2ef,2026-01-20T21:12:48Z,False,direct,,,human
4.7-stable,2a9becc70df9d50a6618cac6f61668ea77bcf182,2026-01-20T22:26:44Z,False,direct,,,human
4.7-stable,2c7cbd59d2e50be5e7f1e3fe6f78b99f34e3f8ac,2026-01-21T01:10:38Z,False,direct,,,human
4.7-stable,1825e897871fa30d5b8903ab1114866bcb5da5e3,2026-01-21T12:01:23Z,False,direct,,,human
4.7-stable,85d9d315f163c7366531dd0682853972b5cfa3a0,2026-01-21T12:24:49Z,False,direct,,,human
4.7-stable,07547be1807c50e8e2b257bef0ed645cac628edf,2026-01-21T12:29:11Z,False,direct,,,human
4.7-stable,d0069b6ba789987e91f3c4dfb03aae387c26e0da,2026-01-21T13:55:18Z,False,direct,,,human
4.7-stable,434b813f7d32d1e9fd9a2829a0220a505913f25d,2026-01-21T18:12:57Z,False,direct,,,human
4.7-stable,72ed330f9804439171ef9903a54a6e4e4fa6981d,2026-01-21T19:08:17Z,False,direct,,,human
4.7-stable,c317a4cc427f71a7398b9b13ccc69a843d675133,2026-01-21T21:24:36Z,False,direct,,,human
4.7-stable,cecdc7fb85f013a8a4ed4eac4a072000e0a3ae44,2026-01-21T22:33:24Z,False,direct,,,human
4.7-stable,d9198d1f669b81f0eeb1f148e3fff92fb918dac1,2026-01-22T00:26:26Z,False,direct,,,human
4.7-stable,e13bf94a5f18c8ee2c73b664ea92f0d5854b5d97,2026-01-22T02:51:06Z,False,direct,,,human
4.7-stable,059cc936c4f02dc2f45e318a5ca79ada138b17ff,2026-01-22T06:15:04Z,False,direct,,,human
4.7-stable,432214a29edbed233dd80e635806467c1795fbe3,2026-01-22T08:13:07Z,False,direct,,,human
4.7-stable,33e71357d4d63fa17be75587396c30e3aa35544c,2026-01-22T09:02:14Z,False,direct,,,human
4.7-stable,c7e5caa68eb97db400160a71082cdde1a183965f,2026-01-22T11:24:07Z,False,direct,,,human
4.7-stable,008266c4fe3d2390f8b4d6a87927a8e8dea194ca,2026-01-22T13:51:55Z,False,direct,,,human
4.7-stable,27668c1f20bf7eb9460c0dc44e5390260c63ded4,2026-01-22T20:27:59Z,False,direct,,,human
4.7-stable,1dda3ac133d4ac5d39fa4ef8fec91cd4f1810f3b,2026-01-23T00:26:47Z,False,direct,,,human
4.7-stable,4faffeaf7996cb3c978f28f584f0b24e8ddf85ee,2026-01-23T00:28:07Z,False,direct,,,human
4.7-stable,529e50cfd452d39706d5299c5f3b293b0af5bd13,2026-01-23T01:45:11Z,False,direct,,,human
4.7-stable,56e646c2170a91d1432b43471330da818a2a8b82,2026-01-23T02:26:17Z,False,direct,,,human
4.7-stable,b0320ef4ff65eaf0d51c6d30f5f8e9a08054f22b,2026-01-23T08:41:23Z,False,direct,,,human
4.7-stable,bf858ab659951f85a549952b9556c78219f66715,2026-01-23T10:39:01Z,False,direct,,,human
4.7-stable,9b474fbf2961f20ff39fe5f1940de3299d68fa0b,2026-01-23T11:50:33Z,False,direct,,,human
4.7-stable,3694d22db30d2aa6a93499922d24b2592f3adaae,2026-01-23T14:15:29Z,False,direct,,,human
4.7-stable,744d038ae7688a01373ecaf5f980d18e9683e330,2026-01-23T16:01:54Z,False,direct,,,human
4.7-stable,be27d2311637d9306bb33421db1ce506e2668b17,2026-01-23T19:08:05Z,False,direct,,,human
4.7-stable,fff6469d5bee3d336c0dfcebd230d1ec71c7d571,2026-01-23T19:21:26Z,False,direct,,,human
4.7-stable,63272b23efb50feffd85c18c7a9f62de5e4e59ba,2026-01-23T19:52:03Z,False,direct,,,human
4.7-stable,4eafa3c58712a14046bb8f164051c08170c354a6,2026-01-23T21:40:58Z,False,direct,,,human
4.7-stable,4f0a0367fdafe8e492a530c89992bf664f991223,2026-01-24T09:35:33Z,False,direct,,,human
4.7-stable,f91f2861cfa4f29187ad26725c853a66640363de,2026-01-24T09:38:36Z,False,direct,,,human
4.7-stable,67d385e910b59378e6dd8ac69c1dab8ee2d41c87,2026-01-24T13:46:15Z,False,direct,,,human
4.7-stable,7da2925a9520c2e5007630741194e83125e0b7cd,2026-01-24T15:52:07Z,False,direct,,,human
4.7-stable,288530eb47fb7d71d2dade5f97d5b6702f88d122,2026-01-24T22:02:15Z,False,direct,,,human
4.7-stable,42b14ce18628da7ce2e62d29ad08b91a83890585,2026-01-24T23:22:08Z,False,direct,,,human
4.7-stable,2ba69577b477af84a01a88ac92a85257ca17361b,2026-01-25T01:05:46Z,False,direct,,,human
4.7-stable,fda3a5af8147c030ac76b2e11b006bb0eb6b824f,2026-01-25T02:22:56Z,False,direct,,,human
4.7-stable,cc2e051cd31e317a4ccc7bed331ad6b9f95e2893,2026-01-25T10:40:16Z,False,direct,,,human
4.7-stable,d94a50bd5ac8d474b89e7baff6601d546e7f125a,2026-01-25T14:27:15Z,False,direct,,,human
4.7-stable,e7cf2f42cc71179cb7e4d7caa35f3d3a9834dc66,2026-01-25T15:44:08Z,False,direct,,,human
4.7-stable,f3dacf24b0b60e78ca74f2566eef26fb0c7d1767,2026-01-25T19:48:45Z,False,direct,,,human
4.7-stable,7d3e84391b4186e5ea30202663111ffac195a556,2026-01-26T00:27:57Z,False,direct,,,human
4.7-stable,8f91acc269b00184cb4dc0bdf786a9dc1f3298f0,2026-01-26T07:49:32Z,False,direct,,,human
4.7-stable,19bad637ce0b57ebddf360bdc1c62883da841ed5,2026-01-26T08:50:11Z,False,direct,,,human
4.7-stable,32677cb184977bca4582a62442d1b0b02d0f5d7c,2026-01-26T10:11:33Z,False,direct,,,human
4.7-stable,d1b09ffaf54721cc0dffd8e11c53ba83773078ca,2026-01-26T10:41:08Z,False,direct,,,human
4.7-stable,a3eb202b2580db3bb30d889fcea7da96fbc85eb9,2026-01-26T10:49:55Z,False,direct,,,human
4.7-stable,fbcb94cf19e73b7076c1128e07270edbeb73a71b,2026-01-26T12:19:48Z,False,direct,,,human
4.7-stable,a4d029f889f9fbf952c18bd370dbe6acd0df8944,2026-01-26T12:47:34Z,False,direct,,,human
4.7-stable,d061d9bac36847bedbb10fcb8abbb573f362172a,2026-01-26T14:49:03Z,False,direct,,,human
4.7-stable,c82b5fe2ecef064dac618bbdf2052a40ed002d93,2026-01-26T16:06:59Z,False,direct,,,human
4.7-stable,6b441ab6a44906a72dbd28e37745b5f11374b39b,2026-01-26T16:40:46Z,False,direct,,,human
4.7-stable,f8444475ac0653376689b2ee4657727bea20e784,2026-01-26T17:05:00Z,True,merge,115389,,human
4.7-stable,372c522ce1b4ce857384d8f41e10038ac0ce6e5a,2026-01-26T17:14:50Z,False,direct,,,human
4.7-stable,01839942fcfdc743ba0fb523cd8711a7aba658aa,2026-01-26T17:17:56Z,False,direct,,,human
4.7-stable,50b30b9514dd06a004f07b4a6a97f323a09c4751,2026-01-26T19:14:13Z,True,merge,115202,,human
4.7-stable,e093c96688b6bca31056be2e4d30e44e9f3573e9,2026-01-26T19:14:14Z,True,merge,114951,,human
4.7-stable,4f1d84b1555c8eabed470c12878943077562c18c,2026-01-26T19:14:15Z,True,merge,115215,,human
4.7-stable,0eee4323580927411e1284e301506c20c2cf37d2,2026-01-26T19:14:15Z,True,merge,115089,,human
4.7-stable,013fffa10d453c7936dd683bc11aa05254ab6eab,2026-01-26T19:14:16Z,True,merge,114834,,human
4.7-stable,9878cb9e724b08ca40091b6823c3ee44253003b7,2026-01-26T19:14:17Z,True,merge,115353,,human
4.7-stable,b328f597a303b60bb39b340a95f9a09bb65cdb8c,2026-01-26T19:14:18Z,True,merge,115359,,human
4.7-stable,5173422b1e3583a9626975c1de88d811884b949e,2026-01-26T19:14:19Z,True,merge,115364,,human
4.7-stable,769284ffeffe41346b60e95b11afc234c09bd146,2026-01-26T19:14:19Z,True,merge,115116,,human
4.7-stable,3dc64a564b89a6a5180ee12d4503e4aec0e06446,2026-01-26T19:14:20Z,True,merge,115124,,human
4.7-stable,773d788500daf3fb02bbce4cec59b298acbcf045,2026-01-26T19:14:21Z,True,merge,115257,,human
4.7-stable,0b6cdb835b02365d3549fca840576ac3eeca9bf1,2026-01-26T19:14:22Z,True,merge,115392,,human
4.7-stable,0f8a1c9db2b1ece9a3b450b3659be3a413c6ee70,2026-01-26T19:14:23Z,True,merge,115147,,human
4.7-stable,f5d21bfa9ca621f14e9a2b2ee7fc33d3380ffc61,2026-01-26T19:14:24Z,True,merge,113228,,human
4.7-stable,861d7f5263e17f3824ed7d07313965c4aa4468f1,2026-01-26T19:14:25Z,True,merge,115021,,human
4.7-stable,982eaef37d7010ce1ebcd6c665a0b15e32e229d0,2026-01-26T19:14:25Z,True,merge,115278,,human
4.7-stable,cfc5ec93d4a91c8329921744b7504f2368886a92,2026-01-26T19:14:26Z,True,merge,114767,,human
4.7-stable,4738ce72e3af500ee3bd23506c04879f983ec98f,2026-01-26T19:14:27Z,True,merge,115026,,human
4.7-stable,b268b1013de7e7f17fed4186c0884bb00ad480d6,2026-01-26T19:14:28Z,True,merge,115292,,human
4.7-stable,d950e2343ec3ab82a4d9b903edbf92068e19e02b,2026-01-26T19:14:29Z,True,merge,115294,,human
4.7-stable,032f5bea899df7ad125bcbf82299263a1a85648a,2026-01-26T19:14:30Z,True,merge,115302,,human
4.7-stable,2d41087c8fffddfffea2bc8ec179869241f3ffdb,2026-01-26T19:14:31Z,True,merge,114921,,human
4.7-stable,bf28684b2afe8e00ba76af6fe3ae98629f29362e,2026-01-26T19:14:32Z,True,merge,112745,,human
4.7-stable,b8878c8b56515f0cd19dba657e6cf4b11836c14e,2026-01-26T19:14:33Z,True,merge,115066,,human
4.7-stable,0b18c88c13980befe5d285628f04536b6e934c89,2026-01-26T19:14:34Z,True,merge,115315,,human
4.7-stable,86b40d44395cf1a47ea588641841f3c3d4e95a09,2026-01-26T19:14:35Z,True,merge,111859,,human
4.7-stable,b1e863f3634311f347d72d4022ab24a996e641ec,2026-01-26T19:14:36Z,True,merge,115194,,human
4.7-stable,780b6891e6f2a99e860a8c30eaf4c3dd6fdd13f7,2026-01-26T19:14:37Z,True,merge,114943,,human
4.7-stable,6fc4a63000fc3e621a96a58215c46fac822fe89a,2026-01-26T19:42:25Z,False,direct,,,human
4.7-stable,b3af0f641a00786d374fa76e7407b53e058c3c5c,2026-01-26T21:01:37Z,True,merge,114821,,human
4.7-stable,1387e0c07742a040797854ace3cae6b106851d56,2026-01-26T21:01:38Z,True,merge,115351,,human
4.7-stable,3adb6259aa64ad08d41154e66d3c5bf78114791e,2026-01-26T21:01:39Z,True,merge,114968,,human
4.7-stable,688d19c5f97d18d7298185f618b4e20e90a250c6,2026-01-26T21:01:40Z,True,merge,114970,,human
4.7-stable,0c7bb27bcd60639ce3978950d9c118067968d700,2026-01-26T21:01:42Z,True,merge,114076,,human
4.7-stable,105ec00722827275c881599ff21601821bb2ddc6,2026-01-26T21:01:43Z,True,merge,108830,,human
4.7-stable,41446273586526a3e5ba4009e22456c29b31047b,2026-01-26T21:01:44Z,True,merge,114467,,human
4.7-stable,1b17f8f69652df59ad327ac295f456c5dace7689,2026-01-26T21:01:45Z,True,merge,115372,,human
4.7-stable,d40dd57a9e195133eda8637871be74150e14efe1,2026-01-26T21:01:46Z,True,merge,115373,,human
4.7-stable,7b4e2204652eafd5d4449cf9234aa80fde2fab11,2026-01-26T21:01:47Z,True,merge,115378,,human
4.7-stable,c6465994b7907c7828ec699110bb12736509c1f0,2026-01-26T21:01:48Z,True,merge,115383,,human
4.7-stable,5c312137977c194d9114c8d599b0a2829ba146e9,2026-01-26T21:01:50Z,True,merge,114620,,human
4.7-stable,cf8d258444f52fb0f27d3d6338c61c743c59b847,2026-01-26T21:01:51Z,True,merge,114876,,human
4.7-stable,75d50bd4ea09cd8b61c6de8f7e4206f55ff933a7,2026-01-26T21:01:52Z,True,merge,115401,,human
4.7-stable,8a9e55900829217d03d4207e2d6533248baa1c60,2026-01-26T21:01:53Z,True,merge,114655,,human
4.7-stable,43fbc539dd2780023d38a789c4aafbec266585e1,2026-01-26T21:01:54Z,True,merge,115295,,human
4.7-stable,d97000d7d1824ecc8172497ebe17e2575bad0a7f,2026-01-26T21:01:55Z,True,merge,114918,,human
4.7-stable,657d06a8f385766bec781de2793d486a46ec27e7,2026-01-26T21:01:56Z,True,merge,115305,,human
4.7-stable,131c54270b23609ef9b0e2fd786e1d8c7528d9e3,2026-01-26T21:01:57Z,True,merge,114814,,human
4.7-stable,a4bbad2ba8a8ecd4e756e49de5c83666f12a9bd5,2026-01-26T21:01:59Z,True,merge,115327,,human
4.7-stable,36e3d18502786165521bd9ff091ea19d2135450d,2026-01-26T23:35:53Z,False,direct,,,human
4.7-stable,a7c77ac1f711458a01bf3ea8a5fa97a3a87c2712,2026-01-27T00:42:01Z,False,direct,,,human
4.7-stable,6ff5f449a952d151b187c62b3a46490a02ec25b2,2026-01-27T01:20:49Z,False,direct,,,human
4.7-stable,9c753ebe8432991c88a0b0c934f8dea029f59b6f,2026-01-27T08:30:19Z,False,direct,,,human
4.7-stable,25e8c308e68ba79e99f4e7cb2fe8d752defb982a,2026-01-27T10:22:54Z,False,direct,,,human
4.7-stable,60fe933ff64d034401d7671cd16ba6a235eeb6f8,2026-01-27T11:32:12Z,False,direct,,,human
4.7-stable,40373aeee4f17c2aca0cee0f892d904b006752b2,2026-01-27T12:59:48Z,False,direct,,,human
4.7-stable,ae7d2defe244dfa070b27f7a2641163ad79b4142,2026-01-27T15:04:04Z,True,merge,115006,,human
4.7-stable,530fb8551d48e257b829ce74a5dd32c0d198c435,2026-01-27T15:04:06Z,True,merge,115197,,human
4.7-stable,8e086a66414dd617337ed77a156e394803763efb,2026-01-27T15:04:07Z,True,merge,115267,,human
4.7-stable,47b1b9ef696b4d2d3b3893e496da786997116c46,2026-01-27T15:04:08Z,True,merge,114947,,human
4.7-stable,a1746ee2043538e4cbcd1d846828e4f701759994,2026-01-27T15:04:09Z,True,merge,115430,,human
4.7-stable,763056615917b95e4d9c767629ac05127669b0ad,2026-01-27T15:04:11Z,True,merge,115230,,human
4.7-stable,2da55b2f298696d6d96222ae779935a04ca709a3,2026-01-27T15:04:11Z,True,merge,115114,,human
4.7-stable,dcf5b4deac9128d78a7cbb0c3396ce6f416b18c1,2026-01-27T15:04:13Z,True,merge,114731,,human
4.7-stable,ed0ae97d98aade16734c309a15bc6586063005be,2026-01-27T15:04:14Z,True,merge,114922,,human
4.7-stable,ca08319e7d637732ba589fe53eefca0a9963e8a3,2026-01-27T15:04:15Z,True,merge,115248,,human
4.7-stable,b40f4ae52f1c7c174a00f35554fa26157a98996f,2026-01-27T15:04:16Z,True,merge,115218,,human
4.7-stable,9ef64c88fb44b66e177280f28d7ce0f619d090b2,2026-01-27T15:04:17Z,True,merge,115410,,human
4.7-stable,8751d9deb59dc9e99e3f0860af30168431a9e725,2026-01-27T15:04:18Z,True,merge,115412,,human
4.7-stable,173d02243491244ed387dd4848f777b7fdf69e5f,2026-01-27T15:04:20Z,True,merge,109108,,human
4.7-stable,7dff26c7844355bdef3c8c97e5c3a6541a57925d,2026-01-27T15:04:21Z,True,merge,115222,,human
4.7-stable,7f31ae1564b5b3e8447fad31c9ee63b7cab2e69a,2026-01-27T15:04:22Z,True,merge,115325,,human
4.7-stable,07a2c75ec4b909f2ca56fb74cd728404773cec1c,2026-01-27T15:04:23Z,True,merge,115326,,human
4.7-stable,8fb5cd8779a3cf4723e332e4240508169eaa9f0e,2026-01-27T15:04:25Z,True,merge,114527,,human
4.7-stable,29acd734c71f06268d6ef4715d7df70b14731f48,2026-01-27T15:16:14Z,False,direct,,,human
4.7-stable,27e4f2480040db0634162f4ce42aba5eb43f381e,2026-01-27T15:17:45Z,False,direct,,,human
4.7-stable,4e34dc0b4da0228264025a4d239f46b2392fc63a,2026-01-27T15:43:25Z,False,direct,,,human
4.7-stable,af83dc658c3c61bdc8e8b18a1bcde646e748f02c,2026-01-27T16:08:50Z,False,direct,,,human
4.7-stable,c56c297ceef6f85c8fbc5bde2866c8c593617c09,2026-01-27T17:12:38Z,False,direct,,,human
4.7-stable,e2369a834b92dc2ea42933513999c56dd95126a2,2026-01-27T18:05:44Z,False,direct,,,human
4.7-stable,a6e952c1604963023a87c07093cc9b24e6d6591d,2026-01-27T19:50:10Z,False,direct,,,human
4.7-stable,58207b516f22a576c4d87e83e6a7555a752d4264,2026-01-27T21:18:18Z,True,merge,113920,,human
4.7-stable,c161d13b1bade44ac6bad48e41c95995e7381811,2026-01-27T21:18:19Z,True,merge,115452,,human
4.7-stable,0f8a70976861a154e481544e11849e65b509ffa4,2026-01-27T21:18:21Z,True,merge,113765,,human
4.7-stable,ea1e6640f0fa9a40dc362fe034f201fdecb45c20,2026-01-27T21:18:22Z,True,merge,115434,,human
4.7-stable,29a7d0e0f76c30238853543e4738ce1520c03f0b,2026-01-27T21:18:23Z,True,merge,115308,,human
4.7-stable,04a2ae7ed43dce48fc70d0e9993d05cc9cd0a595,2026-01-27T21:18:24Z,True,merge,99119,,human
4.7-stable,101c04cbc9f2dde04e40b5f87946540431e4d5be,2026-01-27T21:18:26Z,True,merge,115473,,human
4.7-stable,2450bb0c75c2dbac1e7698ed9049f4b59008ba50,2026-01-27T21:18:27Z,True,merge,114449,,human
4.7-stable,b2198da15498ce8676498c79940d4bf8abb3cee8,2026-01-27T21:18:28Z,True,merge,105523,,human
4.7-stable,98b40fa189ae9f3a9e262c59444d2a33fcfe48cf,2026-01-27T21:18:29Z,True,merge,113748,,human
4.7-stable,75cd151cb0177ae3a07d79b297cc31000026dae2,2026-01-27T21:18:31Z,True,merge,113781,,human
4.7-stable,9f0e14ab2ff2557d067a9b510b17b2638d3ee53d,2026-01-27T21:18:32Z,True,merge,99569,,human
4.7-stable,faf9adfcc6b88d63f24af25062689f8349e4eb16,2026-01-27T21:18:33Z,True,merge,115447,,human
4.7-stable,027d32f3221d0cbd52b07bc0497a3613e396f48b,2026-01-27T21:18:34Z,True,merge,109976,,human
4.7-stable,33296bd9650c5173cb1e1c41df0014b67d9f3cac,2026-01-27T21:18:35Z,True,merge,112796,,human
4.7-stable,77579f93e6ee7cf2515da4a7a5000d8a0244be98,2026-01-27T21:18:37Z,True,merge,111679,,human
4.7-stable,b3f9f8264c6670673f18a516a442396dd49b0654,2026-01-27T23:31:04Z,False,direct,,,human
4.7-stable,60097eb3cea72c46701ddb0f5a28ba9734d1c106,2026-01-28T00:02:01Z,False,direct,,,human
4.7-stable,eb019511ed00d167c6672688d87a4a609ae90128,2026-01-28T09:21:00Z,False,direct,,,human
4.7-stable,8c7e2838a6e5f3911cd1caa9825c363d6caa6b20,2026-01-28T10:13:41Z,False,direct,,,human
4.7-stable,2bd91c66463d836cadf6d349ca3dceb98670e712,2026-01-28T10:18:18Z,False,direct,,,human
4.7-stable,f637b9833feffb0bf9f83e181af3a31cb39734f0,2026-01-28T13:28:06Z,False,direct,,,human
4.7-stable,6efc73fb02cf2c85cb59c4c12fa90a2a3f260477,2026-01-28T15:02:22Z,False,direct,,,human
4.7-stable,beda8dd02727d0de55e2177269d3b85c45da69c5,2026-01-28T15:13:16Z,False,direct,,,human
4.7-stable,40b770ecf019c3742b4dbc9a8ce7b11168f99824,2026-01-28T17:06:30Z,False,direct,,,human
4.7-stable,ee3cd87a7f21313c065d6c44da4aa2f72b6af2cf,2026-01-28T17:26:04Z,False,direct,,,human
4.7-stable,c148384c400e3e98f549d473b6e21ada7732778a,2026-01-28T18:26:46Z,True,merge,115200,,human
4.7-stable,114cb3aafc2e45c0fb10c24507a42cf6506a7203,2026-01-28T18:26:49Z,True,merge,109958,,human
4.7-stable,9c3b86713c69eaa7c2a18813925f0cf734fbe9a0,2026-01-28T18:26:50Z,True,merge,114442,,human
4.7-stable,8d2c8b54338b4b42d2f3c4da6ca95c257a9c3b65,2026-01-28T18:26:51Z,True,merge,114186,,human
4.7-stable,69d55be937212961b08c215195c84ac5e7357187,2026-01-28T18:26:52Z,True,merge,114698,,human
4.7-stable,34ed1c8fb12d69cca416761bad46b313a4c54cb8,2026-01-28T18:26:53Z,True,merge,114700,,human
4.7-stable,c330276a108b8344b30838ae78b3087ac99b9e04,2026-01-28T18:26:55Z,True,merge,114448,,human
4.7-stable,c5ab7727fa532dfff57395ab22aeab2de4b7eac7,2026-01-28T18:26:56Z,True,merge,114323,,human
4.7-stable,db8b8096e081e2464253b0c080350250ed931415,2026-01-28T18:26:57Z,True,merge,114454,,human
4.7-stable,29afd19ed69b188f325c95b5e79a8c1a7257bf03,2026-01-28T18:26:58Z,True,merge,115228,,human
4.7-stable,1bcf18396569b54b270221742ec7c763ffa9cab2,2026-01-28T18:26:59Z,True,merge,114205,,human
4.7-stable,15107fda30fcf6c1cafdf7cb579002d7a9e830dd,2026-01-28T18:27:01Z,True,merge,114464,,human
4.7-stable,0b60e188c3999f2d38ea5d22c57f9f3818109a45,2026-01-28T18:27:02Z,True,merge,115360,,human
4.7-stable,2184f93865f6b4c3533e44decdef5841f7df852d,2026-01-28T18:27:03Z,True,merge,115234,,human
4.7-stable,9207487bd6746684273b4d9309085e74444d7f68,2026-01-28T18:27:04Z,True,merge,100219,,human
4.7-stable,0620af8db35d5f675c2ccfd94bac309a4d4900da,2026-01-28T18:27:06Z,True,merge,110759,,human
4.7-stable,4b4b16b5772fabb0a983d08d3744f6df70d67ff6,2026-01-28T18:27:07Z,True,merge,114733,,human
4.7-stable,64b962215dc2a2c6c6d8a09198519ced9a16cdae,2026-01-28T18:27:08Z,True,merge,115121,,human
4.7-stable,0ce93e38e4776b55083e82b38fdd300a2a844a52,2026-01-28T18:27:09Z,True,merge,115132,,human
4.7-stable,1a17d70f0032a043fb82aa631ea8ae952ed61083,2026-01-28T18:27:10Z,True,merge,111168,,human
4.7-stable,74b14da73709fe144163f9dd77f912e74bcdf8ef,2026-01-28T18:27:12Z,True,merge,115137,,human
4.7-stable,ef313ecc4674627174511e9a3ae8ec1dbb5552bf,2026-01-28T18:27:13Z,True,merge,115177,,human
4.7-stable,3c341ffcab13a34a82a7882236a968d298d354d8,2026-01-28T18:27:14Z,True,merge,104433,,human
4.7-stable,10aa2e301340eec51efc94fe1da15d2e9bb1357f,2026-01-28T18:27:16Z,True,merge,111226,,human
4.7-stable,9289ffe42dbf8f4be7719cb93220a738913defe5,2026-01-28T18:27:17Z,True,merge,114683,,human
4.7-stable,0cd4a62f3b6349e5060f9fe95e473c670d7d2e22,2026-01-28T18:27:19Z,True,merge,109182,,human
4.7-stable,0c4a9dc32caf134f7a246164b19a1e6483aeb77c,2026-01-28T18:47:43Z,False,direct,,,human
4.7-stable,0bca218e016183dd4cac8ddc2981f5167bc25f22,2026-01-28T18:52:23Z,False,direct,,,human
4.7-stable,35a9ec140fa6aaa215e2c61e209dac6790d5a0df,2026-01-28T19:05:31Z,False,direct,,,human
4.7-stable,3cf0881c36f54a65317115851cc2f29c0c862f59,2026-01-28T19:08:40Z,False,direct,,,human
4.7-stable,d8dd5a7604dc001a49b22ebe5f622057753fe867,2026-01-28T19:21:01Z,False,direct,,,human
4.7-stable,0f18d058afa8d0d0113dae93edfb41b8a132104b,2026-01-28T19:38:53Z,False,direct,,,unknown
4.7-stable,e86050e745ec8b2a2035744cc6a14cbbe2e75e33,2026-01-28T21:17:48Z,False,direct,,,human
4.7-stable,a182e182115f5dc3b4d37dcdc0b76a1a4b88b116,2026-01-28T21:39:43Z,False,direct,,,human
4.7-stable,6006596fd83e6e035b1899327f904f0fa812ac64,2026-01-28T22:25:58Z,False,direct,,,human
4.7-stable,a17e172549f4db0c315cb68b73a266618b901d45,2026-01-28T23:07:53Z,False,direct,,,human
4.7-stable,38b84e9c0e0cb25e4333d2241c026b16a5e7af03,2026-01-28T23:57:50Z,True,merge,115203,,human
4.7-stable,3bcaf9d66c59849a156c0539361e2c849a35a441,2026-01-28T23:57:53Z,True,merge,115229,,human
4.7-stable,a0bf14921a2a58115fd9a78b03ef98a2b5f5aee5,2026-01-28T23:57:55Z,True,merge,112797,,human
4.7-stable,ccb0b4979935d108d3c6e5b85f96c48556caf377,2026-01-28T23:57:57Z,True,merge,112426,,human
4.7-stable,a4678d2761c0dcc4e4a8f0687c0ebdf126a608e4,2026-01-28T23:57:59Z,True,merge,114097,,human
4.7-stable,cdddc73745a04a5e2647fc328d8f2703e37767a5,2026-01-28T23:58:01Z,True,merge,115379,,human
4.7-stable,623bbb3414f6c2f32e12582cbfe79b05e8abcf16,2026-01-28T23:58:03Z,True,merge,115254,,human
4.7-stable,94f3b73cec229ce922a48d490a983a15faa0ce49,2026-01-28T23:58:05Z,True,merge,114488,,human
4.7-stable,dd210a10714371a7d34d3b3d5d7cae8a82dd5efe,2026-01-28T23:58:07Z,True,merge,100923,,human
4.7-stable,bddebe9d7e18f91a20534c4bb3eaeee9a9470d99,2026-01-28T23:58:09Z,True,merge,115515,,human
4.7-stable,82e235ebbce9b4698d262de32ebd18419737f9ca,2026-01-28T23:58:12Z,True,merge,115143,,human
4.7-stable,135cd6eea09b55f420d3d57064dd6d0d94ebcb6b,2026-01-28T23:58:14Z,True,merge,115530,,human
4.7-stable,c1f3ff963e493520b2cfdcfa7d81d4c9489341e3,2026-01-28T23:58:15Z,True,merge,110923,,human
4.7-stable,9bca0d1221128013c4cfa093690e6e4b8233fdd5,2026-01-28T23:58:16Z,True,merge,115275,,human
4.7-stable,c57867774de8f8ea7a5611cce9c698328c6729a5,2026-01-28T23:58:18Z,True,merge,114898,,human
4.7-stable,63c0e9a9fb9c909e0d4feb328b12353eeae9408b,2026-01-28T23:58:19Z,True,merge,115158,,human
4.7-stable,6539f7fade83809ab898ed3be71d27241b6672e3,2026-01-28T23:58:21Z,True,merge,113761,,human
4.7-stable,d4ab136b24b57e3a306d5d9354db71b8fc6f3ec5,2026-01-28T23:58:22Z,True,merge,112746,,human
4.7-stable,8fd7c1ed5050189425dfa99b59748ffe2fca2c2a,2026-01-28T23:58:23Z,True,merge,115314,,human
4.7-stable,5853d999844bb191516ad831ed785249e2a91c21,2026-01-28T23:58:25Z,True,merge,114930,,human
4.7-stable,5ad8b27d8db0776700c2b08bf68fbea5e0a4680d,2026-01-28T23:58:26Z,True,merge,115190,,human
4.7-stable,10da3ba455dd2619dc624a56e7194ca134f5ff89,2026-01-29T00:32:50Z,False,direct,,,human
4.7-stable,77d4c814c3b53d943eada5b4a59181cd6a265b75,2026-01-29T00:34:28Z,False,direct,,,human
4.7-stable,cfa8d762ef8c513faa73b7f08074858475127921,2026-01-29T00:53:57Z,False,direct,,,human
4.7-stable,92fe77d26a7ae9c3126acd99b3f84bc9ffbd07b1,2026-01-29T01:46:50Z,False,direct,,,human
4.7-stable,fa2d63e3feaccda4c4880274828aa537e4ae374c,2026-01-29T07:29:12Z,False,direct,,,human
4.7-stable,63f6e3691cc1058dd89188e0a02178a53e5b7a94,2026-01-29T09:16:06Z,False,direct,,,unknown
4.7-stable,fed65ba716182726ccd1faec0f475503f606bc88,2026-01-29T11:03:23Z,False,direct,,,human
4.7-stable,1950689f1d18aaf3c7eea8d9162e49b44fc90848,2026-01-29T11:12:53Z,False,direct,,,human
4.7-stable,58a1e8b63ff2e504feb0f103c84775656b77314f,2026-01-29T12:07:49Z,False,direct,,,human
4.7-stable,f0069875981698f0a7efe561eedff7c76646ecb3,2026-01-29T13:00:56Z,False,direct,,,human
4.7-stable,c82263adb6208d3b8f1c78a51c47e34639901250,2026-01-29T13:03:33Z,False,direct,,,human
4.7-stable,6862edcede8a0b2ebd4723a584952f017b78bea2,2026-01-29T14:02:25Z,False,direct,,,human
4.7-stable,72b281d41ee25a7d291c2d22123fdf41434cf416,2026-01-29T14:59:29Z,False,direct,,,human
4.7-stable,4274f8b543b1680d90000278d7c984da718bb7f4,2026-01-29T15:52:01Z,False,direct,,,human
4.7-stable,a18550907b95aa86643b314909a0f02a202e07c2,2026-01-29T18:07:57Z,False,direct,,,human
4.7-stable,abe0226afa55f74277bb735a57b6f31bb85b661f,2026-01-29T18:11:04Z,True,merge,115466,,human
4.7-stable,869d83b040d95a02f06ebd3a9baf3ef5d0799523,2026-01-29T18:11:05Z,True,merge,113199,,human
4.7-stable,2725c636caa9983687101917a822ad5ee7cbc470,2026-01-29T18:11:06Z,True,merge,115569,,human
4.7-stable,b621b9ea5a7d81f94a5e9155013626f28922ce09,2026-01-29T18:11:07Z,True,merge,115570,,human
4.7-stable,7ba375be00eaaa1d5f1a40ca9e6bc2763d57a1a6,2026-01-29T18:11:08Z,True,merge,110933,,human
4.7-stable,2ba7af854deef88a3668282ea9e80255607463f9,2026-01-29T18:11:10Z,True,merge,115574,,human
4.7-stable,9dff33d942226d85d3bdfde25a0c22c54e35f738,2026-01-29T18:11:12Z,True,merge,115510,,human
4.7-stable,fd0499020b34f2c31c69dc91cc0869e09344b63b,2026-01-29T18:11:12Z,True,merge,115576,,human
4.7-stable,563c22673b962c0d6daa114ada1607de68d04949,2026-01-29T18:11:13Z,True,merge,115577,,human
4.7-stable,0f266c4f8eb2d1d8a42c2bd0945d357be47b3552,2026-01-29T18:11:15Z,True,merge,110523,,human
4.7-stable,0a1fd97da0d30a419c46cff03abcfe2143fc0405,2026-01-29T18:11:17Z,True,merge,115549,,human
4.7-stable,80a4af1cc7c97b41f819ac2ac519a12804a53b1c,2026-01-29T18:11:18Z,True,merge,115551,,human
4.7-stable,f7b9703cbd4d57626cc582e67c481c2b7a21f793,2026-01-29T20:07:56Z,False,direct,,,human
4.7-stable,95bc5e1efb43dea1cc737b989e7bd309f9332c57,2026-01-29T20:28:26Z,False,direct,,,human
4.7-stable,9c11e251989eedd81e34a8fc4f48f312280a5ed1,2026-01-29T21:00:37Z,False,direct,,,human
4.7-stable,deb2e64ef509f7eba08fab09737438d0faf3d21e,2026-01-29T21:51:37Z,False,direct,,,human
4.7-stable,41bf7648c29762cd3c3e9d647c99f6a363008811,2026-01-29T22:02:50Z,False,direct,,,human
4.7-stable,b4b20e95ed4e18d18370f76f6faad5f8e1e380d3,2026-01-29T22:14:49Z,False,direct,,,human
4.7-stable,9c82d5d8fce6f28e63bb5c0235aebb0bd74cbcb7,2026-01-29T22:20:52Z,False,direct,,,human
4.7-stable,1d840aae3a56e0b2500a19452d98ade73625b01b,2026-01-29T23:05:55Z,False,direct,,,human
4.7-stable,80c5e37530ff83351f685c2b29284cb8bec287f0,2026-01-29T23:21:42Z,False,direct,,,human
4.7-stable,6b67059d940d58fd9be356bcb9714ec17219bbf8,2026-01-30T06:45:08Z,False,direct,,,human
4.7-stable,f36366705e6d783aa5cb0f26d6a31781b1dbca92,2026-01-30T08:05:46Z,False,direct,,,human
4.7-stable,8b16ea409320117b5e870eadf2a5e966a79dceee,2026-01-30T12:24:12Z,False,direct,,,human
4.7-stable,e6ddb1035d9aac1cc34b7912ae40cfb958216211,2026-01-30T15:32:03Z,True,merge,115587,,human
4.7-stable,9005783e770b7ef95b22ba36b19bd587984e7993,2026-01-30T15:32:04Z,True,merge,115619,,human
4.7-stable,fd6e80d4e97ccd4ab4146db018df91c20e07ab4e,2026-01-30T15:32:05Z,True,merge,105701,,human
4.7-stable,2d9b67e7bfc8b64584a1b773841fd064a4c4ac76,2026-01-30T15:32:06Z,True,merge,115620,,human
4.7-stable,fbbb8a921b5cd8d9d354cc08e0d41946074bede1,2026-01-30T15:32:07Z,True,merge,115309,,human
4.7-stable,5385a7ba3822424e289de396feb99b1ced141e59,2026-01-30T15:32:09Z,True,merge,115504,,human
4.7-stable,82580cf965caf5ce75fc86d4d26e68071bfe4685,2026-01-30T15:32:10Z,True,merge,115602,,human
4.7-stable,970565aafc486ce239ed065e2f8e23c142ff18eb,2026-01-30T15:32:11Z,True,merge,115603,,human
4.7-stable,a6692abdb8cc17ef26225627226d10f7a6738101,2026-01-30T15:32:12Z,True,merge,115290,,human
4.7-stable,6d67a99925fe93b5e5b0c91c51d9740793afed0a,2026-01-30T15:32:13Z,True,merge,115606,,human
4.7-stable,e36d624a3089752d1616a9546944f2881249acaa,2026-01-30T15:32:14Z,True,merge,115607,,human
4.7-stable,031442d427cd515352031ed9ab32d2b812781463,2026-01-30T15:32:16Z,True,merge,115289,,human
4.7-stable,d48f9d45e274f2532364d28bb321946d8d91424c,2026-01-30T15:32:17Z,True,merge,115450,,human
4.7-stable,bb3c8a06820511c7e9f88dcaf9db88ea677d6dfd,2026-01-30T16:13:54Z,False,direct,,,human
4.7-stable,f3c7d1d2bfff0a38570d424e0f4df45d09e8ac57,2026-01-30T16:47:13Z,False,direct,,,human
4.7-stable,2bd998afc3178d25c5c96de56391f882bd83287e,2026-01-30T17:42:05Z,False,direct,,,human
4.7-stable,7072a9a87491abb62f9b43fdabed8c00e2547fcb,2026-01-30T17:58:42Z,False,direct,,,human
4.7-stable,ea1cb8fe677c8dab7757a7fe087a57fee8ec3e5a,2026-01-30T21:22:08Z,False,direct,,,human
4.7-stable,923008eb676a039394399f09b45b31384df68567,2026-01-31T00:22:35Z,False,direct,,,human
4.7-stable,77ecf91008af82150ee1eca2ed861fcd54c1bc6d,2026-01-31T05:32:17Z,False,direct,,,human
4.7-stable,0080d6f109d769478b049a0b3621183f8df71776,2026-01-31T12:40:51Z,False,direct,,,human
4.7-stable,5254edfab2366451cb67b5dbd54cf87b224df61d,2026-01-31T13:31:29Z,False,direct,,,human
4.7-stable,9c72dafbe6443b61c5dda39b63edd261e9034989,2026-01-31T14:39:35Z,False,direct,,,human
4.7-stable,ed687b84a3d58e5676138f57860897430ba28738,2026-01-31T16:31:33Z,False,direct,,,human
4.7-stable,5877ad3f6b5d29eb99cb6432aad177046bc8f77d,2026-01-31T16:45:45Z,False,direct,,,human
4.7-stable,68c2afee6ec0c3fa49bf0c48e4737d7687bfa8ae,2026-01-31T18:23:17Z,False,direct,,,human
4.7-stable,24d9448daff382b1517977baa21570f38a3bac47,2026-01-31T18:41:50Z,False,direct,,,human
4.7-stable,5928e260d428bee0afe5d5ca0f8bbfde832eb4f2,2026-01-31T19:28:20Z,False,direct,,,human
4.7-stable,f45bf82ae765fe74fac99d4c9fe806172246270d,2026-01-31T20:19:26Z,False,direct,,,human
4.7-stable,cb78af7bc793ec89026f4b1c10baabc40eeec4ef,2026-01-31T21:34:33Z,False,direct,,,human
4.7-stable,6bb64f9ea6e67e3d543bb687a5218f11b242f275,2026-01-31T21:50:12Z,True,merge,112368,,human
4.7-stable,a6efb02ebd95b2f0556f4edcbfdf8e6ef9c52f0e,2026-01-31T21:50:19Z,True,merge,112998,,human
4.7-stable,c9eb8499cabdf258f6973bf938f47fcd96512b94,2026-01-31T21:50:27Z,True,merge,113096,,human
4.7-stable,4b092831ba984da83790b55c3e9b573c7fb3f119,2026-01-31T21:50:32Z,True,merge,114185,,human
4.7-stable,0dec4ab393f6388c0e275462db640277c5ac4234,2026-01-31T21:50:39Z,True,merge,114519,,human
4.7-stable,2db61bc3971fa9bf1a80697136c26f5645f65871,2026-01-31T21:50:45Z,True,merge,114732,,human
4.7-stable,429750f60b2f28eabafa58ae7e6db7094c6a3831,2026-01-31T21:50:51Z,True,merge,115093,,human
4.7-stable,d7e6f5e05f9dfc0d2e82e6a89b1311835dfd3fee,2026-01-31T21:50:55Z,True,merge,115644,,human
4.7-stable,b03f7d108e1a38cb75c9b762002210e487aae880,2026-01-31T21:50:56Z,False,direct,,,human
4.7-stable,6a3158be487d6626eb1026ddcf003b9814b1be7d,2026-01-31T21:50:59Z,True,merge,115671,,human
4.7-stable,973e4d1576578067059ad43b4aea0c05d01273b1,2026-01-31T21:51:03Z,True,merge,115672,,human
4.7-stable,98782b6c8c9cabe0fb7c80bc62640735ecb076d3,2026-01-31T21:56:49Z,True,merge,115687,,human
4.7-stable,0b7aa22c45622865a4a67f4b66759c87e9853e2f,2026-02-01T04:20:56Z,False,direct,,,human
4.7-stable,155b0f4dca3da5dd649945042ee76074f53c464f,2026-02-01T07:55:18Z,False,direct,,,human
4.7-stable,376b2d8f578dc060cb993397b3b857862ab43172,2026-02-01T09:22:50Z,False,direct,,,human
4.7-stable,96c09dccfaea886e5ef42b756c748c00b5f201c2,2026-02-01T13:50:55Z,False,direct,,,human
4.7-stable,7ac0eef82801fce2e069262c1a6149e2251bcfa2,2026-02-01T14:22:15Z,False,direct,,,human
4.7-stable,ddffef6fb17231791b39d4f59440636293883998,2026-02-01T16:17:16Z,False,direct,,,human
4.7-stable,ec404a91d37f17ac9bfc7958a70888828846b22d,2026-02-01T16:42:17Z,False,direct,,,human
4.7-stable,c3c713345e3cf7bfafba40a650cde2f79369c079,2026-02-01T18:57:44Z,False,direct,,,human
4.7-stable,9cfe909108ad9ce16c1e463970189056f5923b8f,2026-02-01T19:08:53Z,False,direct,,,human
4.7-stable,34e246399d2d41f3e4dc074edcb0b142cdc3d753,2026-02-01T22:22:16Z,False,direct,,,human
4.7-stable,027284067c857a834c313cf64445ef69e68942a4,2026-02-02T01:04:57Z,False,direct,,,human
4.7-stable,0f173ca65716c8307e3b33a5dabb89eeb25e4d29,2026-02-02T09:10:15Z,True,merge,112850,,human
4.7-stable,63c78e684b26d712c877bff605b724359d47ef73,2026-02-02T09:10:24Z,True,merge,114165,,human
4.7-stable,affa84862a706940cbf60446fc8b2c4bed0e5fa3,2026-02-02T09:10:30Z,True,merge,115347,,human
4.7-stable,5b75d2539b69191a46ddf88d9eaf8340a97174a1,2026-02-02T09:10:34Z,True,merge,115639,,human
4.7-stable,c2089db630ccbd3217b0297f62874f2df34e618d,2026-02-02T09:10:38Z,True,merge,115685,,human
4.7-stable,bbd8bfcd301a3a522cc24f29d52d3743d0221884,2026-02-02T09:10:42Z,True,merge,115704,,human
4.7-stable,6f3132b6bafacd3cac546b13b969f4bddba0e290,2026-02-02T09:10:46Z,True,merge,115708,,human
4.7-stable,e04d564215db2edea62ae06e61094164b459d7d9,2026-02-02T09:10:51Z,True,merge,115713,,human
4.7-stable,e273d83ff5961a7492bb74a06660ac80bc312067,2026-02-02T09:10:55Z,True,merge,115718,,human
4.7-stable,f4f0679a2d4a2b8e6da8700412b387fc1ccad951,2026-02-02T09:11:00Z,True,merge,115726,,human
4.7-stable,1ad9dbd35a9db9d38403447bba0747d7c8c47e81,2026-02-02T09:36:42Z,False,direct,,,human
4.7-stable,1c80b25af8c6c6f8cf6c80b96e7fdb10a18efa8a,2026-02-02T10:17:16Z,False,direct,,,human
4.7-stable,2363720b5396c6db20503a9344bfd3f6252336bf,2026-02-02T10:22:25Z,False,direct,,,human
4.7-stable,d0fc46cd83075d016d00428d4030ee8f902c66b9,2026-02-02T11:01:04Z,False,direct,,,human
4.7-stable,4dfbd909acc7e20d5b58bc5a135509ad97499956,2026-02-02T11:03:56Z,False,direct,,,human
4.7-stable,482d9313a2626950356c8ad8e12d7cbbb4c081c3,2026-02-02T12:55:12Z,False,direct,,,human
4.7-stable,14afee66c4343b803ca8fc6f5f72cfccbedf63da,2026-02-02T13:11:40Z,False,direct,,,human
4.7-stable,63e7936e18026d483135c28856b5338b50efb923,2026-02-02T13:21:27Z,False,direct,,,human
4.7-stable,a3da1dd340e5cc280e0f23a66ae32bab07512f64,2026-02-02T13:37:41Z,False,direct,,,human
4.7-stable,381ad1e4b549790c8dbe34ebb1db48d53bace26d,2026-02-02T13:38:47Z,False,direct,,,human
4.7-stable,979d3e58d08d60261a90505787c1b22b87d01a01,2026-02-02T16:59:30Z,False,direct,,,human
4.7-stable,abdc01b9f7cea5951156155ff71b6603c0dcc917,2026-02-02T17:06:29Z,False,direct,,,human
4.7-stable,5a4537cbc799c782aaf6fdf360d782d652b43101,2026-02-02T18:01:19Z,False,direct,,,human
4.7-stable,967c0a2650d4b01af3ec1c7932e2977257a959fe,2026-02-02T18:12:00Z,False,direct,,,human
4.7-stable,c37b78b525f3038b8415fd6e5bcb1fbce23c68d9,2026-02-02T18:57:21Z,True,merge,115681,,human
4.7-stable,f3d72eb13aabd670e8b465a98f1a26898d29fc31,2026-02-02T18:57:23Z,True,merge,115266,,human
4.7-stable,379b5fa8145509d2527c1261b4411f11057d9800,2026-02-02T18:57:23Z,True,merge,115714,,human
4.7-stable,0c6cc34e920387ca279c5abe42b3ff9ec3888cc3,2026-02-02T18:57:24Z,True,merge,114917,,human
4.7-stable,e6d4e7d37f1e12be4245253cb93be2f8a2b8e5f3,2026-02-02T18:57:25Z,True,merge,115751,,human
4.7-stable,42b5f648359d87f3ed543f0150ba169ac2410a92,2026-02-02T18:57:27Z,True,merge,115692,,human
4.7-stable,b719f94bfebfb783f874959fa3256c0d75b3cc2a,2026-02-02T18:57:28Z,True,merge,115757,,human
4.7-stable,f95b96457262b0286f7cb07709e6086c742ea48a,2026-02-02T18:57:29Z,True,merge,115758,,human
4.7-stable,77f596abc5e4ec69c3995ac8203fab2e9bd67764,2026-02-02T18:57:29Z,True,merge,115729,,human
4.7-stable,cbfc64fd6e442bed673cfe546ecef1df756dd8d9,2026-02-02T18:57:30Z,True,merge,115699,,human
4.7-stable,3c5e561024b2aeee7494e675fbed4724dd216fe2,2026-02-02T18:57:31Z,True,merge,115765,,human
4.7-stable,058a46f1549b1dc549ba82509554313ac258aed3,2026-02-02T19:34:37Z,False,direct,,,human
4.7-stable,473609d68f11bffd02f284f4afeaabc63615f48f,2026-02-02T20:17:28Z,False,direct,,,human
4.7-stable,afdc1d64567b93d5b6fda8f9e20cde462a4fbea0,2026-02-02T21:59:57Z,False,direct,,,human
4.7-stable,a9630eac57f33a22d52458de4306d51561327131,2026-02-02T23:23:20Z,False,direct,,,human
4.7-stable,49b68479a4b3f92d33f392560d94d46ee1378cb4,2026-02-03T02:17:30Z,False,direct,,,human
4.7-stable,2e9de7bfdb74b099bd0cdc79dcb9a1d1b0914d19,2026-02-03T07:40:10Z,False,direct,,,human
4.7-stable,510639bd95c18333552b35178af11a9c7896db01,2026-02-03T09:16:35Z,False,direct,,,human
4.7-stable,004f606d4eab7fd553661d625bbeba6db92c39aa,2026-02-03T13:05:10Z,False,direct,,,human
4.7-stable,19af11ac9890e1fdd64bfb2d06f5232870acfb81,2026-02-03T13:31:36Z,False,direct,,,human
4.7-stable,ea6fec22ef5049fc43a81f7f8f9c86e082f25dc6,2026-02-03T13:37:15Z,False,direct,,,human
4.7-stable,cdcab44e9b4a9cbc09b86e72928ad5b8daf2b145,2026-02-03T13:55:02Z,False,direct,,,human
4.7-stable,b4a81b2070825827053e19a901f58e6f29660ecf,2026-02-03T14:13:56Z,True,merge,115778,,human
4.7-stable,c4e9378020af2164ba37cc387af5967eb081cbe4,2026-02-03T14:13:57Z,True,merge,107234,,human
4.7-stable,ed42d3dbe08553800fcb110db2a5b55e5809d007,2026-02-03T14:13:58Z,True,merge,115749,,human
4.7-stable,0a843c13f8bf59626ec2e227276ce7c1df077e25,2026-02-03T14:14:00Z,True,merge,111464,,human
4.7-stable,ace9a93ff34b53b07a2eb408bc265c7b27c59972,2026-02-03T14:14:01Z,True,merge,115784,,human
4.7-stable,3a2865861d6833eab8919e10e897e1fed4e73606,2026-02-03T14:14:01Z,True,merge,113873,,human
4.7-stable,2f3fc6504dd98f8f34905b31e7d024a7d21536ff,2026-02-03T14:14:02Z,True,merge,115793,,human
4.7-stable,9c1528f78725f5d6d83cd5ee6193a77491b81c48,2026-02-03T14:14:03Z,True,merge,115763,,human
4.7-stable,4c5f4e61ad17a80e332aba2decba3acb052acb0c,2026-02-03T14:14:04Z,True,merge,115608,,human
4.7-stable,0304036beda5e7bd81f4f892d7fceeebfbeff8c7,2026-02-03T14:14:05Z,True,merge,115773,,human
4.7-stable,d6975dac1107cfac2cdafe2cf5945464ee89b3ca,2026-02-03T14:37:20Z,False,direct,,,human
4.7-stable,d3924468a4e072b806adbb3d6aa4a064287db930,2026-02-03T14:38:09Z,False,direct,,,human
4.7-stable,feb8e6ff138550bae4fdc24d9f5af3b6a9ce7a3a,2026-02-03T14:55:00Z,False,direct,,,human
4.7-stable,e50af99ff294764b4068f7beaaf97a4c9ec2431a,2026-02-03T15:13:44Z,False,direct,,,human
4.7-stable,658a2371e607974a1cced2775b8ca881f2a1ed0f,2026-02-03T15:14:56Z,False,direct,,,human
4.7-stable,6e5d1e00e02cf9086224b5eb3258f901a26de413,2026-02-03T15:26:56Z,False,direct,,,human
4.7-stable,1ea927cadcd7803af49cf2476512c6d91bfecd8a,2026-02-03T17:13:16Z,False,direct,,,human
4.7-stable,d4ce7b8cc5a099767c8268b006f2c36d6b7ea5cb,2026-02-03T18:26:18Z,False,direct,,,human
4.7-stable,cdafcefb6b5a467e2741d30f82d2f00a9e723335,2026-02-03T19:45:13Z,False,direct,,,human
4.7-stable,f051d6a0e9353c2cee1e892f9ea0f4eeb8a28721,2026-02-03T20:13:31Z,False,direct,,,unknown
4.7-stable,d9c3c87eaa103618cb58203fafcde7e7d524b2e6,2026-02-03T21:45:13Z,False,direct,,,human
4.7-stable,99925a3140a730522e71a593150b85c6986d7599,2026-02-03T23:43:59Z,False,direct,,,human
4.7-stable,92884a7140b419a2aa8c6b061a313ef3f1434815,2026-02-04T00:06:40Z,True,merge,93478,,human
4.7-stable,d9089dba06c1c207370eab030caee2089e58dcb4,2026-02-04T00:06:42Z,True,merge,110254,,human
4.7-stable,cab1bfdeea4d821b8d0dd022bc10e243c19d3084,2026-02-04T00:06:43Z,True,merge,115759,,human
4.7-stable,3d2a2d39680a7c0271b0129cce95b09b4be72a78,2026-02-04T00:06:45Z,True,merge,114131,,human
4.7-stable,15c9d96209b652c96108ba14279e9c4f10fc0e55,2026-02-04T00:06:46Z,True,merge,115796,,human
4.7-stable,eaa21e1423b47c02c99903862423f90448580413,2026-02-04T00:06:48Z,True,merge,115827,,human
4.7-stable,4cce65bea6fcc4541184c214fd178e73ec8b5f8f,2026-02-04T00:06:49Z,True,merge,114678,,human
4.7-stable,26d9d9d26a95dc6411d8560253f7733f408592ed,2026-02-04T00:06:51Z,True,merge,115834,,human
4.7-stable,2487a297b236e28e8ddf96fa8d6b44a164c7cb2c,2026-02-04T00:06:52Z,True,merge,113469,,human
4.7-stable,97b2c64c2c5d2e2181d4774d6fb2bd93d59570d3,2026-02-04T00:38:13Z,False,direct,,,human
4.7-stable,80294349f1c7aedd8c826be95e9a8ee2f335af6c,2026-02-04T04:49:08Z,False,direct,,,human
4.7-stable,d2ed1773fc26d11d4f69794d65c6cc0d5c5246d7,2026-02-04T10:22:17Z,False,direct,,,human
4.7-stable,805c9d4b185b660a3828842590290dec42077f97,2026-02-04T10:22:17Z,False,direct,,,human
4.7-stable,703b3f3dc2938979d64def279cb301ec90498c86,2026-02-04T11:12:19Z,False,direct,,,human
4.7-stable,de7fcfaf3bdde9d5e692800ab6e07d1610d89a8a,2026-02-04T13:15:41Z,False,direct,,,human
4.7-stable,a66742d699b559417e0d1e7a89b5a1704c5e4a7f,2026-02-04T13:44:05Z,False,direct,,,unknown
4.7-stable,96071cfb44642738e875b52e9af3d06a815b3138,2026-02-04T14:51:04Z,False,direct,,,human
4.7-stable,8e5c352b482d892d169a4fd97e98f1fdc627c82a,2026-02-04T16:26:16Z,False,direct,,,human
4.7-stable,3d113f40521b0a6377497a6c41f512ecd8cc91ef,2026-02-04T17:04:14Z,True,merge,115840,,human
4.7-stable,c22aa78faf9ef0f895903431cff409946602a51d,2026-02-04T17:04:15Z,True,merge,115814,,human
4.7-stable,3fff558dfcd8968bcd6941983e570fc642a80d11,2026-02-04T17:04:16Z,True,merge,98667,,human
4.7-stable,8858cf3cc4e508b44c52450a6521b7491c3ec312,2026-02-04T17:04:17Z,True,merge,115596,,human
4.7-stable,72aeb54f9fb6d16fdbe6f6e5591540a087cb40a7,2026-02-04T17:04:18Z,True,merge,115633,,human
4.7-stable,f438a4a12e642af480428bf47240cb35237f43aa,2026-02-04T17:04:19Z,True,merge,115800,,human
4.7-stable,555a558dcf7f6650c3ff8160815fc269eaff2fca,2026-02-04T17:04:20Z,True,merge,115482,,human
4.7-stable,cb04441dad82f23497fe91a5fb2fa2b6bc54c94d,2026-02-04T17:04:21Z,True,merge,114075,,human
4.7-stable,a6623908171440f5d485430464b7ed04d85690cb,2026-02-04T17:04:22Z,True,merge,115868,,human
4.7-stable,7dac0bc3be27ee70b1bf6da561e9f14cd92224ef,2026-02-04T17:04:23Z,True,merge,115839,,human
4.7-stable,da7540f3f19ad7c05acd5f3632ed349a0db75032,2026-02-04T17:44:15Z,False,direct,,,human
4.7-stable,afb58396966f2c0e71d73fc30a325df064d99667,2026-02-04T18:26:59Z,False,direct,,,human
4.7-stable,c5df0cb82bc539eff7dcfb2add99d60771fc50c5,2026-02-04T18:31:28Z,False,direct,,,human
4.7-stable,3afbb04e42a24e954829892b2ea53ecb842273f7,2026-02-04T18:32:10Z,False,direct,,,human
4.7-stable,0806343998a046d67ebf545a69a4174953bcd5cb,2026-02-04T19:30:58Z,False,direct,,,human
4.7-stable,345cbe34c38fee354234eb90fee048348576b1d1,2026-02-04T22:00:04Z,False,direct,,,human
4.7-stable,d234d954f7e73f49dda311e12394cd6fe8e36489,2026-02-04T22:54:57Z,False,direct,,,human
4.7-stable,88b292a0985c94cde0951d88a9ca1e2eae075967,2026-02-05T01:12:18Z,False,direct,,,human
4.7-stable,9f64d28cd6dabaafc5d58dcd57db79f330208c48,2026-02-05T05:15:58Z,False,direct,,,human
4.7-stable,fc6e8fbd53e2f5f8c1ea9e668c2f95d5dfe9465f,2026-02-05T09:56:44Z,False,direct,,,human
4.7-stable,bf6a88045a71b6964c208aafd247770c65af6e8c,2026-02-05T10:28:07Z,False,direct,,,human
4.7-stable,365f8fd038ec47b8f22f4960e13c11264be0b515,2026-02-05T11:29:15Z,False,direct,,,human
4.7-stable,c91240ef53462051db8e1fd072ab4d8469fcba17,2026-02-05T11:45:18Z,False,direct,,,human
4.7-stable,7e1c6ce8f0b0bf1c84b5cc339cb5afac582eeff8,2026-02-05T12:45:11Z,False,direct,,,human
4.7-stable,6fa2cc77e9600e7d75abd02c6b74498f8bba7b8e,2026-02-05T13:17:22Z,False,direct,,,human
4.7-stable,79eb6694a1c5b7c71c793db062c31ea6c9f91c00,2026-02-05T15:18:36Z,True,merge,112381,,human
4.7-stable,4b9d01d1d34cb47fed416df6155dc64c144df3b8,2026-02-05T15:23:55Z,False,direct,,,human
4.7-stable,7e91c61fec8d40f796ea45ac428f07eda428787a,2026-02-05T15:32:29Z,True,merge,115874,,human
4.7-stable,4a0673c91a3cde296c896adf4f04a123cd5eeb7d,2026-02-05T15:32:30Z,True,merge,115802,,human
4.7-stable,bbfc894451b6cd4733322fc006a42e3453dfaf1a,2026-02-05T15:32:31Z,True,merge,102085,,human
4.7-stable,ade192ca1555b3fdaa02b68d4bb234fbf104d20f,2026-02-05T15:32:32Z,True,merge,115879,,human
4.7-stable,21932ace7fceaa2ee04365f893dd6f981f1aa7b2,2026-02-05T15:32:33Z,True,merge,115689,,human
4.7-stable,071b605cdd61bc5cafd69a3ced0669c7c20a5462,2026-02-05T15:32:33Z,True,merge,94062,,human
4.7-stable,65e79f33cb20f1c5c7d270684bb0dcb3958e8024,2026-02-05T15:32:34Z,True,merge,115823,,human
4.7-stable,9e2ab92fee6a79b01b445075a22a6b77277a74f1,2026-02-05T15:32:35Z,True,merge,115794,,human
4.7-stable,b9b626406ab040fe4ac406d2c1f916e6533ed8a9,2026-02-05T15:32:36Z,True,merge,114355,,human
4.7-stable,1ec80d710a561e3aa57b785eabc7c454d0496b74,2026-02-05T15:32:37Z,True,merge,115509,,human
4.7-stable,0aa77895ac0153bfd9f6a498dd8c4353a903bf20,2026-02-05T15:32:38Z,True,merge,114521,,human
4.7-stable,2b44ed5299cff04abfc165008e11e3c7b0b71bbd,2026-02-05T15:32:39Z,True,merge,115865,,human
4.7-stable,fb9711a19ae1ef6f1653dd9b26e4cc5d20441270,2026-02-05T15:32:40Z,True,merge,115002,,human
4.7-stable,bf332b7e2ba9e56499c7912b960b0d024ca37363,2026-02-05T15:32:41Z,True,merge,115900,,human
4.7-stable,1dec165139924a7b0108b93e85acace506b8a7e0,2026-02-05T18:17:57Z,False,direct,,,human
4.7-stable,435e6c3830394741f3f89d3855474c02de4406d6,2026-02-05T18:20:10Z,False,direct,,,human
4.7-stable,e2c955eb201f11bfc327799e07336a439c7347e3,2026-02-05T18:56:15Z,False,direct,,,human
4.7-stable,a17ee0f9d8f444184932bf74bf46032a125679a8,2026-02-05T19:17:13Z,False,direct,,,human
4.7-stable,31d79ae53ef487611666343d67c5aba64d6cdffd,2026-02-05T19:37:48Z,False,direct,,,human
4.7-stable,0877a968d9711d8e39c7d92344dcfa24b394c2e5,2026-02-05T19:47:48Z,False,direct,,,human
4.7-stable,c3a61d531fe041e939ecc109cea7a20e44876567,2026-02-05T20:03:09Z,False,direct,,,human
4.7-stable,b815c88decbcbebd2c78fedeb4e103ba8fd2ad5f,2026-02-05T20:07:10Z,False,direct,,,human
4.7-stable,a141edf19e562f3a5b69f701e3a8efb12a7bff27,2026-02-05T20:44:35Z,True,merge,115298,,human
4.7-stable,a8c88243c2fb08da084440e72d8458bd6451480c,2026-02-05T20:44:36Z,True,merge,115172,,human
4.7-stable,c3687b9b8961ac819249d7ce7def9876ab4b42f7,2026-02-05T20:44:37Z,True,merge,115719,,human
4.7-stable,ff1f870e2e2630df32af42638937cb5d9474da09,2026-02-05T20:44:38Z,True,merge,115916,,human
4.7-stable,ff8fd0273d99aa3a4633cb57238fb8d58ec2b29b,2026-02-05T20:44:39Z,True,merge,115917,,human
4.7-stable,22d03aed44abf4dcde0e40f25bacc46dafaab9a4,2026-02-05T20:44:40Z,True,merge,106352,,human
4.7-stable,6136b7a599cce62189d044db2898e92d51cd7bb9,2026-02-05T20:44:40Z,True,merge,115921,,human
4.7-stable,34204bd1b85546c62acd20078e179ff1ae498ac4,2026-02-05T20:44:41Z,True,merge,114484,,human
4.7-stable,60638c93fb481f1b2e744771d98c2623ea856398,2026-02-05T20:44:42Z,True,merge,115422,,human
4.7-stable,576eb17e1496606498b8a6bef8d9818db1858434,2026-02-05T22:38:46Z,False,direct,,,human
4.7-stable,9cba4ab7ab969ca29d666213dfa9e7a9a7947fd1,2026-02-05T23:44:49Z,False,direct,,,human
4.7-stable,164f117c16d59fa201956e0be5da45868e3cae46,2026-02-06T00:10:15Z,False,direct,,,human
4.7-stable,deabc704d67b859fe173d59db0816ab40a16a4d4,2026-02-06T01:10:36Z,False,direct,,,human
4.7-stable,06b6d669fe503d232241bcfd68e7cfa2a5afaf29,2026-02-06T01:40:13Z,False,direct,,,human
4.7-stable,7dae5da1982f4a55ba91557814905faef9ce461b,2026-02-06T01:47:56Z,False,direct,,,human
4.7-stable,8d0a096487e87c9f3597a9cf45807806680b2a2e,2026-02-06T01:49:15Z,False,direct,,,human
4.7-stable,9af504bd280fadb8169a99448642ccd86b608b11,2026-02-06T06:23:29Z,False,direct,,,human
4.7-stable,3f40ff020cd46582cf154ced257a5b2e823953ae,2026-02-06T06:48:14Z,False,direct,,,human
4.7-stable,6e3dc38835c5ed021662d88b1c072ea2f2eaf2cd,2026-02-06T08:15:59Z,False,direct,,,human
4.7-stable,cfe2a6c2ce2db490b73af3bba05a19cac2e60035,2026-02-06T09:26:05Z,False,direct,,,human
4.7-stable,7887ace6c84b7b1b74794c9da01b4c1b86f06f4a,2026-02-06T09:46:26Z,False,direct,,,human
4.7-stable,9dc1a82900d514a22a2e784e6c518dcee79dbd58,2026-02-06T11:15:29Z,False,direct,,,human
4.7-stable,1469287ef789681412396b30cce1d89a4d119527,2026-02-06T11:44:46Z,False,direct,,,human
4.7-stable,02a3ada50224e1cdc95077ee0d67d633ff904d7f,2026-02-06T12:07:20Z,False,direct,,,human
4.7-stable,8a44565c86996a373a9c0013ace88d260bba44de,2026-02-06T12:41:35Z,False,direct,,,human
4.7-stable,e67a431894f95f11f481e92c5fdbf48d79506338,2026-02-06T14:15:26Z,False,direct,,,human
4.7-stable,325a243431a82da74653f0dc12004115ff5ff6c8,2026-02-06T14:17:41Z,True,merge,115594,,human
4.7-stable,1877e84ca0ab42e55f00e1402ab0b560f16167ae,2026-02-06T14:17:42Z,True,merge,115605,,human
4.7-stable,e57e50ef87487c18bdb36a1fb572d6d01a402525,2026-02-06T14:17:43Z,True,merge,115862,,human
4.7-stable,30873435b809467bf4d916b4ce07472322bfaf11,2026-02-06T14:17:44Z,True,merge,115514,,human
4.7-stable,7cdd322fb9a8363c07200846b2123e70109a6f70,2026-02-06T14:17:46Z,True,merge,113351,,human
4.7-stable,526bb56115a11424ce80b5a112585188cbc86eae,2026-02-06T14:17:47Z,True,merge,107597,,human
4.7-stable,ff7d5cb3d0365ec8e0b3b33bacd4983bca377178,2026-02-06T14:17:48Z,True,merge,113743,,human
4.7-stable,a4ea276cf49c90713facace2ce39d010f11f473d,2026-02-06T14:17:49Z,True,merge,115919,,human
4.7-stable,c729962899d90cb7ef91c2b5e0d3fe95629dc8d6,2026-02-06T14:17:51Z,True,merge,115923,,human
4.7-stable,3a44846a86251d8bb8224daa8f4f7e0476c196ee,2026-02-06T14:17:52Z,True,merge,115543,,human
4.7-stable,f6b89548a464b4e2ac3032d409e4da71d8703013,2026-02-06T14:17:53Z,True,merge,115927,,human
4.7-stable,9ecd611b510addb21c62655a71a2cbb6df9d4899,2026-02-06T14:17:53Z,True,merge,115928,,human
4.7-stable,24ae6c89be3b580f4c21b15916f4f97ea03a84ae,2026-02-06T14:17:54Z,True,merge,115931,,human
4.7-stable,8557916777e121ec42f59a0520af2684c1befbfe,2026-02-06T14:17:55Z,True,merge,115935,,human
4.7-stable,a1604ab74ce553376df5836feabdca5c0cf7c32d,2026-02-06T14:17:56Z,True,merge,115946,,human
4.7-stable,3f3dc88c7e454c65d1c797fe4541fbdc17048d26,2026-02-06T14:17:57Z,True,merge,115949,,human
4.7-stable,80d3019de854f11110ee02780a1072c870f80f72,2026-02-06T14:17:58Z,True,merge,115951,,human
4.7-stable,b597f93960df40c86f51d2ba9d188dbb25bd3441,2026-02-06T14:17:59Z,True,merge,115952,,human
4.7-stable,0f8119a3db9f6e45990b3bb55ebbdf0b5073465d,2026-02-06T14:18:00Z,True,merge,115575,,human
4.7-stable,f801f496a87209632f965f38ad794c543fb6ac1d,2026-02-06T14:18:02Z,True,merge,115193,,human
4.7-stable,de6a487b352975a34d95804f8769abf2b79c0677,2026-02-06T14:18:03Z,True,merge,115705,,human
4.7-stable,56f3e2611daadb0b1894b46737ee3000e82e33f9,2026-02-06T14:18:04Z,True,merge,114559,,human
4.7-stable,7f7840c7cbbf1ec85af10e4c64584ef8d8c41b9e,2026-02-06T14:51:03Z,False,direct,,,human
4.7-stable,ec394025f1eef67fa206978bd995a2d300bb04d1,2026-02-06T17:05:43Z,False,direct,,,human
4.7-stable,d68d42b6f54441e5792f28ed5d22e4fbcc8d5a8d,2026-02-06T17:41:56Z,False,direct,,,human
4.7-stable,fdf126e1d9bcb3a88d9aad36b0e24584784037fe,2026-02-06T20:33:01Z,False,direct,,,human
4.7-stable,44fa4a4cdefd90b456a2a11dc79f278fae6758a6,2026-02-07T09:51:30Z,False,direct,,,human
4.7-stable,c5952030756c07efd5af4cbe2b2d858410c70f36,2026-02-07T14:04:39Z,False,direct,,,human
4.7-stable,415ddc83e196f7adb63a960bfece7edfcc1b49cc,2026-02-07T15:12:15Z,False,direct,,,human
4.7-stable,0b8651810fcf876a1f13331a944fb159e2043636,2026-02-07T16:42:19Z,False,direct,,,human
4.7-stable,0c8990468716b61abadd456635f2306aa31a9726,2026-02-07T18:46:34Z,False,direct,,,human
4.7-stable,86d336e1e0e32f61c457291351bb9b7e7c2c66c1,2026-02-07T18:50:09Z,False,direct,,,human
4.7-stable,29a16725c313fff9b5329fbe0c54991d2744e13d,2026-02-07T22:26:45Z,False,direct,,,human
4.7-stable,e3f73abe20aed559e2e8d2b08becfa949ad8ee1d,2026-02-08T02:16:45Z,False,direct,,,human
4.7-stable,8a6d125ec2d7b46f26b00eead30be0b45c46809b,2026-02-08T09:38:46Z,False,direct,,,human
4.7-stable,9ebc4c301306f8d880cc1fe29ea3b7f3eb87a6b1,2026-02-08T09:50:49Z,False,direct,,,human
4.7-stable,0852de70989969f7360b44a9ebdefd19de4cfaaf,2026-02-08T13:08:33Z,False,direct,,,human
4.7-stable,44f9d7fa2ef7d0492f8256675b437dcc7e364915,2026-02-08T17:13:45Z,False,direct,,,human
4.7-stable,4e8d5062e64e71c64434f2988db135226cdb9f7f,2026-02-08T19:18:39Z,False,direct,,,human
4.7-stable,5de8d692733b143f6bee712af182fc2f8b88d7e5,2026-02-08T20:01:53Z,False,direct,,,human
4.7-stable,698f84f0e81fc93a48fbe806e25ca2fa71f23249,2026-02-08T22:08:38Z,False,direct,,,human
4.7-stable,b8aeaf74dc4932fa726771f68a3e13926a6c0514,2026-02-09T03:02:17Z,False,direct,,,human
4.7-stable,996353e457e2429e55349fe6034a1fa85f992f48,2026-02-09T04:34:40Z,False,direct,,,human
4.7-stable,f5c27569f00cc7abfed477e5610140499067be8e,2026-02-09T05:48:34Z,False,direct,,,human
4.7-stable,dce7bdf58f70b119da3d4d7673e527923e008c49,2026-02-09T10:54:24Z,False,direct,,,human
4.7-stable,851faa08d8d308b7d867b7163d545d523a7e791b,2026-02-09T11:48:53Z,False,direct,,,human
4.7-stable,377b5a31752ad5e9c53733639ba0d263e1158645,2026-02-09T11:50:57Z,True,merge,116006,,human
4.7-stable,a8ae40d590b5f789ce7a89aafb24b07c8be16f36,2026-02-09T12:14:55Z,False,direct,,,human
4.7-stable,e0225265b40c632312a94f935e87792dea8c2207,2026-02-09T12:52:42Z,False,direct,,,human
4.7-stable,e5f7c514712537422b963a4f0edc6e387ad24d8d,2026-02-09T15:11:27Z,False,direct,,,human
4.7-stable,bfcd9be90d20c3e1690a3e1f1412def00b714781,2026-02-09T17:23:02Z,False,direct,,,human
4.7-stable,2909a93b0557159c7cdbbd5d7a49c686668b2827,2026-02-09T17:38:26Z,False,direct,,,human
4.7-stable,2343d36b4352ff1c177e611e71df7df6129e993f,2026-02-09T17:45:12Z,False,direct,,,human
4.7-stable,217d93a9621f3e9268e60d91196d9a37b0df7663,2026-02-09T19:44:16Z,False,direct,,,human
4.7-stable,0dd0df3b7bf1ac96af449d421e8a01c324956351,2026-02-09T20:51:20Z,False,direct,,,human
4.7-stable,ca0be3863297062222f19847912fe58dd0799d17,2026-02-09T21:06:52Z,True,merge,116000,,human
4.7-stable,cb8c64b96babb8e7c47ffe1faa04012842c64489,2026-02-09T21:06:55Z,True,merge,115968,,human
4.7-stable,29c0caaa84dae75b540c71b05ebfffc9859688e1,2026-02-09T21:06:56Z,True,merge,114534,,human
4.7-stable,64b2841d916fd42658ce069b87c32e3265fb5c32,2026-02-09T21:06:57Z,True,merge,116057,,human
4.7-stable,44d2f87432ae423d3f51d5d5f5ad780ac249681a,2026-02-09T21:06:58Z,True,merge,116105,,human
4.7-stable,b79e1f36ef2bd29419afeab5f754664721a195b1,2026-02-09T21:06:59Z,True,merge,116012,,human
4.7-stable,0e56b6f8e149ede0f28fcd394caacec56c289b3a,2026-02-09T21:06:59Z,True,merge,116078,,human
4.7-stable,2a5a740bde2ae200290d61ed27e0ae2efc0ac338,2026-02-09T21:07:00Z,True,merge,115855,,human
4.7-stable,ca281b0b2d6c9e65515091932748220128f5a299,2026-02-09T21:07:01Z,True,merge,116080,,human
4.7-stable,6c72a8a31105e8599b297090f2cc170d133796ee,2026-02-09T21:07:02Z,True,merge,115702,,human
4.7-stable,b6b7f5a9de19ffbf28dc89e78d43b97d624e81a2,2026-02-09T21:07:03Z,True,merge,115767,,human
4.7-stable,86508ea17b8f53637c92f042750e6db8fc514d6e,2026-02-09T21:07:04Z,True,merge,115993,,human
4.7-stable,807ece13af6d3d3815a352d9aaeed1ef190e250f,2026-02-09T21:07:05Z,True,merge,112887,,human
4.7-stable,e067a686b386a050f12bc40fd18436ffd4cfc34b,2026-02-09T21:07:06Z,True,merge,115933,,human
4.7-stable,833889aec024b792b1c5ce5089eaebc5eb45692f,2026-02-09T21:07:07Z,True,merge,115710,,human
4.7-stable,486abd481a5b8001df24296f4a2bcda93f89dfba,2026-02-09T21:25:30Z,False,direct,,,human
4.7-stable,c899f017e25968cd3ae45ed7d656b38dc809edcc,2026-02-09T23:19:53Z,False,direct,,,human
4.7-stable,163b498d3928194b11c6258e521b6bcf3355df2f,2026-02-10T06:58:07Z,False,direct,,,human
4.7-stable,2acdfdbbbcb96942f97c08148420ca4cd5209968,2026-02-10T12:34:26Z,False,direct,,,human
4.7-stable,fe8709d07797701ceb437956bb0d8c0651ef47eb,2026-02-10T13:12:35Z,False,direct,,,human
4.7-stable,8fbf2f1e14a0719808b5f56cab944564584e9a73,2026-02-10T13:58:50Z,False,direct,,,human
4.7-stable,c44b01cd1f34e296a72349a3a2530e3d5bc79e4f,2026-02-10T14:29:38Z,True,merge,104736,,human
4.7-stable,c2b5ff33695f304db4fdfcf573ca16782923ae6f,2026-02-10T14:29:40Z,True,merge,115394,,human
4.7-stable,49ddb94a935d994bcecb593969bdb69ae78798e9,2026-02-10T14:29:41Z,True,merge,116106,,human
4.7-stable,0dc5c0ad36d2a7b4226310f098bd413c456c0fee,2026-02-10T14:29:42Z,True,merge,116107,,human
4.7-stable,486c73409a6ee29fd0cc698489e5ead9461b2077,2026-02-10T14:29:43Z,True,merge,115856,,human
4.7-stable,fe039cc6cd305ca78c9f55af2939fabc5d60f41f,2026-02-10T14:29:44Z,True,merge,116117,,human
4.7-stable,ec297f8bb3377e47f78d4e835ea3e8be4f4ca648,2026-02-10T14:29:45Z,True,merge,114717,,human
4.7-stable,1cbad83f83e19d8bf02a054293fca9547b62d019,2026-02-10T15:54:46Z,False,direct,,,human
4.7-stable,ba5a0758e9a492e87dc79b057cc3c7119e055eec,2026-02-10T15:58:58Z,False,direct,,,human
4.7-stable,0808e47effd6fb0dae7d84824d1937d2447de188,2026-02-10T16:34:34Z,True,merge,115904,,human
4.7-stable,d61fc4529f9479b2b64e1633a54d89471f9365aa,2026-02-10T16:34:35Z,True,merge,116032,,human
4.7-stable,b205e5fd2057ec96d27e4b7bada2c2c43e65be23,2026-02-10T16:34:36Z,True,merge,116140,,human
4.7-stable,da0250c0f08bbbb587c34694c63313510439d896,2026-02-10T16:34:37Z,True,merge,116088,,human
4.7-stable,07f6c64c1852ee7478c3979fdbc61e5a438628d0,2026-02-10T16:34:38Z,True,merge,116125,,human
4.7-stable,92a90a8e6f23a42281b41bfbf01257156f1c1407,2026-02-10T16:34:39Z,True,merge,114558,,human
4.7-stable,8d14a178e9a8d0411409e2f8141587668fd44e27,2026-02-10T22:13:07Z,False,direct,,,human
4.7-stable,0063b4ebd6aca6c29920e879d1c91ef0ef52147e,2026-02-10T23:19:52Z,False,direct,,,human
4.7-stable,69a923e3402b45a44984703ffea826fa68ce0f53,2026-02-11T00:00:30Z,False,direct,,,human
4.7-stable,7a98a2f909006a4c6bc606bac4dbee01a307b151,2026-02-11T00:07:58Z,False,direct,,,human
4.7-stable,f9c31d34836d4738839dd1be3342fed6ecf23120,2026-02-11T07:43:20Z,False,direct,,,human
4.7-stable,6a65e06e69f0a9486b7d87b6435fefdfbc4c86b9,2026-02-11T08:14:57Z,False,direct,,,human
4.7-stable,032232a52296a40bbac59216f3c64c97f3828cb3,2026-02-11T09:45:49Z,False,direct,,,human
4.7-stable,76a2ab7fbf531384278b58cd6c0ba05b00476c36,2026-02-11T12:15:08Z,False,direct,,,human
4.7-stable,f3df9c24346e6d37b32e0f215827fdbd3114356c,2026-02-11T14:01:03Z,False,direct,,,human
4.7-stable,1fbbd665c66279d2a21ce3334c483b733205990e,2026-02-11T14:30:48Z,False,direct,,,human
4.7-stable,4868c407edf4725c23cd40c819776c2fcade098f,2026-02-11T16:26:59Z,True,merge,116171,,human
4.7-stable,6330464fd94a28d61d31106ee8581185113d8ce4,2026-02-11T16:27:00Z,True,merge,116041,,human
4.7-stable,152f14278817ba67a08400c314b9eb024ba97926,2026-02-11T16:27:01Z,True,merge,115992,,human
4.7-stable,e4d449f4b41c71d8a5781de9f5c48522f5dcb182,2026-02-11T16:27:03Z,True,merge,115871,,human
4.7-stable,c53965f13eb7bc7add011cb6ae4afdfc03d60351,2026-02-11T16:27:04Z,True,merge,116046,,human
4.7-stable,724ab21eb365b6a582127a15887662f39653cbe6,2026-02-11T16:27:05Z,True,merge,116154,,human
4.7-stable,487896096c731b936545f61480ad040de5b54132,2026-02-11T16:27:06Z,True,merge,116155,,human
4.7-stable,c6f1ad6b09e2f812107dfa6bd98daa76cf7e8c72,2026-02-11T16:27:08Z,True,merge,116071,,human
4.7-stable,40448082abe972daa179c64d7889cd88a8e7ea9c,2026-02-11T16:27:09Z,True,merge,115728,,human
4.7-stable,15958aa1ff682c4d9c9bf79cbf38813f4d3acf73,2026-02-11T17:44:53Z,False,direct,,,human
4.7-stable,d613138aa4f0463635189da4549913a09a8f43a7,2026-02-11T18:02:37Z,False,direct,,,human
4.7-stable,3201f3bb5dfed685bb4f89d7249a38d9b8d350f4,2026-02-11T18:31:56Z,False,direct,,,human
4.7-stable,e6ee72828f1d0a0fe8248f0a4809860098c09872,2026-02-11T19:25:27Z,False,direct,,,human
4.7-stable,94591b8971e3b503c1ee670a73412a0ae8a0a419,2026-02-12T03:31:26Z,False,direct,,,human
4.7-stable,3d12a285d4d6c8eb0b8ed409ae60d073e616559c,2026-02-12T04:55:45Z,False,direct,,,human
4.7-stable,b8389cc76bde87c709cf821e48c5c87ad2d74cdb,2026-02-12T05:13:26Z,False,direct,,,human
4.7-stable,f9f164f7cae6081cb47bc0c5ace4780c80b9852c,2026-02-12T06:27:11Z,False,direct,,,human
4.7-stable,149ecbcbfde98f0e4a8fed8bf2703d3666d5c4ed,2026-02-12T08:11:56Z,False,direct,,,human
4.7-stable,fde9658a3e91bd718bdd9ce92a2ecfa777fbe0fa,2026-02-12T14:19:13Z,True,merge,94496,,human
4.7-stable,3294d50d8246bf93bbb4a2015793171255e2d280,2026-02-12T14:19:15Z,True,merge,116075,,human
4.7-stable,2d5b30c476622768cd325f08a2e99a6610be1000,2026-02-12T14:19:16Z,True,merge,115963,,human
4.7-stable,553315ced85f89602f8b882da43ef92f170655bf,2026-02-12T14:19:18Z,True,merge,92282,,human
4.7-stable,20d58a38c67b956d007e594c551dab39bd68efc1,2026-02-12T14:19:19Z,True,merge,116168,,human
4.7-stable,5d5eb20a91b2758f2e0cbb56e5e9f2251556f4f8,2026-02-12T14:48:37Z,False,direct,,,human
4.7-stable,1c16c4fdcca63fca5112925aac8d09de0fe3dba1,2026-02-12T15:30:05Z,False,direct,,,human
4.7-stable,51582b3fd6f8b4f8b7b7ca37af9d5c9070b7c03f,2026-02-12T16:19:43Z,False,direct,,,human
4.7-stable,2d03275c88b277a3adcd2066ba7f1fed33949ec4,2026-02-12T16:58:08Z,False,direct,,,human
4.7-stable,9518b98082a0bf99f09ce3b49d572caa8982981f,2026-02-12T20:15:04Z,False,direct,,,human
4.7-stable,3f5620aac031d0eb455a83be12ea1d9921a7ba32,2026-02-12T20:32:57Z,False,direct,,,human
4.7-stable,0ad63522d74b1df188616ef97ea7bc67b3354a31,2026-02-12T22:14:23Z,False,direct,,,human
4.7-stable,4c05d9ae01f18117bce9a078e07e9e791ec97482,2026-02-12T23:00:10Z,False,direct,,,human
4.7-stable,dc8e7ef2ce5deb8353a688951e9686f4510629a6,2026-02-13T01:52:40Z,False,direct,,,human
4.7-stable,0ced9ff85510238dd67c871ee539fdb412e41d8c,2026-02-13T02:05:54Z,False,direct,,,human
4.7-stable,f5832013c8bfc320646b5b497ee8281e36cb77c5,2026-02-13T02:58:42Z,False,direct,,,human
4.7-stable,a830dba677d84f04c9d3fa4428d2540ab51445f7,2026-02-13T06:17:38Z,False,direct,,,human
4.7-stable,b7fbd3960a742debec33668d3314f6dc2985de0c,2026-02-13T06:32:19Z,False,direct,,,human
4.7-stable,d1698255bc9f509923e71fe83d24e1995f627fde,2026-02-13T08:56:46Z,False,direct,,,human
4.7-stable,3bd8f3ccb68db94f35d4eac2c772353d9d3a5716,2026-02-13T09:32:09Z,False,direct,,,human
4.7-stable,7e2a4f008ad06332520bec4ce27ba508907248a8,2026-02-13T10:17:25Z,False,direct,,,human
4.7-stable,d41677587ce95b67cdbfa7778cdf9d4051643462,2026-02-13T13:40:24Z,True,merge,116225,,human
4.7-stable,06793a947b0a95e2c18e4cb7ee51764619eb6705,2026-02-13T13:40:25Z,True,merge,116209,,human
4.7-stable,fd49f2ac10e62ee2fb141cf6d47446ce96910a16,2026-02-13T13:40:26Z,True,merge,116226,,human
4.7-stable,3f57dc07ccad167564e84a8c91a467990b1f1755,2026-02-13T13:40:27Z,True,merge,116153,,human
4.7-stable,481b6fcf666e697300c71b0a8bc23bd05a02fe53,2026-02-13T13:40:27Z,True,merge,115761,,human
4.7-stable,bf95b62586e31b8a3503f5903d7764d7c52bf2ab,2026-02-13T13:40:28Z,True,merge,115883,,human
4.7-stable,3f5c5d969fe90d6b9af883d5f41a85aedd21b1f1,2026-02-13T17:58:27Z,False,direct,,,human
4.7-stable,4fe7fd8379da710451c7fcb70a988c119ad9ed9e,2026-02-13T22:24:05Z,False,direct,,,human
4.7-stable,e298af3c7151fc38e7c3e72548b8a9c512b6a3d7,2026-02-14T01:34:30Z,False,direct,,,human
4.7-stable,b3d0b00843de9729d9071ed45af7c1fb2a7b19af,2026-02-14T02:59:08Z,False,direct,,,human
4.7-stable,eadec6c60522d3e2ad903d01d4d920458197c009,2026-02-14T06:28:44Z,False,direct,,,human
4.7-stable,27393fbd2401897ae5b1a65b43a7f520f4fd0957,2026-02-14T10:30:00Z,False,direct,,,human
4.7-stable,ecf1f8d960f6fa52924ce20157643164aeaf62d1,2026-02-14T12:04:08Z,False,direct,,,human
4.7-stable,39ed2fa9a585ed96927d62ae9bde068e3e94e786,2026-02-14T12:20:48Z,False,direct,,,human
4.7-stable,dd5cc4bbd1e085b459c6e03712a342c70831e6c2,2026-02-14T13:10:39Z,False,direct,,,human
4.7-stable,4bb7383d5a75f01aa7989d9005facf7733ac99b9,2026-02-14T13:25:02Z,False,direct,,,human
4.7-stable,a289ee7f62969a449c40537f8f69b1a57ac543b1,2026-02-14T14:21:59Z,False,direct,,,human
4.7-stable,da3645d5a93a9a720db058ebe626c87530e26144,2026-02-14T15:32:37Z,False,direct,,,human
4.7-stable,998f97a2a13d294a00ec3ee95ed8bf2279e4cf5c,2026-02-14T18:47:28Z,False,direct,,,human
4.7-stable,ad570e86d5418d7fec4e2f6f92ad526f0149b878,2026-02-14T23:23:36Z,False,direct,,,human
4.7-stable,fe0acc100339198980132a859bae17c7ec6330c1,2026-02-15T08:28:52Z,False,direct,,,human
4.7-stable,4dceee5252781d323bfcd45808e2637f3ea02429,2026-02-15T17:16:27Z,False,direct,,,human
4.7-stable,3c0eaa38de57115128d4f2f56f0d8ccf590a51eb,2026-02-15T17:46:00Z,False,direct,,,human
4.7-stable,b99d9c22a2b4c373b7c2f3aa7b66bb243f7624b5,2026-02-15T18:19:07Z,False,direct,,,human
4.7-stable,8415c4f5701fd4bb816e102142c7fed6948d6c20,2026-02-15T18:58:56Z,False,direct,,,human
4.7-stable,f37446c610bbd2c1eddac2db3d004c366071200e,2026-02-15T20:05:15Z,False,direct,,,human
4.7-stable,4a823dcd23d67c3c32f1d797956f10a05bb3dd95,2026-02-15T21:29:55Z,False,direct,,,unknown
4.7-stable,739869359a90d6553dcf8bf26174209704bb784c,2026-02-16T02:22:07Z,False,direct,,,human
4.7-stable,ba71e30579cec02b301940faba3847bb3646adf3,2026-02-16T10:00:28Z,False,direct,,,human
4.7-stable,f1908d643292027749f40e227f95c3f88f074a98,2026-02-16T11:27:55Z,False,direct,,,human
4.7-stable,c416cbaf544193fb209a6b8dbf0b3bb1b00a1b96,2026-02-16T13:36:31Z,False,direct,,,human
4.7-stable,8ed849e416efcb9221f2b09f2b7497ace5c1d33c,2026-02-16T14:13:06Z,False,direct,,,human
4.7-stable,07851f82719d65a34b425e0a204d23d0159aa36e,2026-02-16T14:16:53Z,False,direct,,,human
4.7-stable,2762c56829cfad2cc9fb17bf338f5258a8099c70,2026-02-16T16:19:18Z,True,merge,112287,,human
4.7-stable,3209188cc79a6c6407ebf54cbfe7cc3f245bafd8,2026-02-16T16:19:19Z,True,merge,115532,,human
4.7-stable,d1554575542a3bfafa0fe8be24d7d2e8dd0ef942,2026-02-16T16:19:20Z,True,merge,116081,,human
4.7-stable,2f06af10e6c057a3c6f4b352b9979e15dd7c8d8e,2026-02-16T16:19:21Z,True,merge,106560,,human
4.7-stable,cf406533c8600f17be95b1952857539c3d5bb914,2026-02-16T16:19:22Z,True,merge,114283,,human
4.7-stable,4cccd55af843dd27b2e1d9d47e0db0e2ee383ce5,2026-02-16T16:19:23Z,True,merge,116161,,human
4.7-stable,5f1819538a74ce2dcde9aaa55dd5e6373f1903f0,2026-02-16T16:19:24Z,True,merge,116192,,human
4.7-stable,4163d3af5a136fe6f13dd7e99f234f00bd414545,2026-02-16T16:19:25Z,True,merge,114198,,human
4.7-stable,e1c8e6cfb690b868fa330cfa6463d727150b649e,2026-02-16T16:19:26Z,True,merge,108208,,human
4.7-stable,96a2994b216031699e30e1be7b797ee32ce67559,2026-02-16T16:19:27Z,True,merge,116284,,human
4.7-stable,4106b5cdccce15a7a179b0b87a5b4cd81e8b4779,2026-02-16T16:19:28Z,True,merge,116256,,human
4.7-stable,2964e8ed82723285536bb376dd290e0d3e907c91,2026-02-16T16:19:29Z,True,merge,115877,,human
4.7-stable,b769ae2d5f134eb556495d87d1f9c87f31092848,2026-02-16T16:19:30Z,True,merge,116309,,human
4.7-stable,11541c8533f2101b0934f835034d5f7020f12306,2026-02-16T16:19:31Z,True,merge,116217,,human
4.7-stable,54d418ee7267df61fddb718a14ab0ec685c8dd9c,2026-02-16T16:19:32Z,True,merge,109146,,human
4.7-stable,c9c44461747759f5e9f214a01cd256ae373b515b,2026-02-16T16:19:33Z,True,merge,105016,,human
4.7-stable,3110686b3aff1df0e07a01e019c9bae4bf258b46,2026-02-16T16:19:34Z,True,merge,116343,,human
4.7-stable,41f4ca32479933bcdb454fc48a98a258dc92392a,2026-02-16T16:19:35Z,True,merge,116236,,human
4.7-stable,43c9a32b3d46f1333ee80b1e48ae77f8bf04b345,2026-02-16T16:19:36Z,True,merge,116354,,human
4.7-stable,94f9b87063713819ce2268221ee33fcf60420aca,2026-02-16T16:41:32Z,False,direct,,,human
4.7-stable,ed9c865e9ba9e1331bfb15cea9107f546a9231e5,2026-02-16T17:07:03Z,False,direct,,,human
4.7-stable,8462c586bf65ef8e4629d859ff9b332ee5946253,2026-02-16T18:26:01Z,False,direct,,,human
4.7-stable,1e8c4d395fc1dc4d0fa2b7bda655ec5f9b4c2678,2026-02-16T18:57:55Z,False,direct,,,human
4.7-stable,870631211f507b302b3fbc289a62891115ad7a29,2026-02-16T19:10:54Z,False,direct,,,human
4.7-stable,8f7f7b2703c66c23087015aac4cd038093bba677,2026-02-16T19:15:48Z,False,direct,,,human
4.7-stable,47bc8f002f4c64cb86fa21fc5dd0c4b0477f900d,2026-02-16T20:40:19Z,False,direct,,,human
4.7-stable,349a07c4c99f1809e96ef95181c5c098881c39f4,2026-02-16T21:02:26Z,True,merge,116265,,human
4.7-stable,14ef1c49f0405c0e6ce0ee3d20b08689fd993ea2,2026-02-16T21:02:27Z,True,merge,102787,,human
4.7-stable,13bc06556f14b94ad76f5f32f7d2cc4fdbced529,2026-02-16T21:02:28Z,True,merge,115752,,human
4.7-stable,003cc3d84b0b9788cb96c2e42488ee7739410abb,2026-02-16T21:02:30Z,True,merge,116129,,human
4.7-stable,b151a2d9665f5c9a24cb3ec54375fd887eac87cc,2026-02-16T21:02:31Z,True,merge,115396,,human
4.7-stable,c069f5526ba36e18dc0cea839ecc76f8dcc51d9d,2026-02-16T21:02:33Z,True,merge,116219,,human
4.7-stable,1e12317895841df653f835f1e04d54ea0f28fcd7,2026-02-16T21:02:34Z,True,merge,115646,,human
4.7-stable,85ba5ffaadc2e2a0d0979e80c8e70260fa229674,2026-02-16T21:02:36Z,True,merge,111687,,human
4.7-stable,b21b4106b4fc731356caa5b1c6f64ba536b88781,2026-02-16T21:02:37Z,True,merge,114045,,human
4.7-stable,7b9e7a9f8b2f6584cc26ed65208e593537fc41f5,2026-02-16T21:02:39Z,True,merge,116100,,human
4.7-stable,b7b205c4101fe3bc4b065ece5510ba89095354df,2026-02-16T21:02:40Z,True,merge,116292,,human
4.7-stable,4e84cd8a6be3ecd3c688269e1e4d05afa92eee5a,2026-02-16T21:02:41Z,True,merge,116326,,human
4.7-stable,7eedf1846f06f2de8842170f6b7eccf845e716d0,2026-02-16T21:02:43Z,True,merge,105045,,human
4.7-stable,5866e4f58f8c47e7d740e8626cc704dc5e198f97,2026-02-16T21:02:44Z,True,merge,116366,,human
4.7-stable,376903417de8873c2c542f49692b18bc032534a8,2026-02-16T21:02:46Z,True,merge,116369,,human
4.7-stable,9655415fc44687702dd366c02a3ae7b28f2061f2,2026-02-16T21:29:28Z,False,direct,,,human
4.7-stable,8ef3bc5135cee395b0e423c25b947e020a9980bb,2026-02-16T22:06:48Z,False,direct,,,human
4.7-stable,c9249346c4e42299aad9f8fd24dce782b4443b52,2026-02-16T22:10:33Z,False,direct,,,human
4.7-stable,25100ee3dc648acbf8b3afad17a60fd25450ef21,2026-02-17T00:02:55Z,False,direct,,,human
4.7-stable,b03f0a9e249fea94e145b5761a321a97eb957ce8,2026-02-17T07:46:04Z,False,direct,,,human
4.7-stable,7856b9d8ade223d19c702edb683a07da5b9ec629,2026-02-17T10:15:36Z,False,direct,,,human
4.7-stable,0ea5ece98499bb575fc3ad9002e988f2394f83b2,2026-02-17T11:24:35Z,False,direct,,,human
4.7-stable,9527a6e2f02d50d5a93237f650bd33e190f23710,2026-02-17T11:29:27Z,False,direct,,,human
4.7-stable,ff9085448e43acd52eea162681aa622d8e65ce5f,2026-02-17T15:28:19Z,True,merge,112459,,human
4.7-stable,a1c4aacdbcbe7759744f7ad277dc6a5c61d3f2f5,2026-02-17T15:28:21Z,True,merge,110796,,human
4.7-stable,dc6222782f09a7be5bbf17a0942fd28ea8854926,2026-02-17T15:28:22Z,True,merge,102858,,human
4.7-stable,a82e210b5a7dc2dc5eb4b485c3414c44cda8fa7d,2026-02-17T15:28:23Z,True,merge,116376,,human
4.7-stable,55da9f0782b6509667e95a729df9cfbf6ed6716f,2026-02-17T15:28:25Z,True,merge,114360,,human
4.7-stable,23d7147d1e27f19397ed573aeafab76d2a7bb7af,2026-02-17T15:28:26Z,True,merge,116381,,human
4.7-stable,41d060630af86d0897bbb1517f1c13d607f2b779,2026-02-17T15:28:27Z,True,merge,106004,,human
4.7-stable,7268edf5a60a08e899306dce23b71ea3a5e448ce,2026-02-17T15:28:28Z,True,merge,116283,,human
4.7-stable,a8a582e28b91407e683d112724051266ff2df936,2026-02-17T15:28:30Z,True,merge,116371,,human
4.7-stable,fa56f71ddd161baccadbc975176e7b7e7d7a29b6,2026-02-17T15:28:31Z,True,merge,107452,,human
4.7-stable,8a4df69e22a74ee66f063958e9ee15908796fe73,2026-02-17T15:28:32Z,True,merge,116403,,human
4.7-stable,ad4b910a104f2ab1f8cc2ecd97cc6796a6ab66bc,2026-02-17T18:45:31Z,False,direct,,,human
4.7-stable,eeecad6c4cf7845d490ada0e48970400ea51d434,2026-02-17T19:44:03Z,False,direct,,,human
4.7-stable,4ce9ef043addf5e04c3eedf693b975cff8b43851,2026-02-17T20:03:53Z,True,merge,111016,,human
4.7-stable,33eb9ff990f9ee6243ac2449dbf794ca39764c45,2026-02-17T20:03:54Z,True,merge,116280,,human
4.7-stable,7b089a98d9fc204e0ef2ffdf7e0d66c72ca7e7ad,2026-02-17T20:03:55Z,True,merge,89748,,human
4.7-stable,e0971e63490b09010e4efa99a7c743ed9649a14b,2026-02-17T20:03:57Z,True,merge,116241,,human
4.7-stable,8ab040cc4472d0426f439f9a6c57042f2b5627df,2026-02-17T20:03:58Z,True,merge,116295,,human
4.7-stable,d1397d884a708577a4024ce0d6aa2b0695697148,2026-02-17T20:03:59Z,True,merge,116157,,human
4.7-stable,d7392aff0211a2f9b387be8e190b31743832eac6,2026-02-17T20:04:01Z,True,merge,116244,,human
4.7-stable,c23593837e48cd913d8f30f41a5231d7c5cc0aad,2026-02-17T20:04:02Z,True,merge,79712,,human
4.7-stable,c4a893e988935aa8401a9ab4d3dd29b96db4fa1a,2026-02-17T20:04:03Z,True,merge,114849,,human
4.7-stable,bea703ae12b3ffa3444ed5575f08ae36edd574d6,2026-02-17T21:12:23Z,False,direct,,,human
4.7-stable,10a91ca7cdb298edf41a4955f095544b21ee4059,2026-02-18T01:10:09Z,False,direct,,,human
4.7-stable,0f521b5d768783884c99349a751fb75792afdc24,2026-02-18T09:47:49Z,False,direct,,,human
4.7-stable,4c0de4f53838cc1e1bd95f87c9ca961220012221,2026-02-18T12:34:36Z,False,direct,,,human
4.7-stable,6b8bc19c5a91b73f033399261b604c804ee95525,2026-02-18T14:23:25Z,False,direct,,,human
4.7-stable,62c6ae120ff0057f02f8655f0bf2ae3a2298efe6,2026-02-18T14:28:07Z,True,merge,116218,,human
4.7-stable,9fe699e4a0ae360de02b3886447707ca2b1a910c,2026-02-18T14:28:08Z,True,merge,116419,,human
4.7-stable,d07793e7baac1950d2803579028e12eac36b691b,2026-02-18T14:28:10Z,True,merge,116406,,human
4.7-stable,8db94f7b5eb0e97829d1f4fceac2784b55c112c6,2026-02-18T14:28:11Z,True,merge,116299,,human
4.7-stable,876dcc8a5d2b1ca0cffcc84ea8cfd06d69fadde4,2026-02-18T14:54:40Z,False,direct,,,human
4.7-stable,73fcc0d64509f16919da836c98a9b307db804237,2026-02-18T15:37:22Z,False,direct,,,human
4.7-stable,14c3548fd1229bc7577a81dff756ff6309722fff,2026-02-18T17:36:39Z,False,direct,,,human
4.7-stable,b79355e0c35ff59747a8924f6a69478f7dfb7758,2026-02-18T18:04:28Z,True,merge,116440,,human
4.7-stable,15558cb886447cf9b651c7ae83455f27eb3767ca,2026-02-18T18:04:30Z,True,merge,108111,,human
4.7-stable,46729d4b5e421d7e6ddbbc596df1dcd5355f6f8a,2026-02-18T18:04:31Z,True,merge,116430,,human
4.7-stable,afa6d6071bc032750dfb5c4207bbcfd906d72390,2026-02-18T18:04:32Z,True,merge,114316,,human
4.7-stable,4d4f7291edef168a8c2f3b82d7aec2ea5dfad75f,2026-02-18T18:04:33Z,True,merge,116355,,human
4.7-stable,b60e662c25eba1a61ade3f257fdef7e1eb95e84d,2026-02-18T20:06:38Z,False,direct,,,human
4.7-stable,85ba2ecf2b8e6261a31283a319c05608743a10cf,2026-02-18T22:10:04Z,False,direct,,,human
4.7-stable,481865ba34b5f8e688c738f700c420dedcfc784e,2026-02-18T22:27:21Z,False,direct,,,human
4.7-stable,f3ba89c381aca5079b33ff1cccb2d1561c63e672,2026-02-18T23:04:23Z,False,direct,,,human
4.7-stable,86c66ffed4913a5d7fd2a25a3d3957bb06ff7144,2026-02-18T23:09:40Z,False,direct,,,human
4.7-stable,bcbdd73ab9efbdfb7426fb7db1ab519eba37734f,2026-02-18T23:28:16Z,True,merge,116418,,human
4.7-stable,551978e514bbcb072e40caf7b287ac599fb891c6,2026-02-18T23:28:18Z,True,merge,112985,,human
4.7-stable,6e5b661f3298ae968d40ad43706ff8ed45f44990,2026-02-18T23:28:20Z,True,merge,116331,,human
4.7-stable,2ae60b41081361693a1815735a26b8b5fd48ef0f,2026-02-18T23:28:22Z,True,merge,116207,,human
4.7-stable,ae604e73e0f699da469cc04537d645ea7c4b7efb,2026-02-18T23:28:24Z,True,merge,116274,,human
4.7-stable,aa6893931ddae7387737f46728d6c10ccc64ae16,2026-02-18T23:28:25Z,True,merge,116380,,human
4.7-stable,325dc44c085f837031be7982a6cf82dc3a982590,2026-02-18T23:28:27Z,True,merge,116328,,human
4.7-stable,d73f6aab4ec179fc7b8b72cb66f5d3be3883717e,2026-02-18T23:28:28Z,True,merge,116455,,human
4.7-stable,30faebb20828bc56313fe6728550c9f864a1b8f0,2026-02-18T23:28:29Z,True,merge,116312,,human
4.7-stable,ad4c2c3da892029981707d757a80ddef12e59d7a,2026-02-18T23:28:30Z,True,merge,116097,,human
4.7-stable,a98f695673f87051209d3412d68876a93b83bee3,2026-02-19T00:24:52Z,False,direct,,,human
4.7-stable,8770218577435fdebceb7ddbb810dd2a8c6bf53a,2026-02-19T01:06:14Z,False,direct,,,human
4.7-stable,99cc3f7d5166e836b2ec73bc210190b859b9da2b,2026-02-19T01:54:39Z,False,direct,,,human
4.7-stable,0d52a6c94ca17c6a923ebfb8a83d8706029cdaed,2026-02-19T02:13:06Z,False,direct,,,human
4.7-stable,83057073d58306c3b3742b134ddfedfc43d6d273,2026-02-19T02:35:00Z,False,direct,,,human
4.7-stable,560ff19a29249afb9d914df149ff67170e95b051,2026-02-19T03:14:08Z,False,direct,,,human
4.7-stable,37164e28f0691d3ea8181e0dcaa69d87e710e8ea,2026-02-19T05:28:06Z,False,direct,,,human
4.7-stable,eeaddb7c49e9eba20ff9fb6514082e8f4ca72e2b,2026-02-19T09:29:19Z,False,direct,,,human
4.7-stable,610918795e53dfe8a23236a7a4287c97f0a77541,2026-02-19T10:46:20Z,False,direct,,,human
4.7-stable,ebe5e9e294f5a581bb01b14baebceaef96970679,2026-02-19T12:14:49Z,False,direct,,,human
4.7-stable,5482b9e89ec8427a76a462b1fb1af13ca0046a17,2026-02-19T13:36:26Z,False,direct,,,human
4.7-stable,4e95d26c9762c1b1cae41b16580bfb4cd7364c70,2026-02-19T14:00:47Z,False,direct,,,human
4.7-stable,1c12d2c36e31be87adb600cc148053eda9031b0c,2026-02-19T14:09:29Z,False,direct,,,human
4.7-stable,6db79918da9df8b114c227195e671a1bebe9c75a,2026-02-19T14:21:51Z,False,direct,,,human
4.7-stable,f0b164472f18f71a10708f1a198c6f792f7c48f5,2026-02-19T15:46:00Z,True,merge,112041,,human
4.7-stable,c67a8a16f49da42a1af0b00f0557774ca5953f67,2026-02-19T15:46:02Z,True,merge,116307,,human
4.7-stable,aae01e45680ce3f5263aac56e584f58789071d44,2026-02-19T15:46:03Z,True,merge,114712,,human
4.7-stable,70771e3290c1262929a4711eca57ac47c2fdb3fd,2026-02-19T15:46:04Z,True,merge,116451,,human
4.7-stable,d59205aa61accb595108f12f86beee2e9309a346,2026-02-19T15:46:05Z,True,merge,111614,,human
4.7-stable,e0b9d1f3ffb35bf82d2db936f13b120477c47e05,2026-02-19T15:46:06Z,True,merge,106219,,human
4.7-stable,16b7047677a51c6af906a8fe648b8d0c7085471c,2026-02-19T15:46:07Z,True,merge,101769,,human
4.7-stable,9a3a7f9abf4633f38d7aeaf48d59e94e04625123,2026-02-19T15:46:08Z,True,merge,104628,,human
4.7-stable,4f62fa03f585611f44909924c156259c6743d74e,2026-02-19T15:46:09Z,True,merge,116187,,human
4.7-stable,dde6e84bc368bb13223473fe48f35b81ccd17ee8,2026-02-19T16:19:03Z,False,direct,,,human
4.7-stable,897172fa25699455f0a537f054654068b3dda5d5,2026-02-19T16:24:51Z,True,merge,116486,,human
4.7-stable,c83c672d615e04fda40e5c02835a10deba924813,2026-02-19T16:34:06Z,False,direct,,,human
4.7-stable,f3c2397e34e901aa193cba0998872b7e0f24130c,2026-02-19T18:49:02Z,False,direct,,,human
4.7-stable,41e9e7070526689f61e23f80be5f78a40bdfd969,2026-02-19T19:46:21Z,False,direct,,,human
4.7-stable,ebb2bc71393b374e2164be69eb555d9bf40af59f,2026-02-19T21:03:00Z,False,direct,,,human
4.7-stable,c36f1f03bff14416e92fafbfe44764cf895fa454,2026-02-19T22:27:58Z,False,direct,,,human
4.7-stable,a6adb12240da118cda8fd78fe6d61ca7b147c876,2026-02-19T23:27:41Z,False,direct,,,human
4.7-stable,6e345f80ec834333dad466d576c6c00a92c51cb4,2026-02-19T23:49:00Z,False,direct,,,human
4.7-stable,7d6d11f8d8a6c39d8077fe80937e5c000d1f832c,2026-02-20T00:25:33Z,False,direct,,,human
4.7-stable,eb9aa55628c61efac655da4cf6c1ae5dcbdc3527,2026-02-20T01:20:37Z,True,merge,111637,,human
4.7-stable,afc720e35c123c84bcb1ef4926435f85bb4b7d6b,2026-02-20T01:20:38Z,True,merge,116450,,human
4.7-stable,5ce11b3c5fa4dcae09c4231d6d6bca35044cfb46,2026-02-20T01:20:40Z,True,merge,115129,,human
4.7-stable,4d4f588a58faedf7003db913676d5384f1bfd4bd,2026-02-20T01:20:41Z,True,merge,93298,,human
4.7-stable,83f30234d209993de55009ee47eed9a3e13fe74e,2026-02-20T01:20:42Z,True,merge,112785,,human
4.7-stable,4c6246052b11f8ad1e5aad2b73d70df53ab9da87,2026-02-20T01:20:43Z,True,merge,116463,,human
4.7-stable,aa094e93e36d9c310d0f40c466f0e063b7a7c9d4,2026-02-20T01:20:44Z,True,merge,116390,,human
4.7-stable,a7b74be08cf64a2fdb24944b1d4ebfc7720f61f7,2026-02-20T01:31:09Z,False,direct,,,human
4.7-stable,26b8af6bf0a37ac6dc0958d9fcf3b5ac5eea59b9,2026-02-20T01:36:55Z,False,direct,,,unknown
4.7-stable,346150a9ff1fd6cf5da804cade5cf79a7ff9b57e,2026-02-20T02:05:47Z,False,direct,,,human
4.7-stable,cdf9834d1fa2e3a8be656187e3c4fb8ff2015140,2026-02-20T02:29:12Z,True,merge,116512,,human
4.7-stable,5e1052839779b2686060bf013798774d994e31f2,2026-02-20T02:29:13Z,True,merge,114895,,human
4.7-stable,25045e365f8be5e852736a92430b4bcfce64fd24,2026-02-20T02:29:15Z,True,merge,113808,,human
4.7-stable,f65f5c0548393bdf9d411dec45cdbad466865f86,2026-02-20T02:29:16Z,True,merge,101468,,human
4.7-stable,230e6bfc3b59a3363d25d65a2febf0610d750688,2026-02-20T02:29:17Z,True,merge,76596,,human
4.7-stable,23df31ece44cd307fa0232cb5f5b680e09232e01,2026-02-20T08:24:04Z,False,direct,,,human
4.7-stable,0d01c01c7bdc9ce03c7250f58289485c771067c2,2026-02-20T08:56:32Z,False,direct,,,human
4.7-stable,9dfa168dc00ba06416914104f36491642d3a55ba,2026-02-20T09:10:39Z,False,direct,,,human
4.7-stable,d364a63b88c1db52eb7d4fb5ad01a6f2b165cce5,2026-02-20T10:16:26Z,True,merge,113396,,human
4.7-stable,4654dbb0ac784d12b9f9d575134c20b384a907ea,2026-02-20T10:16:31Z,True,merge,115565,,human
4.7-stable,4326946f005ca357243b5eaa1ef7083073d87e73,2026-02-20T10:16:35Z,True,merge,115732,,human
4.7-stable,95030c2932c3b84e51f9ffb60e6b433d14264d9e,2026-02-20T10:16:39Z,True,merge,116263,,human
4.7-stable,db77a462b48f2ff951a0be09de12dd0e42ba0042,2026-02-20T10:16:44Z,True,merge,116395,,human
4.7-stable,51ab98414f69c70881384692ebd84e1c9e025a97,2026-02-20T10:16:48Z,True,merge,116525,,human
4.7-stable,715748bab42c1d38ae13dff291aaf368d13bef49,2026-02-20T10:20:44Z,False,direct,,,human
4.7-stable,13bb08286e98c025d8bded932be65afb2ca8718e,2026-02-20T10:29:38Z,False,direct,,,human
4.7-stable,cd650f23363f410b1678198b9a08c34569d4a695,2026-02-20T10:29:39Z,False,direct,,,human
4.7-stable,be587f3a2d92f42d52fd3801f94a8dda47e18e64,2026-02-20T12:07:41Z,True,merge,115623,,human
4.7-stable,f69edf810e3da858f1fcec8ebe25bf1dcc795a4d,2026-02-20T13:07:58Z,False,direct,,,human
4.7-stable,59c9e27119f80caaf36e6207afd79daf8a4912c7,2026-02-20T13:31:51Z,False,direct,,,human
4.7-stable,3fb0d6b54407007c87705a69b0963c159c602ef1,2026-02-20T14:20:43Z,False,direct,,,human
4.7-stable,e75aa9ed862d4a65d650ec51d1980dd46db99388,2026-02-20T14:33:03Z,False,direct,,,human
4.7-stable,e9ee5798d4e70a0847cb14882a9a8e247b32cfde,2026-02-20T16:32:29Z,False,direct,,,human
4.7-stable,f85892eb7ace9e868d00a999c58a9d344866b04c,2026-02-20T17:00:59Z,False,direct,,,human
4.7-stable,8b34d5d60846097e053b3f18cbee86d62df6bf22,2026-02-20T17:01:41Z,False,direct,,,human
4.7-stable,65951c721feb4eae8026eccdcf6807bb0c90a3b8,2026-02-20T17:35:59Z,True,merge,115649,,human
4.7-stable,0d9d77ebc3a9629372f0e765380a7dbf2b71fffd,2026-02-20T17:36:00Z,True,merge,116515,,human
4.7-stable,726de897d080a00adb4d7571ce90c6f06a93df10,2026-02-20T17:36:02Z,True,merge,116400,,human
4.7-stable,9fc90a0441fea4baa62784f241d4449b9258e919,2026-02-20T17:36:03Z,True,merge,116261,,human
4.7-stable,e6f5f5a1ca3f6848f69d68766181ddefe60adeb8,2026-02-20T17:36:04Z,True,merge,116197,,human
4.7-stable,a142c2218aa76b46ce99823ccf76926da033a741,2026-02-20T17:36:05Z,True,merge,116196,,human
4.7-stable,8ab854a7cab894d957a71e9d9103542fc699cd20,2026-02-20T17:36:06Z,True,merge,116092,,human
4.7-stable,781ae8deb22a19c9590a01ae6ba3e746d86f0b22,2026-02-20T17:36:08Z,True,merge,115876,,human
4.7-stable,342109e01fef9e27ec5a2d15877b415951ef0959,2026-02-20T17:36:09Z,True,merge,116520,,human
4.7-stable,0df713417b6b7f4ba077923fde624691c3f19014,2026-02-20T17:36:09Z,True,merge,116539,,human
4.7-stable,61f6005ca4501a7ad5c2db112ef9f46c490e364c,2026-02-20T18:00:20Z,False,direct,,,human
4.7-stable,abadedefc1db9fda217a255cc8d938d77245908a,2026-02-20T18:07:35Z,False,direct,,,human
4.7-stable,51eb1a301347c657d877c8bc8823d8ad018cd651,2026-02-20T18:52:39Z,False,direct,,,human
4.7-stable,9dfc2c977be1160fd5d316b83c1db877d24a93ae,2026-02-20T19:09:46Z,False,direct,,,human
4.7-stable,a206264d5bab7d7732b19ba2587656bf91176a95,2026-02-20T19:22:11Z,False,direct,,,human
4.7-stable,a7575e94d68f985883c21b4c67e9c4012e394841,2026-02-20T19:23:10Z,False,direct,,,human
4.7-stable,f81ee0679a584ff43af9d2f7503a77750cadbf4e,2026-02-20T19:27:05Z,False,direct,,,human
4.7-stable,d6540e4aa77c1fc3d649ae54742045bf05ce6aad,2026-02-20T19:47:15Z,False,direct,,,human
4.7-stable,4602a8103c1d17c77078acb1577fc6ca5d6ff173,2026-02-20T20:34:20Z,True,merge,116550,,human
4.7-stable,4dca1eae4246412a41970026c0c2596448cd1505,2026-02-20T20:34:21Z,True,merge,116475,,human
4.7-stable,e0d0a65830d65f383b33f2958caf82d8eb1aa91c,2026-02-20T20:34:22Z,True,merge,116528,,human
4.7-stable,2829092a2a121bac86bf7c4c6360e39978ede1ea,2026-02-20T20:34:23Z,True,merge,116552,,human
4.7-stable,96327bbfd8a1dee321e6fe9e335412a3263f762d,2026-02-20T20:34:25Z,True,merge,116544,,human
4.7-stable,8bae78e21b341604cbb22618bc09fab72eb2e21b,2026-02-20T20:34:26Z,True,merge,116434,,human
4.7-stable,74ecf68e150994315f8422e98cb152e618916229,2026-02-20T20:34:27Z,True,merge,115111,,human
4.7-stable,02451893cca2b436135fa5354479a847bf1c503e,2026-02-20T20:34:29Z,True,merge,115008,,human
4.7-stable,a19892054e871b3db3645eacb5eae0b5e69c7957,2026-02-20T20:34:29Z,True,merge,116537,,human
4.7-stable,49bf7b32ef6ec33ec4e25e93c3bc39ce70043aaa,2026-02-20T22:10:01Z,False,direct,,,human
4.7-stable,e8fe6647104569ae49d98d23ee10762ceeccf0c4,2026-02-20T23:09:36Z,False,direct,,,human
4.7-stable,404ab3e2bdcccf1f5d96daa476fba66eff857c8b,2026-02-20T23:10:50Z,False,direct,,,human
4.7-stable,56f31e34b6b880af6f34bc0ef63c60c9a61073cc,2026-02-20T23:22:48Z,True,merge,115196,,human
4.7-stable,e3af0a0de407cf658a6e47ed804b060c7ff59a1f,2026-02-20T23:22:50Z,True,merge,116564,,human
4.7-stable,4d6dc336d52790077945c45172e731688a0c373f,2026-02-20T23:22:51Z,True,merge,99949,,human
4.7-stable,8120fb1242065202775831c04f099d9156c37ba2,2026-02-20T23:22:53Z,True,merge,116527,,human
4.7-stable,4d294caac9adf16e9b82d4b039af5ee9fc863545,2026-02-20T23:59:41Z,False,direct,,,human
4.7-stable,d2933f04b7ec9905b517d582a133d6312a08abfe,2026-02-21T00:06:27Z,False,direct,,,human
4.7-stable,513d8698392b81578cc960c9d9d5a1153c4c9038,2026-02-21T00:24:01Z,False,direct,,,human
4.7-stable,13bdd512d2c0973739979f143f6c28e225c14b87,2026-02-21T00:40:57Z,False,direct,,,human
4.7-stable,e658da74e4714db23eccf6574a67e44fb9e30216,2026-02-21T01:31:15Z,False,direct,,,human
4.7-stable,86e80c6b80937d23268f396b98134b7375487929,2026-02-21T02:33:54Z,False,direct,,,human
4.7-stable,7fd953bf01c12087a0608055ba65ccc6be313a7b,2026-02-21T11:06:27Z,False,direct,,,human
4.7-stable,84bc552487a73a0de3933978a4612c5ba8803dcd,2026-02-21T11:23:12Z,False,direct,,,human
4.7-stable,7e3c991dbc602bf559c964584673b2f76dbfcbd9,2026-02-21T11:34:00Z,False,direct,,,human
4.7-stable,e9465cd3801b15848f8344e59598684a1fb58554,2026-02-21T12:24:17Z,False,direct,,,human
4.7-stable,8abb0fab9cb1dbe95db51f5d46304adbc2a5a61c,2026-02-21T13:18:22Z,False,direct,,,human
4.7-stable,c7ed47234e51fd849280c5b30cac7f7ccfda2c3f,2026-02-21T14:02:24Z,False,direct,,,human
4.7-stable,715d4bf7e60302aebe7ea9030fdcb8f7719f0883,2026-02-21T15:17:37Z,False,direct,,,human
4.7-stable,fc711baa23033a01407bdb37ce8e987f4b62db07,2026-02-21T16:18:23Z,False,direct,,,human
4.7-stable,6413e9ba622b404c4b2538f8e9996441e84ff882,2026-02-21T16:23:46Z,False,direct,,,human
4.7-stable,a0d955d586f3ff7a592579604c9cf5b388788765,2026-02-21T18:16:59Z,True,merge,116588,,human
4.7-stable,3d7cd421ea90997e4ce8cb5ca41bd6a6d27359f6,2026-02-21T18:17:00Z,True,merge,116586,,human
4.7-stable,9a19d32fdbd7c4d1f76afc2fec15055f00dfbc31,2026-02-21T18:17:01Z,True,merge,116541,,human
4.7-stable,a3e84cc2af14aa4cffbefd8e13492e59567a64e3,2026-02-21T18:17:02Z,True,merge,116542,,human
4.7-stable,5a92ea5c24641d7d8ab5835edf2644886cb5f3bd,2026-02-21T19:22:06Z,False,direct,,,human
4.7-stable,cf58747537a8d19a7ca2afd4e8175b2c936fc7d9,2026-02-21T20:06:47Z,False,direct,,,human
4.7-stable,e5c50f4b7bc4279b23f9acd811f5636b18f0c266,2026-02-21T21:16:25Z,False,direct,,,human
4.7-stable,cd5f2aa923c338e752ae85f03d5fc142d4c26bd2,2026-02-22T07:26:03Z,False,direct,,,human
4.7-stable,b5b15f0f7485064c9f3a642d90de690522ec05cf,2026-02-22T10:34:12Z,False,direct,,,human
4.7-stable,6d1e8200bd56a53fbf009c0ac8a283f30090e301,2026-02-22T18:57:01Z,False,direct,,,human
4.7-stable,7553852b01396a668c3815b1ac52942e1e4afb16,2026-02-22T19:58:46Z,False,direct,,,human
4.7-stable,0c8c425f9be73b3ff43b96e9998edb3608b743a0,2026-02-22T20:10:10Z,False,direct,,,human
4.7-stable,62591f1b91a26802d08ae7635581ae17edf5f312,2026-02-22T20:14:21Z,False,direct,,,human
4.7-stable,9c40e1d25b05a8f7d9f7b6cae26d082937cbf5cb,2026-02-22T21:45:49Z,False,direct,,,human
4.7-stable,a5f462a9128f791e7235551b01fb751077e1bf32,2026-02-23T00:23:30Z,False,direct,,,human
4.7-stable,f86776ff13728a34a5130accda27dba4c0a37390,2026-02-23T01:56:04Z,False,direct,,,human
4.7-stable,d66c9cfebabbe9cf2aaad86b3664dcd6fe66e995,2026-02-23T02:40:32Z,False,direct,,,human
4.7-stable,dc67bdaab4cd027850f40233d484623762373dd1,2026-02-23T03:59:09Z,False,direct,,,human
4.7-stable,a23e2c0d0bda404b76fbaaf7171b777557fa2129,2026-02-23T09:36:22Z,False,direct,,,human
4.7-stable,69f4719e0508f408e7c8fd15415e4670c383ac8c,2026-02-23T11:04:10Z,False,direct,,,human
4.7-stable,ef933c92352f2447363c73f4f6bcfab7a692345f,2026-02-23T11:11:29Z,False,direct,,,human
4.7-stable,6e91d27d9ae99acc7a44d5fde8e102ecd0a0bd3c,2026-02-23T11:54:06Z,False,direct,,,human
4.7-stable,33edf7f43cbd319162b452bfc15956b8ba355bd4,2026-02-23T12:42:11Z,False,direct,,,human
4.7-stable,1e623be85a98fceb3c7b22252f103b335f5b3712,2026-02-23T13:22:29Z,False,direct,,,human
4.7-stable,f21053e4ef3cef8ca00c8a408871c8ea652da924,2026-02-23T13:26:52Z,False,direct,,,human
4.7-stable,6f86914f55a149d2b9578ba42f7f2a671f740557,2026-02-23T14:05:25Z,False,direct,,,human
4.7-stable,db90de4dbdbe22143df38218e237e688c1db560d,2026-02-23T14:29:57Z,False,direct,,,human
4.7-stable,f05049fce7a1538bf7936c6402f3c44f509e0c74,2026-02-23T15:47:43Z,False,direct,,,human
4.7-stable,4e5ded768437313113c212af32f68895449349d9,2026-02-23T16:43:23Z,False,direct,,,human
4.7-stable,ee3bc988086aa1485a791f99efa681655439d47d,2026-02-23T17:03:35Z,False,direct,,,human
4.7-stable,11d7e298dd92b78f630b9e1eec6fee72b2b3a12f,2026-02-23T17:36:02Z,False,direct,,,human
4.7-stable,2d458b9b96cf0402fb1dda107c71e33d1935d22c,2026-02-23T17:58:31Z,True,merge,113767,,human
4.7-stable,26c982fe98579db7b9a4931c6fe4b8159f198dae,2026-02-23T17:58:32Z,True,merge,116530,,human
4.7-stable,9196d6b372c0847f735ce704cdbe6d2100a6c324,2026-02-23T17:58:35Z,True,merge,108875,,human
4.7-stable,974993eb7a61eb4d0dee14e8c6b4ec332ef42234,2026-02-23T17:58:37Z,True,merge,116584,,human
4.7-stable,2db05b08de983358f9ad12f28280939d997a0be5,2026-02-23T17:58:40Z,True,merge,116548,,human
4.7-stable,383af3f070bfec342055b00d5c602be239d367ec,2026-02-23T17:58:43Z,True,merge,116264,,human
4.7-stable,8953cea927e06257196450a6c105b9e558f34b4a,2026-02-23T17:58:45Z,True,merge,116617,,human
4.7-stable,4af7648288835c8e6cf2c6039ef6bb649b7f87df,2026-02-23T17:58:48Z,True,merge,102992,,human
4.7-stable,811cf1728e52434f3f5957450fa072365e528cc5,2026-02-23T17:58:50Z,True,merge,116526,,human
4.7-stable,c0a58e7d80b2cfb0fdc6dfa6d4ab7c4703732443,2026-02-23T17:58:53Z,True,merge,116130,,human
4.7-stable,582a4f0d5a58efb9696c5e09d926309981d98b30,2026-02-23T17:58:56Z,True,merge,115520,,human
4.7-stable,69a412afcd53dfa360d91e7993205bdc40951645,2026-02-23T17:58:58Z,True,merge,116647,,human
4.7-stable,9a1a0e927be5b5200af77d1a253e3a5a063ddc15,2026-02-23T17:59:01Z,True,merge,116277,,human
4.7-stable,da0c029cfecbbd588c1b3f0c130ae359ba2c970e,2026-02-23T17:59:03Z,True,merge,116553,,human
4.7-stable,c99494be4d1cb9daff4f5554dac1694f838b16a2,2026-02-23T17:59:06Z,True,merge,116661,,human
4.7-stable,953e6e8116ac2deb1fc97d92fa08d94bb5c074e4,2026-02-23T17:59:08Z,True,merge,109360,,human
4.7-stable,93a59728fbbe1e9ed27c61dd40b7da23c765bca8,2026-02-23T17:59:11Z,True,merge,116601,,human
4.7-stable,d301ecab3b205f4ea4e1cc0547fdc5baaa680098,2026-02-23T17:59:14Z,True,merge,116628,,human
4.7-stable,2327a823578a30f09068f97272598521896d5633,2026-02-23T17:59:17Z,True,merge,115125,,human
4.7-stable,6ea9a16e2dde14780d61b229a2a9bd50dca26024,2026-02-23T18:04:37Z,False,direct,,,human
4.7-stable,fbc9af0693a582fe36c5ec3b215cb5998cd915ab,2026-02-23T18:06:52Z,False,direct,,,human
4.7-stable,5c4500a23610d23c82513f506ad8a7e81a7319d1,2026-02-23T18:48:24Z,False,direct,,,human
4.7-stable,1842f22a15697c0a64dbafa1ece5891be7b6511e,2026-02-23T19:44:09Z,False,direct,,,human
4.7-stable,141605da2756d249a4d8e75f3e4f3032b66ebc8a,2026-02-23T22:26:36Z,False,direct,,,human
4.7-stable,0c83b58b36b416ec1e48dc140c6496e689cbbce9,2026-02-23T22:29:06Z,False,direct,,,human
4.7-stable,2146b49a49cd504a2247446ba13c761efd5649b5,2026-02-23T23:56:05Z,False,direct,,,human
4.7-stable,95851a05bc6b8aa11b0963f56feb2ca887ad5543,2026-02-24T01:48:16Z,False,direct,,,human
4.7-stable,8cf4c5d9b27b5e75970c24c7e9e637c0eeef52fe,2026-02-24T08:23:26Z,False,direct,,,human
4.7-stable,ba8b2a1ff0954771117062192a5bf4ed9deab427,2026-02-24T09:04:40Z,False,direct,,,human
4.7-stable,e7c01f8427ba459cc421a29f3be2e30fa7e8737c,2026-02-24T10:30:37Z,False,direct,,,human
4.7-stable,8c01b9ff3f41b2ba6f88a9efa7d49d559a446de9,2026-02-24T11:57:30Z,False,direct,,,human
4.7-stable,8b5d3c7bac60736e10e83dab63f71ddeca855311,2026-02-24T12:14:54Z,False,direct,,,human
4.7-stable,69c274d3bc83a18e90a2c801fffed54a83e3b05e,2026-02-24T15:29:05Z,True,merge,116064,,human
4.7-stable,a73db52592ba5d9f5295775ad7c1a976c3faa434,2026-02-24T15:29:07Z,True,merge,116504,,human
4.7-stable,1b5011d08bc03a2fc7550a14b014a30e8c2051db,2026-02-24T15:29:09Z,True,merge,109184,,human
4.7-stable,4d92b0b8a598d426014dbb6001ee0c79ca8e3976,2026-02-24T15:29:11Z,True,merge,116543,,human
4.7-stable,929dddcee39b80e21233542ccecea876be9d1f4d,2026-02-24T15:29:13Z,True,merge,113552,,human
4.7-stable,15e285eb639a5f2c73e8c259913ed7604b83958e,2026-02-24T15:29:14Z,True,merge,116568,,human
4.7-stable,42ac04d9a9de1794e1d076b1a0377f211af671e9,2026-02-24T15:29:17Z,True,merge,116023,,human
4.7-stable,e41577abdf4925735da7ee88e9da85e484a7e4fc,2026-02-24T15:29:18Z,True,merge,112219,,human
4.7-stable,c948ff1be6c37e225b642e859cb94656138c1150,2026-02-24T15:29:20Z,True,merge,116624,,human
4.7-stable,165a0272c0aeb213b82a8904ce002529ea824069,2026-02-24T15:29:22Z,True,merge,116389,,human
4.7-stable,b7eb50db44ef788d70f10501fd096a2614ad6e26,2026-02-24T15:29:24Z,True,merge,116269,,human
4.7-stable,deace09d37d537bd108259eee518f968a663a35a,2026-02-24T15:29:26Z,True,merge,114155,,human
4.7-stable,31817ef2ff400778e2b4783ba4c24894ebeac6aa,2026-02-24T15:29:28Z,True,merge,115690,,human
4.7-stable,b62cbfdaa8f3f841ad3c776ffff4b1117cc8617b,2026-02-24T15:29:30Z,True,merge,115888,,human
4.7-stable,9a39e0c6e729fff10627ac55c2bf02614f1018e0,2026-02-24T15:29:31Z,True,merge,116681,,human
4.7-stable,6bcbf8913dff0b402eee7b5e589e23700ead2408,2026-02-24T15:29:33Z,True,merge,116701,,human
4.7-stable,b063ada54aace62fdb024fa80fe8a894b067c989,2026-02-24T15:29:36Z,True,merge,105350,,human
4.7-stable,6e96b028e10dbe7381bdeecde80fe7492f4b810c,2026-02-24T15:29:38Z,True,merge,116676,,human
4.7-stable,b5ff3b5e3b78ed0630febb11afcc81b9accc20a7,2026-02-24T15:29:40Z,True,merge,116662,,human
4.7-stable,15a4311583fbaad2eee5d2ecda5437eb9fd68c63,2026-02-24T15:29:42Z,True,merge,113479,,human
4.7-stable,662770a33d064f81289fd5a01258563d2d4fb38d,2026-02-24T15:58:08Z,False,direct,,,human
4.7-stable,622efbe23b7c60b3765043a4fad5b8cb73341bb2,2026-02-24T16:21:23Z,False,direct,,,human
4.7-stable,e4cb75e530c680ed20a978e947e9698830e5c17d,2026-02-24T16:44:29Z,False,direct,,,human
4.7-stable,b98838a7b9e317dcf635f9ed15610f55d7ae02c5,2026-02-24T18:48:23Z,False,direct,,,human
4.7-stable,1f786a190e2110a6e42bead38d8c132c1c2e7334,2026-02-24T19:29:01Z,False,direct,,,human
4.7-stable,258dc767c8d76f66b7fba8e37992c34989a91ec0,2026-02-24T21:53:39Z,False,direct,,,human
4.7-stable,7832fafc6630fc608e3d563ea87c3fcf1f2edea0,2026-02-25T00:35:56Z,False,direct,,,human
4.7-stable,fe57fbee8ee40261dbd728945eb347b82fb1a0fb,2026-02-25T01:35:57Z,False,direct,,,human
4.7-stable,2c49923c3935d45c43a974aef903a466898b664a,2026-02-25T10:16:38Z,False,direct,,,human
4.7-stable,d09f6d879aa3d89e7de8afa9d9bc6dd4ecc26da0,2026-02-25T13:08:53Z,False,direct,,,human
4.7-stable,2cc89c37eca1124903ed74a5a30f43e3cba7289c,2026-02-25T15:27:31Z,True,merge,115895,,human
4.7-stable,36dac9c6c97270b0d00560acde6a9793158deb71,2026-02-25T15:27:33Z,True,merge,103005,,human
4.7-stable,1e4277e34b2dfd3aab2b75e736adc79fda304132,2026-02-25T15:27:34Z,True,merge,114813,,human
4.7-stable,44675a7002dd88a9c771760b4a1ff2029677ded6,2026-02-25T15:27:36Z,True,merge,116529,,human
4.7-stable,c73b13cd8bef07cff15db7b8789d46104294f8fc,2026-02-25T15:27:37Z,True,merge,116532,,human
4.7-stable,c521ed8f7136eba624505ddd38c20f94403e1fc4,2026-02-25T15:27:38Z,True,merge,116519,,human
4.7-stable,dfd842b8cd8116725e7248818d7a22f588bc53d7,2026-02-25T15:27:39Z,True,merge,105308,,human
4.7-stable,26d04965c932846e43e8e24f982f353051748bc8,2026-02-25T15:27:41Z,True,merge,116199,,human
4.7-stable,badba19c105e504fd9d92b3bfee0f166d6196e4b,2026-02-25T15:27:42Z,True,merge,116719,,human
4.7-stable,594c587a1aa31b789c701ce3141d4da2f25b2e07,2026-02-25T15:27:43Z,True,merge,116658,,human
4.7-stable,017e690e47e705f592fb794ede6ec8d152decf2e,2026-02-25T15:27:45Z,True,merge,116711,,human
4.7-stable,f5a4757763e5d8cb49cb5d79a238f772ef8736b1,2026-02-25T15:27:46Z,True,merge,116014,,human
4.7-stable,e8c69d41084cedbe2c3176d79ee39a23dcc02b5e,2026-02-25T15:27:47Z,True,merge,116720,,human
4.7-stable,a048ea0ffec5492e690ecebcbb35f19196addb0f,2026-02-25T15:27:49Z,True,merge,116693,,human
4.7-stable,551b4ebc274e5dec3c431162e83c245e9f54daa9,2026-02-25T15:27:51Z,True,merge,115932,,human
4.7-stable,3930111b5f580eb00b437d2985f787dad3945e5b,2026-02-25T15:27:52Z,True,merge,116756,,human
4.7-stable,90ea46f3e0296f3f5608d63601f5bad3ca2b33b5,2026-02-25T15:40:29Z,False,direct,,,human
4.7-stable,371485758a25fccb8f06908f0359a720a2dc880f,2026-02-25T16:16:20Z,False,direct,,,human
4.7-stable,72494ba3bcdb7a49ecf75d01615395f29a6b16da,2026-02-25T16:39:37Z,False,direct,,,human
4.7-stable,2e7fbae506ec164d4dec13756b855e2bbd58e2d6,2026-02-25T17:25:05Z,True,merge,116731,,human
4.7-stable,a79323e3ec73d1c84f7b24f2cef688eb3dd7f23d,2026-02-25T17:25:06Z,True,merge,116766,,human
4.7-stable,a338853bf56855a1fbc9c3bc93ade3a2ce5ad632,2026-02-25T17:25:07Z,True,merge,116631,,human
4.7-stable,2adf91e71f879b8f5a634fd0563a3f86afc64f74,2026-02-25T17:25:09Z,True,merge,114890,,human
4.7-stable,637ae4c5144064771ef877248debac8e181c2867,2026-02-25T17:25:10Z,True,merge,114336,,human
4.7-stable,923c751af4e35fe8ef5f24d72333a561030f7382,2026-02-25T17:25:11Z,True,merge,91261,,human
4.7-stable,c5bf809d160bec1dfb81ec58b48ee5acedcf9193,2026-02-25T17:33:21Z,False,direct,,,human
4.7-stable,16f5289f42b82f3314342cbd65f391c6df6a2390,2026-02-25T17:49:35Z,False,direct,,,human
4.7-stable,f5a290ac462765afca34e64dd39f883511510147,2026-02-25T18:43:03Z,False,direct,,,human
4.7-stable,b144637ae133e4570bc118f062cdf851bea78e32,2026-02-25T18:43:04Z,False,direct,,,human
4.7-stable,a3cb56dd388879350e6edf296ec830a8990c69ab,2026-02-25T19:17:23Z,False,direct,,,human
4.7-stable,25bfae8ff982c4e8a0089b6045d4ae8142cb3f4d,2026-02-25T19:17:27Z,False,direct,,,human
4.7-stable,f0a448540e68209257b2743434c71c4c4364e9aa,2026-02-25T19:17:27Z,False,direct,,,human
4.7-stable,0ce92073aef12f77f064baf85afbb129811cc720,2026-02-25T19:17:27Z,False,direct,,,human
4.7-stable,a85df7cc73892c22a28feb300d982537760126dd,2026-02-25T19:17:27Z,False,direct,,,human
4.7-stable,cb9b4cff9051e6acfbae06c0553012118117f30a,2026-02-25T19:17:28Z,False,direct,,,human
4.7-stable,671864fb05eb9ea23749d1192632b6451a9d3a6d,2026-02-25T19:17:28Z,False,direct,,,human
4.7-stable,462f31801d72e3756f826f0b9da8b07e7d4e6287,2026-02-25T19:17:28Z,False,direct,,,human
4.7-stable,e3b60a1530627a87b30b00c55ceef8e628c59f27,2026-02-25T19:17:28Z,False,direct,,,human
4.7-stable,4ad7cedcd0ae0cffa8e0276d2f13189975b9feef,2026-02-25T19:17:29Z,False,direct,,,human
4.7-stable,683950826bbe053934d4475f236211ff832459c2,2026-02-26T00:37:36Z,False,direct,,,human
4.7-stable,f3a815238b5e7c12f421a6f63c0d94830dfabd96,2026-02-26T01:37:21Z,False,direct,,,human
4.7-stable,23edf0d4d929904ee5f5ea08a827b7b73b347e0c,2026-02-26T03:02:49Z,False,direct,,,human
4.7-stable,9036ab6a6afb4b0ac843e91ce6d1af91a2f63d90,2026-02-26T08:25:59Z,False,direct,,,human
4.7-stable,947a9f889a4bdb5e9803daa94e12227b8e6fd4aa,2026-02-26T08:34:43Z,False,direct,,,human
4.7-stable,33530407660306e804bb0edadfda3dc4ccb1b592,2026-02-26T08:52:12Z,False,direct,,,human
4.7-stable,6061446a7eebb451192a3aedfb816df663c50179,2026-02-26T10:24:40Z,False,direct,,,human
4.7-stable,ebc126193a7ebf5a128256eb9e76d8a9c4d3ad16,2026-02-26T11:04:54Z,True,merge,116454,,human
4.7-stable,b394ca0a7a34e27d2e0c8378931b6bcaaadad7a4,2026-02-26T11:25:45Z,False,direct,,,human
4.7-stable,fc8b3281cafb4469f544e4714c66ed6bf4e4998c,2026-02-26T11:41:21Z,False,direct,,,human
4.7-stable,01a7c032630470297e8befc87d69ae34749d6b8e,2026-02-26T12:45:14Z,False,direct,,,human
4.7-stable,9426643d5f680bc301050bac3440e2a746d36b2a,2026-02-26T14:15:12Z,True,merge,91970,,human
4.7-stable,861d74c09d395f098aaa5557f09d0e55ff0d7be1,2026-02-26T14:15:13Z,True,merge,115799,,human
4.7-stable,985c952a86ba1c8de3c064566f49ecf919aaf0f0,2026-02-26T14:15:15Z,True,merge,114648,,human
4.7-stable,a6aa38ff8932f83408f0ce1702b73c88d3922be6,2026-02-26T14:15:16Z,True,merge,102378,,human
4.7-stable,5a5a806eaf22d57a677d63cca96690409a3f8a0f,2026-02-26T14:15:17Z,True,merge,116768,,human
4.7-stable,edb345db45649322820e256c2c8a41fa32577011,2026-02-26T14:15:18Z,True,merge,116678,,human
4.7-stable,fc572669ded72a4e1844ccae6e7a2a58cdebaa14,2026-02-26T14:15:19Z,True,merge,116555,,human
4.7-stable,ef21cbeab2eb7ede70e81d62589bd5ed925be0b0,2026-02-26T14:15:21Z,True,merge,114372,,human
4.7-stable,97852d84918cbc03012ef74c47ab0335700ad7dd,2026-02-26T14:15:21Z,True,merge,116800,,human
4.7-stable,99864862425c8dccc5a1555d405e6b842df509ff,2026-02-26T14:15:22Z,True,merge,116790,,human
4.7-stable,f0f5c1599fe996c37b79b96c38bf42a44f1f23b2,2026-02-26T14:15:23Z,True,merge,114100,,human
4.7-stable,5cba18ff3bbe5adc9b4a8d7e970084979014b5f4,2026-02-26T14:15:24Z,True,merge,116802,,human
4.7-stable,dce001aee7c4050e027c65a1361bf1c77d76f807,2026-02-26T16:49:26Z,False,direct,,,human
4.7-stable,7e2d260e6801e77a6f94254b6d613311587bd10b,2026-02-26T16:52:53Z,False,direct,,,human
4.7-stable,af6b344192a013078c77284720e5a2ca133cc174,2026-02-26T17:35:15Z,False,direct,,,human
4.7-stable,7ee39b818bbd39e81965f7d34280176886e852ce,2026-02-26T17:47:38Z,False,direct,,,human
4.7-stable,d5504ffc696dd9d97694741355e9b9d8b5821742,2026-02-26T18:23:56Z,False,direct,,,human
4.7-stable,9d67b350d8050223d01c23c41f06256a55dd8492,2026-02-26T18:25:48Z,False,direct,,,human
4.7-stable,3a8b861bb55ce0b9e37cbb674882004bbab36d17,2026-02-26T20:59:50Z,False,direct,,,human
4.7-stable,8882d0efb922f5021fb0fa2b4b13a48c757c81ab,2026-02-26T21:10:07Z,False,direct,,,human
4.7-stable,f61d4c2e409f49ebfd642ba1948d0e2e88a9973f,2026-02-26T21:10:13Z,False,direct,,,human
4.7-stable,e380a417526c11f15a9ddb3997292409b10da2af,2026-02-26T21:50:28Z,False,direct,,,human
4.7-stable,5b2deb8ee141c12456ce7a17ab9be2222d4b0c3a,2026-02-26T21:50:45Z,False,direct,,,human
4.7-stable,25071ac07f3d4d89e814be2ba5f806250ed4c58a,2026-02-26T22:13:54Z,False,direct,,,human
4.7-stable,d8fadb8e6ba907aeb77da3f9ca1bd81e9951a62d,2026-02-26T22:18:33Z,True,merge,116773,,human
4.7-stable,0848acfe4be64c27599974b23e628861133fe34d,2026-02-26T22:18:34Z,True,merge,111469,,human
4.7-stable,e3837c24fd525a24f0c470d39f5c6ba1e69d88a6,2026-02-26T22:18:36Z,True,merge,116242,,human
4.7-stable,4b70dacebab32563a68b2f540154c03769ca37bd,2026-02-26T22:18:37Z,True,merge,116795,,human
4.7-stable,20f1e1000fed1902faaa90e0e1ed19450be2850b,2026-02-26T22:18:38Z,True,merge,116557,,human
4.7-stable,77c66698e6a0ade52759c3af9a81da3324634482,2026-02-26T22:18:39Z,True,merge,116248,,human
4.7-stable,409584e0e69c177a14f29ff039507ac3d55e0fc5,2026-02-26T22:18:40Z,True,merge,116270,,human
4.7-stable,82479ce84f5e5483c6d29d81d6b6786d80d220b5,2026-02-26T22:18:42Z,True,merge,115045,,human
4.7-stable,f9f441270aa21070e90fa413df7ee63d3f8a2370,2026-02-26T22:18:43Z,True,merge,116823,,human
4.7-stable,802c8fe65939b0d52550391e3b9fb9e38e8700b8,2026-02-26T22:18:44Z,True,merge,116827,,human
4.7-stable,f630133a012031f6074923e62db7ca7dc23f2a1a,2026-02-26T22:18:45Z,True,merge,116826,,human
4.7-stable,abdde1b69d1a74c44043b4304950c857799b499c,2026-02-27T00:14:23Z,False,direct,,,human
4.7-stable,b389d580ac1f2212b344203fbd4898fb14f752db,2026-02-27T05:54:26Z,False,direct,,,unknown
4.7-stable,cc38aa6d30eb3786446fa8ff5587f47801f40834,2026-02-27T09:32:57Z,False,direct,,,human
4.7-stable,bf326793ba564f02af8f8836431818eb68b5eeb2,2026-02-27T14:38:13Z,False,direct,,,human
4.7-stable,6cccb37f2ef2676f47052cff028a7cbbd59c9a98,2026-02-27T14:49:26Z,True,merge,116737,,human
4.7-stable,2c9ba448150b5a7cca330c0e4d1fe77ec7d6f1f3,2026-02-27T14:49:27Z,True,merge,115528,,human
4.7-stable,60b00753d66076a14d124e0e24b60da0b3b4e8df,2026-02-27T14:49:28Z,True,merge,109004,,human
4.7-stable,12590c5b34f2de4505e3e4746ca6444a74a81a74,2026-02-27T14:49:29Z,True,merge,114560,,human
4.7-stable,28c37846d8b5e4ac41594ffeec6a1ca6663f1e30,2026-02-27T14:49:31Z,True,merge,111547,,human
4.7-stable,45d84af08b5031197fe919ef7d0d09009763fb21,2026-02-27T14:49:32Z,True,merge,112269,,human
4.7-stable,e42575d23fe62eaaf2a7ede233b1d5e9a0c12545,2026-02-27T14:49:33Z,True,merge,113956,,human
4.7-stable,3862d8704fb55d92c6ff99330765e7680a570b0c,2026-02-27T14:49:35Z,True,merge,115978,,human
4.7-stable,7e031048772217b1fe5cedea698ade85a22aba22,2026-02-27T14:49:36Z,True,merge,115297,,human
4.7-stable,343f1329ed97aeeed7ec3bf90f58d1bb4ba91080,2026-02-27T14:49:37Z,True,merge,116545,,human
4.7-stable,4108ed03a0fa6c05ebc86563ee38c6d41a61726f,2026-02-27T14:49:38Z,True,merge,116824,,human
4.7-stable,95535167b33975afa4e82228eb71800d36cf51dd,2026-02-27T14:49:39Z,True,merge,116778,,human
4.7-stable,f4b1d4b1857a4f0d4ce9e9b9dcbf58238bac8c03,2026-02-27T14:54:33Z,False,direct,,,human
4.7-stable,da2fb043bf3af481736ade7cab4f7de779f1652c,2026-02-27T15:53:11Z,False,direct,,,human
4.7-stable,205a1b097266241b648fb4de63bf5dfabddc2e92,2026-02-27T16:49:09Z,False,direct,,,human
4.7-stable,d6a0b3aaacf7c1eda9463e4fe396f478daa9b7cd,2026-02-27T18:20:37Z,False,direct,,,human
4.7-stable,4d012fe73c77d0ae305aa7890c741115472a47c8,2026-02-27T19:28:45Z,False,direct,,,human
4.7-stable,1b543e85cf1af91f0624c01a27002ad2ef26b6d2,2026-02-27T21:25:59Z,False,direct,,,human
4.7-stable,39bf77ddd1d7f355f367694fc9e476c481e977d3,2026-02-27T21:43:38Z,False,direct,,,human
4.7-stable,9dc85c90ee3f531e307ebd9da48e581406633c22,2026-02-27T21:44:37Z,True,merge,116857,,human
4.7-stable,3f3120586eb4db27df77434a162297fed72cb0ae,2026-02-27T21:44:39Z,True,merge,116470,,human
4.7-stable,dd150a38239de059edf12b7e5636ba3dbde28192,2026-02-27T21:44:40Z,True,merge,116413,,human
4.7-stable,afdd7afb6d14bb9fbac9edfa74130992784c81ab,2026-02-27T21:44:42Z,True,merge,115822,,human
4.7-stable,bba2e018bd038ce21af2566751a486e69f57d64a,2026-02-27T21:44:43Z,True,merge,116714,,human
4.7-stable,634220e9fcf912dd0f4c1fbc7400bdb5fb2999fe,2026-02-27T21:44:44Z,True,merge,114971,,human
4.7-stable,83a0fc2b3108aeae5b2a6b9a5f2012f7f1a749a4,2026-02-27T22:17:06Z,False,direct,,,human
4.7-stable,357fa00a4a74bee878181d89ece87427a6aec0bf,2026-02-28T00:08:29Z,False,direct,,,human
4.7-stable,e4e31abeaa868bb98f83945a5b108543ed50e023,2026-02-28T01:45:06Z,False,direct,,,human
4.7-stable,f5fb5ef6a5c310b5f084924ba91c46545f5391b6,2026-02-28T03:51:28Z,False,direct,,,human
4.7-stable,7fcae88358dd7774b50b18280f957f8e63ec73d0,2026-02-28T10:48:30Z,False,direct,,,human
4.7-stable,9c3e52f38e5a16c1f4455e8122be3015621dc9ed,2026-02-28T12:08:00Z,False,direct,,,human
4.7-stable,6b8eb8ebf1a2e64344ed8bd747638f2732fa6db7,2026-02-28T15:04:08Z,False,direct,,,human
4.7-stable,57da2733bc15ae0055f344aa8bd5a0a7493f5965,2026-02-28T16:35:02Z,False,direct,,,human
4.7-stable,5acbfc8998e84187eead92a044633d3e930b2aa7,2026-02-28T18:02:38Z,False,direct,,,human
4.7-stable,c921ad1eecf9bd6845b2485bba6f74ab255a80e0,2026-02-28T19:18:22Z,False,direct,,,human
4.7-stable,90a3d1a5f4658536218aed397e5b2c3840f225b1,2026-02-28T19:55:23Z,True,merge,111046,,human
4.7-stable,1aaea38e7f8dd9e2a94e2e339247fc976a84de75,2026-02-28T19:55:24Z,True,merge,111573,,human
4.7-stable,eaa9e1ae49037c6f6de71333042fb5ca2613eb58,2026-02-28T23:53:15Z,False,direct,,,human
4.7-stable,77706bffa362623c14f51a5416f4881f8fb4b7ce,2026-02-28T23:56:04Z,False,direct,,,human
4.7-stable,c0a648de76f5a2cd9000205b561904919c0e9a4b,2026-03-01T04:57:34Z,False,direct,,,human
4.7-stable,5c7c79da521a3fe9dba865415eb97b9a8550ea4c,2026-03-01T08:36:48Z,False,direct,,,human
4.7-stable,1cf8691438033d291bf1500898c68468597fa95d,2026-03-01T08:56:49Z,False,direct,,,human
4.7-stable,d06b6e71116562e0acb076998c7da75c79d4c37b,2026-03-01T18:35:38Z,False,direct,,,human
4.7-stable,14ebaafa6df6a3e8fe06ddf03dffca583c940329,2026-03-01T22:35:16Z,False,direct,,,human
4.7-stable,c09c60eb9c82cc45daf3337c68231eb4e9e4e8ed,2026-03-02T08:07:21Z,False,direct,,,human
4.7-stable,b92b4b847112927ff5d7a3955ce8ecfc002b8946,2026-03-02T08:14:52Z,False,direct,,,human
4.7-stable,f1ce0e6510025c45f914ef040bb5788faa3c02e0,2026-03-02T11:35:22Z,True,merge,106814,,human
4.7-stable,6ca3b16daf5d4fe159f90be68414784c43a11c26,2026-03-02T11:35:31Z,True,merge,116205,,human
4.7-stable,c830bf70ced17e5090b57a5436831c4f85145524,2026-03-02T11:35:36Z,True,merge,116684,,human
4.7-stable,d3e5ba0d6bede3deca88d2b795247da5f5113177,2026-03-02T11:35:42Z,True,merge,116724,,human
4.7-stable,db89e9b3cf95363d6d5dfbe8009892f28e20ec9b,2026-03-02T11:40:20Z,True,merge,116863,,human
4.7-stable,4683f3806f27d006f3ee77eeded72740283e8130,2026-03-02T11:40:25Z,True,merge,116928,,human
4.7-stable,13062215927a67844ac97c392e2c42879c180502,2026-03-02T11:48:29Z,False,direct,,,human
4.7-stable,75f0e931e29a2f225e053006770e31abd070c5fc,2026-03-02T13:00:26Z,False,direct,,,human
4.7-stable,54c6cfee0d4ae12d49fb79c18a37f1139dce09b2,2026-03-02T13:08:56Z,True,merge,116839,,human
4.7-stable,f44117271998ff453ee7ce6023233d5f35bf11c2,2026-03-02T14:42:13Z,False,direct,,,human
4.7-stable,5540cb5589538a2947cd8de5ad5e09075e551e4c,2026-03-02T16:40:21Z,False,direct,,,human
4.7-stable,2de7d5478bf34bcaa2ac4db96356fac284f6049d,2026-03-02T16:42:15Z,False,direct,,,human
4.7-stable,fbb918b699a679d4ded7e1996abb344a56f57a72,2026-03-02T17:05:42Z,True,merge,116960,,human
4.7-stable,2820bc97de6c71ebb52fec5970f883f770d4d684,2026-03-02T17:32:33Z,False,direct,,,human
4.7-stable,d34bfe89fdc7ac029e2ea1940c32d92f6172e6c5,2026-03-02T17:50:45Z,False,direct,,,human
4.7-stable,20d540f943e45959fbf4eb3fc6e75d6a42e3db26,2026-03-02T18:03:16Z,False,direct,,,human
4.7-stable,040e19e75d0358628f51604cfe239d69af1e1bdf,2026-03-02T18:24:01Z,False,direct,,,human
4.7-stable,6c98eda54ce928fb6470f00ea031316278ef13a9,2026-03-02T18:56:07Z,False,direct,,,human
4.7-stable,6b9d7fe6de140965af90ca963acd3731a9a1cbd3,2026-03-02T19:48:28Z,False,direct,,,human
4.7-stable,a243469e679dd057fa6f886dc80294128ed83193,2026-03-02T20:24:35Z,False,direct,,,human
4.7-stable,475579835c652c437887970ad576adf275bbaf19,2026-03-02T21:19:22Z,False,direct,,,human
4.7-stable,d7418f8ff2ad18b332bccb9664e765b594a29be6,2026-03-02T21:21:42Z,False,direct,,,human
4.7-stable,a8b7526f2a6b34f3305cfff8f413d682ed6300a7,2026-03-02T21:29:01Z,False,direct,,,human
4.7-stable,45b60c03510367cddc3ed820626fbbac5ecd23fc,2026-03-02T21:52:30Z,False,direct,,,human
4.7-stable,1f6955ba52e89d9154d37c5a05ab69b8a063229c,2026-03-02T21:53:49Z,True,merge,116793,,human
4.7-stable,a14035c910bab26d1920fcc45e9a17ac99238184,2026-03-02T21:53:50Z,True,merge,116882,,human
4.7-stable,5b666357e39cfde99416f7feb683f1ec642aa5c8,2026-03-02T21:53:51Z,True,merge,114535,,human
4.7-stable,d1eaa0f88dfa962e02b7b43613f1a8bb4904f204,2026-03-02T21:53:52Z,True,merge,116834,,human
4.7-stable,a19e5c4b53c4af811f6d76f3547f5eb695ee7928,2026-03-02T21:53:53Z,True,merge,116830,,human
4.7-stable,524d2309277eb8c03c6a1d101fe75686946a0d23,2026-03-02T21:53:54Z,True,merge,116546,,human
4.7-stable,d89e19f556acc495f652cadbee9ebb28e2fc3972,2026-03-02T21:53:55Z,True,merge,116683,,human
4.7-stable,89f36b740a581f58f620fae119e9807129f37be9,2026-03-02T21:53:56Z,True,merge,115399,,human
4.7-stable,da784e3ac2ef795db6677b0b92055bf84db96524,2026-03-02T21:53:57Z,True,merge,114261,,human
4.7-stable,14fcc7132ef1eb6fcefb20a6e858e5dfb3b1457e,2026-03-02T21:53:59Z,True,merge,116776,,human
4.7-stable,22e44501fa1f475f0cc97695ce4a23db4aca36db,2026-03-02T21:54:00Z,True,merge,116597,,human
4.7-stable,1ae69764715f8d482a290b2aee6c32e3c929e3a7,2026-03-02T21:54:01Z,True,merge,110083,,human
4.7-stable,dcbdac00f6935ffeb087235c0fadb2912f9806a4,2026-03-02T21:54:02Z,True,merge,116946,,human
4.7-stable,89f9ab049471e0f0e835531228d2083ac47cb437,2026-03-02T21:54:03Z,True,merge,116847,,human
4.7-stable,778cf54dabd8a9e25b698a87036ab8604183f303,2026-03-02T21:54:03Z,True,merge,99499,,human
4.7-stable,6769f5343c0085ce109a2dbb0aa0e35b7da7f762,2026-03-02T22:32:22Z,False,direct,,,human
4.7-stable,195e3e8574fad7270a5a40f3b2ec68a5352ab9e1,2026-03-02T23:43:23Z,False,direct,,,human
4.7-stable,d65562366c47ae5a3abe1d0714d6731e30c3d2b8,2026-03-03T00:31:42Z,False,direct,,,human
4.7-stable,4c3b3744ddb642507dee1692b0c2d158a77c80d6,2026-03-03T01:04:46Z,False,direct,,,unknown
4.7-stable,d418d692b91952ae5f3f0fb3d58fd0300b3089d2,2026-03-03T06:03:37Z,False,direct,,,human
4.7-stable,7d3fffbae7ec9b6ab5dc41d0e04cdb66a19922f2,2026-03-03T09:51:02Z,False,direct,,,human
4.7-stable,70906e4febc724efdc3b4efc06a53feef95674d6,2026-03-03T11:15:32Z,False,direct,,,human
4.7-stable,a447ac95ec170ee117c2eae55f1bfff0d0cf0dce,2026-03-03T11:44:02Z,False,direct,,,human
4.7-stable,769e80a7bbcd827b93217d552e5955fe3dfd5394,2026-03-03T11:48:02Z,False,direct,,,human
4.7-stable,8c0f175c94d611595172b7cc2f5c2620fd215d4c,2026-03-03T11:48:07Z,False,direct,,,human
4.7-stable,76f45883a7a29e734135fd3e6fafb9c2bbfdb3bb,2026-03-03T11:48:07Z,False,direct,,,human
4.7-stable,d7955e56d78c65bb1dff0b4af22cf134dc5c1a23,2026-03-03T13:33:36Z,False,direct,,,human
4.7-stable,c46414c44d5692d7d3b42739bba79cda163193f5,2026-03-03T13:35:58Z,False,direct,,,human
4.7-stable,0b4f18be7a88e5c59bc927d9c5aa3bd00bef4cef,2026-03-03T13:51:53Z,False,direct,,,human
4.7-stable,36771d235798ac660ad637f5595146df760893a0,2026-03-03T14:05:08Z,False,direct,,,human
4.7-stable,4ce07eb485301e15efa041725f2ffac4c00f3284,2026-03-03T15:28:29Z,False,direct,,,human
4.7-stable,bbacc674b87d55675f7695e5db33a5c3a85273ff,2026-03-03T19:13:40Z,False,direct,,,human
4.7-stable,18e989c49e4f78083a460ccbc53fd4fa3a100ec3,2026-03-03T20:35:06Z,False,direct,,,human
4.7-stable,accfd9932b57dd17709a42d0833443b071d81bb2,2026-03-03T23:20:07Z,True,merge,116976,,human
4.7-stable,74b5be24f405492e50403948045830d13472e01e,2026-03-03T23:20:09Z,True,merge,117023,,human
4.7-stable,786a644e20d6497342192033187f4e89430e87a1,2026-03-04T04:24:10Z,False,direct,,,human
4.7-stable,8a09a2f88c1691fa5a8bf1a4854d66b22694a31d,2026-03-04T07:50:02Z,False,direct,,,human
4.7-stable,f332faf46b017b77893bd50d9de77a6faa3c24ba,2026-03-04T08:54:10Z,False,direct,,,human
4.7-stable,765362b033011f44ccac7a68dd28147cf21fa135,2026-03-04T09:17:10Z,False,direct,,,human
4.7-stable,c0ebded926fcec84a72656f8ff6d7f87a20064c2,2026-03-04T10:20:42Z,True,merge,117054,,human
4.7-stable,41c6075002d59684d2c4b9b8637f3fb45ebb0cef,2026-03-04T11:13:40Z,False,direct,,,human
4.7-stable,ee1a64a4ada605aaadb886b1a3cba4a427cca6db,2026-03-04T12:17:48Z,False,direct,,,human
4.7-stable,727b06a79f6cbfab3c01dfb23da343cf1a0d17b5,2026-03-04T14:00:45Z,False,direct,,,human
4.7-stable,02cbed84ce355d165474aada6157fc06970bf5e6,2026-03-04T14:44:03Z,True,merge,117057,,human
4.7-stable,eabb9a63d4bc70cd87e50d6af152f841ea549972,2026-03-04T15:23:23Z,False,direct,,,human
4.7-stable,d1ed959e9d79899c38908e63095092fc46837a52,2026-03-04T16:20:55Z,False,direct,,,human
4.7-stable,d9a2afe977c52983bea5ad0606b6037f93497bf3,2026-03-04T17:20:28Z,True,merge,116963,,human
4.7-stable,5b5dfa56bb14d96f5278ae407b392893b7f5a3d5,2026-03-04T17:20:29Z,True,merge,117062,,human
4.7-stable,371282b28e6947ae0bbc53c94a1a02ba7c191ccd,2026-03-04T17:20:31Z,True,merge,92984,,human
4.7-stable,7438a39a132f5f4b309e01d8827fa309c4a2b62e,2026-03-04T17:20:32Z,True,merge,114324,,human
4.7-stable,db25be36466d8c43e3dbb4b60a04cf1ae9cc2fac,2026-03-04T17:20:33Z,True,merge,116585,,human
4.7-stable,78beaadf60a038286fb7bd989d7cf1599039abfb,2026-03-04T17:20:34Z,True,merge,116813,,human
4.7-stable,b357ac94995738d46b903074f8ee71aca6d68c25,2026-03-04T17:20:36Z,True,merge,113664,,human
4.7-stable,d5e2ac7e02bee92ca6e38caedc083c71d6642816,2026-03-04T17:20:37Z,True,merge,116991,,human
4.7-stable,c86601bc4d290748939d23f0219a02563de77d45,2026-03-04T17:20:38Z,True,merge,116971,,human
4.7-stable,bb1e018314bdb5bccb3d16405c584dd69fe108e9,2026-03-04T17:20:39Z,True,merge,115119,,human
4.7-stable,eb516e3d126b7c79f0cbdf8184d90200f0375cdf,2026-03-04T17:20:40Z,True,merge,117008,,human
4.7-stable,bed242666a80a6250bb4665dc2cc45abcb0ebbfa,2026-03-04T17:20:41Z,True,merge,116848,,human
4.7-stable,6c1652235c77a61fc3edfb521e9d6b3b34151012,2026-03-04T17:20:42Z,True,merge,116940,,human
4.7-stable,85b9dfb500312ee8b4c325c3f03c8eb0f51454a6,2026-03-04T17:20:43Z,True,merge,116977,,human
4.7-stable,b83356283d1fa79257f68d5db452f21e3cd01ecc,2026-03-04T17:20:44Z,True,merge,116981,,human
4.7-stable,b8fc607ef4fa5a1013246305ec41146d30d0c9dd,2026-03-04T17:20:45Z,True,merge,116992,,human
4.7-stable,1cbe90a1e95b50c82a491aeb333bf3fe3b54dd26,2026-03-04T17:20:46Z,True,merge,117058,,human
4.7-stable,0f0c3f3a18607798b27c5c57f3d68d467b72df15,2026-03-04T17:20:47Z,True,merge,115566,,human
4.7-stable,d72af002d0e71a394e3e66d03c6be54b5d7b2446,2026-03-04T17:20:48Z,True,merge,117051,,human
4.7-stable,891069d1cd3f9fd38eb7c6a8042fa7d5ba95f885,2026-03-04T17:20:49Z,True,merge,114236,,human
4.7-stable,c646b57c278e8bd1aa6c42193bde3ca69dee6ecf,2026-03-04T17:20:50Z,True,merge,117011,,human
4.7-stable,b83ca9765916064e9af4777cbd87b61205dde2dc,2026-03-04T17:34:46Z,False,direct,,,human
4.7-stable,7ae470ea18baf7f31a7b4ebd4d0814fa13133fd9,2026-03-04T17:35:55Z,False,direct,,,human
4.7-stable,68cec996d365c1dbb1b8c20a6897226a2bdbe7d5,2026-03-04T17:53:01Z,False,direct,,,human
4.7-stable,6114c6a2663d11fc7b272aab516a0e56f4704c57,2026-03-04T18:30:33Z,False,direct,,,human
4.7-stable,500c83305dbbdaa7a9482a4b6bcef7e5177a2c7c,2026-03-04T19:51:38Z,False,direct,,,human
4.7-stable,7a25ab859fe8a920c4afd512764ea2c66915795b,2026-03-04T20:32:24Z,True,merge,117056,,human
4.7-stable,47612473f94de914c68d6f3c69dc67e39a04edf4,2026-03-04T20:32:25Z,True,merge,117067,,human
4.7-stable,66a96d92c65ffaf73b62a7371f694ccd2b6e611b,2026-03-04T20:32:27Z,True,merge,116749,,human
4.7-stable,f67eca1afb78d1a08ca4bf03d856c10fd97fbb18,2026-03-04T20:32:28Z,True,merge,117013,,human
4.7-stable,5824614bed4e7b24714aec022978615874ef9228,2026-03-04T20:32:30Z,True,merge,116287,,human
4.7-stable,98e6b3c46064ba601afff02e0b6a9b98fd47f200,2026-03-04T20:32:31Z,True,merge,116956,,human
4.7-stable,e72018ee3496cb1399c9367e42ded921646ed665,2026-03-04T20:32:32Z,True,merge,116786,,human
4.7-stable,4296a0c1587f398eb7bd983537eb5fb20f9c9f17,2026-03-04T20:32:33Z,True,merge,116752,,human
4.7-stable,93bc47df3864512494f205da0892b6b1f7e495aa,2026-03-04T20:32:34Z,True,merge,116428,,human
4.7-stable,5134bdb39e923b7327ad8ca6ebff4be0dd34255d,2026-03-04T20:32:35Z,True,merge,115842,,human
4.7-stable,2b856f3800d92b73a4fd77a0e886abe604924a04,2026-03-04T20:32:37Z,True,merge,116457,,human
4.7-stable,7345c20a1b5238be32c079426c51f0625ca1c4b4,2026-03-04T20:32:38Z,True,merge,115038,,human
4.7-stable,0aacb285761a4ba63249d80496b19ef5d65b9097,2026-03-04T20:32:39Z,True,merge,116900,,human
4.7-stable,890567325ecffc8e7912b1caa76882883e4283cc,2026-03-04T20:32:41Z,True,merge,113954,,human
4.7-stable,c53c5a1f49fa1edf97e6b570297c90a57d30a558,2026-03-04T20:32:42Z,True,merge,116565,,human
4.7-stable,3cb2d376f872303db0a00669ac0080780d777763,2026-03-04T22:40:05Z,False,direct,,,human
4.7-stable,f8f3e95b4767587404daff05a865697fb36d7294,2026-03-05T03:03:48Z,True,merge,117059,,human
4.7-stable,2972645aa8a7183cf2e8a2ca29c09481727c29a6,2026-03-05T03:03:49Z,True,merge,116596,,human
4.7-stable,fe6f78a4c788e6a9fddb333d1cb467ee572262e8,2026-03-05T03:03:51Z,True,merge,117036,,human
4.7-stable,a847c1beeb567798a59c022e713319b73efd2e3d,2026-03-05T07:40:22Z,False,direct,,,human
4.7-stable,18edfa52450b2d85a336d674d712b322429e28e1,2026-03-05T09:43:25Z,False,direct,,,human
4.7-stable,b6a39ee5e1d38778664e2b1c68f5c5176fc42b13,2026-03-05T10:04:00Z,False,direct,,,human
4.7-stable,69f408832e00fdaea328179875580580e8b56258,2026-03-05T10:11:32Z,False,direct,,,human
4.7-stable,c4969dfa4e7e5581a75a1076a578b5dd97217155,2026-03-05T10:56:39Z,True,merge,117097,,human
4.7-stable,52c26284847dcc1ad93c31b1d238f3d8fbf10f34,2026-03-05T11:20:29Z,False,direct,,,human
4.7-stable,76c5567626187536080f7df13cee8b7f4789688e,2026-03-05T12:24:04Z,False,direct,,,human
4.7-stable,b12b7bc622308c272fec74af2602229f4da0f743,2026-03-05T12:51:58Z,True,merge,91124,,human
4.7-stable,2dd1f4ef604608c46fa42c2dd2df1055fee5c48b,2026-03-05T12:54:46Z,False,direct,,,human
4.7-stable,754eb7808a155ce2ea92537d8cb2f001cd2cb297,2026-03-05T12:55:41Z,False,direct,,,human
4.7-stable,bfbe95e510a82f8db6e56220b268ca5945b726fd,2026-03-05T13:53:22Z,True,merge,117098,,human
4.7-stable,339bc4f88f09bb7c222763810782de8c5afa2e6f,2026-03-05T15:35:02Z,False,direct,,,human
4.7-stable,27c86165f7a60cc4b3409b8182aa43ddbafcfed0,2026-03-05T15:51:48Z,False,direct,,,human
4.7-stable,4d218bdeb7f06ebbecb337d1ba5bbcecb100d999,2026-03-05T17:00:37Z,False,direct,,,human
4.7-stable,eff40f8c920be3a6c89621de8f48cfce7a90e1d5,2026-03-05T18:45:51Z,False,direct,,,human
4.7-stable,3463855c8a5e94fa02f5bb408262c69919e46739,2026-03-05T21:32:07Z,False,direct,,,human
4.7-stable,1800c4782fb0c814e8c877d380d2ba4362f4e54f,2026-03-05T21:46:23Z,False,direct,,,human
4.7-stable,c3d96f262f1f0cfa7bcdc3172f13994133030ae2,2026-03-05T21:55:49Z,False,direct,,,human
4.7-stable,f51857cbafc6bbea442c5717631056aaabf8a866,2026-03-05T23:33:56Z,False,direct,,,human
4.7-stable,ed8853b8d123b458b2a387be708fec9b2486276f,2026-03-06T00:18:42Z,False,direct,,,human
4.7-stable,25a203aa3404238eb5df522ba5936cfe651b0265,2026-03-06T00:54:42Z,False,direct,,,human
4.7-stable,d158e7cf39631c08d0680050049fe13b7e6ef8f4,2026-03-06T02:04:52Z,False,direct,,,unknown
4.7-stable,f7faabb95e7e6a291bd5e1fd486bcab8206e33d5,2026-03-06T11:18:30Z,False,direct,,,human
4.7-stable,b8b3e66c1ba9c864131c521540589cb48c33e4d5,2026-03-06T11:25:31Z,False,direct,,,human
4.7-stable,8f63f6e9561044f16dca9394f8f82ffccc0bc603,2026-03-06T11:44:26Z,True,merge,116524,,human
4.7-stable,a772f1638735f8f50dbc52f3633fc9b6c1a49b5e,2026-03-06T11:44:31Z,True,merge,117109,,human
4.7-stable,dc5b7d5547e88b05fedb1d4426f483f9bf150a32,2026-03-06T11:44:35Z,True,merge,117117,,human
4.7-stable,ddfb4f1e44083bb4fe8a27b90a50c6a0dd38b46e,2026-03-06T11:44:39Z,True,merge,117126,,human
4.7-stable,19726167ce043cea56242d87b218bf587557f3bc,2026-03-06T11:44:43Z,True,merge,117131,,human
4.7-stable,32f835124d54d20f9aea1a33207bc1c660e9878a,2026-03-06T13:52:37Z,False,direct,,,human
4.7-stable,4b86e36947616c9e8a460fba7afcc95bfe65298d,2026-03-06T14:01:05Z,False,direct,,,human
4.7-stable,2759cbdc6cecedb07f3847091a1dfc8cab263228,2026-03-06T14:16:43Z,True,merge,87081,,human
4.7-stable,8bb22eb668021e4089fb0d5a6f012a155b3446f5,2026-03-06T14:35:57Z,False,direct,,,human
4.7-stable,b2b4c04ac00258707d2a9ccd51ed73202895d456,2026-03-06T15:35:33Z,False,direct,,,human
4.7-stable,36c91c7a4abde6823c2aae07895d0fb129fe27ca,2026-03-06T15:53:26Z,False,direct,,,human
4.7-stable,d5ebd33d728fb354fa92c359149e437734fd75e9,2026-03-06T18:35:16Z,False,direct,,,human
4.7-stable,992b3ff73ae23e348260956149b46adb433f0167,2026-03-06T18:39:53Z,True,merge,116646,,human
4.7-stable,fd3a9b340dea58d2f73dbeb50e80de5d8d17a809,2026-03-06T18:39:55Z,True,merge,117134,,human
4.7-stable,27b004f4b1823377e0975255ce256dbc2857e36a,2026-03-06T18:39:57Z,True,merge,117147,,human
4.7-stable,737ae54ef6c2401210e63f41b9f8f80ada19d070,2026-03-06T18:39:59Z,True,merge,117074,,human
4.7-stable,a209e26690643b2cdacc3198b60eaeaaef1137a8,2026-03-06T18:40:02Z,True,merge,111528,,human
4.7-stable,8551f7b3191f4a13620d7af26f2bf8c4b22845ad,2026-03-06T18:40:04Z,True,merge,113178,,human
4.7-stable,42c771d160f553ae93a03d50eb7d62f97735100b,2026-03-06T18:40:06Z,True,merge,115957,,human
4.7-stable,a356899375988fe472343fe6ad7b189fc0df286d,2026-03-06T18:40:08Z,True,merge,116993,,human
4.7-stable,388cb535fb12c040d165e31b9e40540a23cc6f72,2026-03-06T18:40:10Z,True,merge,116908,,human
4.7-stable,938369749aec0c0077f1d0acab32d6b75266e949,2026-03-06T18:40:12Z,True,merge,116734,,human
4.7-stable,312bdb2ae9e49de22a48218b5ec1c27b601da036,2026-03-06T18:40:13Z,True,merge,114557,,human
4.7-stable,7c9bbc408b5e9af622904136cf6ef118ca1b9f01,2026-03-06T18:40:15Z,True,merge,112084,,human
4.7-stable,48897bb5df535cd650242f0aaf7d6446204bc0cc,2026-03-06T18:40:18Z,True,merge,92080,,human
4.7-stable,27ff328ef79ed45c06f742b035d1b2e7b2a57e85,2026-03-06T18:40:21Z,True,merge,114406,,human
4.7-stable,308ebc9bfe607c60a3399d64f5580e65e827798c,2026-03-06T18:40:23Z,True,merge,117089,,human
4.7-stable,decc376c126a2cbecb47d2c84af1d181e6324de1,2026-03-06T18:40:26Z,True,merge,114962,,human
4.7-stable,cac8aad3599692dd5949afedb55204f2959e085c,2026-03-06T18:40:29Z,True,merge,116685,,human
4.7-stable,363de271057ef8fc96a86335e0f48c08ecb2f395,2026-03-06T18:40:31Z,True,merge,116814,,human
4.7-stable,83f396d0dd3152a11aaffab58d886c7c7b16b420,2026-03-06T18:40:33Z,True,merge,116973,,human
4.7-stable,13881f251fbd06d6b566b406eb8364976188ed9b,2026-03-06T18:40:35Z,True,merge,113861,,human
4.7-stable,220b0b2f74d8e089481b140c42a42992a76dd6fc,2026-03-06T18:40:38Z,True,merge,113509,,human
4.7-stable,25939dfba1b6fb41552f5db29dcc572fb91aa942,2026-03-06T18:43:04Z,False,direct,,,human
4.7-stable,2f4e6b9de47c1a00d9c2f04986ef379297988867,2026-03-06T19:13:43Z,False,direct,,,human
4.7-stable,f530c2651e9336af160d5bb8acf7f206e1c93ebc,2026-03-06T19:33:29Z,False,direct,,,human
4.7-stable,73d041dd985ef8802eeb98fcb1955643f79b373e,2026-03-06T21:35:21Z,False,direct,,,human
4.7-stable,8dabd600330cd01b808a055bbf3b9cd0a50f59f3,2026-03-06T21:53:44Z,False,direct,,,human
4.7-stable,497672237ed6f8975622346c49c1a271aee65af4,2026-03-06T23:08:00Z,False,direct,,,human
4.7-stable,3085aaf924a388f54fc6357cdab5bf4372194b77,2026-03-07T06:24:30Z,False,direct,,,human
4.7-stable,ef0163ba9ff3ccd8490608afe5bfb344fdc7397b,2026-03-07T07:29:16Z,False,direct,,,human
4.7-stable,566d86d08131ae40fdbb0dff7f150947519d26c9,2026-03-07T09:52:31Z,False,direct,,,human
4.7-stable,e8e3cf1fdb1e5a5e1b777a33c6fdbae79687d0c7,2026-03-07T14:23:50Z,False,direct,,,human
4.7-stable,4a71c4fc68baac06174d3838e21d0984e7924254,2026-03-07T14:28:46Z,False,direct,,,human
4.7-stable,0a587aeba9f23875338596ed9068e3c05fabfcda,2026-03-07T15:17:25Z,False,direct,,,human
4.7-stable,2d525307b0fb8e30eae819d51fe883f92e8a3135,2026-03-07T15:39:35Z,False,direct,,,human
4.7-stable,f22f1a917b5d9583c5d19ad1a3cc6809216c39d1,2026-03-07T15:41:38Z,False,direct,,,human
4.7-stable,cd1d676c289804787c0fbe345308c35030b667d7,2026-03-07T17:47:12Z,False,direct,,,human
4.7-stable,06844bc55ec52589732113d548a1b2e877baa6f9,2026-03-07T20:26:35Z,False,direct,,,human
4.7-stable,f20517380d451f628d382b9f1d30a6fc14b701ee,2026-03-07T22:04:04Z,False,direct,,,human
4.7-stable,90be4208e8605138e062361d4433ee1c22231f64,2026-03-08T01:39:36Z,False,direct,,,human
4.7-stable,2e442e8e89ef0de3d6a5a5c94c108bf93bdc9984,2026-03-08T05:03:14Z,False,direct,,,human
4.7-stable,005a661bd044a248af34096dfe9d416e0dce17a9,2026-03-08T07:16:13Z,False,direct,,,human
4.7-stable,9be7ce94a80012fa762d300fc322041196ca0a19,2026-03-08T15:32:49Z,False,direct,,,human
4.7-stable,fb62d466475d76ef49da2ea367685cfb5ad0d80f,2026-03-08T16:50:17Z,False,direct,,,human
4.7-stable,7eebfd19b7c89f260dc4918913d75dc9a5a7f97f,2026-03-08T20:05:33Z,False,direct,,,human
4.7-stable,51f952fe12fb1a4bb692fb2f01260ca0ec28a160,2026-03-09T00:24:56Z,False,direct,,,human
4.7-stable,ef8a050a76ed4d818f1525d93fa09687dd0cc944,2026-03-09T10:49:13Z,True,merge,104860,,human
4.7-stable,f1f62d78689a6bb97c8f748d0769c4628a5e7348,2026-03-09T10:49:21Z,True,merge,116394,,human
4.7-stable,4bee1639b23d33e648a02abd4c5820f5690f2f08,2026-03-09T10:49:25Z,True,merge,116789,,human
4.7-stable,3bfde00aac5371b832799e0d1e04b656ed8a5f9d,2026-03-09T10:49:30Z,True,merge,116868,,human
4.7-stable,533f832d523c846f60ef65c82f66b1a379d2fa15,2026-03-09T10:49:35Z,True,merge,117156,,human
4.7-stable,8f0468f28102ea0bcf4628b91142c6a5e06b957b,2026-03-09T10:49:39Z,True,merge,117178,,human
4.7-stable,f3cacbdb4e708e73f4c5c554d93b684695369d48,2026-03-09T10:49:45Z,True,merge,117206,,human
4.7-stable,74de2ec0477690f9b1817c15741117ef929d3249,2026-03-09T10:49:50Z,True,merge,117219,,human
4.7-stable,ff59dd6d5a20fae51f4c901156c08a975a8e90bc,2026-03-09T11:59:20Z,False,direct,,,human
4.7-stable,ae2d544f6106c82da09567dcb8f4e988fca6723f,2026-03-09T12:02:09Z,False,direct,,,human
4.7-stable,3b581b19d07d1de12389374a228397827cae12b0,2026-03-09T13:13:40Z,False,direct,,,human
4.7-stable,0448fee005f979347c53cacaff8a793b77ccef50,2026-03-09T13:13:57Z,False,direct,,,human
4.7-stable,2752d1e2617d084be5f35815748b52ee7677f50d,2026-03-09T13:56:23Z,False,direct,,,human
4.7-stable,b9554859f62a189da846e2220b2bf4aa34b59b21,2026-03-09T14:51:21Z,False,direct,,,human
4.7-stable,b092ce32f354804096089a8f515d31fa19440c35,2026-03-09T14:51:58Z,False,direct,,,human
4.7-stable,0c62f9b29a5953590b805300151231394e992e4f,2026-03-09T16:12:01Z,False,direct,,,human
4.7-stable,05c915566c869aa29275a48a206bdc843436cb8f,2026-03-09T16:20:02Z,False,direct,,,human
4.7-stable,e2e8a280c340fe2d59c50dab5fd7f13210132f0d,2026-03-09T16:27:40Z,False,direct,,,human
4.7-stable,91a85af57535e2dd8d734ba95776db0e16813d7f,2026-03-09T17:19:52Z,False,direct,,,human
4.7-stable,2bc2e93e88f0a1f549b61c947ac7583aee8a8e58,2026-03-09T18:39:42Z,False,direct,,,human
4.7-stable,f873fa3c3ab5618f67efd7910871e4440769f4ac,2026-03-09T18:59:49Z,False,direct,,,human
4.7-stable,3f040adfac8253646646abb2fadc69cadfab5ae8,2026-03-09T20:18:10Z,True,merge,117016,,human
4.7-stable,cc970e91e5bfebdf077e026e48b2a22a479591b5,2026-03-09T20:18:11Z,True,merge,116888,,human
4.7-stable,b5613b27e45178dd9743e404b02067b740de85ae,2026-03-09T20:18:12Z,True,merge,116412,,human
4.7-stable,1a86cf1eaaa0b08f812d28df40b3a708de648c8f,2026-03-09T20:18:13Z,True,merge,117179,,human
4.7-stable,c78eac252e2593a653f3a4e9b9b34f73edd41552,2026-03-09T20:18:14Z,True,merge,117172,,human
4.7-stable,8dc8e91fe976ab4f585bcadcfcbcb979078211c9,2026-03-09T20:18:15Z,True,merge,117187,,human
4.7-stable,ef1142ed695d2082b69559d8e047d2e4fc915601,2026-03-09T20:18:16Z,True,merge,116645,,human
4.7-stable,5cfccbee34013b14216d753f918ffe1271161d3c,2026-03-09T20:18:17Z,True,merge,117189,,human
4.7-stable,8e58bc2cf6dea0fb83b5b5b8025a5726818e4e70,2026-03-09T20:18:18Z,True,merge,116995,,human
4.7-stable,e4d0368c24902ebef22b0fe6b9a207aa2a190eb5,2026-03-09T20:18:19Z,True,merge,117192,,human
4.7-stable,fbc00f1f84c41ab5fdc20e450819f3f2e44c1c3b,2026-03-09T20:18:20Z,True,merge,117203,,human
4.7-stable,1a43145761ad3750ce85ba1bbfc995691af7afce,2026-03-09T20:18:21Z,True,merge,117224,,human
4.7-stable,8130dde5097f49edaa85c12f779051bdc0eb6c7c,2026-03-09T20:18:22Z,True,merge,116970,,human
4.7-stable,e77db812ff9cb6b888618d58bedc1625c893eb9b,2026-03-09T20:18:23Z,True,merge,117242,,human
4.7-stable,642056ad824e6246fad22ba83327ab8ab1d37a02,2026-03-09T20:18:24Z,True,merge,117228,,human
4.7-stable,01af00957c26c822dc8d090545fca63ee49a29dd,2026-03-09T20:18:25Z,True,merge,117255,,human
4.7-stable,88cd7ab37813ce89d49c199bc05edb660e7dacb6,2026-03-09T20:18:26Z,True,merge,105791,,human
4.7-stable,a1eaac8171a53e5a74cd511bc144bd28afc4c7ff,2026-03-09T20:18:26Z,True,merge,117214,,human
4.7-stable,87eafe20ae632df5ea0e42c2031ead5ef7f3bf3a,2026-03-10T01:32:10Z,False,direct,,,human
4.7-stable,aeffbeb4716fb01663f01dc8c9845b5cc28abf3f,2026-03-10T04:51:55Z,False,direct,,,human
4.7-stable,d731418507d6ec9760d6cc05658fa299fcc59dc8,2026-03-10T07:07:34Z,False,direct,,,human
4.7-stable,1d5e34ed7b2de35d48887737354d6873d8be907d,2026-03-10T09:29:16Z,True,merge,114596,,human
4.7-stable,282e4544b0367eda84c4a7e594dbae4ed824c17b,2026-03-10T09:59:33Z,False,direct,,,human
4.7-stable,9314c30d1d63b3c02238a3a31dbcefe2713e0104,2026-03-10T10:56:36Z,False,direct,,,human
4.7-stable,c7dd32929369947876dbf0fdf798b0743b01c7ba,2026-03-10T11:40:45Z,True,merge,117087,,human
4.7-stable,29b945f2eb52ef8d470f23649f584f4809ef5f39,2026-03-10T12:12:06Z,False,direct,,,human
4.7-stable,0b7c30fa350d2c8d9d60a535d31b572e848a6eb5,2026-03-10T13:08:41Z,False,direct,,,human
4.7-stable,28ebd60ce2995f43dc205b0eeb9f9eebd5dccbd9,2026-03-10T13:52:17Z,False,direct,,,human
4.7-stable,c2d191e5f3651715778b179a368c66aa76ac50bd,2026-03-10T14:05:04Z,False,direct,,,human
4.7-stable,8028b6544207237ce34fe66d7ce2b0d73aff63ad,2026-03-10T15:40:00Z,False,direct,,,human
4.7-stable,e930e116884af0c5e6781dac2f0f6a0fe36ff6d4,2026-03-10T17:10:09Z,False,direct,,,human
4.7-stable,11d80525cb936c18d5f13505d479f1ba57345c63,2026-03-10T17:51:05Z,False,direct,,,human
4.7-stable,2288a8a898ec7854e1c91098bcc9ce620636db0e,2026-03-10T19:11:04Z,True,merge,114505,,human
4.7-stable,284121025f324f93ac0a6ceaf50357d7f6ed2108,2026-03-10T19:11:05Z,True,merge,115738,,human
4.7-stable,3837993f055710cac20ee99fe65dd5802b89b589,2026-03-10T19:11:06Z,True,merge,117194,,human
4.7-stable,96488ce266746cab8acebcbaed9df3d909dcf16a,2026-03-10T19:11:07Z,True,merge,117289,,human
4.7-stable,ca77be8d0ada2f5cd9befebe8dd7800b274de133,2026-03-10T19:11:08Z,True,merge,117286,,human
4.7-stable,f1d63278d79457352021676ee0fcbaed5932859c,2026-03-10T20:42:23Z,False,direct,,,human
4.7-stable,fb53fd4dd7d76580d89b36b4b7e6cb148e096461,2026-03-10T20:46:38Z,False,direct,,,human
4.7-stable,a71749c8848762adf7c04eac7edef213183fbc6c,2026-03-10T22:54:15Z,False,direct,,,human
4.7-stable,679f501b33513c054f53a2776d30ce213d7aa7a2,2026-03-10T23:04:48Z,False,direct,,,human
4.7-stable,b8c9400c63957911a782cd3f15fef13a7b09ec0b,2026-03-11T01:04:38Z,True,merge,116625,,human
4.7-stable,b995a745217b9c57b161d12432c0f10bae12af32,2026-03-11T01:04:39Z,True,merge,116373,,human
4.7-stable,563654353dcd12a4177ad6844e35b97676e65a52,2026-03-11T01:04:40Z,True,merge,110778,,human
4.7-stable,fc88f80ead1556a2e0bf8f8b8454c40fb9cabe18,2026-03-11T01:04:41Z,True,merge,110032,,human
4.7-stable,847d68431451a8988ab9385bf617a52ae0f43d11,2026-03-11T01:04:43Z,True,merge,117295,,human
4.7-stable,e015e8bde49039471141f0204a9459f1e2eb1ea9,2026-03-11T05:41:36Z,False,direct,,,human
4.7-stable,e65f65f94b929a63c73f44468fa672ab1a87ee20,2026-03-11T09:53:22Z,True,merge,117283,,human
4.7-stable,d103efb6ea076ec52b4deca358e83f1fd177d163,2026-03-11T09:53:28Z,True,merge,117301,,human
4.7-stable,cfe79907af010591f2d6d6ad3b09af5fa0c7e35f,2026-03-11T10:59:38Z,False,direct,,,human
4.7-stable,42da4512c6088203af01b99cc5a0cff5adbb2c1c,2026-03-11T11:14:19Z,False,direct,,,human
4.7-stable,9095a76ff54ff96778c75260ac629cd4d1f1535f,2026-03-11T11:59:27Z,True,merge,117319,,human
4.7-stable,1b7fcc3993805c5a3b1d601c5286675d07af2908,2026-03-11T12:19:56Z,False,direct,,,human
4.7-stable,4c8c8dfaf542267d375aba943cf50b7febd003a8,2026-03-11T12:26:05Z,False,direct,,,human
4.7-stable,5f0dd6f6836b03015c0a0c581f376fdccae4b38f,2026-03-11T12:44:48Z,False,direct,,,human
4.7-stable,dd0387fcb0fc4fdb5a1df00074a48bc796b60ecd,2026-03-11T12:52:38Z,False,direct,,,human
4.7-stable,cdcb208eb9d4e8cc5aef8a6977d2ecb6ebbd5f24,2026-03-11T13:06:47Z,False,direct,,,human
4.7-stable,fdda64e59e32b20e1f95c5e82ae3c332b7e13b24,2026-03-11T16:46:53Z,False,direct,,,human
4.7-stable,083d46af712427d0cb92ff33d3a81da8a4099d07,2026-03-11T17:49:55Z,False,direct,,,human
4.7-stable,c6b70a71e5e3c4cea974c4c51652a49bb4409041,2026-03-11T19:50:28Z,False,direct,,,human
4.7-stable,2df02c8463f9b57467c5e7b1443c09169548a0ef,2026-03-11T20:04:08Z,False,direct,,,human
4.7-stable,075d6f27f1a07d15b392aadde6064bab8ab60eff,2026-03-11T20:41:31Z,True,merge,117313,,human
4.7-stable,7c2a2b06a97fd6b0139a80d14e1087173253b88e,2026-03-11T20:41:58Z,True,merge,117253,,human
4.7-stable,84889d6fe761d7fc22526c2143cdceb070fafcd6,2026-03-11T20:41:59Z,True,merge,117101,,human
4.7-stable,2073a2bbd6bc4930dca3bfd725d58a4348bba2b6,2026-03-11T20:42:00Z,True,merge,117088,,human
4.7-stable,fe18073d07867e98b933dfbd13b21b7768c2705f,2026-03-11T20:42:01Z,True,merge,117139,,human
4.7-stable,7851fa442ec78726cbcf8804cf6c38abbc9a7e2d,2026-03-11T20:42:02Z,True,merge,117322,,human
4.7-stable,197b37bd73dd8885df5848642ddab29e5c6f45f5,2026-03-11T20:42:03Z,True,merge,117158,,human
4.7-stable,bd97608d556e5e949c22caa17e96e3aac168eaee,2026-03-11T20:42:04Z,True,merge,112690,,human
4.7-stable,e295eba0eb4767fd45ea8534765307d8e9b1c328,2026-03-11T20:42:05Z,True,merge,117250,,human
4.7-stable,eb6dedf30f8f571a4eb88889a6de90729906274d,2026-03-12T06:34:02Z,False,direct,,,human
4.7-stable,720e70b14faff9a42f17c056ea1417c54f6937ca,2026-03-12T06:36:07Z,False,direct,,,human
4.7-stable,6fe300e67f0c9cfa3ed181f809b955674e3a3101,2026-03-12T09:31:04Z,False,direct,,,human
4.7-stable,11dd17db1799cfc2defe59571b62b628e0a6eee6,2026-03-12T09:56:12Z,False,direct,,,human
4.7-stable,41e1f820fb1cb2a5e6768bb1125f5331f5950ba8,2026-03-12T11:24:15Z,False,direct,,,human
4.7-stable,3d62c026f6b585f9467c7d7c550e5afa9ea3f587,2026-03-12T13:20:13Z,False,direct,,,human
4.7-stable,f7cf8d3e6bf963c874c0f1ad51507b5716aaabfa,2026-03-12T14:03:26Z,True,merge,117039,,human
4.7-stable,4e34c6ea63cadcd79a495c17212fd9ba2ecdd870,2026-03-12T14:03:27Z,True,merge,117053,,human
4.7-stable,257fb9e20e94eb63e021d64fc629aabbd088d563,2026-03-12T14:03:28Z,True,merge,117361,,human
4.7-stable,750b0c766e50ab6850546a5d537ed2473e301855,2026-03-12T14:03:29Z,True,merge,117353,,human
4.7-stable,ce66ff689ec93327563972f8324b19a29f73b28a,2026-03-12T14:03:30Z,True,merge,117363,,human
4.7-stable,0e3249941c297d64cf57f4334ddc04cff9be73a5,2026-03-12T14:03:31Z,True,merge,117294,,human
4.7-stable,d7ed107cd8167a2e747d7798e95e9fe3d4f7158a,2026-03-12T14:03:32Z,True,merge,116852,,human
4.7-stable,22a140486b913c3e5d2d97210ed7811d7136c735,2026-03-12T14:03:33Z,True,merge,117157,,human
4.7-stable,020df5d45265ed8462db1c3e8fee1adaf48c1181,2026-03-12T14:03:35Z,True,merge,92429,,human
4.7-stable,fcb7c06646a1c5e34c98549c566b909bef07deac,2026-03-12T14:03:36Z,True,merge,109680,,human
4.7-stable,e11d9eb8da1069fb7c4748207dc8f73f8ab00191,2026-03-12T14:03:38Z,True,merge,110369,,human
4.7-stable,106cff756714c5e57a654878e66c04edaa3a6549,2026-03-12T14:03:39Z,True,merge,116427,,human
4.7-stable,73f979b03a40d11a0feff721dc8721e1b0368913,2026-03-12T14:03:41Z,True,merge,117232,,human
4.7-stable,c410547bfa1ecebeffb0d34f9d0a84842a2f9b15,2026-03-12T14:03:42Z,True,merge,116910,,human
4.7-stable,a8e37fc01048823f639c4011af645d2e8e2b79d3,2026-03-12T14:03:44Z,True,merge,117151,,human
4.7-stable,331541b25af890a14e19095f4213ca47e0b17122,2026-03-12T14:34:09Z,False,direct,,,human
4.7-stable,e5a66b7628d8c171dde1df50274658c6c7d24ab8,2026-03-12T17:41:59Z,False,direct,,,human
4.7-stable,43190ac90bb24c79fba67d3fac1dffa1a1f30e11,2026-03-12T19:30:00Z,False,direct,,,human
4.7-stable,bade9537c476950d315317fca70b1409e9023614,2026-03-13T00:06:27Z,False,direct,,,human
4.7-stable,9b9176819589badbbdc1488f4cc316be0a266931,2026-03-13T01:05:57Z,False,direct,,,human
4.7-stable,8fbe260d94b429234082efa5f52959e04971f4dd,2026-03-13T06:46:22Z,False,direct,,,human
4.7-stable,cdb35db426a52fe1be7bbfccba4cff5ee40ddd4b,2026-03-13T06:53:09Z,False,direct,,,human
4.7-stable,eb680bc8c3e4a811dc8736716fd9cf57567c21dd,2026-03-13T07:25:04Z,False,direct,,,human
4.7-stable,9c1f440358530281cba3076e23832182ee4da3d7,2026-03-13T09:08:18Z,False,direct,,,human
4.7-stable,31c1bb815701bd89891749f77e343221a80fa139,2026-03-13T11:45:21Z,False,direct,,,human
4.7-stable,5362a6eb08f1736aff62fbe3c95684668e343d97,2026-03-13T12:02:56Z,False,direct,,,human
4.7-stable,9a0c0bf757b27728c5745fa311f6bd6160052126,2026-03-13T12:10:09Z,False,direct,,,human
4.7-stable,7608e3ccb09b726e77121f5cabedd0935085027d,2026-03-13T14:49:23Z,False,direct,,,human
4.7-stable,20b80e7342835da6fe30ca76464f2a19ece0892e,2026-03-13T15:14:18Z,False,direct,,,human
4.7-stable,eee3384e20cf8187b7a1ebd8746f5eb32de08290,2026-03-13T16:48:58Z,False,direct,,,human
4.7-stable,2078318f25a5b0f6c69ae628e4c7be9b3daf7e8f,2026-03-13T17:13:53Z,True,merge,115358,,human
4.7-stable,1195cada54e0e60afd299aa8ff6f8aa8d5ae427a,2026-03-13T17:13:58Z,True,merge,117357,,human
4.7-stable,46dd8eb6e95e6b7ae9d257ab0be93074d92033c0,2026-03-13T17:14:00Z,True,merge,117333,,human
4.7-stable,784af6c94dad23c0a716a8a82d49acfad94007dc,2026-03-13T17:14:01Z,True,merge,117208,,human
4.7-stable,405f9dfc8fd50d214565fe7769d3e60dab03254d,2026-03-13T17:14:02Z,True,merge,117388,,human
4.7-stable,f6f892ed3c5f8e456feea76f8e2602d89969bc90,2026-03-13T17:14:03Z,True,merge,116630,,human
4.7-stable,f8a479fde966de26c974359e1c67bac02c5bc08d,2026-03-13T17:14:04Z,True,merge,117393,,human
4.7-stable,4cdc711201fcb0b1419f1ca95854fc8b53745e94,2026-03-13T17:14:05Z,True,merge,117392,,human
4.7-stable,f9a8302c8395db323fdeebcb1d8024b9fc661999,2026-03-13T17:14:06Z,True,merge,117335,,human
4.7-stable,efcc97ee8adab2c24fde405858f4ccddae4b76bf,2026-03-13T18:20:30Z,False,direct,,,human
4.7-stable,c05c85581eb236f224dd15a04feda2a8d80082cc,2026-03-13T19:18:46Z,False,direct,,,human
4.7-stable,56f44c077d87fe354ceaf2a2c439f55d5dc62d9e,2026-03-13T19:27:49Z,False,direct,,,human
4.7-stable,93d29e7d96b9415bcda6deabb78b2b546883f5f0,2026-03-13T23:05:19Z,False,direct,,,human
4.7-stable,1a5d818ea97c40023e0b403a0390f5e24ea379a8,2026-03-14T06:24:21Z,False,direct,,,human
4.7-stable,d6c2723370e4ecd38a733d3233870ffb3c2ded00,2026-03-14T06:24:59Z,False,direct,,,human
4.7-stable,af5207bd1731012c23f6fd4dc36b02317f48f9f2,2026-03-14T10:21:50Z,False,direct,,,human
4.7-stable,e2e1c89723dbea93ac81f0903644575acf3be6f8,2026-03-14T10:32:07Z,False,direct,,,human
4.7-stable,df3d955fd4b9a331f3c63b7cc308410a64f74c1f,2026-03-14T11:15:35Z,True,merge,108351,,human
4.7-stable,bd93dd23f6d90b49528781f57e92416800a159aa,2026-03-14T11:15:41Z,True,merge,110129,,human
4.7-stable,422be7031a07cd0dc3d2f61bc4f6596c790e844d,2026-03-14T11:15:44Z,True,merge,113586,,human
4.7-stable,22decccd3f50fc0e7a14a44efa797882f59ce1fd,2026-03-14T11:15:50Z,True,merge,115192,,human
4.7-stable,8415bd710529da70bccde9c5ba8d05e2eee7f7ec,2026-03-14T11:15:54Z,True,merge,116589,,human
4.7-stable,45d9d6e2f173c91ca06ff546081997bfe141636c,2026-03-14T11:15:59Z,True,merge,116953,,human
4.7-stable,77264a708792884cf515721c63fe9e5ec9fa6d6b,2026-03-14T11:16:03Z,True,merge,116972,,human
4.7-stable,269ccadae07a7cffdb18dcace644c97b3d67fef9,2026-03-14T11:16:06Z,True,merge,117030,,human
4.7-stable,f06fe5254bd7e0efa04c50c8b477c91e87fd5330,2026-03-14T11:16:10Z,True,merge,117180,,human
4.7-stable,889af50e563aa59cd581633cb5ed8fe2fc89d766,2026-03-14T11:16:13Z,True,merge,117198,,human
4.7-stable,bc344d584571566415ec8e88b1be7ccd6ac09594,2026-03-14T11:16:16Z,True,merge,117235,,human
4.7-stable,96436e33f9120ce2f3728bdefcfee01c8e10533a,2026-03-14T11:16:19Z,True,merge,117277,,human
4.7-stable,e37ef60e8c45bdbb8304ceae26d13f2577bcf1ed,2026-03-14T11:16:23Z,True,merge,117290,,human
4.7-stable,11970cb0ce5e40efd34a58b497dd903ef3a82ca2,2026-03-14T11:16:26Z,True,merge,117321,,human
4.7-stable,b15bc2894f1fa6a88fffe793a2d6989f09234701,2026-03-14T11:16:30Z,True,merge,117371,,human
4.7-stable,aa470f01b6740822401b8e36267872fdf0408bd7,2026-03-14T11:16:33Z,True,merge,117377,,human
4.7-stable,bd8b832893797a8d078e681d1dd890dcd968239c,2026-03-14T11:16:37Z,True,merge,117385,,human
4.7-stable,fb177243ac34b786e476a4bbeffefed8fc81ad90,2026-03-14T11:16:40Z,True,merge,117397,,human
4.7-stable,a596178702219099c502db363d86d66c0f8edabe,2026-03-14T11:16:44Z,True,merge,117401,,human
4.7-stable,055a6e7b40c006716b240b0dcc4952441cf328b5,2026-03-14T14:58:09Z,False,direct,,,human
4.7-stable,d9b81615e526bd0049552360dd2f66febf8a10f5,2026-03-14T21:37:05Z,False,direct,,,human
4.7-stable,0d7bd115da0445864cdb20c66a3e173c047e2151,2026-03-14T21:38:02Z,False,direct,,,human
4.7-stable,eda0a8d033433c6323656548b32f23ae9cb3650c,2026-03-14T21:39:01Z,False,direct,,,human
4.7-stable,423ba3da00f9601be3acb813ef84b903524e36dd,2026-03-15T00:42:33Z,False,direct,,,human
4.7-stable,6303078162ac15b44eb5294410766a306f3bc9b7,2026-03-15T01:34:23Z,False,direct,,,human
4.7-stable,65a7cab9285693e3939f94a8da35036b47485d6d,2026-03-15T09:26:47Z,False,direct,,,human
4.7-stable,750c83fb2b245de16ef7ad57bbcc4bdd5a5b018b,2026-03-15T11:44:46Z,False,direct,,,human
4.7-stable,e0798f64ec83f0a264571e3fd9b5014f9ebce6c6,2026-03-15T13:00:34Z,False,direct,,,human
4.7-stable,63ccf1ba7c752f67e72a8ad8219674e6f8fd1910,2026-03-15T14:10:54Z,True,merge,109945,,human
4.7-stable,ed256ec38176c5f4215a1d1dc9818fb8442b70e0,2026-03-15T14:10:57Z,True,merge,117273,,human
4.7-stable,8993c549330176a30a801fe348c35810c03d1108,2026-03-15T14:11:00Z,True,merge,117328,,human
4.7-stable,e2c614fe9ac159d5812ed9752340abc434e8f40c,2026-03-15T14:11:04Z,True,merge,117428,,human
4.7-stable,ec11acd2e8d34a59546eb505a8d83f3502ebcf48,2026-03-15T14:14:17Z,False,direct,,,human
4.7-stable,96edb55fcd3a0f25bb786a9ae96f2cffca934730,2026-03-15T15:26:36Z,False,direct,,,human
4.7-stable,67f63addc1014a490f48f1fab317eb1adf913afa,2026-03-15T15:57:10Z,False,direct,,,human
4.7-stable,9216df2041a064a3f9c95d454803a8747978aee3,2026-03-15T16:02:49Z,False,direct,,,human
4.7-stable,005e0542455ecb50ba2829cb83c40f07e2660adf,2026-03-15T19:47:05Z,False,direct,,,human
4.7-stable,a61e6ffade5b678956f209e7bf99582aeba7d052,2026-03-15T19:50:23Z,False,direct,,,human
4.7-stable,db5da10d21bad1691865b188c55a208d26ad3b33,2026-03-15T20:08:33Z,True,merge,117366,,human
4.7-stable,a236aa21db099600dcc6bad895408c20aacfcea7,2026-03-15T21:33:43Z,False,direct,,,human
4.7-stable,252f93ef3d880503c815acf0b56bfb946985a0d5,2026-03-15T23:11:55Z,False,direct,,,human
4.7-stable,004bad1fb5699517de656fed0090eb6b5dd9afd3,2026-03-15T23:50:30Z,False,direct,,,human
4.7-stable,e6d5e532e99c9e3765a102cd5a85330da39b78b3,2026-03-16T01:53:28Z,False,direct,,,human
4.7-stable,44541235bac60be76a2801eea9e411a2b116c33b,2026-03-16T08:15:37Z,False,direct,,,human
4.7-stable,30f48fd540733f0100fb6a8fa554794ca20270cd,2026-03-16T08:46:47Z,False,direct,,,human
4.7-stable,5a29f338f5c4b5eaf252103deb4e69a1bd2f0da5,2026-03-16T10:34:26Z,False,direct,,,human
4.7-stable,a2e6681130c235abf23b5c0f91dfba44c59635e2,2026-03-16T10:37:41Z,False,direct,,,human
4.7-stable,3e971caec4e22e372f5491bc1b05bb47973c0042,2026-03-16T10:42:49Z,False,direct,,,human
4.7-stable,76ffc3adf6ee21b63a9563099443eecc2e6418cf,2026-03-16T10:52:13Z,False,direct,,,human
4.7-stable,fee124bf61aca07bdb2fcb896f28b543c42c163f,2026-03-16T11:07:38Z,True,merge,79997,,human
4.7-stable,a38db1581270378ebd11307b3d4cdede5aa2b731,2026-03-16T11:07:46Z,True,merge,97321,,human
4.7-stable,25b625678c35728bb7076b8eed2cc961f6fdad92,2026-03-16T11:07:54Z,True,merge,109743,,human
4.7-stable,af6b040c67041d0f753d5d760132365c469ecce5,2026-03-16T11:07:59Z,True,merge,115377,,human
4.7-stable,872b5a52df76959c410297b0f60212f4349c3454,2026-03-16T11:08:04Z,True,merge,115674,,human
4.7-stable,a189151e0ae0bd801e25a6a3806fc722354ab8d3,2026-03-16T11:08:08Z,True,merge,115750,,human
4.7-stable,5631c0ae87bf123c271bdc14cafcb4390a2226be,2026-03-16T11:08:13Z,True,merge,116899,,human
4.7-stable,967c23c6ce10eac544cb62b2943c114e4f0979e3,2026-03-16T11:08:17Z,True,merge,117359,,human
4.7-stable,d49ce0c98976e95d67f90300d9304cfe202ca807,2026-03-16T11:08:21Z,True,merge,117441,,human
4.7-stable,6e07a6c3c95a3fb68b4b952707ca625a36c92d99,2026-03-16T11:08:25Z,True,merge,117442,,human
4.7-stable,ad21e3fbb5e829f3f854bba2792f519018512f03,2026-03-16T11:08:29Z,True,merge,117454,,human
4.7-stable,9f2688c20454aabef704e7dc4e6fa54d4a7ad6b8,2026-03-16T11:08:33Z,True,merge,117461,,human
4.7-stable,9ddccdec1298d72ba14794ac917715a7d417d137,2026-03-16T11:08:38Z,True,merge,117462,,human
4.7-stable,874f500acb28bf1d7aebc22049493b8ebce8c097,2026-03-16T11:08:42Z,True,merge,117469,,human
4.7-stable,748260082875cbeec0eb77585b25227c143a7931,2026-03-16T12:59:10Z,False,direct,,,human
4.7-stable,9d68328a6d6038d70e5924ec76fca867daadfe33,2026-03-16T13:48:44Z,False,direct,,,human
4.7-stable,013662361b9af5fda4cf12afcd822cafbcd8e4d8,2026-03-16T14:51:43Z,False,direct,,,human
4.7-stable,6d309c858ea77513c5c807fbb16450f89286d6d7,2026-03-16T15:40:39Z,False,direct,,,human
4.7-stable,7a99a2c7828e64439c421119358615f4ccee3e68,2026-03-16T15:40:40Z,False,direct,,,human
4.7-stable,c0706bb71d1ae85a17e3b25a463ab6c192fe213c,2026-03-16T15:57:29Z,False,direct,,,human
4.7-stable,4c8b5f960f3d276c7e218b0830f2324915f8425e,2026-03-16T16:09:55Z,False,direct,,,human
4.7-stable,760a722ad74c1ccc9658cf1fd1ec463dccb729f5,2026-03-16T16:16:12Z,False,direct,,,human
4.7-stable,c85ada054b2d69b5926817d8d5c46cf1ab4d5fbc,2026-03-16T16:23:14Z,False,direct,,,human
4.7-stable,475e7452eb4a9e157acfe96f1949a4e266df2f16,2026-03-16T16:29:04Z,False,direct,,,human
4.7-stable,10c829e6239f0f4d98c4120249a49392b6ca94d2,2026-03-16T16:32:52Z,True,merge,117135,,human
4.7-stable,326a2f4af6b199bd54a1e7e5494a41c56c065d4d,2026-03-16T16:32:53Z,True,merge,116850,,human
4.7-stable,5d0a32157593c9dd374b3796589f14b21b8212d8,2026-03-16T16:32:54Z,True,merge,102987,,human
4.7-stable,f13b291f2808bc8b61d2067df56ccaa7cb98b009,2026-03-16T16:32:55Z,True,merge,117041,,human
4.7-stable,8ec2a3de1918cb798ca8d9a1099b8fc2769a07d9,2026-03-16T16:32:56Z,True,merge,117457,,human
4.7-stable,fc0960188b11946a63e07b5204c83c2e537b86df,2026-03-16T16:32:57Z,True,merge,111262,,human
4.7-stable,8e2028b64c6824fb20e6bf682c629e6f0fbaa336,2026-03-16T16:32:59Z,True,merge,108909,,human
4.7-stable,07447e93c3a858eb95edf632cb9590e5aa54660a,2026-03-16T16:33:00Z,True,merge,62419,,human
4.7-stable,40184ac402b274ef8761cd5a86817e6193400dc9,2026-03-16T16:33:01Z,True,merge,106867,,human
4.7-stable,31a8c0904c6fcf2cf86270c389398a3d976bf1e8,2026-03-16T16:33:02Z,True,merge,117378,,human
4.7-stable,17b3a3829fe0b83be8f16b24b5de17e20c0eaa4e,2026-03-16T16:33:04Z,True,merge,117471,,human
4.7-stable,0520b51d0ce95b592c06f474418357c046d310c2,2026-03-16T16:33:05Z,True,merge,111294,,human
4.7-stable,fb48c47320f7866a9d9f89c8493acc1c58ae8d1d,2026-03-16T16:33:06Z,True,merge,116179,,human
4.7-stable,642f14b5bb2fe985a511dcb55651fe2b0adb6039,2026-03-16T16:33:07Z,True,merge,117402,,human
4.7-stable,256da15c7deae2ac0dfa45b9ee8d7a87fcabf19b,2026-03-16T16:33:09Z,True,merge,115462,,human
4.7-stable,a9afde84055573cd51c0bb03b6bd3ae047b85d91,2026-03-16T16:33:10Z,True,merge,117479,,human
4.7-stable,64fcc13fc5fc519912d6435438642423d03cad88,2026-03-16T20:12:39Z,False,direct,,,human
4.7-stable,7795057e4b9570fd6108ef8df6480046846916c5,2026-03-16T20:38:26Z,False,direct,,,human
4.7-stable,697c4f1d0cbdd09c01a18846c08215d0823dc6fd,2026-03-16T20:56:33Z,False,direct,,,human
4.7-stable,7047d150e5f42ef7b36c599a7a6e67621e9c869c,2026-03-16T21:16:42Z,False,direct,,,human
4.7-stable,1a69be88e2a64cefc5c2bfbb9e60f5a080a9ced7,2026-03-16T22:41:08Z,True,merge,111819,,human
4.7-stable,b8f501d37f9e0b6901c3e228a5e2e6d7a20d00bf,2026-03-16T22:41:12Z,True,merge,116633,,human
4.7-stable,aa25369052970af95db0a148d59ccec927d10257,2026-03-16T22:41:17Z,True,merge,116955,,human
4.7-stable,280e06c2fee803cd065e38bf77f8e38ec03d51b8,2026-03-16T22:41:20Z,True,merge,117375,,human
4.7-stable,c40d3b9b0d6025a281bb6a9f2a7dc04e2b2b5856,2026-03-16T22:41:23Z,True,merge,117480,,human
4.7-stable,1eb0374e5f3efa05d8a9914f482b894b5b1f6b9c,2026-03-16T22:41:27Z,True,merge,117488,,human
4.7-stable,29e1bc5a232e5167a27c265da2663c23afa2d548,2026-03-16T22:51:08Z,False,direct,,,human
4.7-stable,b7b40aeff41624fd2ff9cb4e0eb3e1f9302c6c94,2026-03-17T02:11:26Z,False,direct,,,human
4.7-stable,4282c503c9e744f234e9ff4129a6d33563678abb,2026-03-17T02:47:08Z,False,direct,,,human
4.7-stable,6a3c9e5909287ad5ef66833c3ffda4b552115a9f,2026-03-17T08:55:36Z,False,direct,,,human
4.7-stable,980639ff6e185f215adf1043b47c516320288e85,2026-03-17T09:26:24Z,False,direct,,,human
4.7-stable,f3f7f156b31fee018cbcfa77b1e43a3820a05b38,2026-03-17T09:59:03Z,False,direct,,,human
4.7-stable,7a73d3f16b9e68696deeba234abd3153752b3d82,2026-03-17T10:58:10Z,False,direct,,,human
4.7-stable,119c497c962b464c8b6fd9dada4e68e206bc2013,2026-03-17T12:09:59Z,False,direct,,,human
4.7-stable,64f7bbbf12f76f78999d9b2bad12346d2d8885a4,2026-03-17T13:02:35Z,False,direct,,,human
4.7-stable,e05ceb0e144d847125a70a554ed235f9217e42ec,2026-03-17T13:13:38Z,False,direct,,,human
4.7-stable,b27f6a7ef24b50a6d0802972770d28304563d035,2026-03-17T15:50:06Z,False,direct,,,human
4.7-stable,5387f0d596dde3583e1e6c4c856ceba7ac046825,2026-03-17T17:25:18Z,False,direct,,,human
4.7-stable,c92480752075dca615c8fecd2a49b821784d90f0,2026-03-17T18:11:22Z,False,direct,,,human
4.7-stable,690f40999841527253ebd21b81a2b5063b770395,2026-03-17T18:12:01Z,False,direct,,,human
4.7-stable,8423b86dd45de9a09031809a95777bcaa7be3677,2026-03-17T18:44:05Z,True,merge,117201,,human
4.7-stable,f8d2e19bf68373d487341694e8ad08cea634a9ff,2026-03-17T18:44:07Z,True,merge,117380,,human
4.7-stable,e37ed101268cee246e17e8ec7ed42e4b8b739c63,2026-03-17T18:44:07Z,True,merge,117495,,human
4.7-stable,8dfdf5998ec372376fcb866c5b5842033a29c2a4,2026-03-17T18:44:08Z,True,merge,117502,,human
4.7-stable,5d2548f524e28c36fafb19977007e35d444086fe,2026-03-17T18:44:09Z,True,merge,117505,,human
4.7-stable,c9e87de0422c5791d558c231c32e350238c1bd90,2026-03-17T18:44:10Z,True,merge,117511,,human
4.7-stable,be33d1ceb042ab7d787fa7574c2297d2f26f25b5,2026-03-17T18:44:11Z,True,merge,114941,,human
4.7-stable,29d2c7ece514127cc449ce37994ef4b369a3a9c6,2026-03-17T18:44:12Z,True,merge,117173,,human
4.7-stable,1d77e2f10f00f64d2b87c2c416bdb98cafd1a07a,2026-03-17T18:45:31Z,False,direct,,,human
4.7-stable,5b6676049271e6b97df849ce8f435d6731679a87,2026-03-17T18:52:38Z,False,direct,,,human
4.7-stable,764bda8d6c0eaa1e20c7ab4524cab0f8aff10a3c,2026-03-17T19:10:30Z,False,direct,,,human
4.7-stable,e33e98a26fb84b0f7bcbdfd571e642044de0b8ad,2026-03-17T19:11:01Z,False,direct,,,human
4.7-stable,bb61cc3f8eb03a28235ca75c5f0eb853bb367be7,2026-03-17T21:07:18Z,False,direct,,,human
4.7-stable,49e2c18e87b070cdb1721198a8e59a1897a473be,2026-03-17T21:21:03Z,False,direct,,,human
4.7-stable,e51107503df413c5d9b13d52731b6aa4ef3b76e1,2026-03-18T00:45:45Z,False,direct,,,human
4.7-stable,734f5473c15d90b3edc452c08b4e43bebfefd1ce,2026-03-18T07:00:45Z,True,merge,117491,,human
4.7-stable,d0eb19359e27a14b4cd3a920fdc3cf1b81a89848,2026-03-18T08:44:20Z,False,direct,,,human
4.7-stable,f5d278fe90e4feac335aeef8f6b8b72a2f720a93,2026-03-18T08:48:27Z,False,direct,,,human
4.7-stable,31fb4d42861148bc6c331af6b0f079ed3c0098cb,2026-03-18T09:09:48Z,False,direct,,,human
4.7-stable,2c2ed8ddb5f163553571f1c32d7e2e3d7b4ef651,2026-03-18T09:26:03Z,False,direct,,,human
4.7-stable,f6d1765340ab90515b167ebd25ce5a6a37088b39,2026-03-18T09:41:59Z,False,direct,,,human
4.7-stable,98868393cca32cc9cbff5b474291e66064bd9e7f,2026-03-18T09:41:59Z,False,direct,,,human
4.7-stable,4336184ea4accf2cb19715722a24773497267d70,2026-03-18T09:41:59Z,False,direct,,,human
4.7-stable,731d492e6ac9d7d4b6e9f39f62440186332d3db7,2026-03-18T10:15:59Z,False,direct,,,human
4.7-stable,68dd8db336fae4f4131010d96dbf155b8b1b651c,2026-03-18T10:49:31Z,True,merge,117535,,human
4.7-stable,fd74ad709f63cc497e1ba2c7f4be1d49861d18e8,2026-03-18T11:08:07Z,False,direct,,,human
4.7-stable,a00317d3bd17294c55919d243f3a4384368bbe37,2026-03-18T13:41:11Z,False,direct,,,human
4.7-stable,cf1c203015a1f2fa48f234ba93548741fb74c9fb,2026-03-18T13:55:09Z,False,direct,,,human
4.7-stable,33b487690e59d5e0902ff6a527e3c96c7811dd33,2026-03-18T14:17:25Z,True,merge,117564,,human
4.7-stable,6bf7ca2dbb6e80da1877d15a503bd759b0f6ef78,2026-03-18T16:25:26Z,False,direct,,,human
4.7-stable,f18c12158604ada4e17b21884b60c77122f8aa85,2026-03-18T16:40:52Z,False,direct,,,human
4.7-stable,3e051d8fe16fc40aa0028cc132dd5fecde1a250d,2026-03-18T16:43:23Z,True,merge,116818,,human
4.7-stable,1b498aefc2d7562de207a644b26f97f5679c4269,2026-03-18T16:43:24Z,True,merge,112447,,human
4.7-stable,87b0010244450c6f9c6c0e583c07b7362b3a99fa,2026-03-18T16:43:25Z,True,merge,117149,,human
4.7-stable,a042e07db690178e14c368a854e236107407dcc0,2026-03-18T16:43:27Z,True,merge,117033,,human
4.7-stable,179ee951b601f445aa5fb4ed187e5c3d7e28b8a0,2026-03-18T16:43:28Z,True,merge,117530,,human
4.7-stable,7544660ca4cdf3997422e6459e1c943a55ccb211,2026-03-18T16:43:29Z,True,merge,117555,,human
4.7-stable,4e7fefbf6217f6440534e47f4b6e1742bd619fb5,2026-03-18T16:43:30Z,True,merge,117474,,human
4.7-stable,ce4dec913767c7f238296a09176dd77216970dea,2026-03-18T16:43:31Z,True,merge,117382,,human
4.7-stable,8d403a7c0c4b95fa09f8a096e5563bf985b3f619,2026-03-18T16:43:33Z,True,merge,114509,,human
4.7-stable,456bdea954ee24e48cb562bfbf531de1cd96e371,2026-03-18T16:43:34Z,True,merge,115741,,human
4.7-stable,41e0cf818519f3f65c377110c54428d21e337585,2026-03-18T17:17:15Z,False,direct,,,human
4.7-stable,69f9e3a75ca97bf862e461142b3567522b1921ee,2026-03-18T19:21:18Z,False,direct,,,human
4.7-stable,9889da604a8a2ea9bd15b051dc90ad7231fe4153,2026-03-18T19:21:39Z,False,direct,,,human
4.7-stable,05c33acbb1e7189719d1edd6105cbb23065bdd9d,2026-03-18T19:34:08Z,False,direct,,,human
4.7-stable,abc5c87451245f3974614d8529f933ad64f089f1,2026-03-18T19:38:06Z,False,direct,,,human
4.7-stable,189c9497b35112bfc1dfd92bdfa3323ec4c0be9e,2026-03-18T21:41:32Z,False,direct,,,human
4.7-stable,0fe3883cce4b89cdf300180d227fcd6db84df92e,2026-03-18T22:10:08Z,False,direct,,,human
4.7-stable,46984cf1527fa8350b58595bdff32af8622b8e66,2026-03-19T03:47:48Z,False,direct,,,human
4.7-stable,1f8c856870bdae6cef8ce306263c4ef424800c27,2026-03-19T06:45:01Z,False,direct,,,human
4.7-stable,10efa6d1f387abd0d138328333c2be030f01e6df,2026-03-19T07:10:24Z,False,direct,,,human
4.7-stable,e8c86444202cb21d388771644ef1f3f1401a8954,2026-03-19T07:42:59Z,False,direct,,,human
4.7-stable,37481d661358766ab407d2365a2f4ed3a948e0f4,2026-03-19T08:17:26Z,False,direct,,,human
4.7-stable,0001de04129eb954550ce0f8665a17af4f469d8d,2026-03-19T08:49:20Z,False,direct,,,human
4.7-stable,ffb697f9671d578d92d21cb3733b649088a42f2c,2026-03-19T14:18:41Z,False,direct,,,human
4.7-stable,df443c166ee90ac50804b1ab7b3d6215eb44c168,2026-03-19T14:21:59Z,False,direct,,,human
4.7-stable,113ace0cd3922000590adc316bc21b28f7058cfe,2026-03-19T15:10:20Z,False,direct,,,human
4.7-stable,fa4d24cbb537877319d72beebd31569695ead8e5,2026-03-19T15:19:52Z,True,merge,116513,,human
4.7-stable,a74ec70626e5645973dacd22e1a5b5e8dc9cf910,2026-03-19T15:19:54Z,True,merge,117334,,human
4.7-stable,6782fe44c23209b6f302037bfdd3f16dc4520735,2026-03-19T15:19:55Z,True,merge,117477,,human
4.7-stable,44b302b153334151e5ce12ee37b893ee270e9b42,2026-03-19T15:19:56Z,True,merge,117582,,human
4.7-stable,2addc30fb3175dbc4365c7ab45657f334c7171cf,2026-03-19T15:19:57Z,True,merge,117580,,human
4.7-stable,d385b9e608253bb40400103eddc8b311b7167ea5,2026-03-19T15:19:58Z,True,merge,117597,,human
4.7-stable,ffec02fee72f73bc7741ad6675f7e70d5dc4fbb5,2026-03-19T15:20:00Z,True,merge,117617,,human
4.7-stable,e3173f4ec4327e57a4a9b4d5eb3745f7252c1355,2026-03-19T15:20:01Z,True,merge,117355,,human
4.7-stable,5d206ad31477950c3bd589aa9eb437c2f77febc6,2026-03-19T15:20:02Z,True,merge,117598,,human
4.7-stable,013fc6f92aea48edbb650a314b5239bf97158819,2026-03-19T15:20:04Z,True,merge,114102,,human
4.7-stable,5e0c7940d53c88a6eba5fd3723cc7a3e8cff9eae,2026-03-19T17:40:45Z,False,direct,,,human
4.7-stable,e3a69f233f51736372209a36a126888d55c6fe35,2026-03-19T18:24:59Z,False,direct,,,human
4.7-stable,300ae1ba324b54190d118192a0aa210670ea267a,2026-03-19T19:57:39Z,False,direct,,,human
4.7-stable,bf6ec9141714981cb941e0a71cdb2677bcf39d6e,2026-03-19T20:39:11Z,True,merge,117508,,human
4.7-stable,331c8297658e366db23fae7784db986120cc7ef8,2026-03-19T20:39:12Z,True,merge,117538,,human
4.7-stable,f90d71ffe842360774bc2d0eb5afdb970926d9de,2026-03-19T20:39:13Z,True,merge,117562,,human
4.7-stable,fb4a304dee26694d746e131f805c3017ff481e6b,2026-03-19T20:39:15Z,True,merge,111965,,human
4.7-stable,2995751152cbd34bf965b9d810b6616d230765c5,2026-03-19T20:39:17Z,True,merge,114327,,human
4.7-stable,c71c2bfc5e61e937cbbf2bd8eefa499ba6864ef5,2026-03-19T20:39:18Z,True,merge,117648,,human
4.7-stable,f7523827cd7f2f87c1da116a0cb25c86f9960bf1,2026-03-19T20:59:33Z,False,direct,,,human
4.7-stable,2c7071d3ae82167911c3b5d482c8cd1310f6ae94,2026-03-20T00:58:13Z,False,direct,,,human
4.7-stable,5baffba0fe1834a0b5f68ab9e6b81aa6d5c617e5,2026-03-20T01:09:51Z,False,direct,,,human
4.7-stable,7a1f75994391a87083b5b07edc9fd7f94f821ccf,2026-03-20T07:56:50Z,False,direct,,,human
4.7-stable,f24362861875384afed9f7c0d9439e492b6867e3,2026-03-20T13:15:31Z,False,direct,,,human
4.7-stable,2d74e56caf4e495f4d05e5f51d3c2fe56d2bd817,2026-03-20T13:24:38Z,False,direct,,,human
4.7-stable,0e8bd28a10e115a2c35c22f5d9ca7f53ab6df515,2026-03-20T14:16:38Z,False,direct,,,human
4.7-stable,14e1582b5e3e3c3b743748845ce9d1aec8611a4d,2026-03-20T14:28:55Z,False,direct,,,human
4.7-stable,ab135ca3c2e4d3ebe2f57d723956c32bd6f37e51,2026-03-20T14:42:20Z,False,direct,,,human
4.7-stable,4a280218fcfdd69408cceb74577c9e69086be23a,2026-03-20T15:29:31Z,True,merge,117654,,human
4.7-stable,69c572304c41bc1f01ee086b60f33068349ce1cb,2026-03-20T15:56:41Z,False,direct,,,human
4.7-stable,2a74e99f91df33f665d6edf83351557663fd1916,2026-03-20T17:11:31Z,False,direct,,,human
4.7-stable,2e208489e7bc98d00070e0ed663eb56e3bed8b8c,2026-03-20T18:37:37Z,False,direct,,,human
4.7-stable,c214ef348a1591ec8f7cd563c3ac0ed1acbe5463,2026-03-20T19:06:47Z,False,direct,,,human
4.7-stable,7606284fcc57b32914178afd9d9976a06f9125b2,2026-03-20T20:03:46Z,False,direct,,,human
4.7-stable,356f45b73f138860c9bca10769bbedb4df5bca1a,2026-03-20T21:58:35Z,False,direct,,,human
4.7-stable,7423c94eb437ec6d4f4b9bd0bfe230e024558640,2026-03-21T09:02:58Z,False,direct,,,human
4.7-stable,8be7b9f18cdfc24533e7e0470c0a14d001fa0a66,2026-03-21T09:28:43Z,False,direct,,,human
4.7-stable,65e73b3a5eec19e3269809b0f00e73a646723067,2026-03-21T11:05:29Z,True,merge,117702,,human
4.7-stable,c766fb1ce8465f86754b17525738756bb7199686,2026-03-21T14:16:26Z,False,direct,,,human
4.7-stable,446cdc95bcc74f0acaa6865e0c0761181e085cfb,2026-03-21T19:33:14Z,False,direct,,,human
4.7-stable,3512a169b2cce750fca6b5790150b2016895d75d,2026-03-21T21:42:56Z,False,direct,,,human
4.7-stable,0c3bfae3efa746bbcfc498531ac5427667a35f2c,2026-03-21T23:57:33Z,False,direct,,,human
4.7-stable,73c860cde280f31c224f861b817c647dec83f4ca,2026-03-22T12:59:33Z,False,direct,,,human
4.7-stable,ce2f416e8219ddffe1f571cbdf89bed1f53d4b49,2026-03-22T15:16:56Z,False,direct,,,human
4.7-stable,0d220b35a5a9d399b2b2d303d3a8c00f634dba7d,2026-03-22T16:56:46Z,False,direct,,,human
4.7-stable,246ce46513c0961eaaeec2fd0043697cbd6bbdc0,2026-03-22T22:43:30Z,False,direct,,,human
4.7-stable,541742e43a906310fe1d929967aee781ab55a624,2026-03-22T23:56:04Z,False,direct,,,human
4.7-stable,022195257b8eb4a0325c9cbd18cc040c5a589316,2026-03-23T08:25:00Z,False,direct,,,human
4.7-stable,d47b8d7a64bdb3c2250030da9fcfd92467c6b345,2026-03-23T09:27:09Z,False,direct,,,human
4.7-stable,5fc9f6b3d9550f2d2ca2a9eb63d3d0cd78fafb30,2026-03-23T11:01:25Z,False,direct,,,human
4.7-stable,00fd52aa3bbfccba3c085746223500321c0c1841,2026-03-23T11:57:30Z,True,merge,102394,,human
4.7-stable,1c3962640d49d49784f9eeb9a8e2ba964fb5ec85,2026-03-23T11:57:42Z,True,merge,114796,,human
4.7-stable,d7680230ae1a9d46e8f0e8304220ff28c972532b,2026-03-23T11:57:48Z,True,merge,115108,,human
4.7-stable,62cd2da373f0ab21f5116b595c2ba08345929673,2026-03-23T11:57:59Z,True,merge,115296,,human
4.7-stable,424a191f4196b59feded88e15238507d45d79550,2026-03-23T11:58:05Z,True,merge,115659,,human
4.7-stable,8d0b2387274660be3b5f8b88ad7ddd08b8a43df0,2026-03-23T11:58:09Z,True,merge,117655,,human
4.7-stable,a1c0ffaf706bbc4749114c91a439e3bc957b165f,2026-03-23T11:58:12Z,True,merge,117659,,human
4.7-stable,435fe7ad0fd947409790201df2d2d1ff2bfd9583,2026-03-23T11:58:17Z,True,merge,117701,,human
4.7-stable,270ebad9ed9e53492fe582b6787fb5e7903c0f41,2026-03-23T11:58:21Z,True,merge,117709,,human
4.7-stable,3f020a02ade79dbbd3d26b0d151f93c64da6688b,2026-03-23T11:58:25Z,True,merge,117725,,human
4.7-stable,c3169e09e1e159c1a70c1e6fca75b8030a122209,2026-03-23T11:58:29Z,True,merge,117744,,human
4.7-stable,b0c1084a10f146c31b38a4682572e7483dc514ce,2026-03-23T11:58:32Z,True,merge,117748,,human
4.7-stable,3c112db63a6fe14944ced341bb573264e72133e6,2026-03-23T13:13:22Z,False,direct,,,human
4.7-stable,14f6ecc421dfce592602e4ebfff8ea75c6a4c5e2,2026-03-23T13:21:57Z,False,direct,,,human
4.7-stable,3fcb6886ebd60d2889876508763f867a5e8432fe,2026-03-23T14:12:58Z,False,direct,,,human
4.7-stable,106bbaa2e89ff47a43edd86b950873db909870ac,2026-03-23T14:56:26Z,False,direct,,,human
4.7-stable,85b45fd58efd9f4351b0f901aa7883de95a59925,2026-03-23T14:58:28Z,False,direct,,,human
4.7-stable,e0a59c2b78132d51ca69d8ddb1de3f6f90bceb1d,2026-03-23T17:01:59Z,False,direct,,,human
4.7-stable,fd8d310d2a62dbf342874e0527ec37c7a5477aeb,2026-03-23T19:30:29Z,False,direct,,,human
4.7-stable,d578e60fe0a06f00110a29a85761771bba888fe8,2026-03-23T19:42:53Z,False,direct,,,human
4.7-stable,e2538b495805b5ef11a8c12716cd90748c3aafed,2026-03-23T20:09:26Z,False,direct,,,human
4.7-stable,94c2707a8b6769a911b190710509422dbc827611,2026-03-23T20:58:42Z,False,direct,,,human
4.7-stable,5ececde0ce8415a27cf066c92bce3ede961a427b,2026-03-23T21:33:32Z,True,merge,102937,,human
4.7-stable,70c965168265e979ebaaa347e8ad08dfad0e2e42,2026-03-23T21:33:39Z,True,merge,105296,,human
4.7-stable,1951485a0719e97b36571ae1967b989f242c4a4d,2026-03-23T21:33:43Z,True,merge,109892,,human
4.7-stable,40be61def84111f16027d6af20786f8d8029e27f,2026-03-23T21:33:47Z,True,merge,113762,,human
4.7-stable,1d638eaf41ac7122f53a3418e1ed4772b5827732,2026-03-23T21:33:53Z,True,merge,115253,,human
4.7-stable,aa5a7914e408b5d42b844d8e33e6203cb115a00a,2026-03-23T21:33:57Z,True,merge,115829,,human
4.7-stable,881d08622ef6a55c3073e4ee6e05be5b8d1381cb,2026-03-23T21:34:01Z,True,merge,115980,,human
4.7-stable,987c77f02fe7a9c46f5488b69696c7cee3b30b8b,2026-03-23T21:34:06Z,True,merge,116019,,human
4.7-stable,7958080d65673266bf33e6a58cf3faa8b11a4319,2026-03-23T21:34:11Z,True,merge,116220,,human
4.7-stable,cd8ee7d229bfd48a94b307b5edd2e9a4b96f4e38,2026-03-23T21:34:16Z,True,merge,116620,,human
4.7-stable,8a72ab019d87fa322585a257d1721d6356a5d372,2026-03-23T21:34:21Z,True,merge,117154,,human
4.7-stable,0f0f9cae4145c4429c1dc2d89654cd40b869e875,2026-03-23T21:34:26Z,True,merge,117227,,human
4.7-stable,6cd467eab379fc6589dddd1b4be2ede9075d4737,2026-03-23T21:34:30Z,True,merge,117373,,human
4.7-stable,34e02d031fdba0cbb34fad5b7813033d80d22326,2026-03-23T21:34:34Z,True,merge,117376,,human
4.7-stable,938f3e376e923d591017a1cea17b63ea794e1904,2026-03-23T21:34:39Z,True,merge,117448,,human
4.7-stable,01448cc202cddc671ac4ee244cb884abcf038325,2026-03-23T21:34:43Z,True,merge,117464,,human
4.7-stable,9b9a533ed23310e32adac464a5b09a2e738e2e81,2026-03-23T21:34:48Z,True,merge,117504,,human
4.7-stable,86b84d861b4e2c73450d88d231d3c1f139389e7e,2026-03-23T21:34:54Z,True,merge,117521,,human
4.7-stable,8416dbe3d9f52e1349fbad560d58d271f5c1fb19,2026-03-23T21:34:58Z,True,merge,117525,,human
4.7-stable,0026f7ea69e20d19ce79d7a4a87d3be9047c2c99,2026-03-23T21:35:04Z,True,merge,117529,,human
4.7-stable,09437400e060ded26937152ec071aa6d9d0493c0,2026-03-23T21:35:08Z,True,merge,117583,,human
4.7-stable,41c856ab42428a9d56d95e6fef9841de0b172eb7,2026-03-23T21:35:12Z,True,merge,117600,,human
4.7-stable,9af848159bc6b67d36acaca3f5f7c0a9e36ba42b,2026-03-23T21:35:16Z,True,merge,117606,,human
4.7-stable,151eeb8a6443502c77c50d4a25edc3d681fe7eef,2026-03-23T21:35:20Z,True,merge,117612,,human
4.7-stable,e448c538bad2707f070fd09927ca952a18fbb6ee,2026-03-23T21:35:24Z,True,merge,117615,,human
4.7-stable,d767971087f5e8bfc4a47a0b2c6aaf63d7f727ff,2026-03-23T21:35:28Z,True,merge,117616,,human
4.7-stable,70752fab60ad94372f5e6250c841afbcdc774ad5,2026-03-23T21:35:32Z,True,merge,117634,,human
4.7-stable,45d8f4a832b82fe804e010f5211ef0448b67cf5a,2026-03-23T21:35:37Z,True,merge,117647,,human
4.7-stable,ff6034dc0aec2b2c4034829fee500d5c37c881ce,2026-03-23T21:35:41Z,True,merge,117649,,human
4.7-stable,5d2bac78e8110648c2d7284d0c7730e00f39bd59,2026-03-23T21:35:46Z,True,merge,117673,,human
4.7-stable,0f53286459a1140b8acfd388de75a1e1c67f8349,2026-03-23T21:35:50Z,True,merge,117682,,human
4.7-stable,040bc686d04a5eb8d3eb97311d5502061ba4af48,2026-03-23T21:35:54Z,True,merge,117683,,human
4.7-stable,6bc2cf8d6ae8c644b8a1d23b3f264eb67f949840,2026-03-23T21:35:58Z,True,merge,117688,,human
4.7-stable,3fe52f554de24b1f7f29cf473816cb9be994a0d9,2026-03-23T21:36:03Z,True,merge,117692,,human
4.7-stable,bfc504a0cc14dea48665a97daf7f93bc0a03257a,2026-03-23T21:36:07Z,True,merge,117707,,human
4.7-stable,7484a2e256d97b95dc32f5eb0fc6a889e5f26200,2026-03-23T21:36:11Z,True,merge,117730,,human
4.7-stable,970f8236b5b532af4d5862d413bb53869eb0148e,2026-03-23T21:36:15Z,True,merge,117733,,human
4.7-stable,64596092ae60e8fc10da7b61ac024d099a80a3b7,2026-03-23T21:36:19Z,True,merge,117735,,human
4.7-stable,e4d0a2f2ea4ac06db83b77f18bf8b29b15f75f8b,2026-03-23T22:18:56Z,False,direct,,,human
4.7-stable,ee8aa5176b095be68c7b12a5f17cc2149e6f6e3d,2026-03-23T22:58:34Z,False,direct,,,human
4.7-stable,8c42aeb39fac9cc8d0665a3a622b18468a9bf14d,2026-03-23T23:11:36Z,False,direct,,,human
4.7-stable,3ade83cd1bdf4427b004014eb034623d9483aaca,2026-03-23T23:43:34Z,False,direct,,,human
4.7-stable,96eb7bc4f97a095b99e6db9f3b05673db9d65313,2026-03-24T00:13:52Z,False,direct,,,human
4.7-stable,8a9fd16112e68d79faadfb9df2f2e0b7371321ff,2026-03-24T01:42:53Z,False,direct,,,human
4.7-stable,2f07ccd68a06b0c60b828a39ec8b4f6064802afd,2026-03-24T02:25:48Z,False,direct,,,human
4.7-stable,d4d8b781befe66a4bd117a88d47bc84e9973bc54,2026-03-24T05:32:29Z,False,direct,,,human
4.7-stable,35eabf06b9f676b2e4518cca70d825fd91e09b76,2026-03-24T08:48:39Z,False,direct,,,human
4.7-stable,18fe28ecba57df73189bdb08f75c213075d8c76a,2026-03-24T12:35:22Z,False,direct,,,human
4.7-stable,42cec5bb5726f359d9e538f1072ec7005bded1fb,2026-03-24T13:57:43Z,False,direct,,,human
4.7-stable,a11e23e3e292710fcd5823faa1a3e48de591271a,2026-03-24T14:22:07Z,False,direct,,,human
4.7-stable,76b2ed7c245433a16b6955ea0ce3ae24341e882a,2026-03-24T14:32:16Z,False,direct,,,human
4.7-stable,f990050ecfcb60afc8537b3bb88e2cc75abd649d,2026-03-24T14:36:13Z,False,direct,,,human
4.7-stable,1fcd123c1fd914202163a5f1ffdbdc2fb392938f,2026-03-24T14:44:00Z,False,direct,,,human
4.7-stable,68a1268f6bee0f818e4edfc2c34ba370147e7114,2026-03-24T17:33:05Z,False,direct,,,human
4.7-stable,8c5f93bd8b112426d340166dc15efc40dbe8a965,2026-03-24T19:59:50Z,False,direct,,,human
4.7-stable,8628738a345b1f42ea1033c1669d38fb274482dd,2026-03-24T20:27:49Z,False,direct,,,human
4.7-stable,5df0c8b271856ba253ec26a438add03529e2e46f,2026-03-24T23:05:54Z,False,direct,,,human
4.7-stable,7f66e84840595580387f82e9bd1a011772698d10,2026-03-25T00:19:18Z,False,direct,,,human
4.7-stable,6adf691cc5f0dad61623dfaa029ed8028e7f2943,2026-03-25T06:02:05Z,False,direct,,,human
4.7-stable,3be92694f0977794042ea3c8147d7a1c1f190700,2026-03-25T06:05:53Z,False,direct,,,human
4.7-stable,274fead099cafe38f78d13786e619b5463d32ac3,2026-03-25T10:06:03Z,False,direct,,,human
4.7-stable,c9c58020d89e8096a4a2e21cb4e0292fa7667d0e,2026-03-25T10:56:24Z,False,direct,,,human
4.7-stable,e3d3689a0c72d4616c968717774ebbfcf52015f2,2026-03-25T11:05:58Z,False,direct,,,human
4.7-stable,60fff00a660a2aeb03f88c07fb7baed353bcb72f,2026-03-25T11:24:00Z,True,merge,117820,,human
4.7-stable,7ab735fbbbe043720a5b9d684c6d8ce3f936372a,2026-03-25T13:53:10Z,False,direct,,,human
4.7-stable,82f308d9571d87e6aac25d58630636cb159e6ae6,2026-03-25T13:53:31Z,False,direct,,,human
4.7-stable,32d1f518fadb6d2e9855de4e4cc2d5e308753c2c,2026-03-25T14:07:39Z,False,direct,,,human
4.7-stable,4a44702b2945a87fa2a4822a8ce0ddd8532fd2d9,2026-03-25T15:08:28Z,False,direct,,,human
4.7-stable,8dd7cc9a3ad891cfb1972cfc8a9b579c6e75b384,2026-03-25T18:00:28Z,False,direct,,,human
4.7-stable,89dc584103026fb4e5b014b68b16c2ab53769bc7,2026-03-25T18:50:19Z,False,direct,,,human
4.7-stable,42b4fc0710b1319185409c336eb94ac6e13b9106,2026-03-25T19:15:23Z,False,direct,,,human
4.7-stable,01a5f03461bb77ad0c825eeec107a80a8bb054ba,2026-03-25T22:45:46Z,False,direct,,,human
4.7-stable,1294b21c011b290b1f75835b9d3c5552c0280486,2026-03-26T08:57:07Z,False,direct,,,human
4.7-stable,c44cfcd77f43bf2d7e79b478a512d2d8c0b7cace,2026-03-26T13:29:58Z,False,direct,,,human
4.7-stable,b699b574fa66ab4aa2b3b16c3fcc5d6da6f1d6b1,2026-03-26T15:00:39Z,True,merge,111816,,human
4.7-stable,623b85922166e2aa0460eabb70364fd5b6c1dc66,2026-03-26T15:00:46Z,True,merge,112736,,human
4.7-stable,4d1c5b9122d01c4f0f005f3c24f705bac263d68c,2026-03-26T15:00:52Z,True,merge,112993,,human
4.7-stable,f313c3b3f57d660f6f89c39f2d115e26af264010,2026-03-26T15:00:58Z,True,merge,115545,,human
4.7-stable,c7de9524af8ea24b3ca31541be1b4f727c11019e,2026-03-26T15:01:02Z,True,merge,116405,,human
4.7-stable,915f8dcba73fb92f1428def7774e2790ea5444fc,2026-03-26T15:01:08Z,True,merge,116648,,human
4.7-stable,c19a2705af05adf6ba39804906179dc18f656547,2026-03-26T15:01:14Z,True,merge,116692,,human
4.7-stable,231b5dc0d42729fd66a3b5961469e4c5532af513,2026-03-26T15:01:20Z,True,merge,117142,,human
4.7-stable,e030230a99889e666fa320cdf7b24fdbef36f02b,2026-03-26T15:01:25Z,True,merge,117445,,human
4.7-stable,40b218a679c460bd107320b0990a1e52571926d6,2026-03-26T15:01:30Z,True,merge,117643,,human
4.7-stable,89379c4fcfb59f103c3450949f0474ef958ddfb0,2026-03-26T15:01:34Z,True,merge,117740,,human
4.7-stable,da8ea211ebafb845c11d081c00d8afcd83b3a2b5,2026-03-26T15:01:39Z,True,merge,117762,,human
4.7-stable,1fe96dd51749525c6f7788737ac6274e1afa28a8,2026-03-26T15:01:43Z,True,merge,117768,,human
4.7-stable,a803a436a01c20934bcd3158c3dc5b9c8153148d,2026-03-26T15:01:47Z,True,merge,117790,,human
4.7-stable,14d626ec1df7a43b7e9bbac4d2b82fb1c2615287,2026-03-26T15:01:51Z,True,merge,117792,,human
4.7-stable,ed86445bcb36b2e11ba572294f815448864dbade,2026-03-26T15:01:55Z,True,merge,117801,,human
4.7-stable,99f53a2524fe004df2fb8c64b206a5c06812834b,2026-03-26T15:02:00Z,True,merge,117815,,human
4.7-stable,07c1fcd4bd75709a88097cbe7924892ce68c32a2,2026-03-26T15:02:05Z,True,merge,117818,,human
4.7-stable,ab9175302ed30d57f888c35cc20c9641447ccfc6,2026-03-26T15:02:10Z,True,merge,117830,,human
4.7-stable,e3dc665263bba9d76977ee6aa4d0c2a5758c6f4c,2026-03-26T15:02:16Z,True,merge,117843,,human
4.7-stable,707b19f39772f66773c71ab954c973952357304e,2026-03-26T16:08:42Z,False,direct,,,human
4.7-stable,a1aa0fa2fa13a3c28de232a08bb8074086abf1f4,2026-03-26T16:45:51Z,True,merge,117869,,human
4.7-stable,2f699467d0c67b541cdb011e5a0f1bbb6647cc0b,2026-03-26T16:52:13Z,False,direct,,,human
4.7-stable,e4703603b46bfa5630e32f059b3b4213df852425,2026-03-26T17:06:23Z,False,direct,,,human
4.7-stable,acc2c961a19fdcf64ff6d12821372032a2631118,2026-03-26T17:44:42Z,False,direct,,,human
4.7-stable,c6d0339c7f8aff3f516090ced28be1bf5810497a,2026-03-26T18:30:32Z,False,direct,,,human
4.7-stable,1950d0cdab679dfbba30b52a9a5d8e8eb11e6563,2026-03-26T18:51:53Z,False,direct,,,human
4.7-stable,1f70e1cebb53d24388933b9b9d905c4906ee9862,2026-03-26T19:12:20Z,False,direct,,,human
4.7-stable,c0eb935646e7746a0e252fd1e43791c9be661548,2026-03-26T19:48:25Z,False,direct,,,human
4.7-stable,481e3b41ef1d074b31407b9efd548c9cd0c1c536,2026-03-26T19:56:07Z,False,direct,,,human
4.7-stable,eedca776ce33baade50d36af1c6a3d41e49a264c,2026-03-26T20:15:45Z,False,direct,,,human
4.7-stable,babc272d44ecfbd86e3b3fc5397ef936b1ce12d8,2026-03-26T20:48:15Z,True,merge,117874,,human
4.7-stable,0636f7adff9a6495f2aef85fe387ff306cf6a85d,2026-03-26T22:10:16Z,False,direct,,,human
4.7-stable,cb9b98b73f30ae99d637c3cf5272dc8666eda5d4,2026-03-26T22:39:56Z,False,direct,,,human
4.7-stable,3aea7cfdea45f3bbbaa7b377e2522fa7e078a91e,2026-03-26T23:16:28Z,False,direct,,,human
4.7-stable,b1c216d916a25e53cbdd10a942728a919cbf49b6,2026-03-27T03:33:52Z,False,direct,,,human
4.7-stable,524ed1fc7aff20d711ac703632099f412d7c7e22,2026-03-27T07:11:25Z,False,direct,,,human
4.7-stable,c20e4dd01047e28fc20074810ad65d55683a1d51,2026-03-27T09:34:36Z,False,direct,,,human
4.7-stable,158d8784c3b55c82ad1c3ed680b924104370c110,2026-03-27T10:57:08Z,False,direct,,,human
4.7-stable,4ae336740d89f29c472ec9cd88ce0a93f874b495,2026-03-27T11:03:39Z,False,direct,,,human
4.7-stable,d610492fef3c7f15828928d081971ad8b1f5c77c,2026-03-27T11:16:20Z,False,direct,,,human
4.7-stable,9ffc7d9f99394894e63270d4c93b90de3c67b7ae,2026-03-27T11:16:20Z,False,direct,,,human
4.7-stable,dc53136043e32bddd00dc59223cc9a0fa373c5be,2026-03-27T11:43:22Z,False,direct,,,human
4.7-stable,4d8234d50ec3b477e08ce72a03b26c6fb4249551,2026-03-27T11:52:18Z,False,direct,,,human
4.7-stable,2b9cea5f873c18b2959f2f0dc8f231118d91e73b,2026-03-27T15:20:06Z,False,direct,,,human
4.7-stable,428cee41f67a4e4bdcff166a1999a4680318e999,2026-03-27T16:45:10Z,True,merge,117774,,human
4.7-stable,25b80e589e34c23a358656df7c078196cb59004f,2026-03-27T16:47:27Z,False,direct,,,human
4.7-stable,affe0868aa704f19aa624a4819c82876d13a46a2,2026-03-27T17:11:32Z,False,direct,,,human
4.7-stable,df081fc7c1adec1c953e863ae5718f6c6a2cb912,2026-03-27T17:48:37Z,False,direct,,,human
4.7-stable,e2bc0f565c98a2807c3395be5648719089500748,2026-03-27T22:19:18Z,False,direct,,,human
4.7-stable,8331515457c36c3bdbf9df809f429315665c5e41,2026-03-28T00:23:38Z,False,direct,,,human
4.7-stable,2a11b31b50f986144dad8775d51cba52e2ac99dd,2026-03-28T02:38:21Z,False,direct,,,human
4.7-stable,59e6ff8cc5fb36009013ad68264ccb5a8192c7ea,2026-03-28T02:54:21Z,False,direct,,,human
4.7-stable,a3c62ca6d39102ef10ca8ae50dc330e1ebdd9944,2026-03-28T07:58:14Z,True,merge,117919,,human
4.7-stable,2af785641ae249573f45eb61852d22e0b1a8a03c,2026-03-28T10:15:45Z,True,merge,117819,,human
4.7-stable,478049c6c3a3ab18716d5f7349fef704c005281c,2026-03-28T18:00:58Z,False,direct,,,human
4.7-stable,03d7644d8b2a16471e77d4b7d29bbaab762d9dc5,2026-03-28T19:02:12Z,False,direct,,,human
4.7-stable,1442c6c65212e03df9433985d36f719f34d6868f,2026-03-28T20:49:32Z,False,direct,,,human
4.7-stable,64bd19213db152454230612dc0d931bc37441ab6,2026-03-28T21:56:34Z,False,direct,,,human
4.7-stable,7fc6eb88ad061a5845f13fc4f36049f5592f4ca0,2026-03-28T23:38:12Z,False,direct,,,human
4.7-stable,f69370b2600a507cae7336d1d9e98b2b55b596de,2026-03-29T08:14:21Z,False,direct,,,human
4.7-stable,15e587d4b017ef1eacb79ccb6aea224aa801944f,2026-03-29T10:37:48Z,False,direct,,,human
4.7-stable,10d9304986600eab6ae07107ce2f0b150500a770,2026-03-29T19:57:03Z,False,direct,,,human
4.7-stable,badab3cfc9fd55d6d7d9dc0210aefc1035e36698,2026-03-30T05:24:11Z,False,direct,,,human
4.7-stable,1af9455b7f31c31984da3451c2ba3689fbeafa38,2026-03-30T09:58:26Z,False,direct,,,human
4.7-stable,ff1153a39c8c151dfb6e80b670fb1b08da7dccc6,2026-03-30T12:13:11Z,False,direct,,,human
4.7-stable,080e1d8d1b95cb605667d15d076135751a0ac7c3,2026-03-30T14:45:53Z,False,direct,,,human
4.7-stable,e1ebc537ce05594097ee2be4734325f1923cd654,2026-03-30T14:48:19Z,False,direct,,,human
4.7-stable,52afed327df5767e2c9a1b982d95538936588231,2026-03-30T17:03:18Z,False,direct,,,human
4.7-stable,5ddc922f4a36a688ab3ff5b2307679d6362277ff,2026-03-30T17:56:56Z,False,direct,,,human
4.7-stable,7c2a32498c5c4938403c2965bd38ba0a9e3f4bbc,2026-03-30T18:35:12Z,True,merge,115954,,human
4.7-stable,a644e7ff388fa6c43fbe15248ec4d899f0def4ad,2026-03-30T18:35:14Z,True,merge,114861,,human
4.7-stable,1bb4e60952806546560dafd7620ba3221558117c,2026-03-30T18:35:16Z,True,merge,115157,,human
4.7-stable,8804261d63882729cb8875e2e41ce8fe7e005124,2026-03-30T18:35:18Z,True,merge,107867,,human
4.7-stable,bcf3d9a9c6f3f79b3bd3a45ce193db740738fa62,2026-03-30T18:35:19Z,True,merge,113772,,human
4.7-stable,f9dfbbb0edef7c71a6931b5285b1df7988b992cb,2026-03-30T18:35:20Z,True,merge,117070,,human
4.7-stable,91030b8d8e3181f0887fe0d9cf352f13b44c0e34,2026-03-30T18:35:21Z,True,merge,117812,,human
4.7-stable,d46ba38387decd37cd0f1a19b3e3d35da8b3adc4,2026-03-30T18:35:22Z,True,merge,117808,,human
4.7-stable,89672d1341c04c4800d111a068927b0c9bd1f852,2026-03-30T18:35:23Z,True,merge,117827,,human
4.7-stable,308fbaf3e4d8d1d7116b057371aa9c2d7944305e,2026-03-30T18:35:24Z,True,merge,112919,,human
4.7-stable,5f07b0ff882a8ff768ba5fb160167d93d5032480,2026-03-30T18:35:25Z,True,merge,117850,,human
4.7-stable,5ee90d8e82712bc09e016cde28c611b9314435b8,2026-03-30T18:35:26Z,True,merge,117873,,human
4.7-stable,d76390fa365f89bdefa9dff26daaf5980fa8d87a,2026-03-30T18:35:27Z,True,merge,117879,,human
4.7-stable,adeed3a45b1cc561cbe1e880b07a60aa29fd617e,2026-03-30T18:35:28Z,True,merge,117878,,human
4.7-stable,521e442754cb263e9789924da1ff62febb733080,2026-03-30T18:35:29Z,True,merge,115896,,human
4.7-stable,879a3012c887adb682a910611fab962c9620c278,2026-03-30T18:35:31Z,True,merge,117358,,human
4.7-stable,e03a2c4c76c4b9141ec29fb3d46afdd18c0fa4ac,2026-03-30T18:35:32Z,True,merge,117282,,human
4.7-stable,656a268688cbb03723bb82116da7eb5b83989720,2026-03-30T18:35:34Z,True,merge,117010,,human
4.7-stable,3eb96c83132f619e8f807ba1fcf45beb6ad2af21,2026-03-30T18:35:35Z,True,merge,117244,,human
4.7-stable,213e805487cdc3435bc9a9b601502ef58332cb3c,2026-03-30T18:35:37Z,True,merge,116198,,human
4.7-stable,2e56f4ee538f0093c37568ef9e02938d08d2fe42,2026-03-30T18:35:39Z,True,merge,116798,,human
4.7-stable,aa56bcb233b5fb776af8912cc2e157752af15331,2026-03-30T18:35:40Z,True,merge,115903,,human
4.7-stable,3672cd2ebf5cf32d3ce2df5435cc34071fd821a0,2026-03-30T18:35:41Z,True,merge,115502,,human
4.7-stable,cec809c09e9db056925446a612afcdc5e65e22eb,2026-03-30T18:35:43Z,True,merge,115437,,human
4.7-stable,c66455f5e75bb3799df9f1a6488b147cef0c4d29,2026-03-30T18:35:44Z,True,merge,115245,,human
4.7-stable,2d327c811c667880929f47672629957168710615,2026-03-30T18:35:46Z,True,merge,113879,,human
4.7-stable,0f51ed609964e169e03de21a1f10a2369ddaebd2,2026-03-30T18:35:47Z,True,merge,113543,,human
4.7-stable,1d6e1416cbf52e02d0e5d73b59e026cceeae8e0f,2026-03-30T18:35:48Z,True,merge,117956,,human
4.7-stable,06c3946e3501a7f52a10eed96d200b93df17d373,2026-03-30T18:35:49Z,True,merge,117906,,human
4.7-stable,2d94568f3e65c5bb03b2a2771f6217b5417a784a,2026-03-30T18:48:56Z,False,direct,,,human
4.7-stable,70c684a063070185c3619d0c9d52c7988547ac3d,2026-03-30T18:49:43Z,False,direct,,,human
4.7-stable,8a7230132dcefd6f2cf22c3bd3eaadcf8fa71b93,2026-03-30T18:49:56Z,False,direct,,,human
4.7-stable,a2af91a59bbe8144e1eea34b92909b1a3f1d9040,2026-03-30T19:00:35Z,False,direct,,,human
4.7-stable,a369cd466bc3ab8c9973c0e1270b96f5bef4f19f,2026-03-30T19:54:14Z,False,direct,,,human
4.7-stable,39dc6bdb6dc1ad17e0bdb342952d573723cf6eae,2026-03-31T06:30:59Z,False,direct,,,human
4.7-stable,53dc6237b7eee0468dbe79a0810ff795ec6bc6e7,2026-03-31T07:41:39Z,False,direct,,,human
4.7-stable,28cb217ac353b39adef56ee1a24fece5d1398e37,2026-03-31T08:56:55Z,False,direct,,,human
4.7-stable,afc3e7bb57ca2c0690917cf9ced7956e81be123c,2026-03-31T10:21:19Z,False,direct,,,unknown
4.7-stable,12a3d854339e7ce8270afd50d6e27dcb1e13b1ea,2026-03-31T13:58:02Z,False,direct,,,human
4.7-stable,a459aedac343894541d32414c3f03ffb95e76210,2026-03-31T14:37:24Z,False,direct,,,human
4.7-stable,207caf2020c75553ace299f173a7005fc10cd112,2026-03-31T14:38:51Z,False,direct,,,human
4.7-stable,d62f1c8900c9fffabd0f3fc5e689d059dd891c22,2026-03-31T15:17:23Z,False,direct,,,human
4.7-stable,c7324d155606980e1de562e6b09618c5d02acfe5,2026-03-31T15:39:20Z,False,direct,,,human
4.7-stable,385c4208525d6dab12de2f254bc699d71feab59c,2026-03-31T15:46:45Z,True,merge,116562,,human
4.7-stable,91ad65d93234057e48142dabc965aef8b76c9ef5,2026-03-31T15:46:46Z,True,merge,114080,,human
4.7-stable,c708da3a2d4baeb2a9272020dbd9b4d6828b5b79,2026-03-31T15:46:47Z,True,merge,106785,,human
4.7-stable,fa50d196c001bc2fb0a0249a22d08e12f27e45d0,2026-03-31T15:46:48Z,True,merge,117755,,human
4.7-stable,cf1ff4fb63c9ede4867b37f648646afd3fb316f2,2026-03-31T15:46:50Z,True,merge,117831,,human
4.7-stable,0dabee78c74165b982ab1b327f64cf45f1544e45,2026-03-31T15:46:51Z,True,merge,116349,,human
4.7-stable,c3049ea727a80ab3737d9b097260ab740225e5ab,2026-03-31T15:46:52Z,True,merge,117893,,human
4.7-stable,0e3479a4837fe67e96f663eb9b3dd57c2c48ef18,2026-03-31T15:46:53Z,True,merge,116670,,human
4.7-stable,94485a31d756896e76472f86c9c87c706752623a,2026-03-31T15:46:54Z,True,merge,117760,,human
4.7-stable,21af15773497f2ffd4fd646467387be966277598,2026-03-31T15:46:55Z,True,merge,117944,,human
4.7-stable,589cf660432a935a5471119082595727833f799e,2026-03-31T15:46:56Z,True,merge,117951,,human
4.7-stable,777b5f6018f76c84d23cef286adbc8f82753f278,2026-03-31T15:46:57Z,True,merge,114868,,human
4.7-stable,4a919adccf8e398aceca75399c539078c54fe97f,2026-03-31T15:46:58Z,True,merge,118027,,human
4.7-stable,77701038587450c73dc78afc2064f6b195b0817c,2026-03-31T19:48:43Z,False,direct,,,human
4.7-stable,d89811d890aa9da201e35493fbac9d3d23fd18fd,2026-03-31T22:57:24Z,False,direct,,,human
4.7-stable,e79ab92ed1ec7dafc13c9576629de1da42503ec2,2026-03-31T23:12:29Z,False,direct,,,human
4.7-stable,1f93302c14db401b7d351ad857a7c472771df0f2,2026-04-01T08:46:53Z,False,direct,,,human
4.7-stable,27305b6de8e5a420bec843918650ec0c6f10ff72,2026-04-01T09:36:39Z,False,direct,,,human
4.7-stable,d5da4a5c7011936f5d9085798bf69e80f30541a2,2026-04-01T14:03:17Z,False,direct,,,human
4.7-stable,a5c45777ec04be4073e3a60e2d7c8384cd358a81,2026-04-01T14:49:44Z,False,direct,,,human
4.7-stable,f6da6bf1f33fa6d0fe157962c72c91671c7547ac,2026-04-01T16:14:58Z,False,direct,,,human
4.7-stable,89e4b07bfbbd68c492422e55cdbdd34a14aa3bc1,2026-04-01T17:14:17Z,False,direct,,,human
4.7-stable,50ca4061e26fc5273547387e47233e5f554f0616,2026-04-01T17:55:03Z,True,merge,117907,,human
4.7-stable,edd83fa534010254976c7c98e1dc258822cc5808,2026-04-01T17:55:09Z,True,merge,117742,,human
4.7-stable,e1bd3176ce474405a312cc2c66a0669bd8471f96,2026-04-01T17:55:10Z,True,merge,117574,,human
4.7-stable,102c6f5eee6bc2f48dc02627102a6568fdc69979,2026-04-01T17:55:11Z,True,merge,111518,,human
4.7-stable,b6995b54a29b1409e85f2d66e6debb479972ac7d,2026-04-01T17:55:12Z,True,merge,117868,,human
4.7-stable,480350c09e008f4db55cfacd8dae9900c00f3306,2026-04-01T17:55:14Z,True,merge,115390,,human
4.7-stable,a490c267a2c4dfc059d7b8e07d6d777fb103f659,2026-04-01T17:55:15Z,True,merge,115498,,human
4.7-stable,712f39f5a5dfcdf7ba779624e8cffb02bc73a4e2,2026-04-01T17:55:16Z,True,merge,118024,,human
4.7-stable,29c5e98e5e110728b9e1dd13027f97958b04382d,2026-04-01T17:55:17Z,True,merge,118064,,human
4.7-stable,7e911ad73ad1887cc215277744c48175807c7acb,2026-04-01T17:55:18Z,True,merge,118049,,human
4.7-stable,1f46f20f40f574dd6a200153a00524c430469448,2026-04-01T20:58:00Z,False,direct,,,human
4.7-stable,a940455f36c8bdc12a41342d6a2f041b6a67b2f8,2026-04-01T22:42:48Z,False,direct,,,human
4.7-stable,9ced6369bd08fb65546ae596b04646bf80e7b06e,2026-04-01T23:10:06Z,True,merge,117867,,human
4.7-stable,63425f1d2752a6dd8a46e8d42edab35dd565734c,2026-04-01T23:10:07Z,True,merge,112922,,human
4.7-stable,eda3dc13b99a7617a86e7b1cdc335d3cfe3dacb5,2026-04-01T23:10:08Z,True,merge,109142,,human
4.7-stable,c3fdf826026d18403f905bf38b88e846902a26b8,2026-04-01T23:10:09Z,True,merge,117892,,human
4.7-stable,b91e6caf5e55bdea27809b46af486504e8b734f2,2026-04-01T23:10:10Z,True,merge,117924,,human
4.7-stable,7e3bf93f8a7e803633e1afc44e021efce926705a,2026-04-01T23:10:11Z,True,merge,117909,,human
4.7-stable,2d94df2bd05e56f8a4f0b5d959526837f3fd2336,2026-04-01T23:10:12Z,True,merge,101501,,human
4.7-stable,bf055e3bf6fe2ccd9590c9414bd024de4305160b,2026-04-01T23:10:13Z,True,merge,117945,,human
4.7-stable,01006b8c91519a1931e572fb131913f6b4e24a60,2026-04-01T23:10:14Z,True,merge,117947,,human
4.7-stable,803c6df71af4bb4caba3153c275374e85a4fbb03,2026-04-01T23:10:16Z,True,merge,117800,,human
4.7-stable,e4a239b72b982e83fa204d896a8057b800857264,2026-04-01T23:10:17Z,True,merge,112184,,human
4.7-stable,8c3a9f9afce2d3d24cf5dfa20f93fb6dacf13075,2026-04-01T23:10:18Z,True,merge,105122,,human
4.7-stable,ac97d0850676b26e9627d85d85be37cdb304e657,2026-04-01T23:10:19Z,True,merge,117996,,human
4.7-stable,6a6162070d97c76bee6af6c80f467c43f06259ce,2026-04-01T23:10:21Z,True,merge,117369,,human
4.7-stable,a7733e5e0a95a7e6c2309952cf8fb352153641c7,2026-04-01T23:10:22Z,True,merge,117958,,human
4.7-stable,a074a96527fbaa29c8b8b710fb1b7c152585dc95,2026-04-01T23:10:23Z,True,merge,117932,,human
4.7-stable,bd463cfe5067aa704306a82e01542323e56ecb87,2026-04-01T23:10:24Z,True,merge,118014,,human
4.7-stable,bbf8e2653cac044f85b3bb41508073be13f78732,2026-04-01T23:10:25Z,True,merge,117998,,human
4.7-stable,0eee380851871f43c313342319617aa083b5d790,2026-04-01T23:10:27Z,True,merge,117968,,human
4.7-stable,618e55b48bfb2e695572b5859a1f42d4e734ab0c,2026-04-01T23:10:28Z,True,merge,106765,,human
4.7-stable,b3f17335a0e89fa43cd25184ce7490816351d902,2026-04-01T23:10:29Z,True,merge,117926,,human
4.7-stable,237eae66ed7603e620d1d99a4fd3ad46c846e802,2026-04-01T23:10:30Z,True,merge,118074,,human
4.7-stable,137fa73ed4d71d2e7b3a53e2ab6b2690e1f46149,2026-04-01T23:10:32Z,True,merge,118054,,human
4.7-stable,0ab60fb65b12bd24f5f9c379689cc05547cc9162,2026-04-01T23:26:50Z,False,direct,,,human
4.7-stable,fd5332c8e97701bb42ba577c501661f8102ca040,2026-04-02T01:11:17Z,False,direct,,,human
4.7-stable,b508fa698b943c1881269062c757e2738c7471c4,2026-04-02T02:01:17Z,False,direct,,,human
4.7-stable,b9a0db2a6597a43fb0acee93e36a9ea010d86b21,2026-04-02T11:31:36Z,False,direct,,,human
4.7-stable,ca0ed1f42fbeb1e9648b45d7b3f572577145e3d7,2026-04-02T11:45:28Z,False,direct,,,human
4.7-stable,9a78c8bd31255627151c44fb07deec7d0cf159ad,2026-04-02T12:02:10Z,False,direct,,,human
4.7-stable,34fe9ffc63c5bba7295c79db16e39500def9f6dd,2026-04-02T13:26:33Z,False,direct,,,human
4.7-stable,60bcd0dd4c930700556e118d1ad5e1cf45b3c7c3,2026-04-02T13:54:34Z,False,direct,,,human
4.7-stable,0f640e1e3f43556d0ce720ac4df2612b495382b7,2026-04-02T15:28:04Z,False,direct,,,human
4.7-stable,3700d5ecb4e5d7b4604298f805ffc3480039fb6e,2026-04-02T16:12:09Z,False,direct,,,human
4.7-stable,f9145cbc7262994ef9aabdff3929244b244f0a83,2026-04-02T16:50:38Z,False,direct,,,human
4.7-stable,3f8e17dad7817c523d070354e8d2676f1729e1f1,2026-04-02T17:05:19Z,False,direct,,,human
4.7-stable,fd3541edb4001b2708b7d53b15c4fde689b9d642,2026-04-02T17:07:52Z,False,direct,,,human
4.7-stable,872cfabf3d0bfde16de02abb1788d06724f7b527,2026-04-02T17:33:13Z,True,merge,79731,,human
4.7-stable,c05358c1d6693ee0f07f993c19bd448f2dc62c00,2026-04-02T17:33:14Z,True,merge,108073,,human
4.7-stable,b67c81308b2edc51f06e69c27862977e7f46e9bd,2026-04-02T17:33:15Z,True,merge,110287,,human
4.7-stable,ab23d15e17c3453684a9aea98ebac7872d902451,2026-04-02T17:33:16Z,True,merge,118063,,human
4.7-stable,a53c795c78674758ae7301de6a6fc3da9f9e63a2,2026-04-02T17:33:18Z,True,merge,117463,,human
4.7-stable,0df88c38e13b3281e50facb08decdd456c16c213,2026-04-02T17:33:19Z,True,merge,117633,,human
4.7-stable,54bac151e56a37f472db9cc7c4327ec062bcdf90,2026-04-02T17:33:20Z,True,merge,118089,,human
4.7-stable,53a957907ea970dd8622dd0a88c49b9a5158a975,2026-04-02T17:33:22Z,True,merge,118082,,human
4.7-stable,7351e6909bc61f922f22fffe588cff0c980250a6,2026-04-02T17:33:23Z,True,merge,116962,,human
4.7-stable,40a377e4343ed69167257d78edaabcbf995159ae,2026-04-02T17:33:24Z,True,merge,118117,,human
4.7-stable,33536fbe1187664c0cea9c3066b6d3978e2b0fc8,2026-04-02T17:33:25Z,True,merge,118096,,human
4.7-stable,5b14f4c6a232c0a1a92e03260ed7611d9b16602e,2026-04-02T18:43:39Z,False,direct,,,human
4.7-stable,a88418e2ae3011f004325719feb9bc86fcf00071,2026-04-02T19:04:02Z,False,direct,,,human
4.7-stable,3911e0963d39b79a85cb329340c6918397d2d05e,2026-04-02T19:36:00Z,True,merge,118126,,human
4.7-stable,07d360fbf6290abd2b70026778c9b82943b39a56,2026-04-02T21:18:44Z,False,direct,,,human
4.7-stable,0d8ff6f1378d60b9fe9451217bfd9ed2bf85ade9,2026-04-02T22:57:45Z,False,direct,,,human
4.7-stable,96b87fd7510814e450340eed52878b15aa12c35b,2026-04-02T23:17:34Z,False,direct,,,human
4.7-stable,91cbd98abedebc9b5f71cec826bd9a420b8f564c,2026-04-03T01:13:26Z,False,direct,,,human
4.7-stable,99e443154fbdabcffbb8794e990e86441c9801a7,2026-04-03T03:47:39Z,False,direct,,,human
4.7-stable,2797e93dc4e3691c7ab620e1ebe9ee50b04e4d72,2026-04-03T07:36:33Z,False,direct,,,human
4.7-stable,1d14370d553c8f4ddd463d912bad48b2ae69ee58,2026-04-03T09:08:11Z,False,direct,,,human
4.7-stable,bc7e9d6a22779285e3101a6b74809d09b3c190c4,2026-04-03T11:12:24Z,False,direct,,,human
4.7-stable,4be94676448c3e9680b3195d608f056b1a9b396c,2026-04-03T14:38:00Z,False,direct,,,human
4.7-stable,e16a299a867a2230fde22c7ee4d7b85c9bcbeca9,2026-04-03T15:06:34Z,False,direct,,,human
4.7-stable,33a1f0a196a30144670a6886e56b9a272ff6e479,2026-04-03T15:30:09Z,False,direct,,,human
4.7-stable,cad048c36897c23ad1cc3e8d8e529919310f5ac2,2026-04-03T15:31:32Z,False,direct,,,human
4.7-stable,0284ce33b529736bfc1313e7d4e1d2811607772b,2026-04-03T16:43:25Z,False,direct,,,human
4.7-stable,c068a92e1957cf50d81125e402f6721c0bd3dec1,2026-04-03T16:52:14Z,True,merge,116024,,human
4.7-stable,3b2dabf339a033e7f7461bb8e3cfa6f56f76b1d5,2026-04-03T16:52:15Z,True,merge,118015,,human
4.7-stable,ab43b15f2f6c1a8801bfbdbbab709509b858c66d,2026-04-03T16:52:17Z,True,merge,117883,,human
4.7-stable,a987bcc2f598e8b56398fe202b97835b9918e596,2026-04-03T16:52:18Z,True,merge,118148,,human
4.7-stable,376b3b041eb6c73d52aaa70118342338f7a5b439,2026-04-03T16:52:19Z,True,merge,118080,,human
4.7-stable,a70b7ad1e69f99f641f4b6d420cd3341e052c6e5,2026-04-03T16:52:20Z,True,merge,115666,,human
4.7-stable,e37b5c4035a53ed14d16acca9411578bf2b6bdba,2026-04-03T16:52:22Z,True,merge,118076,,human
4.7-stable,ee713ccb7cbaddf59f8258ed6663461779d00856,2026-04-03T16:52:23Z,True,merge,118129,,human
4.7-stable,bd3f550c140599d3ab6819f4d23aa89565ace40c,2026-04-03T20:13:12Z,False,direct,,,human
4.7-stable,7cba8b830a4c83f63b522183fc57738b410c83d6,2026-04-03T21:07:40Z,False,direct,,,human
4.7-stable,5abbedebe023d60493f4c6a59c4899aee910be54,2026-04-03T21:26:51Z,False,direct,,,human
4.7-stable,7b7bd1dceab61b7a5e6b6da10dd091d73549dd50,2026-04-03T23:37:10Z,False,direct,,,human
4.7-stable,568c6104f9d0b120d32bc4ed9bd81a3a923e56f7,2026-04-04T06:32:22Z,False,direct,,,human
4.7-stable,b3f01cd4b3c9adcb945f4fc873f4f32205699c28,2026-04-04T07:02:31Z,False,direct,,,human
4.7-stable,72e05fa191206ac9b450f2c963654dc38c1dbee5,2026-04-04T07:15:10Z,False,direct,,,human
4.7-stable,0d08515a5bc9bc3fb4227efe68afd2c7e24d4caf,2026-04-04T11:43:54Z,False,direct,,,human
4.7-stable,2248544daae3de55f63fb9bab8afc4ede698313f,2026-04-04T13:55:28Z,False,direct,,,human
4.7-stable,c205658fa26a2d131d357a90d50b184a03755653,2026-04-04T17:26:36Z,False,direct,,,human
4.7-stable,ac913816d4266394a738d2f3aea262fc9e0dba68,2026-04-04T21:09:22Z,False,direct,,,human
4.7-stable,4c65469fd54d78122cf4be5f0607edf891144b6d,2026-04-05T06:02:16Z,False,direct,,,human
4.7-stable,60a44ecddd9c1fa28cb8ec4a0919bb939ff166be,2026-04-05T07:35:40Z,False,direct,,,human
4.7-stable,64cf02362aa38322b520341625aa1cc1b9b45881,2026-04-05T15:41:15Z,False,direct,,,human
4.7-stable,b84b20ae96bdea723a4417c736cc9eefee781cd2,2026-04-05T16:16:59Z,False,direct,,,human
4.7-stable,5796bf3ad3209a3831a78242c737a6a5f0acc21c,2026-04-05T16:46:59Z,False,direct,,,human
4.7-stable,3778da1f363af1bf0a8f2c37a376187bbdaf0145,2026-04-05T17:09:51Z,False,direct,,,human
4.7-stable,9aad8978c40712bf803607ae8af44950b67383f7,2026-04-05T17:56:32Z,False,direct,,,human
4.7-stable,d18e225ba50e8fddca4fc79487b6aab95600d02c,2026-04-05T19:45:50Z,False,direct,,,human
4.7-stable,0d3b41480f7978af05705f454f54caf7cb46c028,2026-04-05T20:46:21Z,False,direct,,,human
4.7-stable,039d474aa761a26f2b7d58474375ee855caae312,2026-04-05T21:50:14Z,False,direct,,,human
4.7-stable,1ae2b90ca5e04386407b63c3bc91f382280051c9,2026-04-06T10:22:37Z,False,direct,,,human
4.7-stable,7ba643bdcf84f0c852ef6bacf1b7f00d072ae9e8,2026-04-06T11:11:49Z,False,direct,,,human
4.7-stable,e7519d48492ddc94bd1fa63d3b0dfa4d23422ae9,2026-04-06T11:33:18Z,False,direct,,,human
4.7-stable,a511b46ae99d6361a88342d8a0f2a2dfcbbc39e0,2026-04-06T15:07:41Z,False,direct,,,human
4.7-stable,0810756a9fceee369b33f71b8247e3c48c421dbb,2026-04-06T15:11:18Z,False,direct,,,human
4.7-stable,a0e5996d8264658539860a842ea4ccc6492a49e0,2026-04-06T18:02:08Z,True,merge,118062,,human
4.7-stable,d91e97967dab0df8d5547d45bf2b0e6faf40c9ce,2026-04-06T18:02:09Z,True,merge,118159,,human
4.7-stable,201a68f700f3d3bd0316b8c7fbf56c58e665ec9d,2026-04-06T18:02:10Z,True,merge,117771,,human
4.7-stable,07b6f875221ef3e66ab2c898e4077e005c667962,2026-04-06T18:02:11Z,True,merge,118205,,human
4.7-stable,abfb91d1e2893bc18decf7716284cef8fa3e03b5,2026-04-06T18:02:13Z,True,merge,117959,,human
4.7-stable,29a391430950759c3744e245c42f8aa085f09aad,2026-04-06T18:02:14Z,True,merge,116345,,human
4.7-stable,d261582d25663583f23882e46609fd68a287a04f,2026-04-06T18:02:14Z,True,merge,118197,,human
4.7-stable,761eb2d47cfeb9350f4af77b948f243e2337dbd8,2026-04-06T18:02:15Z,True,merge,99899,,human
4.7-stable,5b22f33d11e3a71b2b7f3a7a2f8d3ece4197616f,2026-04-06T18:02:17Z,True,merge,115851,,human
4.7-stable,d31bf4c829dc1b3b37221ed7d17ff8f427192823,2026-04-06T18:02:18Z,True,merge,114598,,human
4.7-stable,7c720b815fb80f9daadc6d61cbce3a2031a7a501,2026-04-06T18:02:20Z,True,merge,117710,,human
4.7-stable,f7692aa47dbbbf9049ea4225ad8047c6d8d3040f,2026-04-06T18:02:21Z,True,merge,118220,,human
4.7-stable,03723198e0a249922216f42a56ac7345a3a106de,2026-04-06T18:02:22Z,True,merge,118163,,human
4.7-stable,a7060f5c86b6df128b6dd6c5277278b8bfb7817c,2026-04-06T18:02:23Z,True,merge,113605,,human
4.7-stable,1bae2fc5242749907655eac6a0a48bb9b21c0e97,2026-04-06T18:02:25Z,True,merge,117882,,human
4.7-stable,0afbee00992c678a63dca9e95bf52860ebeb06a4,2026-04-06T18:02:26Z,True,merge,116159,,human
4.7-stable,fdc9f351196fd0cf54f701b08818292db584c969,2026-04-06T18:02:27Z,True,merge,117148,,human
4.7-stable,46c55c83ba59702f3c115bc9b5ab06ac7e4e91d3,2026-04-06T18:02:28Z,True,merge,118008,,human
4.7-stable,2a059cd513a9b577ec552516bc830899ec1e6f71,2026-04-06T19:01:51Z,False,direct,,,human
4.7-stable,15b8429995853de669c83c8cd05363c12a594c3a,2026-04-06T20:58:48Z,False,direct,,,human
4.7-stable,3d889c59d2e42789b90558815890684eb316ae06,2026-04-07T03:16:55Z,False,direct,,,human
4.7-stable,f867029abfb38043bca9eb4d3a17796f839f7523,2026-04-07T09:01:03Z,False,direct,,,human
4.7-stable,7567211e8bfe14b1d9eac002a5a5e3a4047e5717,2026-04-07T10:07:22Z,False,direct,,,human
4.7-stable,205d36ace2cc99dcecdb4e33797a1eae19fa19d2,2026-04-07T10:12:02Z,False,direct,,,human
4.7-stable,cd32d9949feec581631995a839a6120579b034d1,2026-04-07T11:44:43Z,True,merge,118083,,human
4.7-stable,8f0ebc2f2b2da9e8f7d2743b9f0c98ba124b72e5,2026-04-07T11:44:44Z,True,merge,117754,,human
4.7-stable,83aef4c70d94d3eaecba84c5a368a3a11ef09950,2026-04-07T11:44:46Z,True,merge,118114,,human
4.7-stable,f3dfd4bf332a0d72f56212465361a13dcf04a261,2026-04-07T11:44:47Z,True,merge,118244,,human
4.7-stable,df7e539878a8b0f8a2db2bf26e16d6d5df4f99b1,2026-04-07T11:44:48Z,True,merge,118165,,human
4.7-stable,223c9417bd3f5cb5df89858a778db9967e7a279a,2026-04-07T11:44:49Z,True,merge,115632,,human
4.7-stable,e37e37d6b6a9e466d3b5009e5b0cdfed41c0dcd5,2026-04-07T11:49:04Z,False,direct,,,human
4.7-stable,25ef403c8edcea0cfeeda5aac912b8d33e088bf6,2026-04-07T11:49:15Z,False,direct,,,human
4.7-stable,0a0ff94d15fd47c48158210a7c836f5be52598ea,2026-04-07T12:26:58Z,False,direct,,,human
4.7-stable,eeafab862d8c9c829b17c590f80da5b7da6024fa,2026-04-07T14:07:23Z,False,direct,,,human
4.7-stable,abfd33b413c347b8020f51e9b7079f243c49a7f0,2026-04-07T14:15:03Z,False,direct,,,human
4.7-stable,ba709f1226e0aaacad0580536ff9bbd86b6cc70f,2026-04-07T15:43:28Z,False,direct,,,human
4.7-stable,7f6796a57205093bdc8fc385eab93f540dba0fbd,2026-04-07T16:48:18Z,False,direct,,,human
4.7-stable,2818cbd5a519bb82b0f2f709a39b9620a8862593,2026-04-07T16:49:29Z,False,direct,,,human
4.7-stable,ea070aceeccf3d349c197379b28bb8a2b26d06a6,2026-04-07T17:03:28Z,False,direct,,,human
4.7-stable,bdca8b66e753abdf6811c7b7b4af44cdd298f1d1,2026-04-07T18:34:12Z,False,direct,,,human
4.7-stable,300f7c53c0c2627f6387e6ee149fa1b0e6e55345,2026-04-07T18:34:13Z,False,direct,,,human
4.7-stable,d69e34bb209edbd95c874beb072f96e1205cfe61,2026-04-07T18:34:13Z,False,direct,,,human
4.7-stable,2939aabf164c1bfb698829d3af1de2d7f495e5a3,2026-04-07T19:37:06Z,False,direct,,,human
4.7-stable,89c022813ee074f329c9b1a16fb2c998a2ccd59b,2026-04-07T22:48:41Z,False,direct,,,human
4.7-stable,ad46310dd503de758ac2e829fe453a240c6e0560,2026-04-07T23:21:36Z,True,merge,114556,,human
4.7-stable,266e8f715adc69ba12f8f5d292bef178f7bdda1a,2026-04-07T23:21:42Z,True,merge,116640,,human
4.7-stable,b903c1070a6c1f53918ce6a46075d3ee28fd9bcd,2026-04-07T23:21:43Z,True,merge,118232,,human
4.7-stable,aef4950b92463d4686ac33a67310111f80a4b1bb,2026-04-07T23:21:44Z,True,merge,107312,,human
4.7-stable,5c2b6814eab6ef07e27be431cd7e88d887436037,2026-04-07T23:21:45Z,True,merge,117653,,human
4.7-stable,82e3e44bb2f16c0ce38ac017f1ef2555bdf5c7bb,2026-04-07T23:21:46Z,True,merge,117837,,human
4.7-stable,1f5427ab546c3c5843449e1904c8c6714a8c1fe3,2026-04-07T23:21:47Z,True,merge,118274,,human
4.7-stable,01fa8cc2d2abb419164c342e577dfda0443ada48,2026-04-07T23:21:48Z,True,merge,116351,,human
4.7-stable,d558ace2b822b3149a357caea68733de596063b4,2026-04-07T23:21:49Z,True,merge,118001,,human
4.7-stable,54d2cacf67bb7734412ad4e91a4c9a8cd6e08df4,2026-04-07T23:21:50Z,True,merge,118037,,human
4.7-stable,06ce2079002223080376482b4fac0b3d92bf0ebb,2026-04-07T23:21:51Z,True,merge,118285,,human
4.7-stable,6b5a8733f700c2b5e6898e83b7f0b855f34f3eb3,2026-04-07T23:21:52Z,True,merge,118287,,human
4.7-stable,4c8cdd2ec0ded601362bce8ac5d14be563f1f4f6,2026-04-07T23:21:53Z,True,merge,118277,,human
4.7-stable,653fed37e07cd37c5dc741b3959fb07538d1147f,2026-04-07T23:21:54Z,True,merge,118291,,human
4.7-stable,25efaa043e65115f5c462916aec3bc1771d5a09c,2026-04-07T23:40:59Z,False,direct,,,human
4.7-stable,c309339ec6b3d1c17ef9e49b27306e30e721a182,2026-04-07T23:41:20Z,False,direct,,,human
4.7-stable,cbeb95fd08256031595cb2b45d5588244ad9e3f4,2026-04-08T11:01:21Z,False,direct,,,human
4.7-stable,574e35c2bec8eddf72a9b3b6d8ba0bffd52fe501,2026-04-08T12:32:46Z,False,direct,,,human
4.7-stable,747c3deeb5d41131756542daf7f24e58d554ae7e,2026-04-08T12:36:53Z,False,direct,,,human
4.7-stable,6abd41799a186c796c002829ab86b52763e26392,2026-04-08T13:34:03Z,False,direct,,,human
4.7-stable,c454b4aebf283ed96e3d362627a68ca727d0a626,2026-04-08T13:57:40Z,False,direct,,,human
4.7-stable,93f0049508c628c5063de30f56aaac446f89b01d,2026-04-08T13:58:36Z,False,direct,,,human
4.7-stable,c5d4e3c10da2f1bc132283ab68fad278175b7906,2026-04-08T14:04:03Z,False,direct,,,human
4.7-stable,1b577dc2c0c4db942d49ae4e1b896bd331c973dc,2026-04-08T14:25:14Z,True,merge,117611,,human
4.7-stable,6c1f211da0b526f0702eecff1420a9fe5a568af2,2026-04-08T14:25:16Z,True,merge,118111,,human
4.7-stable,fb608d72d6646f530e8d070decb37ebdc289c2f3,2026-04-08T14:25:17Z,True,merge,117961,,human
4.7-stable,92a41bc222767731b0ddbaebf54c6782bc2b1771,2026-04-08T14:25:18Z,True,merge,118041,,human
4.7-stable,9dd0719d30626015414fa1f86f82498f96e1b4e6,2026-04-08T14:25:20Z,True,merge,117341,,human
4.7-stable,ccdb6fdb291ed3053a126cb6e7fe6ca6c3482635,2026-04-08T14:25:21Z,True,merge,118120,,human
4.7-stable,5481528adab00ca9e877ca5ca8232dcaa966a894,2026-04-08T14:25:22Z,True,merge,118135,,human
4.7-stable,59d29ed05fd897efa2779b8f4e982964db4e0324,2026-04-08T14:25:23Z,True,merge,118137,,human
4.7-stable,b6f86739b66d9154b850bf50f3ccb9be541eadd5,2026-04-08T14:25:25Z,True,merge,109911,,human
4.7-stable,02312e693e2ab74b0c371f71774002f386490117,2026-04-08T14:25:26Z,True,merge,118140,,human
4.7-stable,9af407f416001080bf586d75a56b379221ffd457,2026-04-08T14:25:27Z,True,merge,116849,,human
4.7-stable,a16b3b01bfd2ecb1cecd4b051cb23a8d95c4394d,2026-04-08T14:25:29Z,True,merge,118139,,human
4.7-stable,d5e974d098f2433685db1277d0e0077c30bef4b9,2026-04-08T14:25:30Z,True,merge,118116,,human
4.7-stable,7f60a851362dba2d1757481d6b697f886d238e46,2026-04-08T14:25:31Z,True,merge,117534,,human
4.7-stable,2efa9d3bceb0234e1a70ef8b1cb6b548c14aade7,2026-04-08T14:25:32Z,True,merge,118169,,human
4.7-stable,bbc7150c95382024f299424a7e2ce205b3a7676c,2026-04-08T14:25:34Z,True,merge,117861,,human
4.7-stable,d7a88c4dc2264f257b241757981a5ec7fe95725a,2026-04-08T14:25:35Z,True,merge,118179,,human
4.7-stable,4f0eccae9cf90a5c92d26b8a878bad96a27f3455,2026-04-08T14:25:37Z,True,merge,118168,,human
4.7-stable,623f64d3104318bae3e2fa4acb46a828076054a5,2026-04-08T14:25:38Z,True,merge,118208,,human
4.7-stable,299f2b0ffb1187606a9c1fc82d8c1b54930b4d3c,2026-04-08T14:25:39Z,True,merge,116805,,human
4.7-stable,d223178c485e957c37bbac9c3e587d68b489c83e,2026-04-08T14:25:41Z,True,merge,116194,,human
4.7-stable,c3afd5b8e1a77fdc4e236c9ab8a95585f26b7e73,2026-04-08T14:25:43Z,True,merge,116238,,human
4.7-stable,a66b9ec3f18715f833165ab5128ba0f9ba6ad752,2026-04-08T14:25:44Z,True,merge,116156,,human
4.7-stable,ed0d6fa48ee0b173980655d550f6008b1cd31f2b,2026-04-08T14:25:45Z,True,merge,118240,,human
4.7-stable,0adfb22e41f9786677af94c5764e5402f8826ed4,2026-04-08T14:25:47Z,True,merge,116480,,human
4.7-stable,9273a6a9a04d12299f05aa34606a1c386a00deda,2026-04-08T14:25:49Z,True,merge,118305,,human
4.7-stable,37da25dcb0d13bdfa17bf58631a08624a787aa0f,2026-04-08T14:45:49Z,False,direct,,,human
4.7-stable,da5d187ae4817cd1b187261e2dd53d0c405c61bb,2026-04-08T14:47:45Z,False,direct,,,human
4.7-stable,3b0e8214404fbb8d547775000f7244283d71ad6b,2026-04-08T15:01:48Z,False,direct,,,unknown
4.7-stable,098b35cca0e1b74dc898d1f9b4037bfa20e22e87,2026-04-08T15:53:05Z,False,direct,,,human
4.7-stable,50f6eff29bee064baf6b9e2d77884a77f1685c13,2026-04-08T17:24:37Z,False,direct,,,human
4.7-stable,7282051271d9198ae05fcefb03f6ad9646fd0730,2026-04-08T17:34:58Z,False,direct,,,human
4.7-stable,63c49cc66841dfd1f9252ceefebb9c7a8f994622,2026-04-08T17:49:18Z,False,direct,,,human
4.7-stable,41d7e616557e1f7286209481897d14edeb8c094f,2026-04-08T17:50:30Z,False,direct,,,human
4.7-stable,1d165e7ea9ceccd074c16af87be606eb1e70d849,2026-04-08T18:04:08Z,False,direct,,,human
4.7-stable,e9a54297237ab617cfe5b823bc0577e330340427,2026-04-08T18:07:30Z,False,direct,,,human
4.7-stable,00a8977e38912a240238bf973b11361f8c6bcbb6,2026-04-08T18:12:40Z,False,direct,,,human
4.7-stable,571573dabba1e496d6f977da3e06f483a2ecc87e,2026-04-08T18:20:05Z,False,direct,,,human
4.7-stable,b83cfb00dc3dbc6f16fed85b87d01349bd5e29f9,2026-04-08T18:45:11Z,False,direct,,,human
4.7-stable,cfded120ae48b799a26ae7ecf2e40de94058f3cd,2026-04-08T19:05:22Z,False,direct,,,human
4.7-stable,78995d3f4a5b0e153aee4e89f4d87dabfc77f80c,2026-04-08T22:00:38Z,True,merge,117687,,human
4.7-stable,e82248483f7359947401014398ca60adafdd6d01,2026-04-08T22:00:39Z,True,merge,116201,,human
4.7-stable,d48f9d3afef748d49ba5a92b4109e52621309f21,2026-04-08T22:00:40Z,True,merge,118312,,human
4.7-stable,7524a1814c3a512c0483585952eb23bd5b9d9f41,2026-04-08T22:00:41Z,True,merge,118311,,human
4.7-stable,967b56efec27129fd31a1446e765d0ca87902036,2026-04-08T22:00:43Z,True,merge,118317,,human
4.7-stable,755fa449c4aa94fdf2c58e2b726fd62efde07e09,2026-04-08T22:00:44Z,True,merge,118318,,human
4.7-stable,6c4aac33bdd36359472e79319e14c4090b4e1faf,2026-04-08T22:44:49Z,False,direct,,,human
4.7-stable,cf8e2be01cef501bca9df92fee87240345de1939,2026-04-09T00:20:24Z,False,direct,,,human
4.7-stable,ee82a8f69dacb237624dd8034fac99bf5e8fe9ec,2026-04-09T06:09:36Z,False,direct,,,human
4.7-stable,13b347b497a115bc50871dcda32245907b4d57c0,2026-04-09T09:19:28Z,False,direct,,,human
4.7-stable,7db019d44d05688f8b7986beeee80207c7a233e4,2026-04-09T10:39:57Z,False,direct,,,human
4.7-stable,3d8ab757d54ca410afaf2494c38206946cd42c2c,2026-04-09T13:57:22Z,False,direct,,,human
4.7-stable,eea9606719c8352c21c1214e89fc994b9159248f,2026-04-09T15:16:16Z,False,direct,,,human
4.7-stable,5c667de60c34985b497cbba8623b1ef274774b31,2026-04-09T16:15:19Z,False,direct,,,human
4.7-stable,86faf9c529e9d6370a901c25dc81416027babc97,2026-04-09T16:56:44Z,False,direct,,,human
4.7-stable,022bbc1042fd323a2f5162dd4b1a24c192f31b1f,2026-04-09T17:33:44Z,False,direct,,,human
4.7-stable,cd5710e41557f275eff4259329462efc2b45eedf,2026-04-09T18:54:29Z,False,direct,,,human
4.7-stable,64f4eb51a9625f7a1fa788a98a3d31398d97977e,2026-04-09T22:41:05Z,True,merge,118204,,human
4.7-stable,c42e294ffa217d30012685b721fa201017b4b3f0,2026-04-09T22:41:06Z,True,merge,64596,,human
4.7-stable,df824815bc3128843ecea1ddd3a5fbf8646fe4b1,2026-04-09T22:41:07Z,True,merge,117498,,human
4.7-stable,27799eb87157cf123f4224b07529637f94e813f5,2026-04-09T22:41:09Z,True,merge,117847,,human
4.7-stable,4bd85ce4b0bec7fb189fd37d4d23ee577e3ed42c,2026-04-09T22:41:10Z,True,merge,110893,,human
4.7-stable,c751ac4cecc0eddf64dbacb9bd2e5f2bd737d008,2026-04-09T22:41:11Z,True,merge,118319,,human
4.7-stable,578e6ff407f2a1619bcbaed19085ca18d9070027,2026-04-09T22:41:12Z,True,merge,118320,,human
4.7-stable,f727813dfd6a677a927fcd2dc82c11ccd1399a91,2026-04-09T22:41:13Z,True,merge,114671,,human
4.7-stable,9cde903388f312e3ef495f8e3352b7b81a6ec967,2026-04-09T22:41:14Z,True,merge,118314,,human
4.7-stable,daa913af6384e3788c75d287a66bc4f346396282,2026-04-09T22:41:16Z,True,merge,117672,,human
4.7-stable,bed5d2774af6ec96d5d86896d66cbd5e592d1c1b,2026-04-09T22:41:18Z,True,merge,118239,,human
4.7-stable,780b49ca3b568e3a44c5b43c9e3e2ef901bf846e,2026-04-09T22:41:19Z,True,merge,118315,,human
4.7-stable,db0cec3448a80907049f9b25d0148bbdcfc6e2fb,2026-04-09T23:59:03Z,False,direct,,,human
4.7-stable,1c00bf7e1eb4c077d048586257e7621c67ec22da,2026-04-10T00:22:35Z,False,direct,,,human
4.7-stable,e9c32ef857b16272302701329db73715298787c8,2026-04-10T00:37:23Z,False,direct,,,human
4.7-stable,7f7677f281fee7b1cb5568ccc95d7cf1e331735b,2026-04-10T02:19:14Z,False,direct,,,human
4.7-stable,34777ad0e42c74ddbbfb319eec670f75e813b667,2026-04-10T05:40:02Z,False,direct,,,human
4.7-stable,23aabbeb8d6986db005c44e94b056dfa6646c0e8,2026-04-10T08:54:44Z,False,direct,,,human
4.7-stable,5c662e7d4745ceab0bbe4b90b1373fe81be9d1b7,2026-04-10T09:47:54Z,False,direct,,,human
4.7-stable,9495deaf7532313ff7154d8a06aa6fc100807532,2026-04-10T10:09:37Z,True,merge,118373,,human
4.7-stable,83d2b84a5107723fa7dcfc27de812f9d34ac979a,2026-04-10T11:21:02Z,False,direct,,,human
4.7-stable,02e812647e446d66ad2335caf364dfdfad7f4378,2026-04-10T13:24:14Z,False,direct,,,human
4.7-stable,46a2cf6d2528663ff09e6f28e6fc1f2b5bf4c341,2026-04-10T15:32:12Z,True,merge,116286,,human
4.7-stable,e8b9abba7cf61fab50de25bf45d3ac65eee4d7cf,2026-04-10T15:32:14Z,True,merge,117160,,human
4.7-stable,a782d0e8cfd7a573daf278008518e3899e4edbcd,2026-04-10T15:32:15Z,True,merge,117726,,human
4.7-stable,c83925eaf0ae587d7d10badc2380e4a190d94f31,2026-04-10T15:32:16Z,True,merge,117399,,human
4.7-stable,98f9c79d4fb3602fcb0ad5ee70369d35760a800b,2026-04-10T15:32:18Z,True,merge,118192,,human
4.7-stable,78a31b2aec2eb33e2763515ce69cf0d4b278ab0e,2026-04-10T15:32:19Z,True,merge,118280,,human
4.7-stable,cba344c16d682ac4830b77ec1ccb6754a9988b03,2026-04-10T15:32:20Z,True,merge,112617,,human
4.7-stable,aa73f2c43fa10f3b122167bf0dcb7f2f75358eff,2026-04-10T15:32:21Z,True,merge,117575,,human
4.7-stable,935df7feec0b9d601ed5b9087f8bb47f614f27be,2026-04-10T15:32:23Z,True,merge,114622,,human
4.7-stable,e2bfe1af8edfeafb6dab8242fb935e0dafd18950,2026-04-10T15:32:24Z,True,merge,118273,,human
4.7-stable,014e3b70ec68244cf95b920ce7c64fe91f822b94,2026-04-10T15:32:25Z,True,merge,118044,,human
4.7-stable,ee441aa00acbebd3fe74dbfd821a282cf836675b,2026-04-10T15:32:27Z,True,merge,117922,,human
4.7-stable,5708ad13a66c07247a906f6611247e172c9597de,2026-04-10T15:32:28Z,True,merge,117923,,human
4.7-stable,7c5ca4442bb370ce87548b2b9c54d3295748fb30,2026-04-10T15:32:29Z,True,merge,118187,,human
4.7-stable,4a9684b0fffe30dd72e6088b8b5e09a5ac46807a,2026-04-10T15:32:31Z,True,merge,117537,,human
4.7-stable,4286c20dac11a658fb162b372445d3a853a04874,2026-04-10T15:32:32Z,True,merge,118323,,human
4.7-stable,2a1ccc077d3574a42aacfeaa10c1598a09497860,2026-04-10T15:32:33Z,True,merge,118186,,human
4.7-stable,9268bc73a060c9615053e6375c7a9d332f73ba91,2026-04-10T15:32:35Z,True,merge,117619,,human
4.7-stable,8462ad479d84628cf32a9b2497ad2f28a3d6e507,2026-04-10T15:32:36Z,True,merge,118301,,human
4.7-stable,85650dea09e4fd76117282c8499c1c7ff0ad642e,2026-04-10T15:32:37Z,True,merge,113129,,human
4.7-stable,825e762c99f3e533741ed65a3629054773d79d0f,2026-04-10T15:32:39Z,True,merge,118363,,human
4.7-stable,57d4250b3ee82af8b2aa521599163b7872a210a5,2026-04-10T15:32:40Z,True,merge,118364,,human
4.7-stable,5a8765b30c5de7694bc5065a3662ffc9167950b5,2026-04-10T15:32:41Z,True,merge,118352,,human
4.7-stable,b5c906478db75c5900bc28af0f17d1ac6636fd29,2026-04-10T15:32:42Z,True,merge,117835,,human
4.7-stable,1aabcb9e9bc7a222a972731523831ec86b77ee20,2026-04-10T15:32:44Z,True,merge,118306,,human
4.7-stable,67e93e735f4194395aec293ddfd8fcd642b922b7,2026-04-10T15:58:50Z,False,direct,,,human
4.7-stable,4975a62a7b28c4414ff2e90eaaef4db38f366e2d,2026-04-10T16:41:57Z,False,direct,,,human
4.7-stable,b6ae515dab1183763a3bf4befd95c1791421c62c,2026-04-10T17:26:20Z,False,direct,,,human
4.7-stable,c375f0b6b33db895efd08d6e7cb5fa8da558c781,2026-04-10T17:33:31Z,False,direct,,,human
4.7-stable,97091c639b33d67e850d85f07eafad0cb1d4e69e,2026-04-10T18:00:34Z,False,direct,,,human
4.7-stable,31b595cd5eef41cd56f5235aabceb760e6084ac3,2026-04-10T19:25:44Z,False,direct,,,human
4.7-stable,ba7f91ccc816fac301524cd1e329f35468c9e88d,2026-04-10T23:00:28Z,False,direct,,,human
4.7-stable,045c16b5961c4b638d311a5677bddba9164b61f4,2026-04-11T06:44:56Z,False,direct,,,human
4.7-stable,d03c9b2f6f7226060851a46fdcefa6ce11431fff,2026-04-11T06:46:52Z,False,direct,,,human
4.7-stable,eb8ec10951bad29979d296c5d7cc208dfaf1fb1b,2026-04-11T09:21:25Z,False,direct,,,human
4.7-stable,0592261cb87de07e46635e390d242e2521aaab00,2026-04-11T14:21:14Z,False,direct,,,human
4.7-stable,ac5977e30b4a0aa617001ff69dfe446422420297,2026-04-11T15:34:15Z,False,direct,,,human
4.7-stable,2b835503cfb415a859a9a72ed49c0e18a91b65a4,2026-04-11T15:56:08Z,False,direct,,,human
4.7-stable,84e28894546e235a15f57277d1a4f149aed13c6c,2026-04-11T17:42:31Z,False,direct,,,human
4.7-stable,fc722636bf2f953c77a030d8d6007ee3f7991c51,2026-04-11T23:23:17Z,False,direct,,,human
4.7-stable,53be22e910d03666429480d6e1d44a12b79086e8,2026-04-12T00:30:11Z,False,direct,,,human
4.7-stable,8694faecd96752bda4a827030ca05e0e6329530d,2026-04-12T01:18:28Z,False,direct,,,human
4.7-stable,6c1306773ceeaa4445d129b98851b2004cb8a89b,2026-04-12T10:13:32Z,False,direct,,,human
4.7-stable,c9279c1e53402c9c1b06059a80d8ab2c872eb327,2026-04-12T10:29:04Z,False,direct,,,human
4.7-stable,b223598200b399ce8ca17e75c068eca5faaf65e5,2026-04-12T10:39:06Z,False,direct,,,human
4.7-stable,1dbd4d5e3e18c3584c070a9eab4dd2b815d71f5c,2026-04-12T13:59:44Z,False,direct,,,human
4.7-stable,c7bbcd14c9a5ca037be0335ac7b3e1fcb6816417,2026-04-12T14:19:03Z,False,direct,,,human
4.7-stable,65ca207d2c2662ec0fbc123f61b95fefef00a0f8,2026-04-12T19:04:56Z,False,direct,,,human
4.7-stable,f06290bbfae8a00c13543e3cfc79819e23c5a195,2026-04-12T19:41:50Z,False,direct,,,human
4.7-stable,ef7d5650fde25ee0a02b660802cb456b5ba3cbba,2026-04-13T08:14:10Z,False,direct,,,human
4.7-stable,52e79da66038f2578cc84d52b136759366fda546,2026-04-13T09:05:19Z,False,direct,,,human
4.7-stable,cdd274199ee231422980df9d58d0bbb265a09176,2026-04-13T09:41:46Z,False,direct,,,human
4.7-stable,5e6c1f24180443bb006bc106c928c7c03e6c500c,2026-04-13T09:42:45Z,False,direct,,,human
4.7-stable,eaa270cc1fbc1252a8e8d62aef9f02291946f6be,2026-04-13T11:09:32Z,False,direct,,,human
4.7-stable,dd5fe138a0d73348173ac6f20716b407db7cf944,2026-04-13T11:57:34Z,False,direct,,,human
4.7-stable,b4e802c79d25d546a93c19a021dce9f47912d54d,2026-04-13T11:57:34Z,False,direct,,,human
4.7-stable,ad3d59b59d0c30e301cc15563eba93c4ffa38b8b,2026-04-13T12:12:41Z,False,direct,,,human
4.7-stable,4d9ca8c4107d5cfb60d63d3750046dc1a8b880d5,2026-04-13T12:43:56Z,False,direct,,,human
4.7-stable,6b1ddf3c626b39c09fcfa4839288766b9bbda67c,2026-04-13T14:38:42Z,False,direct,,,human
4.7-stable,25b04932c99bb12992fd2f406952f89667fe784e,2026-04-13T15:43:02Z,False,direct,,,human
4.7-stable,14568256a395c699df393818cafecff1945d164c,2026-04-13T16:43:58Z,False,direct,,,human
4.7-stable,2268647efebaecb36488c0a7ee5537ef96ef2422,2026-04-13T16:45:38Z,True,merge,118102,,human
4.7-stable,f02cb5fcc1ded38d3fa0a8debd9b2fbc7cda5bce,2026-04-13T16:45:44Z,True,merge,113060,,human
4.7-stable,eac17ddc5582d24392f5bcd511495731fac4b6fd,2026-04-13T16:45:45Z,True,merge,117275,,human
4.7-stable,13db19e3a7a5a5ba558226c2722e26a032aa83ec,2026-04-13T16:45:46Z,True,merge,118079,,human
4.7-stable,514d76aa3f90b992f53ed2f76867e59341781628,2026-04-13T16:45:47Z,True,merge,118217,,human
4.7-stable,631c290f0e6b77fac109dc5754ad06b9e6c49503,2026-04-13T16:45:48Z,True,merge,118377,,human
4.7-stable,6b92cae1a90329161ace21083050e9e63493bb2a,2026-04-13T16:45:49Z,True,merge,115808,,human
4.7-stable,317a491b35a28bf948c1c2b0aa86713c0f1d260e,2026-04-13T16:45:50Z,True,merge,118401,,human
4.7-stable,b62ccc3a724edacd3d76bb0e971821c96512bfbb,2026-04-13T16:45:52Z,True,merge,115609,,human
4.7-stable,0f02fb598f5fc98d0b57e30195d4daeb89e71905,2026-04-13T16:45:53Z,True,merge,115274,,human
4.7-stable,8a91ee8fcb4dc9b010c3c5a278578b43161d4d8a,2026-04-13T16:45:54Z,True,merge,117939,,human
4.7-stable,471371dbccab969d1424b141983d2e64ed478d4e,2026-04-13T16:45:56Z,True,merge,116641,,human
4.7-stable,5adbdac72bd45baaaf05e655fc6a0ac54ecc128c,2026-04-13T16:45:57Z,True,merge,117025,,human
4.7-stable,b5feab25cbd0d37b9d01d47e0dbe4cb99ec5d6be,2026-04-13T16:45:58Z,True,merge,118446,,human
4.7-stable,935e7bc10e34a619135aca5bf60ceca41a1a0f89,2026-04-13T16:45:59Z,True,merge,118421,,human
4.7-stable,53156fc13550ae3fef0ebb940254009f6e809456,2026-04-13T16:46:00Z,True,merge,118266,,human
4.7-stable,2788762844e30d2422c6456055572ec3d089b237,2026-04-13T16:46:01Z,True,merge,118494,,human
4.7-stable,8d80b74623f59b4b1a5794581df3cb51f6f3e455,2026-04-13T16:46:02Z,True,merge,118514,,human
4.7-stable,ee00d63bb2ac271c51d781985be780add6e3e2f8,2026-04-13T16:46:03Z,True,merge,113905,,human
4.7-stable,2ee7ef719657f640f706dbfde0953c66f5ca1730,2026-04-13T16:46:05Z,True,merge,118385,,human
4.7-stable,e7eb8127509e41d0d8a318e05ca311742280e9e1,2026-04-13T16:46:06Z,True,merge,118483,,human
4.7-stable,c36827986d91b151b6b835b2129eb3acca3f37e4,2026-04-13T16:46:07Z,True,merge,118487,,human
4.7-stable,a4982318a4ace4f8a3aa03837efd122012a50067,2026-04-13T16:46:08Z,True,merge,118333,,human
4.7-stable,6e6d480fd383f8a5eb7c946e6b2d4517ae73e4f4,2026-04-13T16:46:09Z,True,merge,118396,,human
4.7-stable,50cc2823d51540661bc3d3a0e4d5a83a99450d68,2026-04-13T16:46:10Z,True,merge,118404,,human
4.7-stable,a4dfadd269739f30ff7087e7cf3946f812198ee4,2026-04-13T16:46:11Z,True,merge,113247,,human
4.7-stable,87898da27f58a359f3f68135b3cd600baa67ff8f,2026-04-13T16:46:12Z,True,merge,96748,,human
4.7-stable,d1f2007d495426d140c4cecea3cf406b50c1679d,2026-04-13T16:46:13Z,True,merge,118512,,human
4.7-stable,bdc76e0f59eaa8fdfaa895e93d1abafddb603ca1,2026-04-13T19:02:44Z,False,direct,,,human
4.7-stable,ed9efe828730969094d5d700d88f26d464babefd,2026-04-13T19:26:15Z,False,direct,,,human
4.7-stable,6f84aae84f43a252887dc28bc1b85348207e6efb,2026-04-13T20:08:08Z,False,direct,,,human
4.7-stable,e598f3abb930b8b520fd404c4719b39c921817ad,2026-04-13T20:27:21Z,False,direct,,,human
4.7-stable,6cdadfc0612ba0405ea08a0fdd9ee3e58b767c9d,2026-04-13T20:52:07Z,True,merge,106347,,human
4.7-stable,35e62dad5ca24d4534560fc00fc1aa33ea2e677b,2026-04-13T20:52:08Z,True,merge,118393,,human
4.7-stable,bafe8862868a120eda3623fe7a472429113d31d7,2026-04-13T20:52:10Z,True,merge,115788,,human
4.7-stable,29d756e073938168051ab0effa6cdeeb2243b459,2026-04-13T20:52:11Z,True,merge,107856,,human
4.7-stable,4a54b894619a49bfb6b8d43d2d3d4746fac84cf3,2026-04-13T20:52:12Z,True,merge,118533,,human
4.7-stable,c481829ef4b4177e109aef7d94f3c58f60fa8f97,2026-04-13T20:52:14Z,True,merge,118420,,human
4.7-stable,cee489f46eb3e2bb36daf65179b38773ed8bf0c4,2026-04-13T20:52:15Z,True,merge,118242,,human
4.7-stable,b042e9688e3aef6c4ff2647f18e965611c61c0bb,2026-04-13T20:52:16Z,True,merge,118519,,human
4.7-stable,e15961f6810e3776ea06a4f67c78179ebb0984b3,2026-04-13T20:52:17Z,True,merge,118516,,human
4.7-stable,8fd7cdac7e71bbad58d6647103201a933f486c7f,2026-04-13T20:52:18Z,True,merge,115151,,human
4.7-stable,0b3dc97fba7d82d4401bf1a452d27e35a28a4f18,2026-04-13T20:52:19Z,True,merge,118365,,human
4.7-stable,3b75aa08fcecb86de2e6f71c3ca383a179e74dc1,2026-04-13T21:09:53Z,False,direct,,,human
4.7-stable,24f9ac81bab799683eb7e1af48a619c4d5688cbc,2026-04-13T21:24:17Z,False,direct,,,human
4.7-stable,fb5724341b65eabc52e4ccd52773c21a780bb9fe,2026-04-13T21:55:49Z,False,direct,,,human
4.7-stable,4e79ddb81ca400c5f2827450b6c45ecb9c5d81bf,2026-04-13T22:13:26Z,False,direct,,,human
4.7-stable,3883ba2a34f03eef28f4c290520da7eb8acaf45d,2026-04-13T23:18:55Z,False,direct,,,human
4.7-stable,2432c6bf5fff63c5ef30f2a02d0b569619b72021,2026-04-14T05:01:50Z,False,direct,,,human
4.7-stable,1dae15757edcffdeda62c3719c21a5d6457da80b,2026-04-14T05:20:41Z,False,direct,,,human
4.7-stable,7050e62fc89eb464726c15d576e9d1f9b5061cd0,2026-04-14T08:33:13Z,False,direct,,,human
4.7-stable,6c82d74a285fcca528e9d5e98676ea38bb082a23,2026-04-14T09:50:52Z,False,direct,,,human
4.7-stable,8fe002819e4b528a91e2322ac783dd8a7f660b07,2026-04-14T10:51:58Z,False,direct,,,human
4.7-stable,7ce1853014faeab5357146ccb1f6d16260698fc6,2026-04-14T12:10:56Z,True,merge,108219,,human
4.7-stable,8e303ff6d930f8e82feb209e54606620d031cf4b,2026-04-14T12:10:58Z,True,merge,118535,,human
4.7-stable,31aaec1f2bf5cfa87542c2aa1b61ea47c202d96d,2026-04-14T12:10:59Z,True,merge,118546,,human
4.7-stable,5651d1c40750eff03e12f609098c335eefdaef81,2026-04-14T12:11:00Z,True,merge,118548,,human
4.7-stable,57af0d2cf2f4a748633723430a1d29118a0269e2,2026-04-14T12:11:01Z,True,merge,118351,,human
4.7-stable,0880a908d7ad1de26325d4f45b08b31f2461fcf7,2026-04-14T12:11:02Z,True,merge,118536,,human
4.7-stable,8e0030b4ee3b4612e6c5e30ea331a6ff8d2228a2,2026-04-14T12:11:03Z,True,merge,118554,,human
4.7-stable,d3bbd95ccf6331313e8126bb979cca9219279a2f,2026-04-14T12:11:04Z,True,merge,118559,,human
4.7-stable,86075f7af1c6ce978c4561c3ef63d6990ddaa8ad,2026-04-14T12:11:05Z,True,merge,118561,,human
4.7-stable,15438d2d64c0d3b99fb8a3d38c66cfd6b7f2edbd,2026-04-14T12:11:06Z,True,merge,117828,,human
4.7-stable,473b449df766e9ab40f1bad37864960fd25459b5,2026-04-14T12:11:07Z,True,merge,118405,,human
4.7-stable,f94bbfc07c8ee6f61165848b7abf45a148d51747,2026-04-14T12:11:08Z,True,merge,118353,,human
4.7-stable,f241e80105631a2fb191d05b471f87e3ba1f120f,2026-04-14T12:33:56Z,False,direct,,,human
4.7-stable,e31383fba44fc5e9dc464ac068d9b333de3f4e5c,2026-04-14T13:41:21Z,False,direct,,,human
4.7-stable,f8cd68f283641b1790d7c69b595b05ba01f7dd8e,2026-04-14T14:24:49Z,False,direct,,,human
4.7-stable,8cd87c2c16a849ebbc7f2a8b2128b522d28670d7,2026-04-14T14:53:30Z,False,direct,,,human
4.7-stable,fe928d9aec4a08468c0b9a8f2911d9d063ad4e92,2026-04-14T17:55:26Z,False,direct,,,human
4.7-stable,3aa4ebc418869fcd5cb6d767ad935bc168a4e067,2026-04-14T20:44:25Z,True,merge,118415,,human
4.7-stable,a33f4855f8c418ece4631dc2ac4977b25e1ad75f,2026-04-14T20:44:27Z,True,merge,118564,,human
4.7-stable,734d7ec33339a9880d4045bdb035794457259571,2026-04-14T20:44:28Z,True,merge,118570,,human
4.7-stable,8f7bdc1722740286b3f01cda25523cd0961d6f69,2026-04-14T20:44:29Z,True,merge,118214,,human
4.7-stable,90113707f2fd8386533134531e954baf4049e0fa,2026-04-14T20:44:30Z,True,merge,117887,,human
4.7-stable,773ee962edb2bb7313323891676ff100c5734293,2026-04-14T22:53:13Z,False,direct,,,human
4.7-stable,5ac1faf06727447c0c84711bf2585bf0c016f553,2026-04-14T23:22:37Z,False,direct,,,human
4.7-stable,71d44651c44244d3682a85ee2c3a53418f81e3e0,2026-04-14T23:23:48Z,False,direct,,,human
4.7-stable,6784e1e9fa1340d9040909f3d775d24d2bfc214d,2026-04-14T23:37:42Z,False,direct,,,human
4.7-stable,8e55f6ea3bd801acbcad78d9a84e8b65412be7d7,2026-04-14T23:54:32Z,False,direct,,,human
4.7-stable,ee520f53066597f153bb6158c080800f7d9b3c7c,2026-04-15T02:42:22Z,False,direct,,,human
4.7-stable,a82b69a5549b1ac37aaf7b68c4539a335d764036,2026-04-15T02:47:49Z,False,direct,,,human
4.7-stable,c5991e33e7d5264490aa5dca85ca03b067741894,2026-04-15T05:08:12Z,False,direct,,,human
4.7-stable,778e0a7879e51b1fba0c0fdab43a90dc78cce61b,2026-04-15T06:02:33Z,False,direct,,,human
4.7-stable,f313fa9a063ad32d6b5299eedb9808e8ba4cd7ff,2026-04-15T08:30:23Z,False,direct,,,human
4.7-stable,a2f42c440052268e941e347b7b103cff63724ed8,2026-04-15T08:34:49Z,False,direct,,,human
4.7-stable,82f2fa1180e216320d7dbb9c3133bb4e26324c7e,2026-04-15T08:47:15Z,False,direct,,,human
4.7-stable,08e3358cdb4abb45cd6de4f24b77ca2a1b31d601,2026-04-15T10:14:59Z,False,direct,,,human
4.7-stable,b7ab3a6da0914abc50af799e0cf4b663155494fd,2026-04-15T10:40:15Z,True,merge,107052,,human
4.7-stable,03cef2a0ca553ea9fac0a1fd83153fe8f32195f8,2026-04-15T10:40:21Z,True,merge,111011,,human
4.7-stable,637e23472bf6e16f86b8f0e58723975412afb83b,2026-04-15T10:40:26Z,True,merge,112992,,human
4.7-stable,0fd8c2cf2f7174086e92fd2187b13736e395a7a7,2026-04-15T10:40:31Z,True,merge,116308,,human
4.7-stable,96c2ddf39a864290c07398993eaee85b973b0f66,2026-04-15T10:40:35Z,True,merge,117060,,human
4.7-stable,316bdc1d1a10fed63991f39d517ab011d2f26ad0,2026-04-15T10:40:39Z,True,merge,117432,,human
4.7-stable,37b6d4d8be51aa6480150deda075adef6d68d02f,2026-04-15T10:40:44Z,True,merge,117776,,human
4.7-stable,cc212fb90a98825795d98c9bd844448ed25795a6,2026-04-15T10:40:50Z,True,merge,117788,,human
4.7-stable,4de52251de7a40fda3111565ff7373cb71e52e4e,2026-04-15T10:40:54Z,True,merge,118060,,human
4.7-stable,972d21ebf443ce4d4b771117182c5a55752f7d09,2026-04-15T10:40:59Z,True,merge,118283,,human
4.7-stable,c1c88f88c1055046c44e518dd42e3c5ebaaa6a39,2026-04-15T10:41:03Z,True,merge,118372,,human
4.7-stable,9fc8f0e0cffd8e27f25ead4a483ee2aa7e70ac6a,2026-04-15T10:41:07Z,True,merge,118510,,human
4.7-stable,60c2e1e59d17ffeb71bebee7ff0ab1d767ac1232,2026-04-15T10:41:11Z,True,merge,118542,,human
4.7-stable,705c96e3c871b9311a86a9b747d5cf19decd041f,2026-04-15T10:41:15Z,True,merge,118567,,human
4.7-stable,2bd673bc30e1594be70c282eb35c96941d99cca0,2026-04-15T10:41:19Z,True,merge,118591,,human
4.7-stable,4fe68a9ed4a27047e8b5eab15765430c9cef4610,2026-04-15T10:41:22Z,True,merge,118597,,human
4.7-stable,299b0f69f93e6733930bfed89f4bd17e9c1a7b43,2026-04-15T11:08:43Z,False,direct,,,human
4.7-stable,9f4c35ab4d7fccea27625b021df02700cbca8b2a,2026-04-15T11:40:45Z,False,direct,,,human
4.7-stable,d8c3bc0e65238c510d5b142fd828cae7c32c82ec,2026-04-15T11:53:36Z,False,direct,,,human
4.7-stable,8e30e2ee899d68b38c1f7f54e02d13487852e479,2026-04-15T12:45:35Z,False,direct,,,human
4.7-stable,2be6fea3b02dc0b17c683ea5a26afecd3f2e3649,2026-04-15T13:26:26Z,False,direct,,,human
4.7-stable,d72e8691f2ca9327276fb6dd35fe98663dd7d850,2026-04-15T13:43:34Z,False,direct,,,unknown
4.7-stable,5cb7a9133d66455ff09593fad2ac049a60b7be3f,2026-04-15T15:55:46Z,False,direct,,,human
4.7-stable,eb3d2940e35ccd81de60369c237ef6fbceeaa5d6,2026-04-15T16:48:12Z,False,direct,,,human
4.7-stable,03c034f1d8b1ef5596239deebd8738dd168286b6,2026-04-15T17:36:49Z,False,direct,,,human
4.7-stable,f0b1b61a949dfa2124335b8dfb3dcc8a49891c74,2026-04-15T18:07:11Z,False,direct,,,human
4.7-stable,eb6e4eb2347d702f467279c3748ff1ed29250c8d,2026-04-15T18:20:33Z,False,direct,,,human
4.7-stable,de3337977ae3b2a7a95828efc6d9f73598790beb,2026-04-15T18:51:29Z,False,direct,,,human
4.7-stable,66dd6fe737dd6b1b275ea4d23869aa16a379e500,2026-04-15T19:02:32Z,True,merge,118582,,human
4.7-stable,37e53d7a54912cdb429110bbfdd5702576367e61,2026-04-15T19:02:34Z,True,merge,118609,,human
4.7-stable,21dbe711c5f6c4e56d5917b42ac6f159eb93c559,2026-04-15T19:02:35Z,True,merge,113886,,human
4.7-stable,4836ba26f078bca741b2659dcfddfa88af14e1d1,2026-04-15T19:02:36Z,True,merge,115340,,human
4.7-stable,3f63a400fa8f454b09f12201152025c1805b3df5,2026-04-15T19:02:37Z,True,merge,118503,,human
4.7-stable,f973e3e34662077caae60e9fbc9a79594ace75a7,2026-04-15T20:47:15Z,False,direct,,,human
4.7-stable,3729bc8940a3e97024f7909d588886e3ec54c81b,2026-04-15T22:02:05Z,False,direct,,,human
4.7-stable,08cb31b4d169a6ba85c0acf1de4431d3c3aa0d9d,2026-04-15T22:33:26Z,False,direct,,,human
4.7-stable,333fda8fd094a5ffd233ffd6029ee2941f0cf2fc,2026-04-16T05:03:42Z,False,direct,,,human
4.7-stable,64c89529752bb4756d7e7273f52a4bd72c87602e,2026-04-16T10:31:58Z,False,direct,,,human
4.7-stable,2f079a1360ca4fb73d7e66cd87a24f48a555f3b0,2026-04-16T11:17:59Z,False,direct,,,human
4.7-stable,c09ded0f239b05925fa78bea500f1cc38087c89e,2026-04-16T14:30:32Z,False,direct,,,human
4.7-stable,2c61f26274b9e3dfb0d63c683c61a9857198fdb4,2026-04-16T14:41:07Z,True,merge,115938,,human
4.7-stable,e5d0a8d814d6f5e3ab66fcb0c918617886e5f88b,2026-04-16T14:41:08Z,True,merge,117072,,human
4.7-stable,2dc3039d5615e2f58675e906daa090ca4d5c4a60,2026-04-16T14:41:09Z,True,merge,118128,,human
4.7-stable,f4c839f7b32e8da5b06d364993bfc7e6fd43dfd8,2026-04-16T14:41:10Z,True,merge,118417,,human
4.7-stable,343655bfa312c6c14c29908c9debc3d872d805d2,2026-04-16T14:41:11Z,True,merge,117532,,human
4.7-stable,790c68368f509f79179b2cf20001520cb438384c,2026-04-16T14:41:12Z,True,merge,118590,,human
4.7-stable,c8c9a07a62a9d1701ee92d7b76e2a4651a9bd93e,2026-04-16T14:41:13Z,True,merge,118604,,human
4.7-stable,9b4b3831d2d37dfa5f7a6ceffbf4e2e7430d6610,2026-04-16T14:41:13Z,True,merge,118588,,human
4.7-stable,070d9a408be452beeb3644a323dda58bd172871e,2026-04-16T14:41:14Z,True,merge,118608,,human
4.7-stable,771325eb5925b328938ebf5b0f84b741f652cef6,2026-04-16T14:41:15Z,True,merge,118620,,human
4.7-stable,59c7d31bdac4b9b8a2f91d74e3548f6966b1fe91,2026-04-16T14:41:16Z,True,merge,118617,,human
4.7-stable,12a980d13d0af70fcf5c10257d606b2cd6dab5a4,2026-04-16T14:41:17Z,True,merge,118614,,human
4.7-stable,e0815c0bc9d77f4a99e9f03acbddc429ef0cbbe1,2026-04-16T14:41:18Z,True,merge,118633,,human
4.7-stable,a6dccbf731f62c09c59dfbcc495befaecf1fb105,2026-04-16T14:41:19Z,True,merge,118339,,human
4.7-stable,a6ed51df17a2afce9459cf9f46ded0baac79b9cb,2026-04-16T14:41:20Z,True,merge,118623,,human
4.7-stable,251af31089845b1e4da6201abb0880cbf7da10f1,2026-04-16T14:56:54Z,False,direct,,,human
4.7-stable,a76a7d83b44954dc2eacd9c99ea7393072e9051f,2026-04-16T15:51:06Z,False,direct,,,human
4.7-stable,e14c80ad07a537ebf99f6d3fcfa69901ab72bade,2026-04-16T17:06:19Z,False,direct,,,human
4.7-stable,e1f14821e492d787e7ab64502f5bbc2da54ca729,2026-04-16T20:17:31Z,False,direct,,,human
4.7-stable,1255bdf434d330f0d755b5c4e74543f0b7e8545a,2026-04-16T23:48:58Z,False,direct,,,human
4.7-stable,2b9d21aa3565777065cf35699f88cab154d1d359,2026-04-16T23:55:29Z,False,direct,,,human
4.7-stable,77caa1c178aa115e148b736189dfdbff863c752c,2026-04-17T02:46:49Z,True,merge,117891,,human
4.7-stable,f47b9bd6e91e21bc32c4674697a34f16590e56d2,2026-04-17T02:46:55Z,True,merge,117933,,human
4.7-stable,2dd28a53b0c974c22c4903e067d40e8a300f6f7a,2026-04-17T02:46:56Z,True,merge,116227,,human
4.7-stable,e2355e8e0b77d73cf0a2a9d23e457301f2c22e4d,2026-04-17T02:46:56Z,True,merge,118648,,human
4.7-stable,a8643700ce8affae9fed0d2688b9f7867f5b7d4e,2026-04-17T02:46:57Z,True,merge,118661,,human
4.7-stable,9396df43b5e566f13912c4325f4f0b69d31ef748,2026-04-17T06:07:34Z,False,direct,,,human
4.7-stable,bdc2651ea6ce99970f87fcc8beb2b4cfde41e948,2026-04-17T08:35:26Z,False,direct,,,human
4.7-stable,6409ce6bb646e2c73362771b5e5e172de42a5a59,2026-04-17T10:24:56Z,False,direct,,,human
4.7-stable,2a46557eebeebfa2b3ca750367946f9403b9d0a1,2026-04-17T10:48:20Z,False,direct,,,human
4.7-stable,dfe2abbf26dced09def65aec86a0ff5e43f52a1b,2026-04-17T12:52:00Z,False,direct,,,human
4.7-stable,958510c3e9379c9375f164c2aa71931bdc5052d5,2026-04-17T12:53:13Z,False,direct,,,human
4.7-stable,8613982028225bc8b1525e73aae9ba1d49792b41,2026-04-17T15:53:20Z,False,direct,,,human
4.7-stable,eec5730b320efdd6e3d328df10364434d2b60f2c,2026-04-17T16:34:51Z,False,direct,,,human
4.7-stable,4fe2e80cf77a5a82ed0f3811e24dfe9740966db6,2026-04-17T17:40:21Z,False,direct,,,human
4.7-stable,d6b52c5eada73e8e257f2f059507ea92288e4e71,2026-04-17T18:04:17Z,False,direct,,,human
4.7-stable,462d6334bfd6c35244264eae74fd3a8b8ac04352,2026-04-17T20:26:08Z,False,direct,,,human
4.7-stable,0271dfd7b6c676b34c96ebb640d1122af2e4db36,2026-04-18T00:29:32Z,False,direct,,,human
4.7-stable,0fc0dd133b7394bd8e49fd17a91b543935832d27,2026-04-18T01:54:58Z,False,direct,,,human
4.7-stable,0521f53b6e4f27e16b32317a2c5612ad1a838331,2026-04-18T12:03:28Z,False,direct,,,human
4.7-stable,825a2ad011a2cbc3dec396fa2318e3b3d3191376,2026-04-18T12:10:01Z,False,direct,,,human
4.7-stable,a5b181f58cb74223de2957d76b23b6e519edcf56,2026-04-18T12:28:27Z,True,merge,118665,,human
4.7-stable,29cec720e4c5732b21a77e65fb9338ba20818bed,2026-04-18T12:28:29Z,True,merge,115797,,human
4.7-stable,b97089bf6aab858e4d5b7d37f9ae9d6e0cdf12b6,2026-04-18T12:28:30Z,True,merge,118658,,human
4.7-stable,7244af0beb205d300ac546170a8ea71ae85b271f,2026-04-18T12:28:31Z,True,merge,118675,,human
4.7-stable,6f2f6824b784a9df829985e393932803e10b5713,2026-04-18T12:28:32Z,True,merge,118679,,human
4.7-stable,1b74131694e0cd245dee7173e122420610a50b77,2026-04-18T12:28:33Z,True,merge,117434,,human
4.7-stable,1d218e652e5a3a9fd9620590d9866d4cef2be492,2026-04-18T12:28:34Z,True,merge,118680,,human
4.7-stable,f1edeb4acc4ca7aae658c78357841820fa460620,2026-04-18T12:28:36Z,True,merge,118527,,human
4.7-stable,c065d8a44121a95560b04e53d38bf563f661a27c,2026-04-18T12:28:37Z,True,merge,118687,,human
4.7-stable,caf16709af9f08bb430ddb8cffc10cbf66c62437,2026-04-18T12:28:38Z,True,merge,118695,,human
4.7-stable,0bca265a8118eca70639e5d107f9e8ded2c20751,2026-04-18T19:08:11Z,False,direct,,,human
4.7-stable,83ffa17f99ec9e43bef713dbc86537205824cb69,2026-04-18T20:54:07Z,False,direct,,,human
4.7-stable,720157366f9061b49dd89cc3a90f7403aa69f120,2026-04-19T06:41:46Z,False,direct,,,human
4.7-stable,8299b03c1a83092d9896ff4946f2c7943f744201,2026-04-19T09:11:58Z,False,direct,,,human
4.7-stable,7ce7859125c2894817a3f1a5b953c45f515724dd,2026-04-19T10:41:26Z,False,direct,,,human
4.7-stable,6dd8dac6bb91a6b6422eb12dd53a2c00dfc47009,2026-04-19T11:25:30Z,False,direct,,,human
4.7-stable,419db23c85e4391697fe85afc79407638dae081e,2026-04-19T12:26:22Z,False,direct,,,human
4.7-stable,7375ee77362bb49051e7ee2517f2a15c76c99144,2026-04-19T13:19:14Z,False,direct,,,human
4.7-stable,0c00e99d3920b7972dabaa62b29b1fefdcd7b506,2026-04-19T13:45:54Z,False,direct,,,human
4.7-stable,6fbd5f431802cf52073673180283bec6f12397da,2026-04-19T14:58:29Z,False,direct,,,human
4.7-stable,92ecfbae8348992680d60a627219bdb0d3fd35f7,2026-04-19T15:28:11Z,False,direct,,,human
4.7-stable,327302fce5f82e9f719b68a0fa06af308f508f90,2026-04-19T16:06:00Z,False,direct,,,human
4.7-stable,470408515e969b9a877fbe57161de7411ca540b2,2026-04-19T17:25:51Z,False,direct,,,human
4.7-stable,f5957cae4afedf3a2d25bc83acaed916f5fa875a,2026-04-19T17:58:49Z,False,direct,,,human
4.7-stable,925fbbc5c4cb34ca4377b3231b2dc1b8d3a7d187,2026-04-19T19:11:51Z,False,direct,,,human
4.7-stable,a1d0c3229d4fb77bac802606279900af6e5a3815,2026-04-19T19:22:17Z,False,direct,,,human
4.7-stable,c351893419c5ce85adac6b4fdba7974486b9d3ac,2026-04-20T03:48:11Z,False,direct,,,human
4.7-stable,55df36126f0122790f960d84a14d4b1f4334d1a4,2026-04-20T10:00:14Z,False,direct,,,human
4.7-stable,8a893af832deefd3c3246c8ff3132179eff869e7,2026-04-20T10:36:00Z,False,direct,,,human
4.7-stable,d4091df7ac5df6940a20bdfde64b3f5d1ab4a5ee,2026-04-20T11:39:50Z,False,direct,,,human
4.7-stable,10685b471e89e5829f11d8bba31b84ea2a6288d7,2026-04-20T11:41:44Z,False,direct,,,human
4.7-stable,45eecbf13348c741870a32fa625ce868ef4bfc47,2026-04-20T12:16:22Z,False,direct,,,human
4.7-stable,419db238a52a63f4fbf3490e77ecb5f926b336d8,2026-04-20T12:23:53Z,False,direct,,,human
4.7-stable,b82e67e4a5f627f0f2c47f95bfdbde1a79704f57,2026-04-20T12:38:14Z,False,direct,,,human
4.7-stable,adab80fb07c4f8f411a904aa662681c6e7ec5f1e,2026-04-20T13:06:27Z,False,direct,,,human
4.7-stable,5c7bdbe4917573e09405cced1398bb1949bcbf27,2026-04-20T13:39:02Z,False,direct,,,human
4.7-stable,9e43daa74d8b74fd8e7cb49b6d6b552fee0e7cfd,2026-04-20T13:46:34Z,False,direct,,,human
4.7-stable,a64fdd98c96a932b633d56cab88b5beca40954a0,2026-04-20T14:15:26Z,True,merge,116052,,human
4.7-stable,5cb4bee8ff98ac0a19852103773ddf57f8f5acb3,2026-04-20T14:15:27Z,True,merge,118770,,human
4.7-stable,f6a80478ac1329a5be0a227fcd1a0d568b47f196,2026-04-20T14:15:28Z,True,merge,118656,,human
4.7-stable,19981327d1f56a74772401ac0361743a5634e986,2026-04-20T14:15:29Z,True,merge,118522,,human
4.7-stable,450fb9b8e3e9b500f425fc4e3ca686e5aa4db7ac,2026-04-20T14:15:30Z,True,merge,118710,,human
4.7-stable,54f1178d3c8fbbaaf5e50a5caa32124430808b84,2026-04-20T14:15:31Z,True,merge,118676,,human
4.7-stable,f8ee5eca47fd6f2377245f62a6fe0d25d9eb25d7,2026-04-20T14:15:32Z,True,merge,118722,,human
4.7-stable,2a8b3d6618b1ca3ff74fd5fbb19f6b086d729980,2026-04-20T14:15:33Z,True,merge,118742,,human
4.7-stable,1b4944974989cf5dbad36987db18e5b77c28140f,2026-04-20T14:15:34Z,True,merge,118259,,human
4.7-stable,f6b442f7a877d8f9d79108cb539afaddea52f845,2026-04-20T14:15:35Z,True,merge,118749,,human
4.7-stable,f83a2e37426ee6741413e2002948623bc001b54b,2026-04-20T14:15:36Z,True,merge,118757,,human
4.7-stable,22969efdbe6e4be62fae916ce4b8a118e4d5245b,2026-04-20T14:15:37Z,True,merge,118760,,human
4.7-stable,e91640c755044a4c6bd4ff6605b4db02d61095d3,2026-04-20T14:15:38Z,True,merge,118773,,human
4.7-stable,dd6a398e9052c7a470fcbcaf89d01374b2bb4848,2026-04-20T14:15:39Z,True,merge,118355,,human
4.7-stable,2863a2a205b6381d35d2cfb82d6d0d1b387060cf,2026-04-20T14:15:40Z,True,merge,118712,,human
4.7-stable,50b17444047a86d9fda708627db5050354244838,2026-04-20T14:15:40Z,True,merge,118711,,human
4.7-stable,cd752cf79319150f8d2fbf5692b9b8f6b571a745,2026-04-20T14:15:41Z,True,merge,118774,,human
4.7-stable,f40e79536a14178cf93835c0041ac6dcc3b112cf,2026-04-20T14:15:42Z,True,merge,118776,,human
4.7-stable,5e9ac69702347b28f509b3d122a190b10cb03c35,2026-04-20T14:15:44Z,True,merge,117281,,human
4.7-stable,a5fa0c920a6bb1107d2095eb823906b91604d337,2026-04-20T14:15:45Z,True,merge,118725,,human
4.7-stable,3bf2d1e3d5f5eab338c3fabd77e51b52eb37ab45,2026-04-20T14:15:46Z,True,merge,118246,,human
4.7-stable,92846d7c3e245c38cf3786ee8cee41df2a7db01d,2026-04-20T14:15:47Z,True,merge,112035,,human
4.7-stable,4309120a4a2030183122fd4f8dbb7eddc2bd31fa,2026-04-20T15:11:01Z,False,direct,,,human
4.7-stable,d549fed7dc56e40cc92128f07f38a7b9f580a9f4,2026-04-20T17:05:47Z,False,direct,,,human
4.7-stable,71f6fe2a830b6e5792f5e9e4f6732e93cdd5d643,2026-04-20T17:34:18Z,False,direct,,,human
4.7-stable,754039e8770c6794c06046db45a1652b443b4ede,2026-04-20T18:23:36Z,False,direct,,,human
4.7-stable,f9d5c544c8137c1e59f6835d32951dcef67d7fde,2026-04-20T18:25:32Z,False,direct,,,human
4.7-stable,b2b661d3bcff045e95d25005e96473b77b23a9bc,2026-04-20T19:31:56Z,True,merge,118750,,human
4.7-stable,abd4a0613e6a83143f8bbd361f09a7f2b1e0c6cc,2026-04-20T19:31:58Z,True,merge,118751,,human
4.7-stable,bee85a1057ec6c1a8a9114ee15f4d0a2ed8634cc,2026-04-20T19:32:00Z,True,merge,118780,,human
4.7-stable,a95a10e55d0b89700b73e3a73599c2eef7349094,2026-04-20T19:32:02Z,True,merge,118756,,human
4.7-stable,b9bc5af3c2da8f8a2a1d1bfa0722c85846ed4840,2026-04-20T19:32:03Z,True,merge,118779,,human
4.7-stable,f03b9c9eb1c4572bc03a6fa3ff91aa7316c6ea06,2026-04-20T19:32:05Z,True,merge,118778,,human
4.7-stable,889c8602fc72f2d9913d01f0363ec83c33765acc,2026-04-20T19:32:06Z,True,merge,118786,,human
4.7-stable,3e4f5480689653e21433c9766e0643bf91c00e46,2026-04-20T19:32:08Z,True,merge,118783,,human
4.7-stable,cd8748873f556f689a534f92cb0aed64fc1701cf,2026-04-20T20:05:02Z,False,direct,,,human
4.7-stable,9eb3a04edfa3a3799d5aa172530085fa014d3780,2026-04-20T21:45:59Z,False,direct,,,human
4.7-stable,f7ee34849910ae737e569ef5e69136573214d085,2026-04-20T22:16:15Z,False,direct,,,human
4.7-stable,74bada25421157d4ff176ed375952a092eb25853,2026-04-21T04:10:04Z,False,direct,,,human
4.7-stable,14f67419a4de0a81a0971ba302ed004ded99b8c0,2026-04-21T04:56:50Z,False,direct,,,human
4.7-stable,68d6b92adf220d2761d18bb58bad54d42b433d18,2026-04-21T06:10:17Z,False,direct,,,human
4.7-stable,9930bd750f992e9e142d8fd398cc20462126d9ae,2026-04-21T09:57:52Z,False,direct,,,human
4.7-stable,82680c25d4c3c50d13d21cddd0ddf3d23e141557,2026-04-21T10:40:31Z,False,direct,,,human
4.7-stable,06e0443059300f67140f9adc61f12176e50d4003,2026-04-21T10:50:20Z,False,direct,,,human
4.7-stable,52e8eb4bbba422444ce72f1e756d44f8c19f8147,2026-04-21T10:58:40Z,False,direct,,,human
4.7-stable,ba3401f81fb90baf69eebf854fe8c74da3fa530d,2026-04-21T12:26:30Z,False,direct,,,human
4.7-stable,f13267b44b69f528fd9359fa1cc597325b8711a5,2026-04-21T12:31:50Z,False,direct,,,human
4.7-stable,9e674ece11a077ff577cca8792f19d3766e78669,2026-04-21T13:18:46Z,False,direct,,,human
4.7-stable,06fc4f81654d46a5fb25c91b27c877597de45ab8,2026-04-21T13:48:00Z,True,merge,113413,,human
4.7-stable,ad40295e5320e8025fd75494ad1182df88cb87bb,2026-04-21T13:48:01Z,True,merge,118174,,human
4.7-stable,eb2bafbc859c5e28e34063b1dbe9dded36c2195c,2026-04-21T13:48:02Z,True,merge,118577,,human
4.7-stable,1df8f1d38685d8122806378dd2657600c2ed6e5b,2026-04-21T13:48:04Z,True,merge,118689,,human
4.7-stable,630a58a12d2cde110c370626c8a461f415273b59,2026-04-21T13:48:05Z,True,merge,117268,,human
4.7-stable,c63e6000b174afc4a42ac489bd9cb677ff291ab6,2026-04-21T13:48:07Z,True,merge,117838,,human
4.7-stable,3a8d1def48b561191e5db642645e346f8c14e41b,2026-04-21T13:48:08Z,True,merge,118705,,human
4.7-stable,7b99b6b975664c0bf73b2f8cb6b4b7eb8c50933f,2026-04-21T13:48:09Z,True,merge,115184,,human
4.7-stable,24e54e743f6dab2ba1bf0fa334436edd3dbe9916,2026-04-21T13:48:10Z,True,merge,118032,,human
4.7-stable,e998e94ff181128d881cf5f502acfcf2d681c729,2026-04-21T13:48:12Z,True,merge,118002,,human
4.7-stable,3bccdd2e4b1e00317b46ed1e4423f709fdb55938,2026-04-21T13:48:13Z,True,merge,118733,,human
4.7-stable,81cecf018b0ab5ce648e9834a76fd88b20de2602,2026-04-21T13:48:14Z,True,merge,118563,,human
4.7-stable,29795e4fad5007f6cadee064d142a9ee3b83c200,2026-04-21T14:52:08Z,False,direct,,,human
4.7-stable,75e747ecb5516d25e95623ebb39a908afe0ec86c,2026-04-21T15:04:30Z,False,direct,,,human
4.7-stable,e4dcf1d852931937107d404b04854419219f398f,2026-04-21T21:18:42Z,False,direct,,,human
4.7-stable,dc12c5f48eda610453642ae6b5201a18c6797337,2026-04-21T21:46:02Z,True,merge,118752,,human
4.7-stable,ba11d2842627fc9771d7c3ed850d9cd4f254449d,2026-04-21T21:46:03Z,True,merge,118055,,human
4.7-stable,63a5e781e590f658a7fea7b388840c1d54ab44a9,2026-04-21T21:46:04Z,True,merge,118269,,human
4.7-stable,2aa39f0d742609b21cff96e5eb07de1f09620b36,2026-04-21T21:46:05Z,True,merge,118413,,human
4.7-stable,acad86698f5beb59bea9025941a9832dcf29ceaa,2026-04-21T21:46:06Z,True,merge,118800,,human
4.7-stable,864f0b12cc72e050b7a6760e9b13da5e1e0180c6,2026-04-21T21:46:07Z,True,merge,118805,,human
4.7-stable,0dc7152366eae85bcb98a73540dfa4acbddb2691,2026-04-21T21:46:08Z,True,merge,118793,,human
4.7-stable,df910723dbee422f12e1115d193b2554dce3981e,2026-04-21T21:46:09Z,True,merge,118797,,human
4.7-stable,17b6a656d4f96efb8debccc797cd3af38a0d067e,2026-04-21T21:46:10Z,True,merge,118688,,human
4.7-stable,5884e31ab7ceee6f3c811f020486b7c363ca2b3c,2026-04-21T21:46:11Z,True,merge,118152,,human
4.7-stable,72853b13eb4a76ec1769b610da084efd3fa0fb5e,2026-04-21T21:46:13Z,True,merge,117018,,human
4.7-stable,835e2dcbba974d72d23e348e1ba48f9231fdcd3c,2026-04-21T21:46:14Z,True,merge,118809,,human
4.7-stable,579b5a92ce349563a2ba318f648ada004389d0fb,2026-04-22T08:41:53Z,False,direct,,,human
4.7-stable,bd6e63482e726e1b0eed1a59b0d8ee7ba923a185,2026-04-22T09:48:26Z,False,direct,,,human
4.7-stable,87c7f6aee8380905fd6ec6f8c98487ded3f20e57,2026-04-22T11:09:23Z,False,direct,,,human
4.7-stable,9599ab55b32c9febcca98413cf5e45febcd6c0d5,2026-04-22T11:36:17Z,False,direct,,,human
4.7-stable,74e0993abf951aec91421bee040b08e6803a87b9,2026-04-22T13:23:51Z,False,direct,,,human
4.7-stable,8c02c9e5e91059b0dbab5686ce508c9a3163c111,2026-04-22T14:15:26Z,False,direct,,,human
4.7-stable,0e2564465542b3201e507f1fda6f749772fcf36b,2026-04-22T14:58:29Z,True,merge,118796,,human
4.7-stable,45aea977dd8ed5c49ef753f64dcbd1b6694c1074,2026-04-22T14:58:31Z,True,merge,118812,,human
4.7-stable,01603e77df711142fe2769ff8ab1d0191c3a49d1,2026-04-22T14:58:32Z,True,merge,118678,,human
4.7-stable,88bce0d480e0825ce58096aea924db7ae02d71cc,2026-04-22T15:49:57Z,False,direct,,,human
4.7-stable,366f3e5dedee361695b67dbfe8ca9fddcf5c4510,2026-04-22T17:00:59Z,False,direct,,,human
4.7-stable,11203a733995c8cb28c07bccece077a7f21ab6e6,2026-04-22T17:54:38Z,True,merge,118649,,human
4.7-stable,783c614766afe5eb07a117dee58624788612ebe6,2026-04-22T17:54:39Z,True,merge,118704,,human
4.7-stable,a4ca6aad9e491b590891203199c4959571b48317,2026-04-22T17:54:40Z,True,merge,118748,,human
4.7-stable,3352f2221b0e5cb70c924bd8acc6a96079d90161,2026-04-22T17:54:41Z,True,merge,118799,,human
4.7-stable,c2ad2d1fb17b6b79252e5e28fce324126faf7ae9,2026-04-22T17:54:42Z,True,merge,118836,,human
4.7-stable,a70600a061738bf4854c890cae8046d1e891eb6e,2026-04-22T17:54:43Z,True,merge,118849,,human
4.7-stable,c3f8f7f04026c5d1603ab8fabf50b0ee700f41eb,2026-04-22T17:54:44Z,True,merge,118850,,human
4.7-stable,dbb2050439a9438a395c05bf11a4fb824b545692,2026-04-22T17:54:45Z,True,merge,118846,,human
4.7-stable,583596cd50bbdd29c5ee033d944410035eeb87fb,2026-04-22T17:54:46Z,True,merge,118842,,human
4.7-stable,5dac818f77e009a99bbb0fdaa848a1057e31384d,2026-04-22T19:07:53Z,False,direct,,,human
4.7-stable,57466fd24726c857e2a7519b4d5ce12e5c75ed42,2026-04-22T20:52:46Z,False,direct,,,human
4.7-stable,d243f7c6d451c4723a8572a2cd365f17e3028323,2026-04-22T22:40:01Z,False,direct,,,human
4.7-stable,b8b55d095b0b7ed20e5b507339db6d006a22d0b0,2026-04-22T22:45:35Z,False,direct,,,human
4.7-stable,a6497608d9dfe78dc8ccda56c7c9d52133bb91a0,2026-04-23T06:48:47Z,False,direct,,,human
4.7-stable,a3499cf72a49ed4af82096d6105ddd06aa471f46,2026-04-23T07:38:31Z,False,direct,,,human
4.7-stable,7e348865d7ab0f6e2ddf811fdc1e037fdda29f74,2026-04-23T07:44:17Z,False,direct,,,human
4.7-stable,79a9ea2a3889e0d6044da946f0540c2e7df65538,2026-04-23T09:03:01Z,False,direct,,,human
4.7-stable,908983880baf80be399fb82e48965c3666c9d410,2026-04-23T13:34:46Z,True,merge,118645,,human
4.7-stable,28200b1bcef26dd54e7e20f568bc7a886864bd09,2026-04-23T13:34:53Z,True,merge,118848,,human
4.7-stable,a712b7acc3e09ec667428f2245081ddb455d94a7,2026-04-23T13:34:53Z,True,merge,116843,,human
4.7-stable,d57f844e7975bee9309c188f462721406bfdcc47,2026-04-23T13:34:54Z,True,merge,118863,,human
4.7-stable,04e3d906f9f9a81f4078ac6bce4e73b9a7470581,2026-04-23T13:34:56Z,True,merge,114957,,human
4.7-stable,7ffe0a57ccb6a33bb4390e97e2c9d75b8ad708eb,2026-04-23T13:34:57Z,True,merge,118777,,human
4.7-stable,e2115157f18477c7ef47fe5c30758db7a2e49b82,2026-04-23T13:34:58Z,True,merge,118785,,human
4.7-stable,a3b1272962af8f45da509221e88d63011857cb4f,2026-04-23T13:34:59Z,True,merge,118867,,human
4.7-stable,1c8cc9e7e2c9a083cf726e74193d3824fb38cda4,2026-04-23T13:35:00Z,True,merge,118815,,human
4.7-stable,b246d4361d2b10277b47b6c1d8f27a3cbed6231c,2026-04-23T15:38:33Z,False,direct,,,human
4.7-stable,b0a0113ac30d5f68e08127ce89e478603756abbd,2026-04-23T16:36:54Z,False,direct,,,human
4.7-stable,8cf3b63ac265842dcc9b36adf445791033160784,2026-04-23T18:26:06Z,False,direct,,,human
4.7-stable,b08d13cc41deb7a53bb6b21596c55eba1fab9db3,2026-04-23T20:15:33Z,False,direct,,,human
4.7-stable,c7bd58d3c9891b7fcdd72ba80f2b16f39391ad0f,2026-04-24T02:10:28Z,False,direct,,,human
4.7-stable,f45497d4bd4866a165da01052483097b9cb91820,2026-04-24T07:07:09Z,False,direct,,,human
4.7-stable,412dad01559eb30927d814d45a31f25cfc48e910,2026-04-24T09:58:33Z,False,direct,,,human
4.7-stable,b1f5c34779f2f9f35d6f2c7b1f847a64a29c4f2b,2026-04-24T12:59:08Z,False,direct,,,human
4.7-stable,d78f6960ccd05183d114838284323782263b3e36,2026-04-24T13:53:31Z,False,direct,,,human
4.7-stable,a3bda42c942fa5f9bbafc2ea5a47364171697494,2026-04-24T15:51:40Z,False,direct,,,human
4.7-stable,dc1a6dc07fbe111e034d89f10841a185e812c583,2026-04-24T18:25:18Z,False,direct,,,human
4.7-stable,8e8f86faa991d99ea19073b3f1ff531efa05dca0,2026-04-24T20:16:01Z,False,direct,,,human
4.7-stable,4d794c4ffbcda9a71738d16d6902f9f8c7efb26b,2026-04-24T20:43:31Z,True,merge,118629,,human
4.7-stable,7a8adcf4d898a21112a9fbe3f5977a6729dfc468,2026-04-24T20:43:32Z,True,merge,117913,,human
4.7-stable,28eecef6f18587bd130e0c40bce52a42d06991ec,2026-04-24T20:43:33Z,True,merge,118906,,human
4.7-stable,8f1d43384ae2fd2d424b80d5e067f119ed982e05,2026-04-24T20:46:00Z,False,direct,,,human
4.7-stable,2619ef3f2cd659c2f3ffb6edafd80c1ae8ffefa7,2026-04-24T21:05:42Z,False,direct,,,human
4.7-stable,6d6e822c689acb54bf86e19cc2bbbe3fa567b123,2026-04-24T21:54:42Z,False,direct,,,human
4.7-stable,4b94f459f43ad5e1cec71a03897768c780c9212b,2026-04-24T22:04:41Z,False,direct,,,human
4.7-stable,5eacca38fe1c2be6263692418d90d88872fea7e6,2026-04-24T23:22:41Z,False,direct,,,human
4.7-stable,b236b0950b866ef2b3aaaca25b3cf0cb84257533,2026-04-25T05:29:35Z,False,direct,,,human
4.7-stable,860b774db0016915cd4cbd4d0e66d747a83423ce,2026-04-25T11:30:12Z,False,direct,,,human
4.7-stable,2f55d31910c0feb406517820b6db0c92167600d2,2026-04-25T12:17:00Z,False,direct,,,human
4.7-stable,232d69e75c1b97d01426c1e8098faf846f1ac986,2026-04-25T15:30:38Z,False,direct,,,human
4.7-stable,bb63952a5f060238c29de4cf90249c8f82a34a8b,2026-04-25T16:54:53Z,False,direct,,,human
4.7-stable,22fad603741fa177e936717dc72b1130e7f666ae,2026-04-26T01:30:31Z,False,direct,,,human
4.7-stable,618e959afcfe1fce0acf1f42799e435d527af2b3,2026-04-26T10:39:00Z,False,direct,,,human
4.7-stable,57ba18e1440c80bd65a6b896907c1cb3b9972f81,2026-04-26T11:46:24Z,False,direct,,,human
4.7-stable,d97199bcbf71bf9151d6296a600f23f9ab3aadf9,2026-04-26T14:52:30Z,False,direct,,,human
4.7-stable,c1f7eda786d04d63d92b2ccc7b482138a08527c6,2026-04-26T15:00:27Z,False,direct,,,human
4.7-stable,0813b357d28e9715dde4c91cc22441eb9822660b,2026-04-26T17:02:11Z,False,direct,,,human
4.7-stable,0c5e59b3f763b8ec6e8b074717d08d52e7c9e1a2,2026-04-26T17:36:48Z,False,direct,,,human
4.7-stable,bb86d90fb5ee5e7effa30ec07ea9c753750e840b,2026-04-26T19:31:39Z,False,direct,,,human
4.7-stable,612475a680178afc6910687c616a054664ccc8f2,2026-04-26T19:32:46Z,False,direct,,,human
4.7-stable,2dc9fdf5d48430f644ae8333dffbd6dcd4883577,2026-04-26T20:46:35Z,False,direct,,,human
4.7-stable,94cd2364ae67bf1a1bd65720e84617e7f1878858,2026-04-27T08:55:21Z,False,direct,,,human
4.7-stable,86601900bd93b85f27e22313345eff2e335c3b76,2026-04-27T17:01:04Z,False,direct,,,human
4.7-stable,714d71f24703c5658835492efdd3103e376e1b73,2026-04-27T17:05:34Z,True,merge,118798,,human
4.7-stable,bc6610d735fe0925676fdae5ae36be17820f0fcb,2026-04-27T17:05:35Z,True,merge,118868,,human
4.7-stable,b233e85c1115c6c7c5a27d6b15624d5fdec9ec95,2026-04-27T17:05:36Z,True,merge,118876,,human
4.7-stable,0e24341c1ad4dfde26ff2770ba0f6023c250a839,2026-04-27T17:05:37Z,True,merge,118887,,human
4.7-stable,ad6ead96a265dd3673e291f4f304ba002a46af72,2026-04-27T17:05:38Z,True,merge,118893,,human
4.7-stable,dfa352d18159f55c52c24b1eabc22e7bb9564cbc,2026-04-27T17:05:39Z,True,merge,118921,,human
4.7-stable,a02cead472438a0178467ebf15815c89856f5214,2026-04-27T17:05:40Z,True,merge,118942,,human
4.7-stable,08f01333d375b86758096f77d97af7c6db8b2285,2026-04-27T17:05:41Z,True,merge,118952,,human
4.7-stable,d8227b7a78a8fda7b81517824f6a50047a93a8f0,2026-04-27T17:05:42Z,True,merge,118860,,human
4.7-stable,6c9c5a383c99f461504064dc0e12b9e1b68ca49a,2026-04-27T17:05:42Z,True,merge,118963,,human
4.7-stable,7de9cdf7dc30b5b9c3f9999d3419f7b8e2b91dd6,2026-04-27T17:05:43Z,True,merge,118993,,human
4.7-stable,8df803f2a216574903843c1f272d4bcdcb150038,2026-04-27T17:05:45Z,True,merge,115282,,human
4.7-stable,e9b93fffaef6ee68257cda4dc43446d244e5750a,2026-04-27T17:05:46Z,True,merge,118928,,human
4.7-stable,75444feae7304924316f09ce5abb48685294d8f2,2026-04-27T17:05:47Z,True,merge,118857,,human
4.7-stable,ba193121fe7196daf87621e39336f59a1c475701,2026-04-27T17:05:48Z,True,merge,118911,,human
4.7-stable,dc7e9407efdeca828b1004f8fb5d5717dd60c578,2026-04-27T17:05:49Z,True,merge,112759,,human
4.7-stable,759b6977697f55188b2417b9ab762c2e79f5dafb,2026-04-27T17:05:50Z,True,merge,116986,,human
4.7-stable,cb84ff2ec7d8d41397afb777ff5761443326e602,2026-04-27T17:09:25Z,False,direct,,,human
4.7-stable,aec922ab29c84d1709056944c1917b5facff0797,2026-04-27T18:15:29Z,False,direct,,,human
4.7-stable,ad5e5244a606a425acd7110e0499a4659417737e,2026-04-27T18:43:17Z,False,direct,,,human
4.7-stable,6e2b9cbab40430051e840b18edf7f03154e52df5,2026-04-27T18:46:11Z,False,direct,,,human
4.7-stable,fd8c4ef3e982b9e6973c858f6c3354abc1331b6a,2026-04-27T18:55:50Z,True,merge,119009,,human
4.7-stable,7c532acc09b4f87985515fdfdde1501d438fc07c,2026-04-27T19:35:46Z,False,direct,,,human
4.7-stable,fd1898bf5d585180d67d9cecadc95109be34e7bd,2026-04-27T22:56:37Z,False,direct,,,human
4.7-stable,a35d5a71f1183f62b0ca4a612b597fde58d46690,2026-04-28T00:07:09Z,False,direct,,,human
4.7-stable,93d1ebda24a9b5b152bc3afb226ac846247668c3,2026-04-28T05:16:06Z,False,direct,,,human
4.7-stable,38fc4ffd476892138786dd3b6e55d4d73f089ee1,2026-04-28T14:02:39Z,True,merge,119019,,human
4.7-stable,e35649944e99e6a9569945ca2775a8f8ff4e4751,2026-04-28T14:02:40Z,True,merge,118888,,human
4.7-stable,e8a58d1343dfee9f5c0ec26c965d582eb92bb504,2026-04-28T14:02:41Z,True,merge,118909,,human
4.7-stable,ff85b793b5b4ef8153a3e758a7bb541c9eb3553a,2026-04-28T14:02:42Z,True,merge,118901,,human
4.7-stable,45e923c45f4d2979c7eee7f13545e3033d05b3dc,2026-04-28T14:02:43Z,True,merge,118917,,human
4.7-stable,651bc9d79c0edb51b6756f50582032caa52f0119,2026-04-28T14:02:44Z,True,merge,118896,,human
4.7-stable,2101e25a1034f153554c4e3d05fc67901e840255,2026-04-28T14:02:45Z,True,merge,117690,,human
4.7-stable,f5560ccbe2a1584f54713caeacc1f7b582a19a70,2026-04-28T14:02:46Z,True,merge,115637,,human
4.7-stable,bbc17e3757c138c2daac9b8c13e1bd65d0d2b762,2026-04-28T14:02:48Z,True,merge,118270,,human
4.7-stable,c784aa082269a15184b425a558465571cd5ccf3e,2026-04-28T14:02:49Z,True,merge,118948,,human
4.7-stable,a7863ab81c607afb2aebf6ca552a258b647fa713,2026-04-28T14:02:50Z,True,merge,96750,,human
4.7-stable,82ab65b02e07aa1befbe599834f43784c2f2bc5e,2026-04-28T14:02:51Z,True,merge,118949,,human
4.7-stable,393d854f7a904286e6749e6e0f837e41b4ebd2cf,2026-04-28T14:02:53Z,True,merge,118962,,human
4.7-stable,38fd04d40690b5a6395a8450fcce6dc85fbe47e9,2026-04-28T14:02:54Z,True,merge,118971,,human
4.7-stable,9eda898eb81064f7f0c4480a25b4f9c93204c612,2026-04-28T14:02:55Z,True,merge,118791,,human
4.7-stable,320e81846979bd716341e0669231954543c4afbd,2026-04-28T14:02:56Z,True,merge,118090,,human
4.7-stable,f3a7c7d8a1cde4f5f4a4ee06ceee2ec791691b73,2026-04-28T14:38:49Z,False,direct,,,human
4.7-stable,1900c5279da572275abe077878938898a67e5ce9,2026-04-28T16:44:04Z,False,direct,,,human
4.7-stable,936d67b7c7573044061c493a72ea956c0d6e33e3,2026-04-28T16:54:57Z,False,direct,,,human
4.7-stable,49b2043debc358214385db922a5918e1b4d5d30d,2026-04-28T18:21:41Z,False,direct,,,human
4.7-stable,96eaa49fbbf967613ceca0315288aa5979548573,2026-04-28T20:14:35Z,False,direct,,,human
4.7-stable,2e31ab918ca0f3528a771e21b8c289f65c6a217c,2026-04-28T20:20:55Z,False,direct,,,human
4.7-stable,fdc441f0c2debfa67209488bbebe1b01502274f2,2026-04-28T20:22:08Z,False,direct,,,human
4.7-stable,0976e085f518bd1f1cf0b47a0ab84101b7c8c306,2026-04-28T20:27:17Z,False,direct,,,human
4.7-stable,2470710a31e99ba419fd2b54b993785eb5c55a50,2026-04-28T20:38:37Z,False,direct,,,human
4.7-stable,37de63d984230ee212a0dae41f2aa506f3c8152d,2026-04-29T08:15:10Z,False,direct,,,human
4.7-stable,901f8f113ba660f65dfc2f603a43ffe1032f7ec2,2026-04-29T11:00:53Z,False,direct,,,human
4.7-stable,f379b8400484cda50f245ab8fa07816950b96982,2026-04-29T14:31:24Z,False,direct,,,human
4.7-stable,898367810a92c83de509ff50857a06ffe4e2e727,2026-04-29T14:56:25Z,False,direct,,,human
4.7-stable,3ffd58063e7f4b3fe60675695ddbba3b0dbd1216,2026-04-29T15:34:26Z,False,direct,,,human
4.7-stable,50114457c5b4367ca9bd21bdad57495569658b01,2026-04-29T15:36:05Z,False,direct,,,human
4.7-stable,6103c0bc4240f5e63408ec08cbbac076a7627b61,2026-04-29T16:43:04Z,False,direct,,,human
4.7-stable,f6fd6e62559f1e856935442a7749279bc06d096c,2026-04-29T17:28:44Z,True,merge,114129,,human
4.7-stable,08b4d30baceeef355a423de596c1a6b0c78c57c4,2026-04-29T17:28:45Z,True,merge,118975,,human
4.7-stable,dec7cdb31b1358aa2b9c539de7359f87ba9af895,2026-04-29T17:28:47Z,True,merge,118985,,human
4.7-stable,1b2e97619d81ac064fc398559489ee69a761f0e2,2026-04-29T17:28:48Z,True,merge,111051,,human
4.7-stable,dabca93d11e07e22918facf3a98da578af53106c,2026-04-29T17:28:49Z,True,merge,118890,,human
4.7-stable,bafddf210cdce255d2809c9621744f7c31db0b43,2026-04-29T17:28:51Z,True,merge,119002,,human
4.7-stable,7a8ebaed077f1ba473f4bc1c5bfabd03ec994d2d,2026-04-29T17:28:52Z,True,merge,119001,,human
4.7-stable,83e84e81568eaad8062322e8c229ea5a47a52800,2026-04-29T17:28:53Z,True,merge,119008,,human
4.7-stable,01ff9da2377a7e1fd714152d523401c7ea218022,2026-04-29T17:28:54Z,True,merge,118926,,human
4.7-stable,0fa31a0fa9594344a8d5614cbbc1d269bbe7cd8f,2026-04-29T17:28:55Z,True,merge,119040,,human
4.7-stable,9e0e94b944db98f81402e78d645ef9bb1692adb9,2026-04-29T17:28:57Z,True,merge,119007,,human
4.7-stable,4d5f1645599dd5d13d02826ab25146aca367eb53,2026-04-29T17:28:58Z,True,merge,118758,,human
4.7-stable,2375f07fb63bf588bda076f9b7c9279f8aaebd23,2026-04-29T17:28:59Z,True,merge,119053,,human
4.7-stable,e8504f8f307f9548e704290c7be32c50c112d40c,2026-04-29T17:29:00Z,True,merge,119054,,human
4.7-stable,d4a6f1597b2a42c42aab29182b860b229f855e5d,2026-04-29T17:29:00Z,True,merge,116626,,human
4.7-stable,05e93d70c1575df52cbfc5e966a63745315bf227,2026-04-29T17:29:02Z,True,merge,119083,,human
4.7-stable,9120c0c3aeb0d69d5bc5705d2c791c8e89da9718,2026-04-29T17:29:03Z,True,merge,115601,,human
4.7-stable,665d46bdef50bd57a9b51ffe18b90cb06872510d,2026-04-29T17:29:04Z,True,merge,119013,,human
4.7-stable,e06dd8106e4c9113f2a3b20e4ceef16f3e85735e,2026-04-29T17:29:05Z,True,merge,119076,,human
4.7-stable,cc8d4bb823f2c5ec86e446f0d860e8ae4df18cb4,2026-04-29T18:49:02Z,False,direct,,,human
4.7-stable,c0b7be8ef543c0a155cfbde860cbe9346105bb96,2026-04-29T20:21:21Z,False,direct,,,human
4.7-stable,b005890f06298982bfbe3a6a5dd8eecaeb427415,2026-04-29T20:40:53Z,False,direct,,,human
4.7-stable,d6275c5efc216887cb583f3e6deb8f1537a5c3ab,2026-04-29T20:49:58Z,False,direct,,,human
4.7-stable,963edacd8eb5c99755fe65bb3284481be58f190d,2026-04-30T08:47:38Z,False,direct,,,human
4.7-stable,3ab73ff246a41925c6ec8f44d7b69376dc0c088b,2026-04-30T13:33:46Z,False,direct,,,human
4.7-stable,1963b2f126a81cd252820f6ce57e6963ecce6933,2026-04-30T15:07:06Z,False,direct,,,human
4.7-stable,98e9e3027ff7e683d97023fdd170eb18110f990e,2026-04-30T15:57:57Z,True,merge,119096,,human
4.7-stable,fe5200b65879dd38d529a785627b25a26b4e0a4a,2026-04-30T15:57:59Z,True,merge,119030,,human
4.7-stable,05f52c245d16556d3f06a72de5ef2e19e550cf75,2026-04-30T15:58:00Z,True,merge,116622,,human
4.7-stable,b4d772626026b7a7289a63903acbd8b604b326ae,2026-04-30T15:58:01Z,True,merge,119089,,human
4.7-stable,903644eebfba1c6ecd1a7e622bb293c519bfd02e,2026-04-30T15:58:02Z,True,merge,119061,,human
4.7-stable,1225aa7d45e95ef0f4d07f9e1206b45c164f3d74,2026-04-30T15:58:03Z,True,merge,117256,,human
4.7-stable,98bfffa66f8ed3a6ef58e550a1667c2e7771a0a0,2026-04-30T15:58:04Z,True,merge,119092,,human
4.7-stable,0b41f26b9b8b3bebce5417c3809d12c78502f05d,2026-04-30T15:58:05Z,True,merge,119090,,human
4.7-stable,179899680b588fcd64c7a8c5dce14ef663c6ff42,2026-04-30T15:58:06Z,True,merge,118198,,human
4.7-stable,086b82c9312d4df523d1101a535d003602eb9d53,2026-04-30T15:58:07Z,True,merge,119099,,human
4.7-stable,f059d64e3d0388583e877d3e13c8cd25bd884421,2026-04-30T15:58:09Z,True,merge,118968,,human
4.7-stable,f1ea87c4bd4879d70e06af7d22e717983801920b,2026-04-30T15:58:10Z,True,merge,89325,,human
4.7-stable,a0375dde960ee9dba46d461e0145123609691950,2026-04-30T15:58:12Z,True,merge,119063,,human
4.7-stable,86eb2766deda2ba811d6e30d46bbcbd1ea5892a2,2026-04-30T16:05:58Z,False,direct,,,human
4.7-stable,2e88d139b5ab5c080dfd08e34d5eac2a8b09c083,2026-04-30T23:52:15Z,False,direct,,,human
4.7-stable,1e26d5ef7ba85a731081cee63bdf4dd3980c0b9c,2026-05-01T08:29:55Z,False,direct,,,human
4.7-stable,d8fd6d21e8bb85d80f9bb69d31ac0e7df873ed06,2026-05-01T09:42:36Z,False,direct,,,human
4.7-stable,79f450faaaf876983039f931f2a15a7552aa9687,2026-05-01T10:04:12Z,False,direct,,,human
4.7-stable,5d961d10ec02ca3d930cea22ceb81a00228d5b5c,2026-05-01T11:11:09Z,False,direct,,,human
4.7-stable,edf4fb97c706b3678eff2163cf4092ea1c7f095a,2026-05-01T17:30:35Z,True,merge,118954,,human
4.7-stable,60ead927f5aab3d6515f95836137a3be3f6d54cb,2026-05-01T17:30:37Z,True,merge,119088,,human
4.7-stable,d96ba6edbe4bf0378d6b5399c2fb545eeec79a09,2026-05-01T17:30:39Z,True,merge,119112,,human
4.7-stable,972244b4431ff5152cda9791f245fc31cd670948,2026-05-01T17:30:40Z,True,merge,118814,,human
4.7-stable,c5a8169e0bb59afebe95ec06babcdacbd3a846e6,2026-05-01T17:30:42Z,True,merge,119108,,human
4.7-stable,d18a244cb3d3908f7b08d005440cf404d2641b5a,2026-05-01T17:30:43Z,True,merge,119133,,human
4.7-stable,16bb065ac31b79c0ed24b3b944d3b5275123e854,2026-05-01T17:30:44Z,True,merge,118916,,human
4.7-stable,a969d1bf5a1659c528906379fa6fd534e1eb5995,2026-05-01T17:42:57Z,False,direct,,,human
4.7-stable,9c81dfa8645585dda473689d56673dfb1cd45bf9,2026-05-01T18:43:49Z,False,direct,,,human
4.7-stable,68283fbbc780dd12bb49d8a0316c875f8e632f2f,2026-05-01T21:27:52Z,False,direct,,,human
4.7-stable,4948633a79cf91d2088764911ce939e5b293ce46,2026-05-02T11:09:29Z,False,direct,,,human
4.7-stable,a7156f48e778bc7aac1a7ba241361932c742ae48,2026-05-02T13:30:34Z,False,direct,,,human
4.7-stable,46f8adc0f47f7c4691bddea76875e2574fa1b85b,2026-05-02T14:18:49Z,False,direct,,,human
4.7-stable,301deec8b26fc98d3ff9328b4e28f7de1bcf6622,2026-05-02T15:46:57Z,False,direct,,,human
4.7-stable,7b82c0fe01b13d2ea2212cb54242b7fd80bc8bc9,2026-05-02T17:08:34Z,False,direct,,,human
4.7-stable,1b98247ef882ce60485c19054e0adfcb5cc4ceb6,2026-05-02T18:02:01Z,False,direct,,,human
4.7-stable,e86de1802ba0b4e5b602aad8b748781b25a648c5,2026-05-03T01:39:36Z,False,direct,,,human
4.7-stable,8e7e0d6410c8457198c583b11326ed559f7fdd5c,2026-05-03T17:09:12Z,False,direct,,,human
4.7-stable,169c9b075b6c9a2855c9f354a6ffecb8908f71ec,2026-05-03T17:45:01Z,False,direct,,,human
4.7-stable,0043c950f6fff743a712cea9842c53d18533405a,2026-05-03T20:50:46Z,False,direct,,,human
4.7-stable,5aecc0da58f300bdac6cc235ba925c7642bf4f26,2026-05-04T12:29:59Z,False,direct,,,human
4.7-stable,340ceca2a223abd5ad2e92780fb553e17f337386,2026-05-04T13:16:03Z,False,direct,,,human
4.7-stable,d3b8f041834a096a4e5a974323ab62ea6dfe914c,2026-05-04T14:43:26Z,False,direct,,,human
4.7-stable,a7de4f7ca026e5183edfb016d3f2a08970bc6084,2026-05-04T15:26:50Z,False,direct,,,human
4.7-stable,3c915d8d4f2b7e1aed41116316bd679a758453f3,2026-05-04T15:48:58Z,False,direct,,,human
4.7-stable,5624b7498be21667cb674b732dc58105d80b2cb2,2026-05-04T17:06:01Z,False,direct,,,human
4.7-stable,376bea65e08fac63d9decce41f2ec25d541cab4e,2026-05-04T17:30:14Z,False,direct,,,human
4.7-stable,f4d14dd54fdea175619e5dfe5d1599fc7aa3ecd3,2026-05-04T17:40:34Z,True,merge,119150,,human
4.7-stable,691840003930724e56098d237975f856b87b8ca9,2026-05-04T17:40:34Z,True,merge,119158,,human
4.7-stable,9e9e81e8465bfcdd775648f6e252c5be4d4607e3,2026-05-04T17:40:36Z,True,merge,119124,,human
4.7-stable,771d727bea90b69f075d36c0ee966fadd67c0d7c,2026-05-04T17:40:36Z,True,merge,119132,,human
4.7-stable,a5741fcd0a7862330491bc2b4d878559826ce7a8,2026-05-04T17:40:37Z,True,merge,118692,,human
4.7-stable,65f8546689afcdd304c244dc7778ce9c762c4b62,2026-05-04T17:40:38Z,True,merge,118891,,human
4.7-stable,976ab7fa5c4839aaf91016cff51993408fc3c8f8,2026-05-04T17:40:39Z,True,merge,114568,,human
4.7-stable,176b7951777555cedb6677cea9ca64c3913e9fff,2026-05-04T17:40:40Z,True,merge,119174,,human
4.7-stable,f1e8491c16f5f65fc86d092dc8ed72f64faced8f,2026-05-04T17:40:41Z,True,merge,118979,,human
4.7-stable,0183f295f99892d3fd4c19f1ccfc392bb0096c98,2026-05-04T17:40:41Z,True,merge,119204,,human
4.7-stable,c3284cd6968d44730272495219bf822c1645387b,2026-05-04T17:40:42Z,True,merge,119185,,human
4.7-stable,e07737e0ba91f7346428492af4633cb36d5b0072,2026-05-04T18:01:06Z,False,direct,,,human
4.7-stable,ae8544adcb6ba1683df61ed037c12af17d68a0df,2026-05-04T18:52:24Z,False,direct,,,human
4.7-stable,0b561521fe720386b070e0f042b43dbe52fb081a,2026-05-04T20:41:06Z,False,direct,,,human
4.7-stable,2d511cac0185af777368520015b88b623b933d77,2026-05-04T20:45:09Z,False,direct,,,human
4.7-stable,415a52c831d7469150f919910baf0b0b257d562c,2026-05-04T22:34:09Z,False,direct,,,human
4.7-stable,e36a8e266a241e0723b4e16f5b5c2173e0a0d64c,2026-05-04T23:47:42Z,False,direct,,,human
4.7-stable,10ac7baae28f29a31ea8d450838f09586c9f3c7a,2026-05-05T00:40:21Z,False,direct,,,human
4.7-stable,30f2a30f9bb539eb3631fec8559e61a362774f6e,2026-05-05T07:47:07Z,False,direct,,,human
4.7-stable,ef5a2569e75d21f59610b69f2f1d6a394ebe8759,2026-05-05T10:49:26Z,False,direct,,,human
4.7-stable,bcf4593bb8ce3a04a29ac5ddbe94b62994b5e572,2026-05-05T11:07:25Z,False,direct,,,human
4.7-stable,f63ab5fbd91cd0fb9a154ae8c2e51f9276a891a2,2026-05-05T13:11:05Z,False,direct,,,human
4.7-stable,d8cfa71eafd8f77dd9a298c46fc3c2d6de62daa7,2026-05-05T14:47:57Z,False,direct,,,human
4.7-stable,7338c3475b42892a7dafa7aad593078a31fffa93,2026-05-05T14:47:57Z,False,direct,,,human
4.7-stable,4a5321b5a7bb0ed6829dd65e1c2a4e6e9de6afc4,2026-05-05T15:30:01Z,True,merge,119168,,human
4.7-stable,d5d3a200dfb15c123ed69b80154116585b3d5beb,2026-05-05T15:30:02Z,True,merge,119130,,human
4.7-stable,9d2246cb11638addebad893b1cd330d09901d6af,2026-05-05T15:30:02Z,True,merge,119212,,human
4.7-stable,3646d973220d44485f90e6727e5bd5d953323816,2026-05-05T15:30:03Z,True,merge,119233,,human
4.7-stable,9345fd7ab26a7610aade2a1acf55210312ac7f06,2026-05-05T15:30:03Z,True,merge,119239,,human
4.7-stable,d39dc7eb085c4bb14dc9de68318bf19a0bc90263,2026-05-05T15:30:04Z,True,merge,118879,,human
4.7-stable,9f30b78b98727487c1fabf3895da099fa5218d02,2026-05-05T15:30:05Z,True,merge,119222,,human
4.7-stable,83e42d041da03c3532d4f99ea6b58b5e29cedd02,2026-05-05T15:30:05Z,True,merge,119126,,human
4.7-stable,04811607011a897bf0a50d616d307573b8baa7e0,2026-05-05T15:30:06Z,True,merge,118878,,human
4.7-stable,1f012286cf9321b2209259539d1e638dac4eed73,2026-05-05T15:30:07Z,True,merge,119154,,human
4.7-stable,425724aa863c394372d83a4578d32bddb91c6017,2026-05-05T16:06:25Z,False,direct,,,human
4.7-stable,ff64ee4f6071c62d11e41a102e7cd23c987cb23d,2026-05-05T17:45:06Z,False,direct,,,human
4.7-stable,0df87711d262d46edf1ceef1c100f2718fac2959,2026-05-05T18:13:15Z,False,direct,,,human
4.7-stable,7c8df516ba8ac4411a119c0c30b2618caff3b29b,2026-05-05T19:44:22Z,False,direct,,,human
4.7-stable,86e1ce7bf7f890ccfe41ffdb43a5216e4933a408,2026-05-05T21:40:02Z,False,direct,,,human
4.7-stable,f2fc4473f0053cc69dca4754e0f5cca0335f1ccc,2026-05-05T21:47:26Z,False,direct,,,human
4.7-stable,95811f628664a9d67f609b8493f0ed9b72e7be2b,2026-05-05T22:19:24Z,False,direct,,,human
4.7-stable,995d280a1e305758252caffe32b00aefb03399a6,2026-05-05T23:42:31Z,False,direct,,,human
4.7-stable,51876c561cfa97f5b12b9e5869ad9b7d39786f56,2026-05-06T00:54:17Z,False,direct,,,human
4.7-stable,ed2a094bda6ee653081ec3dd4fd02d2b6029710b,2026-05-06T05:07:08Z,False,direct,,,human
4.7-stable,0d09a095156c4f90d58f3db7209690d53dcaf9a3,2026-05-06T06:39:02Z,False,direct,,,human
4.7-stable,873131973a084987144cd5f6bdfb52a95b43dbf0,2026-05-06T07:23:18Z,False,direct,,,human
4.7-stable,9ecaf9307fdc1affd7ab5a8bc55fb6b1fd822ef9,2026-05-06T11:53:31Z,False,direct,,,human
4.7-stable,6e9d66d923a6186d46fa78e549adf79ddf35d5de,2026-05-06T12:01:34Z,False,direct,,,human
4.7-stable,a99bf0622c4c69a2270944853142bef8b965906f,2026-05-06T15:53:32Z,True,merge,119106,,human
4.7-stable,303364492042fbd7a3562ff8f4ddbad85c168bfd,2026-05-06T15:53:32Z,True,merge,119254,,human
4.7-stable,28bbccc483b4b5e3174f3c7f05bcfe8c0dcf8f5e,2026-05-06T15:53:33Z,True,merge,119258,,human
4.7-stable,efd747838522dec7b7a6f9c113b625053e2a977c,2026-05-06T15:53:33Z,True,merge,119259,,human
4.7-stable,aaa63588f6c0bd58ae958003c109b45d6451da10,2026-05-06T15:53:34Z,True,merge,119274,,human
4.7-stable,d8d45b8efa9a1ed3b5a01bb430ae755986dc28dc,2026-05-06T15:53:34Z,True,merge,119265,,human
4.7-stable,952d4860b261d15b3c8036ad4f47f6b851c3e822,2026-05-06T15:53:35Z,True,merge,119278,,human
4.7-stable,cb490e6e232adfb00a103f6c7e3a89d6105826b2,2026-05-06T15:53:35Z,True,merge,119172,,human
4.7-stable,0067214c1eae1af4e40147148bf5ab7c04a036bc,2026-05-06T15:53:35Z,True,merge,119226,,human
4.7-stable,d0d34287f83f14086e818d3197f87b288673be91,2026-05-06T15:53:36Z,True,merge,119251,,human
4.7-stable,ee959388f90beaac7098056fa9109244bc6e9fa1,2026-05-06T15:53:36Z,True,merge,119244,,human
4.7-stable,f8b84e09624a912b2fbeac7aa686d7e966ccce4a,2026-05-06T15:53:37Z,True,merge,119273,,human
4.7-stable,314bbd21a9364ffc0efd3ec942bb17cb30e7f204,2026-05-06T15:53:37Z,True,merge,119237,,human
4.7-stable,5e2a368f205d451e61a0fc5013924a87c9098c50,2026-05-06T16:17:12Z,False,direct,,,human
4.7-stable,95a03a8b3037ba658cbc8959204a1da94cdafcbd,2026-05-06T17:13:39Z,False,direct,,,human
4.7-stable,a96279db3ef418026a172d851b7d98930bbbb4c2,2026-05-06T17:23:14Z,False,direct,,,human
4.7-stable,7768e8ca069aac4f84890ea761963a8e36bdc947,2026-05-06T17:43:38Z,False,direct,,,human
4.7-stable,3f29efc8a2063e694f3c9ac02cf14bf617da5029,2026-05-06T18:51:54Z,False,direct,,,human
4.7-stable,2a4457ac7d6bfb0c4e92e42dc77374bca3fa3434,2026-05-06T19:39:14Z,False,direct,,,human
4.7-stable,fddd45ea1c1f7c45d0ae8150e009828f98ed5d68,2026-05-06T19:56:27Z,True,merge,119091,,human
4.7-stable,b6a10ee02b86a2748e675a13e92115a204a508c1,2026-05-06T19:56:28Z,True,merge,119200,,human
4.7-stable,bd4003e581c47eaad4eb9b3db011469c516baa15,2026-05-06T19:56:29Z,True,merge,119173,,human
4.7-stable,a9de7afd056d49aebdf090fe5afbde8c85753d18,2026-05-06T19:56:30Z,True,merge,119218,,human
4.7-stable,8699d855f71848794f99be3e63e4a37178640095,2026-05-06T19:56:30Z,True,merge,117846,,human
4.7-stable,05168e359c06ba83e631bad82d0941cc72fd6155,2026-05-06T19:56:31Z,True,merge,119231,,human
4.7-stable,bc3bc82706583225b5af576c83541ed97063dab1,2026-05-06T19:56:31Z,True,merge,119210,,human
4.7-stable,b786c890b6956013a0e47a877a7bda0ae62a713e,2026-05-06T19:56:32Z,True,merge,119252,,human
4.7-stable,599f2bd5b92aeb58edbb5c85e0470163d7e1ba95,2026-05-06T19:56:33Z,True,merge,118824,,human
4.7-stable,11edbdfb983c9d4a0b84d89f2f30ed852152decb,2026-05-06T19:56:33Z,True,merge,107679,,human
4.7-stable,864bad270557b3413d6e1f6d7a4cb5b08992b915,2026-05-06T19:56:34Z,True,merge,119264,,human
4.7-stable,b22e24eaef2fe3596ceb88c60c087300de1cc6e2,2026-05-06T19:56:34Z,True,merge,119291,,human
4.7-stable,2ac8d197b71978ca808834ff7ed49f6171190cac,2026-05-06T19:56:35Z,True,merge,117436,,human
4.7-stable,bc192293b13a8891cb8739a36d8c0736a5c4c4b8,2026-05-06T19:56:36Z,True,merge,119295,,human
4.7-stable,70b9574785702febbd3f5f6f7ab8fc27fc2fcf35,2026-05-06T20:09:14Z,False,direct,,,human
4.7-stable,ca46bafc51919a2ea5c41b1d474e658a1d01d8ce,2026-05-06T20:11:35Z,False,direct,,,human
4.7-stable,3ffec30d510dd7fe46683b776565f279f0c88bff,2026-05-07T05:55:31Z,False,direct,,,human
4.7-stable,7ffda5c701d8838ad85659b7ed3c9d7c28def62f,2026-05-07T07:14:50Z,False,direct,,,human
4.7-stable,64a1a66a14ec28bde17c70e005764ae484761a68,2026-05-07T09:06:42Z,False,direct,,,human
4.7-stable,33628f79ff2f8cb18c59b5b88a8a3d230cfce9d8,2026-05-07T13:12:17Z,False,direct,,,human
4.7-stable,f2e409944781828dc7c98824692f0c38ae964323,2026-05-07T14:40:19Z,False,direct,,,human
4.7-stable,58494711264c8ea5cbb02489f7fd398b668b9a28,2026-05-07T15:36:29Z,False,direct,,,human
4.7-stable,9c36ef4749e15de293da4cb8e9bb6127321486d2,2026-05-07T16:13:25Z,True,merge,116905,,human
4.7-stable,ea8f8ec983436cf62e595fe35e80a9478c1237aa,2026-05-07T16:13:26Z,True,merge,118659,,human
4.7-stable,441b63a91d509a14db0abeda6707a002130e50b0,2026-05-07T16:13:28Z,True,merge,116691,,human
4.7-stable,f46fad29743491272ef8c35b1b78b30a4faa0765,2026-05-07T16:13:28Z,True,merge,119261,,human
4.7-stable,38aef34e1ae50cb53c6a887b84ea1e88882de7de,2026-05-07T16:13:29Z,True,merge,118642,,human
4.7-stable,b72112f05b9076c3b447bd106f9ed0bb6541ad4f,2026-05-07T16:13:30Z,True,merge,119285,,human
4.7-stable,ee4e7e51bc121ff85e95ac5681200bb9b8b92c01,2026-05-07T16:13:31Z,True,merge,119303,,human
4.7-stable,d51d1ec68204bfa91b0fd5499bf5eb7d79c88256,2026-05-07T16:13:31Z,True,merge,119289,,human
4.7-stable,05737cd4498ca2fc69e3f5d54c9eb600948ea77f,2026-05-07T17:01:02Z,False,direct,,,human
4.7-stable,27b3ee0755b100e62e53feac18eb1970522db159,2026-05-07T18:02:23Z,False,direct,,,human
4.7-stable,08df0c78a78a8f9cde0c3488e32ac19315ae7908,2026-05-07T21:22:25Z,True,merge,119117,,human
4.7-stable,42e4ec1c3874ee43e28c7b1cab46078da5083519,2026-05-07T21:22:27Z,True,merge,118651,,human
4.7-stable,96c9b3e8aaa228217265f4566795a0457b832215,2026-05-07T21:22:27Z,True,merge,119304,,human
4.7-stable,ce26629ff51b8f5d259103ed8a5dba3734d06282,2026-05-07T21:22:28Z,True,merge,119230,,human
4.7-stable,aaaf76403e88a3316073f8506672d7e88f167df8,2026-05-07T21:22:28Z,True,merge,119223,,human
4.7-stable,800223a04314319cbf569f359c5131d2595f0e29,2026-05-08T07:41:20Z,False,direct,,,human
4.7-stable,4857bbf25ceaf19837350002f143e92ee911feca,2026-05-08T12:24:12Z,False,direct,,,human
4.7-stable,f8b0055ca4efe5477a46f86e04869e392f4b252e,2026-05-08T13:53:12Z,False,direct,,,human
4.7-stable,0bba587614af81cb9d6d8c675c82d5a49950c0a9,2026-05-08T14:10:58Z,False,direct,,,human
4.7-stable,c22117dacd6d9e96d0d0619739ef62078e2caed4,2026-05-08T14:28:22Z,False,direct,,,human
4.7-stable,b372dc64a03049af0cf771600cc34676822093d7,2026-05-08T14:45:28Z,False,direct,,,human
4.7-stable,7852cb78876b92f4a3de3d12bd8ad67b1a001709,2026-05-08T21:47:35Z,False,direct,,,human
4.7-stable,29dbe024c9c8baf596302eb7102e93ec4ae08ad7,2026-05-08T21:58:46Z,False,direct,,,human
4.7-stable,4540e1d179907ee61854b8cbc1703248984cde5b,2026-05-09T01:43:21Z,False,direct,,,human
4.7-stable,c92b8248309f9596cd0187f4478bff6f74dad6c7,2026-05-09T16:21:07Z,False,direct,,,human
4.7-stable,a15ec35bb7bc9485a82b64f02d21407873a3a2f8,2026-05-10T04:12:18Z,False,direct,,,human
4.7-stable,55e5102651eb992f5c6a1c095b0ecaeca8c3c4d8,2026-05-10T09:52:12Z,False,direct,,,human
4.7-stable,40cd60e0aaed02ca2ad4d7b5beecc970ae6899ce,2026-05-10T18:01:24Z,False,direct,,,human
4.7-stable,09c2419d2d3fb2bc9c516c4cd81d4a4f9e5f197e,2026-05-10T20:56:54Z,False,direct,,,human
4.7-stable,9caa8180e9330bd3b815ed86997630aeb814e122,2026-05-11T02:38:21Z,False,direct,,,human
4.7-stable,9482ef1fe33d15597417a5cd45d44773c55204d9,2026-05-11T05:04:32Z,False,direct,,,human
4.7-stable,4ac0ac7d895653103ed0eadf76c9d64a5c2c8f36,2026-05-11T06:31:31Z,False,direct,,,human
4.7-stable,82ffafa3993be0dd8dd0e5f5efdc7e1adeca78e6,2026-05-11T08:57:18Z,False,direct,,,human
4.7-stable,fffd9e7ae9a51bc0e417a37afff4ae4061358dbc,2026-05-11T09:02:44Z,False,direct,,,human
4.7-stable,61c16d62c61a036db417b3f00b5e1664a7376657,2026-05-11T12:33:48Z,False,direct,,,human
4.7-stable,165b1d4173da7d89cd3f4f736d648609193253d0,2026-05-11T14:50:05Z,False,direct,,,human
4.7-stable,6fb72eddc9aef0a227f2d3e6e511813f8e2de387,2026-05-11T15:17:29Z,False,direct,,,human
4.7-stable,8c8aa3eaf020ea1f1d27d902c8b89058bb8a6a05,2026-05-11T15:59:39Z,True,merge,118855,,human
4.7-stable,d3eef6c7222cce24b881cafea017e330a1e1d935,2026-05-11T15:59:45Z,True,merge,119316,,human
4.7-stable,bdaedccc17f4344d2d05518f25dfde0599227931,2026-05-11T15:59:46Z,True,merge,119182,,human
4.7-stable,654e5f55fde49f767511cc304cd740ada0758c31,2026-05-11T15:59:46Z,True,merge,119309,,human
4.7-stable,8d3d0ea6caa6306f4df59025b1021c02a4b1396f,2026-05-11T15:59:47Z,True,merge,119340,,human
4.7-stable,872f2f073c2b9b357ae16510f7e41f14122f49ee,2026-05-11T15:59:47Z,True,merge,119337,,human
4.7-stable,a2ac1b2af1a6cd611c1c5a7e88b7106dbc204505,2026-05-11T15:59:48Z,True,merge,119351,,human
4.7-stable,aec3c3cb19d61a001efb7a25c34462ed2700088e,2026-05-11T15:59:48Z,True,merge,119352,,human
4.7-stable,0985e32fb5ac29c73f6dc121feea6c7fc2c438a7,2026-05-11T15:59:49Z,True,merge,95949,,human
4.7-stable,2a03590eaf57b7af7fcf614b35e664c522a9675b,2026-05-11T15:59:49Z,True,merge,119385,,human
4.7-stable,7c0f2ef2a3bc2e5293c176be8bfc00a6c516a556,2026-05-11T15:59:50Z,True,merge,119403,,human
4.7-stable,afdab2d6b36c3b410ac8d82b5435a0f588c6f80b,2026-05-11T15:59:50Z,True,merge,119394,,human
4.7-stable,b2c99dab4753d4b56032070ffc7b97f9c1bf0caf,2026-05-11T15:59:51Z,True,merge,119314,,human
4.7-stable,1c517ea6de113a264421f0d32686ff3a820e9e01,2026-05-11T15:59:51Z,True,merge,119175,,human
4.7-stable,ae7f6dbfba23b79e3b284d3ce0e7d0691cb35c70,2026-05-11T15:59:52Z,True,merge,119349,,human
4.7-stable,7775792057009cb27068f1a3252902fb9c991836,2026-05-11T15:59:52Z,True,merge,119199,,human
4.7-stable,97ffd11526df937c756610a0c10c9c3a82d16ee0,2026-05-11T18:06:02Z,False,direct,,,human
4.7-stable,7545b7e1283b69a5261eaacbcc1fb70ab5c9bf09,2026-05-11T18:26:10Z,False,direct,,,human
4.7-stable,70dcb2aa848a30853fd8cccd98eb51bca7fd9095,2026-05-11T22:11:31Z,True,merge,118155,,human
4.7-stable,cc8edf78ad3f089c18244d5107364910964fb227,2026-05-11T22:11:32Z,True,merge,119338,,human
4.7-stable,a2c17bd7128446b85d0a7b0e60376818b7c9d5ea,2026-05-11T22:11:34Z,True,merge,115013,,human
4.7-stable,54360ea67bd6c790982301d4da6e04c85843a288,2026-05-11T22:11:35Z,True,merge,119412,,human
4.7-stable,ea1fb9095e9692a8ffc32465ef53d45043044c56,2026-05-11T22:11:36Z,True,merge,118541,,human
4.7-stable,96dedf508df75ee41eeb06785a840abbcc0d84aa,2026-05-11T22:36:45Z,False,direct,,,human
4.7-stable,2280d1ed5f3cc97fab90d5ea3eb96dd005b99ae6,2026-05-12T13:57:07Z,False,direct,,,human
4.7-stable,3821a9767a49965efa67bc34b57088184d3f0778,2026-05-12T14:50:50Z,False,direct,,,unknown
4.7-stable,b92b5ddc22dcf8850e3cf1b3eaf61f8ac4038e83,2026-05-12T17:08:48Z,False,direct,,,human
4.7-stable,07ced0474a98dfe8d7745e86cab5f9e346bd42b1,2026-05-12T17:25:40Z,True,merge,119362,,human
4.7-stable,96ef330f3bfd7c80c89f9dc6c70d1374168193a2,2026-05-12T17:25:41Z,True,merge,117626,,human
4.7-stable,d3a741d3f7fcd95919361f3067e953c14922f339,2026-05-12T17:25:42Z,True,merge,119070,,human
4.7-stable,2828be93cf81e565d45911f4b338c0d5d1dea14c,2026-05-12T17:25:43Z,True,merge,119069,,human
4.7-stable,9dc22aa76cb8c4b0352722bb2d2d26ac6fbda314,2026-05-12T17:25:44Z,True,merge,119310,,human
4.7-stable,fe34aa9aed8ce2c7eb747622245a9f9ab33cda75,2026-05-12T17:25:45Z,True,merge,118853,,human
4.7-stable,af75f8173858833afdbcb2f988872d4985531dd1,2026-05-12T17:25:45Z,True,merge,118000,,human
4.7-stable,93528c1ad7de9db593fe6c2167a7ab32c5a3459c,2026-05-12T17:25:46Z,True,merge,119411,,human
4.7-stable,482c1b1373839064688acdee5e0b1778ca848c1d,2026-05-12T17:25:46Z,True,merge,119419,,human
4.7-stable,eb7cfe13625ce49d57834b3fbbc96df8f0cbf447,2026-05-12T17:25:47Z,True,merge,119328,,human
4.7-stable,c76223a35ef23546b09fe8f30f43652e4babf576,2026-05-12T17:48:46Z,False,direct,,,human
4.7-stable,78105f19480669e014e0e0c22132dedea758d8a1,2026-05-12T22:54:04Z,True,merge,119022,,human
4.7-stable,8075f4250f301b8cf7cf60a3d7fcfbdb33d77dbd,2026-05-12T22:54:05Z,True,merge,119373,,human
4.7-stable,1078619908a1314f46c0439920b82fc187de92e4,2026-05-12T22:54:07Z,True,merge,119414,,human
4.7-stable,1f5c3cbb7fef092c55226be5e73d12c9c1ab2700,2026-05-12T22:59:11Z,False,direct,,,human
4.7-stable,a9088880c2d3298dd1ffe78ce32c12a8da65ae10,2026-05-13T07:51:51Z,False,direct,,,human
4.7-stable,0b78f5bbf6bdafb100424cd116fe55958ad48927,2026-05-13T09:05:25Z,False,direct,,,human
4.7-stable,ca475b9a356e803398f7741bfe805170af54f921,2026-05-13T13:28:25Z,False,direct,,,human
4.7-stable,9ca8dfe7a697bc0775f5fed3b7f19372590172e2,2026-05-13T14:53:51Z,True,merge,119312,,human
4.7-stable,582e6f1d2b7432ed79324efd5f30c6b14fa68116,2026-05-13T14:53:52Z,True,merge,119428,,human
4.7-stable,1414995357f37f79b0fb8b405df64ac006ed4687,2026-05-13T14:53:52Z,True,merge,119422,,human
4.7-stable,e333258f94619d1862a85b08b662c36b044199d6,2026-05-13T14:53:53Z,True,merge,119433,,human
4.7-stable,3d601008d07390ff2d955cf734bacc017ff9e23e,2026-05-13T14:53:53Z,True,merge,119420,,human
4.7-stable,630781a6a363cfb631e4bcbcc44f00ccfacfa87a,2026-05-13T14:53:54Z,True,merge,119313,,human
4.7-stable,9a33066a27d70c6d4f74cae44c1ce023d8082a59,2026-05-13T14:53:54Z,True,merge,119297,,human
4.7-stable,fec858e3b4fe38248aefe044632994f0c42badb8,2026-05-13T16:59:12Z,False,direct,,,human
4.7-stable,b9634e7c68d9d672ca174f66b9dba23960cb1f4a,2026-05-13T18:47:01Z,False,direct,,,human
4.7-stable,814d08d77f5085a6ed54b6cd6f1aa5bd2fc8145e,2026-05-14T01:44:44Z,False,direct,,,human
4.7-stable,e9be326dea142eba0eb7e188f581012ad657a468,2026-05-14T05:11:13Z,False,direct,,,human
4.7-stable,d58cd48e468a67c864d443b7c194cd2a1c7bdf42,2026-05-14T14:06:47Z,True,merge,118653,,human
4.7-stable,f2ca4b0f629543e0ff65fdc4ac638abdb1df23bc,2026-05-14T14:06:47Z,True,merge,118886,,human
4.7-stable,db0467cc6aa1175eb2026e25bb11ce8d0c0fc2e3,2026-05-14T14:06:48Z,True,merge,118895,,human
4.7-stable,0d5268d9a4151157c2cc8e846b24bb581bbf9518,2026-05-14T14:06:49Z,True,merge,115911,,human
4.7-stable,6b8828da121e8709051227429c26f18c63bfc2a3,2026-05-14T14:06:50Z,True,merge,119439,,human
4.7-stable,ef7d768e65e6e8c56bfeccf2ec34bbf87f18e741,2026-05-14T14:06:51Z,True,merge,119375,,human
4.7-stable,1378c909f09cb04d084fbd2d4a0b112f2138bd6f,2026-05-14T14:06:52Z,True,merge,117773,,human
4.7-stable,720caf476d0d2b322177b5f69916fd20be2f9e0b,2026-05-14T14:06:53Z,True,merge,119387,,human
4.7-stable,e2278afdd36b7182a98cfee641e3294b6ff50ec5,2026-05-14T14:08:24Z,False,direct,,,human
4.7-stable,1ade2b8e517f7f0e404afd5dd90962e34d92b4aa,2026-05-14T15:16:28Z,False,direct,,,human
4.7-stable,f27ec9bf8a13d74a57c8f0c3639b7b2cb9186f4c,2026-05-14T18:03:43Z,False,direct,,,human
4.7-stable,c2f8329f0028170c20cb22bd311c16fcba436a7b,2026-05-14T22:04:41Z,False,direct,,,human
4.7-stable,088cd1faa49396e9b8999ee169d9a29a096016b1,2026-05-14T22:44:40Z,False,direct,,,human
4.7-stable,dd29447f44e0e59a88cc1ff08ab30563a6233326,2026-05-15T09:00:16Z,False,direct,,,human
4.7-stable,2e1a2e9a9c0ed43403d46abe59135d3c20319322,2026-05-15T10:52:14Z,False,direct,,,human
4.7-stable,c5b6f4cf834a7a3fb7d8eae34855d1c5020e14f5,2026-05-15T13:19:47Z,False,direct,,,human
4.7-stable,cd62c0b4b740177d3483dc92e22a29a4bd451855,2026-05-15T16:45:36Z,False,direct,,,human
4.7-stable,5f7b82e20f044c06f9e4e20d3143037377bf115d,2026-05-15T17:53:08Z,False,direct,,,human
4.7-stable,67f8f93b216ec36ae2532ab13a01c425402dec1b,2026-05-15T20:42:02Z,True,merge,116688,,human
4.7-stable,cd5a07648d2e43e2fa131882a5219ccfb10ee6e0,2026-05-15T20:42:03Z,True,merge,118787,,human
4.7-stable,61ac9d4c341dd425a3217cfe828b7e6b1db38717,2026-05-15T20:42:03Z,True,merge,119475,,human
4.7-stable,c14b043d25ff62074a91fc46ed3ab61fb8338e94,2026-05-15T20:42:05Z,True,merge,118247,,human
4.7-stable,7af66e02ef4ed5cecabcf5b0909dac208fe773d7,2026-05-15T20:42:05Z,True,merge,119448,,human
4.7-stable,57894b5e717826f96833472b881eb21a6961b4a8,2026-05-15T20:42:06Z,True,merge,119496,,human
4.7-stable,b8c2d43bdf8744eae6ce5ce0e54c3a995ff8395a,2026-05-15T20:42:07Z,True,merge,118265,,human
4.7-stable,037c9a99e20a239daff61ecbf60b9c143b67cb24,2026-05-15T20:42:08Z,True,merge,118865,,human
4.7-stable,0c08cfb5d7a6ac57ba60282dcafd9cffabf94bb4,2026-05-15T20:42:09Z,True,merge,119429,,human
4.7-stable,6f46168b05cd8abeb2731dd3eeac11a8d6cce029,2026-05-15T20:42:10Z,True,merge,119445,,human
4.7-stable,321b8c944fa32ee94eef44a56925105d7091be03,2026-05-15T20:42:10Z,True,merge,119396,,human
4.7-stable,948032c89c96daee19a8f6778f492399c034c93b,2026-05-16T06:03:54Z,False,direct,,,human
4.7-stable,14714594cac776b52aeb45230d3a26f0647b2686,2026-05-16T09:06:41Z,False,direct,,,human
4.7-stable,e744959de54dcb2f46bd7b1dc084a96ef8a05071,2026-05-16T19:55:33Z,False,direct,,,human
4.7-stable,0a38c5802caf9b3fd12622d4809f1af469047e76,2026-05-18T08:12:47Z,False,direct,,,human
4.7-stable,9b9adcb9c2a2a89ead869a7784290a58c2d3e41c,2026-05-18T11:18:31Z,False,direct,,,human
4.7-stable,4742cd3b800e0b289c698450685d8d5fe2fc2075,2026-05-18T12:39:24Z,False,direct,,,human
4.7-stable,2ae09f7184aa05aba3617eed3877e8d7b00f3e87,2026-05-18T15:11:51Z,False,direct,,,human
4.7-stable,5ef41e630775d165fcea77004ad4001a27dd6305,2026-05-18T15:29:36Z,False,direct,,,human
4.7-stable,8ae90e9442add0fe3108ddbdc7dbf0f9c5ca7104,2026-05-18T16:06:25Z,True,merge,119495,,human
4.7-stable,819cae99f81e37b514ae414e33eb12bbbeb4b68a,2026-05-18T16:06:26Z,True,merge,119331,,human
4.7-stable,2c5bdd1f9c476bd0fa3c324b8f89960353ab7eb7,2026-05-18T16:06:26Z,True,merge,119510,,human
4.7-stable,a3854569a2e2cf0127fef24dfdfe9c3ab49e2d6c,2026-05-18T16:06:27Z,True,merge,119541,,human
4.7-stable,b077c20bf283c85d0af35f9b0a6d4d2df082bf7a,2026-05-18T16:06:28Z,True,merge,118738,,human
4.7-stable,d7e1e41201d62ea4b904a4fe43254b8b525839a6,2026-05-18T16:06:29Z,True,merge,119464,,human
4.7-stable,cd702593c97e5b5b84aa7baac88a7b616ffd6163,2026-05-18T16:06:29Z,True,merge,119344,,human
4.7-stable,7626d50c7f94369bef1de960709d9f0f8ad8ebe0,2026-05-18T16:06:30Z,True,merge,115053,,human
4.7-stable,9a60cdd74ececda3b9cfcafc6a69a6c2c74157ab,2026-05-18T16:06:31Z,True,merge,118580,,human
4.7-stable,0e57853371b58d9438184810e490de910a51a3ad,2026-05-18T16:06:32Z,True,merge,119455,,human
4.7-stable,ef02314f2bd0305035ecbe907883401a393da7a7,2026-05-18T16:06:32Z,True,merge,119545,,human
4.7-stable,c9c572204d5cacdf57785ca4ac20719f2f0574ca,2026-05-18T16:19:21Z,False,direct,,,human
4.7-stable,24edc61c97273e51f4e9c32e6db6ae8f6762b883,2026-05-18T21:05:48Z,False,direct,,,human
4.7-stable,3e86010bce3f2e19c5b83f6363e1c4474a75983b,2026-05-18T22:33:21Z,False,direct,,,human
4.7-stable,37469a163b70790929cd291fcdbb98855f89556c,2026-05-19T09:01:37Z,False,direct,,,human
4.7-stable,7ec5fa2440fc1c24944aedea3c2f3368beadc9a1,2026-05-19T09:59:01Z,False,direct,,,human
4.7-stable,9e8268f181097137ba2f2a7f0ee1a83eca9a128c,2026-05-19T10:04:54Z,False,direct,,,human
4.7-stable,bc17aef0549005e319603d3d9cd2f3aeebf89674,2026-05-19T11:02:42Z,False,direct,,,human
4.7-stable,9269321f8a21557c2207cc2650b3c239b122baa4,2026-05-19T11:35:24Z,False,direct,,,human
4.7-stable,735827bd78ac05d9768cb3ebfc65746cd50698fd,2026-05-19T11:48:41Z,False,direct,,,human
4.7-stable,4486de5ebd0045a5f87903887d96b0f2c16cf8e8,2026-05-19T13:31:40Z,False,direct,,,human
4.7-stable,78c9e688c5e6e21bc4ab28f6104c3fb2e5faba49,2026-05-19T14:18:59Z,False,direct,,,human
4.7-stable,a1abb3c02eeba86ff6c231649369deb2a4449a2c,2026-05-19T14:31:42Z,False,direct,,,human
4.7-stable,a4ae048b738beced8a6efbc6e17240479ba2e92c,2026-05-19T15:13:26Z,False,direct,,,human
4.7-stable,fbe9a8e56a2cbab1285bf9f4e5ed58abc4e407cf,2026-05-19T16:18:17Z,True,merge,119547,,human
4.7-stable,3cd3136e8a01ed5795795bfee94b240114a4649a,2026-05-19T16:18:17Z,True,merge,119502,,human
4.7-stable,425d1caa5e4da4bc8554c980a75553e08c512553,2026-05-19T16:18:18Z,True,merge,119573,,human
4.7-stable,f04809882bf1437532256a51473c765677f466aa,2026-05-19T16:18:19Z,True,merge,119367,,human
4.7-stable,42f577b0c333f86dc87bd19758ade50e55465478,2026-05-19T16:18:20Z,True,merge,119561,,human
4.7-stable,42a8b47ef7a1169bca954d619b5f16867dc2e81b,2026-05-19T16:18:22Z,True,merge,113059,,human
4.7-stable,450e28e62f05302dd53c740e2da0f960aa819d00,2026-05-19T16:18:23Z,True,merge,119567,,human
4.7-stable,9a0bc6431bb66d1ec5ce841a6004f875b2f7ecdb,2026-05-19T16:18:25Z,True,merge,118225,,human
4.7-stable,e558b07d8a8be2683929ff835d1b1ea09472179a,2026-05-19T16:18:26Z,True,merge,119554,,human
4.7-stable,3dc4e1ef7a1cb00d2d4caf6b3f2cde3450661207,2026-05-19T16:18:27Z,True,merge,119555,,human
4.7-stable,7a1dda1478ad8318ff84a65c3746e7cc0d39fc99,2026-05-19T16:18:28Z,True,merge,119565,,human
4.7-stable,d9fd641396067b7d4fa97f10a5efcf579f198557,2026-05-19T16:18:29Z,True,merge,119563,,human
4.7-stable,ed1e9ae6c262074e7629924995cbd3490289a949,2026-05-19T16:18:30Z,True,merge,119551,,human
4.7-stable,f294c68bb580298432d18bfc7e606daec7d536d6,2026-05-19T16:18:31Z,True,merge,119570,,human
4.7-stable,014ff66970483d505d9c63a6621ccf960187b17b,2026-05-19T16:18:32Z,True,merge,119538,,human
4.7-stable,8a337510390eb6b9e8868a6d3a4e2a7e494ad83f,2026-05-19T16:18:33Z,True,merge,110469,,human
4.7-stable,d55190dfdeb65fd905025bb75ae25d6508029405,2026-05-19T19:48:58Z,False,direct,,,human
4.7-stable,c5ad427e024d0e016d4af7695ee5017811563206,2026-05-19T20:59:16Z,False,direct,,,human
4.7-stable,3a49491ff02603e62c9ca02c5594b452529e53af,2026-05-20T06:04:00Z,False,direct,,,human
4.7-stable,9106caa709b71c8f03cbb1e62c67ddc241b29101,2026-05-20T06:13:29Z,False,direct,,,human
4.7-stable,08c08bfef2f1a2bf0a806245149c3dc38d447e3a,2026-05-20T08:23:30Z,False,direct,,,human
4.7-stable,0a8101a25dc429212469a4aeb3f56f010b9130b9,2026-05-20T17:55:53Z,False,direct,,,human
4.7-stable,cec95a33052686bbed9d03ea45240fed14bd398e,2026-05-20T18:21:32Z,False,direct,,,human
4.7-stable,344b64e5086174dd071db06e877b1cf619dd6b42,2026-05-20T19:33:15Z,True,merge,119506,,human
4.7-stable,79811ccc983d090f2bc764617fc7f2f52ccb25bf,2026-05-20T19:33:16Z,True,merge,119601,,human
4.7-stable,c79f191ee92120054516a98a64d34d6d3032a404,2026-05-20T19:33:16Z,True,merge,119583,,human
4.7-stable,1f020a6c4f9bf2719e5f2c85056c0fd819b5a100,2026-05-20T19:33:17Z,True,merge,119558,,human
4.7-stable,5d5052428b898f3643419786569334073153d20c,2026-05-20T19:33:19Z,True,merge,119581,,human
4.7-stable,89f3bc1847986ee68122da9c47fdbe1a25556f4c,2026-05-20T19:33:20Z,True,merge,118489,,human
4.7-stable,0389590b8f996c3b1a2e92dc158317523b1685ee,2026-05-20T19:33:21Z,True,merge,119494,,human
4.7-stable,d9f03f2f929fba314c2deada55d1dc0fc9566dc5,2026-05-20T19:33:22Z,True,merge,119596,,human
4.7-stable,3bfa50fd329cb9a7b01b0ab1cd7ac8f27f7391ac,2026-05-20T19:33:23Z,True,merge,117805,,human
4.7-stable,95ab8e16fef63936ac92af932a0d42fc06d4b87c,2026-05-20T20:22:20Z,False,direct,,,human
4.7-stable,7263d9c8e0f4765e93b1fcc18422293fa958ae05,2026-05-20T22:08:37Z,False,direct,,,human
4.7-stable,eab6733f8541c53c19e80d09dbe3bef75ed531a0,2026-05-21T01:37:26Z,False,direct,,,human
4.7-stable,abb6d4531a8b60001c7d29a8f8e030c6aa33ad3b,2026-05-21T07:01:55Z,False,direct,,,human
4.7-stable,73a771dd02e0aa535979cd2c43160d7cafddfdc6,2026-05-21T08:30:27Z,False,direct,,,human
4.7-stable,cfcec5cccade634936ce7272fd97b01508cdd61e,2026-05-21T08:56:54Z,False,direct,,,human
4.7-stable,ed97644b607d7b20877acdf3a0846c46775c8480,2026-05-21T14:17:28Z,False,direct,,,human
4.7-stable,6b735de563141fc74108831de1723568914585bb,2026-05-21T14:25:04Z,True,merge,119630,,human
4.7-stable,41f4d7068239af3420549bd1e6541c835b09d72e,2026-05-21T14:25:05Z,True,merge,119627,,human
4.7-stable,78ff43f99541d404834b363005c81fcecc0919fb,2026-05-21T14:25:06Z,True,merge,119241,,human
4.7-stable,a8a2ea14a50a838df91fcd83c76688b173d31675,2026-05-21T14:25:07Z,True,merge,119624,,human
4.7-stable,86082170822e19ebb619c7f53c8fe54a6f8d3d2a,2026-05-21T14:25:07Z,True,merge,119608,,human
4.7-stable,f8a88578f540db606bab2e31fa48d5d988203c85,2026-05-21T15:47:42Z,False,direct,,,human
4.7-stable,669c91bfd0f026108015a98dd585f775b92ae4d1,2026-05-21T16:24:18Z,False,direct,,,human
4.7-stable,582a8ef44af9087192122ec0d4952680e4b80454,2026-05-21T17:48:30Z,False,direct,,,human
4.7-stable,c6987624efe17ffd78dfe9e8b76eaa4854704ca2,2026-05-21T19:13:32Z,False,direct,,,human
4.7-stable,cd0b2a140cda583359c8a27e360765c9d98c7f74,2026-05-21T20:01:46Z,False,direct,,,human
4.7-stable,15689c1a95763501d4f80f602d7e967917dd1a99,2026-05-21T21:44:15Z,False,direct,,,human
4.7-stable,1fa9400b2db91b80a2317a2faff5c24cc92de04b,2026-05-22T05:37:31Z,False,direct,,,human
4.7-stable,610e334d4ca4bf1d998e63ab22e478cd60905e55,2026-05-22T08:08:20Z,False,direct,,,human
4.7-stable,103b82048f1054d09005b45841de7048e06636f8,2026-05-22T10:00:02Z,False,direct,,,human
4.7-stable,471a4a79c0e838d4a81bc4714e39445176c54373,2026-05-22T13:20:52Z,False,direct,,,human
4.7-stable,fcc194c585765d70112a77098544dce6b491012c,2026-05-22T13:22:45Z,False,direct,,,human
4.7-stable,45d6728eed6d8ef23170f3e5b0b83c9093fc3956,2026-05-22T14:40:48Z,False,direct,,,human
4.7-stable,2d7b307004bbc5b90fd3d4f35d3b799ec7d4b8fc,2026-05-22T15:57:54Z,True,merge,119625,,human
4.7-stable,cc6d153fb6452c9cc757540c7bee1bcab1713793,2026-05-22T15:57:54Z,True,merge,115533,,human
4.7-stable,a75108ba0106ea37b832b1fec86f98301f98e835,2026-05-22T15:57:55Z,True,merge,104481,,human
4.7-stable,df3168ad6ec86638744c33ab39af022a05405867,2026-05-22T15:57:55Z,True,merge,119648,,human
4.7-stable,6137953493eba13a4e594787d2198c6a03ad2242,2026-05-22T15:57:56Z,True,merge,119651,,human
4.7-stable,4b72c6c1ab64b8f002c908d4bc4596f78a514004,2026-05-22T15:57:57Z,True,merge,119450,,human
4.7-stable,f08e003ff23a667c24c76c0193ba31a02b5dae99,2026-05-22T15:57:58Z,True,merge,119620,,human
4.7-stable,e1732f7643f31420c70a3169bea4e09d2ac340f0,2026-05-22T17:04:42Z,False,direct,,,human
4.7-stable,57ab62b4215aaa4ef762b5f6fe3b680ed688e0d3,2026-05-22T17:38:52Z,False,direct,,,human
4.7-stable,330e012b5375e9eebbf10b28ae0e759ad140b313,2026-05-23T00:24:16Z,True,merge,119634,,human
4.7-stable,f7d37c74c15007dbfae3e9a40ce4fd28ba005d63,2026-05-23T00:24:18Z,True,merge,118190,,human
4.7-stable,f75646311636a1d54c9139d6b6f802cb9c2e21c7,2026-05-23T00:24:19Z,True,merge,118613,,human
4.7-stable,44a215ec06f893b91601597ee729a1474633aafe,2026-05-23T00:24:21Z,True,merge,117217,,human
4.7-stable,8a5af716e1b99ab24951d0303afd7dbc0fca5941,2026-05-23T00:24:21Z,True,merge,119644,,human
4.7-stable,fa6cad230f638d65a5a897008c5fc512edc237ad,2026-05-23T00:24:23Z,True,merge,119665,,human
4.7-stable,a3d281166688b32d1995129a167c45bdcc88fabd,2026-05-23T01:23:22Z,False,direct,,,human
4.7-stable,f6e252e48a787a3222c74914c0cfb0b83f288016,2026-05-24T14:34:37Z,False,direct,,,human
4.7-stable,6bcef2bd6af6c5e00dadcd7fc121053dd65a9ca2,2026-05-24T15:04:38Z,False,direct,,,human
4.7-stable,83c477717b3eedd9b64306f570d78d49e08e1a8c,2026-05-24T17:43:25Z,False,direct,,,human
4.7-stable,a4a4bdf3aede591351adf2201e44c46c4bc26785,2026-05-24T20:28:42Z,False,direct,,,human
4.7-stable,f83613ac1eec185ab533e537e47fe33e0e972764,2026-05-24T22:00:06Z,False,direct,,,human
4.7-stable,dcfcfe76a4401579996bb50399aa1fee91901a13,2026-05-24T22:05:03Z,False,direct,,,human
4.7-stable,54bfec84704edb12915ab72e8e0f67d42d9e2ed0,2026-05-25T04:57:33Z,False,direct,,,human
4.7-stable,d230509b82a52d00b87252ea2a7951f31c3d0615,2026-05-25T06:37:47Z,False,direct,,,human
4.7-stable,ab57be19595a2bafc7c820cb3673891ec6b966a3,2026-05-25T13:11:47Z,False,direct,,,human
4.7-stable,983ce07e832828fc1f75ad9d28ff88c7e8d3423e,2026-05-25T13:45:55Z,False,direct,,,human
4.7-stable,5f03b5686799a9e25ae0649f9ea659408466f60a,2026-05-25T15:39:24Z,False,direct,,,human
4.7-stable,12a102e93cac2c61c71c73a2723714113ae0db43,2026-05-25T16:18:57Z,True,merge,119401,,human
4.7-stable,6c6d7c5ff66b504ee49bc83e358cb69904faf71f,2026-05-25T16:18:57Z,True,merge,119587,,human
4.7-stable,4354aa98069cf13c3882276477ea27f8ee3afed5,2026-05-25T16:18:59Z,True,merge,116203,,human
4.7-stable,b0d2251aebc2b65beb3227d268c7708087ff0792,2026-05-25T16:19:00Z,True,merge,119682,,human
4.7-stable,243f3537edbc914b3b4dadb39b305d71b80b7b43,2026-05-25T16:19:00Z,True,merge,119639,,human
4.7-stable,673c2869eb29fece06f6ca80002d0513c45daf7f,2026-05-25T16:19:01Z,True,merge,119507,,human
4.7-stable,a7344b574f927d1eac533c80b389b7777af0e4cf,2026-05-25T16:19:02Z,True,merge,119719,,human
4.7-stable,ab3c1e24923f3f370bf7cd2024cf005ee1cd724b,2026-05-25T16:19:02Z,True,merge,119721,,human
4.7-stable,6d236606c378d2912bef9f807842c06b99012c59,2026-05-25T16:19:03Z,True,merge,119679,,human
4.7-stable,5d0ddf6803305001a835ce5a9d503c2eb5b6ffde,2026-05-25T16:19:04Z,True,merge,119635,,human
4.7-stable,8ac58f7d6723d358b67565037f3206ebfe65afe0,2026-05-25T16:19:04Z,True,merge,119689,,human
4.7-stable,932e68953f62b21f2d572db23df3ec0bcd5d8ad8,2026-05-25T16:19:05Z,True,merge,119711,,human
4.7-stable,ff37378bedd6be9bf4c4bed766abb1ecd25de5f5,2026-05-25T16:19:06Z,True,merge,119717,,human
4.7-stable,08558acb36d69bdd76b522cd235eba2c0eaffca9,2026-05-25T16:19:06Z,True,merge,119710,,human
4.7-stable,5653d1a42f90d8aa297820287177412558713c4d,2026-05-25T16:19:08Z,True,merge,116725,,human
4.7-stable,076f30c19d437293fe431f52732a35ec2a7a784f,2026-05-25T16:39:34Z,False,direct,,,human
4.7-stable,8dd82dc2213ab8b8569f8754c415959ddfa5a35d,2026-05-25T17:29:53Z,False,direct,,,human
4.7-stable,94a62a3a6c3e7d7c0752828404b8e6075cc83d42,2026-05-25T17:52:30Z,True,merge,116063,,human
4.7-stable,34bf5f156b66883d7d4d569cbc0bb06021b6a20d,2026-05-25T17:52:31Z,True,merge,116966,,human
4.7-stable,88ad186627e9dc071d44523a2db081fd7e5ddef1,2026-05-25T17:52:32Z,True,merge,119741,,human
4.7-stable,fb324ed2cf6d82b4eb80b6c6acbefb54bd9dc9ca,2026-05-25T17:52:32Z,True,merge,119745,,human
4.7-stable,988497948bba6b8fc1d5b04dff470e1cb28bfa01,2026-05-25T17:52:33Z,True,merge,119508,,human
4.7-stable,92b674706c28e9be640cf0df8add1d4bd55786e8,2026-05-25T17:52:34Z,True,merge,119659,,human
4.7-stable,e6af20f0e3c02403559eebbfce04a9c5b77434ed,2026-05-25T17:52:35Z,True,merge,119722,,human
4.7-stable,fa09dd17a68a5741cb2361f1d07af271c7a40c4f,2026-05-25T17:52:36Z,True,merge,116634,,human
4.7-stable,adcdcd9d9dc8a88abcf091c316e9e7a9e9853561,2026-05-25T18:59:10Z,False,direct,,,human
4.7-stable,89d7b494d79a7545648976107b106a70d9d9006e,2026-05-25T19:17:59Z,False,direct,,,human
4.7-stable,a458840a1c94c1ff6b935f0c493c3e047496eb52,2026-05-25T19:24:34Z,False,direct,,,human
4.7-stable,e4034355de59af356104847ed8e6f6da95d05524,2026-05-25T20:06:45Z,False,direct,,,human
4.7-stable,fdd53b7b1d6f66b00ade263cd1c24552814a03f2,2026-05-25T20:23:32Z,False,direct,,,human
4.7-stable,5624c4409b312596acf71b571789d42dd311b837,2026-05-25T23:19:54Z,False,direct,,,human
4.7-stable,93c396382dd2d6aed08654e271c9c9b7d23c4066,2026-05-26T05:52:21Z,False,direct,,,human
4.7-stable,df38dbe271490eb0f93a88eb13d63f6fca0b928a,2026-05-26T08:26:43Z,False,direct,,,human
4.7-stable,ed11e2610f8cb7cd3c17d570a07365815ffd33d8,2026-05-26T13:39:27Z,False,direct,,,human
4.7-stable,12d6f1848d81e173331be4d4c9f91eaa560aa2dc,2026-05-26T13:55:08Z,False,direct,,,human
4.7-stable,3cbd4358fc2673f5b68239c103cd29db27e5ac89,2026-05-26T15:09:35Z,True,merge,119761,,human
4.7-stable,b404bc6a744a3754337e906c0249d2bf838c9348,2026-05-26T15:09:35Z,True,merge,119756,,human
4.7-stable,66658e7f4ce4def925257ee217704b9719101092,2026-05-26T15:09:36Z,True,merge,119737,,human
4.7-stable,2014874dbdbfa3a1e22917fd7549ede87d73f6e0,2026-05-26T15:09:37Z,True,merge,119692,,human
4.7-stable,242084198c456bbcf1ddc956df278645fb17b8a0,2026-05-26T15:09:37Z,True,merge,119781,,human
4.7-stable,38aa1881d93fd1143891b070854dd49fe3ba8c78,2026-05-26T15:09:38Z,True,merge,119642,,human
4.7-stable,3572bad2920ce0cf57ab4296642d7c057dd8e39e,2026-05-26T15:09:39Z,True,merge,119141,,human
4.7-stable,c96e11965f1568343c65d783833250a6a9411cb2,2026-05-26T15:09:40Z,True,merge,119329,,human
4.7-stable,c2ef9d3d5bc71aab74a075eadcdf251c5ba7978a,2026-05-27T15:42:25Z,False,direct,,,human
4.7-stable,da7924dfa3e329ebd5dde9dbc750aa2ac9de013a,2026-05-27T16:27:42Z,True,merge,118488,,human
4.7-stable,5ed6ae232567f1ade07dd0f396797b3d8f7d3101,2026-05-27T16:27:43Z,True,merge,119773,,human
4.7-stable,0f551ab0cd82ef9f747570d5f557ccd63a0a1587,2026-05-27T16:27:43Z,True,merge,119775,,human
4.7-stable,e82870e250a326c94e03d658306db94e1b116c2d,2026-05-27T16:27:44Z,True,merge,119819,,human
4.7-stable,97ed318d3c61169a1625aa4e8a416c55c6f882e6,2026-05-27T17:08:02Z,False,direct,,,human
4.7-stable,138958c7cb8ef360cb4e10d133f1e2b22db07d93,2026-05-27T18:51:38Z,False,direct,,,human
4.7-stable,609d94712c51f068fe84b960c4fef94d3e9d5709,2026-05-27T20:06:27Z,False,direct,,,human
4.7-stable,ebd523edb01eb2a457d30244fc867ff44e795540,2026-05-27T21:49:30Z,False,direct,,,human
4.7-stable,c16d328bf70b1dd8a70c01204a9bd8b56b8f759a,2026-05-28T17:51:53Z,False,direct,,,human
4.7-stable,374102cfbeedbed3d17833d22f258939cef9c6f7,2026-05-29T14:12:02Z,False,direct,,,human
4.7-stable,04903830043f8b2e0edcefddf728d4913df544e0,2026-05-29T14:50:43Z,False,direct,,,human
4.7-stable,446abf985816d3ec0a3ff2ea9c1c783990903c06,2026-05-29T15:47:38Z,True,merge,119612,,human
4.7-stable,bc209b4f1d28ef6f47c372ab1e729098582c01b4,2026-05-29T15:47:39Z,True,merge,119598,,human
4.7-stable,c5b9b59d7a56486db879e901315653cc51b8cf07,2026-05-29T15:47:40Z,True,merge,119829,,human
4.7-stable,468534bf0a4263d3a635301037bd952f9f35b572,2026-05-29T15:47:40Z,True,merge,119854,,human
4.7-stable,93d16cc84c479c0f6b22187882a48336f040a78a,2026-05-29T15:47:41Z,True,merge,119757,,human
4.7-stable,dff2b9bb66a01d8c1a207531b0752405c7399124,2026-05-29T15:47:41Z,True,merge,119831,,human
4.7-stable,4ff30699fdb7cf9623627936030d3b474bc8a5b8,2026-05-29T18:33:58Z,False,direct,,,human
4.7-stable,98bb65ec8f9d65b987989d8fc46640c29abffc75,2026-05-29T21:10:05Z,False,direct,,,human
4.7-stable,781744ddbd2cbcac627600558a1c92780d008906,2026-05-30T18:45:00Z,False,direct,,,human
4.7-stable,df21ac92b8e674126d59af112a627373cb62275b,2026-05-31T17:58:16Z,False,direct,,,human
4.7-stable,586d613f43db5b186f6bca6c865cb5a383217b3b,2026-06-01T06:35:34Z,False,direct,,,human
4.7-stable,f2da5801e8a1f08123f1e7aab18d40e1f5a182e4,2026-06-01T11:03:58Z,False,direct,,,human
4.7-stable,cdc278dfa6cce19f9a638050035bb1e9dda57998,2026-06-01T12:47:06Z,False,direct,,,human
4.7-stable,5d5e27b2bd47f0d1ab261708da77bf543e396a71,2026-06-01T16:15:10Z,True,merge,119919,,human
4.7-stable,17203c1658b6ea7cc4867cfa9d5cf5358acaca5a,2026-06-01T16:15:11Z,True,merge,119880,,human
4.7-stable,076428bdb80f72fc3f62f7c955c91f49f7017a08,2026-06-01T16:15:12Z,True,merge,119823,,human
4.7-stable,973060e0f7a0284fd5b234af2faf7224f0049f3b,2026-06-01T16:15:12Z,True,merge,119930,,human
4.7-stable,ef3b82356d1dbcff12b2714644338775d255bf26,2026-06-01T16:15:13Z,True,merge,119755,,human
4.7-stable,9edad8884f9f4459165a68cbfae96737a46a0289,2026-06-01T16:15:13Z,True,merge,119883,,human
4.7-stable,24028e82fde1c24dfce7117532fad2cc09e1843f,2026-06-01T16:15:14Z,True,merge,117337,,human
4.7-stable,73e08d2882c789525efcb1c81f4c0a259c5d68d3,2026-06-01T16:15:15Z,True,merge,118387,,human
4.7-stable,f3ec4cee64bc26b8a99d13f045f243de5df1f4e5,2026-06-01T16:15:15Z,True,merge,119872,,human
4.7-stable,2587d5181dbcf83f9440cba8eb1c252b158e43b0,2026-06-01T16:15:16Z,True,merge,119938,,human
4.7-stable,d569fcf207aea355ea9d0822255ad490945f5572,2026-06-01T16:15:17Z,True,merge,119497,,human
4.7-stable,a64b7cb57d8a22aab0e139ec2a4de44407b0aab4,2026-06-01T18:46:06Z,False,direct,,,human
4.7-stable,af132825e46cd8b7f4aba6526a48f1e5e7c7846e,2026-06-01T20:38:13Z,False,direct,,,human
4.7-stable,a87d3cbf993025474afe3db7761da049527fc271,2026-06-02T03:49:44Z,False,direct,,,human
4.7-stable,88495e6cce638af13572f776f2b3813f68b819bf,2026-06-02T06:48:23Z,False,direct,,,human
4.7-stable,e66fe1a93a39ab82f650113749e03addf6b2796e,2026-06-02T07:26:19Z,False,direct,,,human
4.7-stable,94d51d48df070e35945b471d713b53b5517b61f7,2026-06-02T10:39:09Z,False,direct,,,human
4.7-stable,108a58f99503c5f3cf35f45a562e5422724ad322,2026-06-02T11:16:13Z,False,direct,,,human
4.7-stable,ae594ad4dc4be90a90f0262ed8e922589a7d83bb,2026-06-02T11:25:37Z,False,direct,,,human
4.7-stable,3f17c3a8ce122f321c1c8547d3840791237c6a1e,2026-06-02T11:58:53Z,False,direct,,,human
4.7-stable,3bb55a2e07fda664b5e7629a7f88e7c6502b13b9,2026-06-02T12:31:43Z,False,direct,,,human
4.7-stable,b5d9b7a32bb0835b45e34b1a12def2426acd1aac,2026-06-02T13:19:24Z,False,direct,,,human
4.7-stable,dd0195d5b52975f8a447cbcc3af1a6bdb4ffe302,2026-06-02T14:39:04Z,True,merge,119945,,human
4.7-stable,29743b29c286792cf221a73044db6332e2a099f2,2026-06-02T14:39:04Z,True,merge,119701,,human
4.7-stable,ee4c179b360fb36cea95b56891ff341add9223c9,2026-06-02T14:39:05Z,True,merge,119958,,human
4.7-stable,339020a519bcc2bfdaa82d8ce8479eb66400c32b,2026-06-02T14:39:05Z,True,merge,119965,,human
4.7-stable,1abed4c810dd2e170f2e75abc5189eeaf91fdab7,2026-06-02T14:39:06Z,True,merge,119890,,human
4.7-stable,dc0422466ccbafba16632fef242da917e547c8d1,2026-06-02T14:39:06Z,True,merge,119950,,human
4.7-stable,9da915af9f023843a7a2c844e0eb3832006d743b,2026-06-02T14:39:07Z,True,merge,119871,,human
4.7-stable,105eb8d61d90eba73d21a59f92203d856dfe5e5d,2026-06-02T14:39:07Z,True,merge,119842,,human
4.7-stable,417cd33bf636a0ede02e5e940e963306ea6fc21c,2026-06-02T14:39:08Z,True,merge,119968,,human
4.7-stable,48f9cf19afb06c4c2e370af51981ca0bd75f106a,2026-06-02T14:49:44Z,False,direct,,,human
4.7-stable,568833cb86ca19ad877dcb360cb684b619b2c521,2026-06-02T15:05:05Z,False,direct,,,human
4.7-stable,7f14bfd6b1db26d73c33d56646fffd695484e1af,2026-06-02T15:43:12Z,False,direct,,,human
4.7-stable,e2da592ef3587b7cf335e57dc9176fb7d8721767,2026-06-02T15:59:58Z,False,direct,,,human
4.7-stable,4b82c44607c9fc959cf8d6905b611cd2810c5ea3,2026-06-02T18:51:41Z,False,direct,,,human
4.7-stable,3c599ae744356d620c553f89ede42c708617d39b,2026-06-02T19:26:16Z,False,direct,,,human
4.7-stable,4d3bfd2b621a24ddafcc20893541a09eda5f1915,2026-06-02T22:39:05Z,True,merge,119980,,human
4.7-stable,cbc3aa33f64b1e376faa1c91a37a8dd593472b93,2026-06-02T22:39:06Z,True,merge,119970,,human
4.7-stable,fc3585607d2de008fd7d4b1a3b136392b789f9ba,2026-06-02T22:39:06Z,True,merge,119971,,human
4.7-stable,95efa7f46a00113a895ca7429cd8157009291083,2026-06-02T22:39:07Z,True,merge,119975,,human
4.7-stable,9d2e20a046f9a008c15a24f1c6c83b04331763e4,2026-06-02T22:39:08Z,True,merge,119977,,human
4.7-stable,a8b64029658ca5bcf315ecf5947880a7ecc0fabf,2026-06-02T22:39:08Z,True,merge,119966,,human
4.7-stable,3badc0ee23caf1e5269fe90f8ee17e09d4d2b682,2026-06-02T22:39:09Z,True,merge,119982,,human
4.7-stable,d9c53f29e0087e4546ccf8df6effd1e35144c0af,2026-06-03T00:01:48Z,False,direct,,,human
4.7-stable,8984aff92c45bd1ff29cb5b6e91cbe6e919960da,2026-06-03T00:29:55Z,False,direct,,,human
4.7-stable,facdd8eea63450ce585037b2632682e372a9180e,2026-06-03T06:00:43Z,False,direct,,,human
4.7-stable,aa5f5054e2a0fc470a77165358efb244fd2fcd3d,2026-06-03T13:43:02Z,False,direct,,,human
4.7-stable,1bfbab316a993e5a253535777839a5fd6c3987a1,2026-06-03T16:02:34Z,True,merge,119908,,human
4.7-stable,70ee45d0439f23e2bc62a1ef1ad827ffa52730ef,2026-06-03T16:02:35Z,True,merge,119987,,human
4.7-stable,039d4d614feccacbb254a29745170e91da90d509,2026-06-03T16:02:35Z,True,merge,119964,,human
4.7-stable,dba2dd36d0659ae0f97a70924d2a5ee678b620e0,2026-06-03T16:02:36Z,True,merge,119909,,human
4.7-stable,bbd3f43b57db5008539e87bd86ef9e3cc7a44a23,2026-06-03T16:02:37Z,True,merge,119992,,human
4.7-stable,15d8191fbfb7c274f0ad249d4938187504c6eb5b,2026-06-03T16:54:50Z,False,direct,,,human
4.7-stable,2896cd9ef4fbd7cc69255fac4414d2e52b8fd3af,2026-06-03T17:04:49Z,False,direct,,,human
4.7-stable,fff89b78e7df32e8a79cad17cfe1de22d6e46d28,2026-06-03T18:59:10Z,False,direct,,,human
4.7-stable,7401fcdfe04c918421e5102a462aebff27e6ad8a,2026-06-04T01:12:41Z,False,direct,,,human
4.7-stable,fd574d221fef1c68a9261161f3690ff1001722ec,2026-06-04T07:58:05Z,False,direct,,,human
4.7-stable,5b45283c2aa22ddd7e249b385342c60c61646f7d,2026-06-04T14:50:22Z,True,merge,119997,,human
4.7-stable,eea0ff082db51e09d99860da9688cadc7170360c,2026-06-04T14:50:46Z,True,merge,119998,,human
4.7-stable,72cc0fc9a75bf041e84b9d37e7e31e17cb114a9e,2026-06-04T14:50:46Z,True,merge,120001,,human
4.7-stable,d333da746ee58b6def6d23a297b5f420782d3a30,2026-06-04T15:45:46Z,False,direct,,,human
4.7-stable,135a7361a28c155553b70fa29d8912329d908749,2026-06-04T16:24:08Z,False,direct,,,human
4.7-stable,80de17565c72ff28d72b99005bb8378d6ccf06ca,2026-06-05T05:34:38Z,False,direct,,,human
4.7-stable,d3ca1b4c2030a59fe7e14ac0042238e50397cb9d,2026-06-05T09:28:02Z,False,direct,,,human
4.7-stable,dc9049fbba5efff2b6156c11de3018e98368164c,2026-06-05T14:24:23Z,True,merge,119910,,human
4.7-stable,72eac09f5caf1bc5323e886b0ce612cdd5400d02,2026-06-05T14:24:41Z,True,merge,119336,,human
4.7-stable,3515ae628271e78dec210756aa7d941dc9b68353,2026-06-05T14:24:41Z,True,merge,115820,,human
4.7-stable,070dc9897ea1b84ab2a7ec04b9bc1b94f38a0eaf,2026-06-05T14:24:42Z,True,merge,120006,,human
4.7-stable,5a017a1f5e3fd9bcadeb2367176d0402ce7d77e3,2026-06-06T08:38:32Z,False,direct,,,human
4.7-stable,d92a1acc36978ae35d18a7a9540dad871667f34b,2026-06-07T15:32:31Z,False,direct,,,human
4.7-stable,52f27370ab6c1181ca1d2d63140f3315fc5fceeb,2026-06-07T22:22:02Z,False,direct,,,human
4.7-stable,c640059ece20632c9514a760828828df86372353,2026-06-07T23:32:42Z,False,direct,,,human
4.7-stable,b88a62f805461b746b419d8e043d5dfcc25f2dc0,2026-06-08T02:57:26Z,False,direct,,,human
4.7-stable,43b2edabf5a77167ae332e5a92cc43d7ef5be494,2026-06-08T06:18:46Z,False,direct,,,human
4.7-stable,5a49c75875e1b5bb19097ef0ca95fa57cd3df255,2026-06-08T14:11:57Z,True,merge,120069,,human
4.7-stable,6c325574cd8818ce6da0b27300ce0b6632d5f82a,2026-06-08T14:12:02Z,True,merge,120059,,human
4.7-stable,b7eb57977a0ec5b8b69f59c9d567f9307c689cf4,2026-06-08T14:12:02Z,True,merge,119451,,human
4.7-stable,279e7ca3cbd340553f8b7ce19e46570560564ccb,2026-06-08T14:12:02Z,True,merge,120071,,human
4.7-stable,526528bd8d829c50b28d350df353ec22266660f2,2026-06-08T14:12:03Z,True,merge,120077,,human
4.7-stable,6629ee4ec331cfc3c468239cbf7e5203ea18ebcd,2026-06-08T14:12:03Z,True,merge,119983,,human
4.7-stable,09522aea1c33fd4939714da3096f61242700db8a,2026-06-08T14:12:04Z,True,merge,120028,,human
4.7-stable,f1ab81c99031e1e897217f6e6b80a7a01512534d,2026-06-08T14:12:04Z,True,merge,119999,,human
4.7-stable,15957647b57d85d657db47c1cdf890350dd6ae0a,2026-06-08T14:12:04Z,True,merge,120063,,human
4.7-stable,a4f5e8cddf68487bdc358bc2ccf745d98363139b,2026-06-08T14:51:18Z,False,direct,,,human
4.7-stable,ea2cc82451e63749aa5cbf34a167a472e856f357,2026-06-08T15:06:13Z,False,direct,,,human
4.7-stable,bd4b537c95ed0eb30b00beb99276490c31b76861,2026-06-08T20:20:54Z,True,merge,120085,,human
4.7-stable,8bbedec7f97bbefc65e38a05b96620c03d757d19,2026-06-08T20:20:55Z,True,merge,120025,,human
4.7-stable,fb5a83eb60820f77048479e6a48816c9fcc3b1f6,2026-06-08T20:20:55Z,True,merge,120007,,human
4.7-stable,9d03a4937bf37c7c5719cbd79d0d94fbe59f0dcf,2026-06-08T20:55:12Z,False,direct,,,human
4.7-stable,0ac3a3af9981fe0f408457288ed0794f95a6e565,2026-06-08T22:00:47Z,False,direct,,,human
4.7-stable,824dbc5aed2315b14dcf5e57ba9482d013730d7b,2026-06-08T23:04:00Z,False,direct,,,human
4.7-stable,363610d75226451d6c57647e1dbf01c865428696,2026-06-09T07:04:29Z,False,direct,,,human
4.7-stable,c3b215de9625772e5e1e6645d44de286a57ef8ad,2026-06-09T09:56:13Z,False,direct,,,human
4.7-stable,57ba88fba7e45cb257a2f5ab4f5057deda0f81aa,2026-06-09T10:25:11Z,False,direct,,,human
4.7-stable,dc59c8b250bec794d6f454e952e47d4a854eeab2,2026-06-09T11:40:04Z,True,merge,120106,,human
4.7-stable,c00ea3dc58d2d0e9fc5d264702da5e7f4cc79433,2026-06-09T11:40:04Z,True,merge,120092,,human
4.7-stable,f92a322ad49811f608146750a40fcb31439f24d2,2026-06-09T11:40:05Z,True,merge,119808,,human
4.7-stable,7ab83282045b5031f07a6709d5f90af023ae8090,2026-06-09T13:29:53Z,False,direct,,,human
4.7-stable,07f3a3f8550d2a52bbe36f910f6dc9848a202219,2026-06-09T14:51:17Z,False,direct,,,human
4.7-stable,0c2a33a2152c1cc4720d5071a5be142d9649378d,2026-06-09T15:31:11Z,False,direct,,,human
4.7-stable,d12dbb0a34802c15f85bc3b8df210b08c7b9b3ba,2026-06-09T16:03:49Z,True,merge,120117,,human
4.7-stable,9d876745b311044790cf6025095544ae7107d913,2026-06-09T16:03:50Z,True,merge,120111,,human
4.7-stable,ec67cbe92628bdaf979b10594359ba6f02cf8838,2026-06-09T16:03:50Z,True,merge,120102,,human
4.7-stable,a43cc6ad2f7aefd98f0387b3c77a125170a159df,2026-06-09T19:02:20Z,False,direct,,,human
4.7-stable,d937734801cc1701175df0fba0c6fbb9f16e509b,2026-06-09T23:57:38Z,False,direct,,,human
4.7-stable,ae564feb2afa67a209b6eab52080639c73f20bd9,2026-06-10T10:46:42Z,False,direct,,,human
4.7-stable,3df26a02c446710c979daa541b74f87edeca81b0,2026-06-10T18:52:07Z,True,merge,120072,,human
4.7-stable,f204ebaa3965e26b501a6d40b5c4936fddb66a35,2026-06-10T19:35:04Z,False,direct,,,human
4.7-stable,99cde155242f1749df10a3ad48fdeb20f4b23f49,2026-06-11T16:26:37Z,False,direct,,,human
4.7-stable,af2fea0ad3ce61ba52fc8201f6434587cb1e97f3,2026-06-11T19:02:05Z,False,direct,,,human
4.7-stable,dadcef98bad49047cef1867110724c76c482c576,2026-06-11T20:18:54Z,True,merge,120198,,human
4.7-stable,54819cde65c0d9954be78be51df854dbf5fb09bc,2026-06-11T20:18:55Z,True,merge,120108,,human
4.7-stable,a7a654a56509bcef058f8683d092aa5b33c7baa5,2026-06-11T20:18:55Z,True,merge,120120,,human
4.7-stable,8879fa9c4a3cde7c438f1b9572d94b282a62348b,2026-06-11T20:18:55Z,True,merge,120104,,human
4.7-stable,463bde5426590e21560c788aea0107d4d0f588a6,2026-06-11T20:18:56Z,True,merge,120164,,human
4.7-stable,eb03ae8fc5465793f8f617d7a320e3b208f16919,2026-06-11T20:18:56Z,True,merge,119631,,human
4.7-stable,2fdeee8643d34619d3b293df501088d012f1f5f2,2026-06-12T13:57:24Z,False,direct,,,human
4.7-stable,2a7d14671a8d794a5298958b61bacda3412dd974,2026-06-12T15:29:28Z,False,direct,,,human
4.7-stable,b527505338003c43a56513acb75c009a0b6c64de,2026-06-12T18:09:27Z,False,direct,,,human
4.7-stable,c25fac660fc495cdb14e8faccefeafd13183ff0b,2026-06-12T18:38:51Z,True,merge,120116,,human
4.7-stable,5074fb4e929e4ac868f3a8370923e0f913336bcf,2026-06-12T18:38:52Z,True,merge,120239,,human
4.7-stable,df6235838b63dd49f448547406e339848455c140,2026-06-12T18:38:52Z,True,merge,120250,,human
4.7-stable,a807987350964e23bef5f849c15de15cb0a16e29,2026-06-12T20:38:16Z,False,direct,,,human
4.7-stable,679b70a45f5c81fb0b64f45c09515eb6a578c983,2026-06-13T01:24:37Z,False,direct,,,human
4.7-stable,c4e91ee26733d1e767fc4b8dae1493e7ee7594bd,2026-06-13T11:12:08Z,False,direct,,,human
4.7-stable,6a4c61feb291cdb293a935c6c6ad573406a06d72,2026-06-13T14:02:35Z,False,direct,,,human
4.7-stable,8d713d397f5ff9e7cf8939d6024b33d3d5e20d88,2026-06-14T08:16:16Z,False,direct,,,human
4.7-stable,f30ffa8b443d668b2bc57f17fea6f1db1beb23a9,2026-06-14T19:48:50Z,False,direct,,,human
4.7-stable,0a0c95774cb2739eea111718903cb1ba6e8e5346,2026-06-15T05:31:31Z,False,direct,,,human
4.7-stable,9452ed155c751bca2b856c9fe5d5c21378f0b0a4,2026-06-15T08:22:23Z,False,direct,,,human
4.7-stable,327d1413d526e9508736958506dda432d578d6fb,2026-06-15T09:15:44Z,False,direct,,,human
4.7-stable,1f92b45db3167896f3a1eac54eae9380c15e2ac0,2026-06-15T13:52:36Z,True,merge,120300,,human
4.7-stable,9fae09dbb6da3270d1634400003472fb3971fc1d,2026-06-15T13:52:41Z,True,merge,120243,,human
4.7-stable,ff92d4c9bb461f2693dbf6c53bec828b133c695d,2026-06-15T13:52:42Z,True,merge,120241,,human
4.7-stable,8ab0735c9c38985dfb8e1b150d133b96231b3098,2026-06-15T13:52:42Z,True,merge,120252,,human
4.7-stable,d2102acab6bfc6e6e0840f9f79eca73cd10e7c80,2026-06-15T13:52:42Z,True,merge,120261,,human
4.7-stable,258ac916608afe5fc43cd78f3a541d44a23409bf,2026-06-15T13:52:43Z,True,merge,120313,,human
4.7-stable,b4156a8833d366eb3c8efadabcb54db409851c96,2026-06-15T13:52:43Z,True,merge,120258,,human
4.7-stable,645638db91769059ed061450e6b348a7033d4225,2026-06-15T13:52:44Z,True,merge,119751,,human
4.7-stable,6b1004bbebe112ab27804160933f78eb4959bca6,2026-06-15T19:43:35Z,True,merge,120311,,human
4.7-stable,382d320008ae96f9177ff24bcb1852cd6a94e4aa,2026-06-15T20:10:35Z,False,direct,,,human
4.7-stable,9fc8a9c0d83571b1817b32e76439cd12c4c7a51c,2026-06-16T11:58:42Z,False,direct,,,human
4.7-stable,808be5198c384b9927193f37c2ff09035f9e31ed,2026-06-16T16:18:01Z,False,direct,,,human
4.7-stable,f7890e3f996f0b29c990929978fc82a8d364610d,2026-06-16T17:48:46Z,True,merge,120346,,human
4.7-stable,0baf46a3c7c193c4a7f38a36c3369c9405bf6856,2026-06-16T17:48:46Z,True,merge,120280,,human
4.7-stable,20fbec29fdd1996e732b6fa41ce9afc934722a8e,2026-06-16T17:48:47Z,True,merge,120254,,human
4.7-stable,86637357b31405db2a4c709f77bf4378eb4ead51,2026-06-16T17:48:47Z,True,merge,120298,,human
4.7-stable,c92ef757cb0fbf3cd4495fcf4bd11299e743ed49,2026-06-16T20:53:41Z,False,direct,,,human
4.7-stable,f7fcb79c4399070be07caadfbe2304a9c94711fa,2026-06-17T00:12:42Z,True,merge,118771,,human
4.7-stable,823e2db6b1ffaf76deb3aaf4b2111e8906a3d3d2,2026-06-17T12:39:27Z,False,direct,,,human
4.7-stable,97ef21eacd54a153ca009e6fee26b2caf1ff453d,2026-06-17T16:21:44Z,False,direct,,,human
4.7-stable,2301f3612231317bc919d20c6e0a6deaecf04531,2026-06-17T17:34:16Z,True,merge,120344,,human
4.7-stable,feeea39cb2f791c0df112dbc08b59ae0e001265b,2026-06-17T17:34:23Z,True,merge,120363,,human
4.7-stable,2a74ac212b406ec78b5f2794d9e23c9ff2e5fae1,2026-06-17T17:34:24Z,True,merge,120369,,human
4.7-stable,3660bebec7f49e187e59b463fcab77c1511c62c0,2026-06-17T18:33:00Z,False,direct,,,human
4.7-stable,5b4e0cb0fd279832bbdd69fed5354d4e5ad26f88,2026-06-17T18:46:02Z,False,direct,,,human
4.7.1-stable,a9bba8a3e8dadb783daae5a0f23ab4cd3212f250,2026-06-18T14:42:10Z,False,direct,,,human
4.7.1-stable,120b0c0963394c6efe151f6c80dcf938f885dd9d,2026-06-23T13:31:44Z,False,cherry_pick,,a1ca4bf0588638472654b38073e1f0b53d96d735,human
4.7.1-stable,c88c836329cf991450787317ea0bb3556694112d,2026-06-23T13:33:32Z,False,cherry_pick,120456,e50d73a47c89d346a5c8b1244810952832fbd1f6,human
4.7.1-stable,d9a2356f3ffaf6033586ad39ae40ce6928a11ec7,2026-06-23T13:33:32Z,False,cherry_pick,120403,7788fc4fd2d9c6c5e0dbbd2bd5215b06f1aca304,human
4.7.1-stable,a1649d854c9856a75a45072bc4ddba39de219313,2026-06-23T13:33:33Z,False,cherry_pick,120394,75e0f205f2e783df2fcd054e6683a4c07c1c85da,human
4.7.1-stable,6a97461a857467dca518b6055d981d8d284ace14,2026-06-23T13:36:43Z,False,cherry_pick,119989,d3219bdf0715933688aa30d33047e2b3229e8695,human
4.7.1-stable,993de84b86362d05d49510914585da44fd273206,2026-06-23T13:36:43Z,False,cherry_pick,119994,f94049f8d84f78d3107253d30a5ec181fbfad131,human
4.7.1-stable,b7afc42c2aaa9c8fc8969509c07e241774fd286a,2026-06-23T13:36:43Z,False,cherry_pick,117596,f352235b893689d8ba498a98286cc72b068f680f,human
4.7.1-stable,6436a0ddf9f68da56ad141f04ed734c2054bd49d,2026-06-23T13:36:43Z,False,cherry_pick,120371,e394baf4021e5e7424d77d4c1138e3bfa538f4f5,human
4.7.1-stable,8c88303aedbee46cc1174882176dd9abea22e4fd,2026-06-23T13:36:43Z,False,cherry_pick,119792,3e997dbc88471940027125eba0f164bdb560dd0b,human
4.7.1-stable,52ddf3c3e5786ed8f7b65a700cb31f153e471dba,2026-06-23T13:36:43Z,False,cherry_pick,120185,f267631bdab5ca63e1d267f62cda12617a7059d5,human
4.7.1-stable,bd0955a0a5f765c9a7413a167d40fdd845cb33d7,2026-06-23T13:36:44Z,False,cherry_pick,120286,653cb3f7fcc0e287fac8d3eeeaa076db44b0ec48,human
4.7.1-stable,4d03c18823a1f26e7296950b483114cbc28707b5,2026-06-23T13:36:44Z,False,cherry_pick,120418,d7d7baee8a04069e969fbe71ee144da832dd6ff3,human
4.7.1-stable,6ba0f039e415928c1f5a4782ecbb66beaae59486,2026-06-23T13:36:44Z,False,cherry_pick,120500,87f1fade30b3169000dc583d63b1f1efcc4e0163,human
4.7.1-stable,05d64db3ec93181915f06b88e20794bb09fc8025,2026-06-23T13:36:44Z,False,cherry_pick,120568,3bbc02f61e015ea28ae1bbe6d6f62dab114da357,human
4.7.1-stable,532fceeb390a080852859610ccf50949674dd80b,2026-06-23T13:36:44Z,False,cherry_pick,120481,cc4055c5a252d9573251bb305610576da62806c7,human
4.7.1-stable,afa1fd175c99c65827b983e677fbc7a0480cd375,2026-06-23T13:36:45Z,False,cherry_pick,120488,975327e8d74a219c6ca97dee9d7f1dd3f161b734,human
4.7.1-stable,4e8568cdac326a3f5d6e7b1b9e7dfccd1e456b9f,2026-06-23T13:36:45Z,False,cherry_pick,120362,cdabd48e413be080ab0566b66756fca3bf4e1dc3,human
4.7.1-stable,e57fc9f439f120eb78b6b4c8d1a917accfe0d463,2026-06-23T13:36:45Z,False,cherry_pick,114870,b887d57671d88a754cff9ae8f7169ac46cbcb7c6,human
4.7.1-stable,a113c9a453e27167fdf97b8735a46c657982a596,2026-06-23T13:36:45Z,False,cherry_pick,119941,adb14a5397b02068bdece36f40abcaf69bee0bee,human
4.7.1-stable,cafb33fd26526c9ea5882c3d269b67bfc3b63005,2026-06-23T13:36:45Z,False,cherry_pick,119798,c0bb5a2d1f372d05ece2263a3c0634ec5c909a62,human
4.7.1-stable,32ed611f237784db2647880fab85c6b1b6ef8d42,2026-06-29T18:37:47Z,True,merge,120577,,human
4.7.1-stable,28b3b732697499cde9874073ce405675a28d80e1,2026-06-30T14:14:11Z,False,cherry_pick,120366,c75b1bf5d3ddb3a07873e488fcd9000b9c8219bb,human
4.7.1-stable,4a576a03654f897c2692b509162df10c75c225a4,2026-06-30T14:14:11Z,False,cherry_pick,120360,a0abdc26e5639d54da9d084c8b7b7187e975f016,human
4.7.1-stable,373664477415feb5035e561d982c85dc61bdcbf7,2026-06-30T14:14:11Z,False,cherry_pick,115760,86c2dd6adce293e323c5d5754b78644a4a9c7326,human
4.7.1-stable,b737d54090dd3d1b4f9f12a218882446415e6b37,2026-06-30T14:15:10Z,False,cherry_pick,120352,5405105c0185df704ce0b5bcfbc178ce03550dab,human
4.7.1-stable,287dc434016d2560d85d5defb9768082390c97c4,2026-06-30T14:15:10Z,False,cherry_pick,120249,7fa8a11676c8d7070b9a36383c1c596c605b421f,human
4.7.1-stable,345cb13b3d7a3631a235f6fb2f1a45b832b8c1ae,2026-06-30T14:15:10Z,False,cherry_pick,120435,86ccc06decc85c69531a2865ec76d63db08ef835,human
4.7.1-stable,cecc28f71489323372bf5ab35e44298e3d5076b4,2026-06-30T14:15:10Z,False,cherry_pick,120393,37af0f14a9df0e368838b2e1643b9b1a1d969aee,human
4.7.1-stable,2768c18770b2e0d78b85f5a3eaaaef07f602f5ce,2026-06-30T14:15:10Z,False,cherry_pick,120538,a1fdb0accbf7c074aa2c8a7af7e925ea352fe37a,human
4.7.1-stable,050f64d099a049a4ac21dda0325c038ba81cb0b9,2026-06-30T14:15:11Z,False,cherry_pick,119784,14ef289eeed444601dfedca99333180d44ac831f,unknown
4.7.1-stable,a1e765d07db48a2b10e13ed3b5c6965f7151f1c7,2026-06-30T14:15:11Z,False,cherry_pick,120651,37841fc7b149903e5a03a9240b2df4263bda3ab5,human
4.7.1-stable,f511c970f35d5c7434e559b169b3a7f0d1261d4f,2026-06-30T14:15:11Z,False,cherry_pick,120684,2a5b9d011d98c0b6420bfbb2a04ec2824970addd,human
4.7.1-stable,f994d42844d2e86a45088ce76e43a0ed2d9040fa,2026-06-30T14:15:11Z,False,cherry_pick,120741,ea0f25847c1c53f2343e47f6d65e788341e8e4cf,human
4.7.1-stable,e46e7180e98989d252a34c7e8e7bad004a2a58cf,2026-06-30T14:15:11Z,False,cherry_pick,120728,8c9477bb2df8c96f339989fdb5249255e6cc709f,human
4.7.1-stable,5672bfd78ddc9873f4094d24b7cffd283146fe36,2026-06-30T14:15:12Z,False,cherry_pick,120016,f2b42696965815c7d1de1c4303b25e7b5d0ea7b8,human
4.7.1-stable,8efa5c193026499e2169b9d79201f2dd5806f501,2026-06-30T14:15:12Z,False,cherry_pick,120351,e174dd68e1c4c21eb9c05558543526716ef7e673,human
4.7.1-stable,fa145a756a1de9522ee86d4d067f3979b99cbc3c,2026-06-30T14:28:40Z,False,cherry_pick,120655,b9c1a90efae7b1643da1450f44e86f4fffdba34e,human
4.7.1-stable,71f74307a6fd34fb2a7d3a15b1db1390964040c3,2026-06-30T14:28:40Z,False,cherry_pick,120672,8e9c1849a79c58e1832f4544db788c9e0131fcb6,human
4.7.1-stable,8b9355be6c275164cd056fd6c9e23d7cd73c1df9,2026-06-30T14:28:41Z,False,cherry_pick,105963,3d79d81110118624c395aeab0708a389e06eeb06,human
4.7.1-stable,2b12a3a6819de047cd7406309dcbb8cab54425e6,2026-06-30T14:28:41Z,False,cherry_pick,120589,d0f493b9550711f822eb4b1fe6bffb645cc492e6,human
4.7.1-stable,fe6298e9da6c9cfddb5efc897c676338bd8d148e,2026-06-30T14:28:41Z,False,cherry_pick,117220,94e44424f06c318c2ce5dd79baa698f23cb75678,human
4.7.1-stable,ea5c2a36d850325bd6c0b609d079160be4cf1f7d,2026-06-30T14:28:41Z,False,cherry_pick,120723,19bbd4ccdd22a5ac9ed134f93ceb0db9149a13ae,human
4.7.1-stable,17e2686e0127943a221143e8ef35972c9ab11188,2026-06-30T17:30:40Z,True,merge,120773,,human
4.7.1-stable,4174f2ecc8e0fca5279f6ef66f216170fd276ac0,2026-07-03T09:19:18Z,False,direct,,,human
4.7.1-stable,346b1ea1196880bc92a2142c8e0dc20eecea69e6,2026-07-04T16:03:28Z,False,direct,,,human
4.7.1-stable,042e55efb63dbdbfa25e76cbbfe080a874c21827,2026-07-04T16:03:28Z,False,cherry_pick,120768,763875309f009215635d49f5b25ae895d782970a,human
4.7.1-stable,657bed37fc48f4d6e2f3fe02458c7c2ee1e385e3,2026-07-04T16:03:29Z,False,cherry_pick,120870,fc31c5a4e9dcc2d095901a4b70f408620ed3f87f,human
4.7.1-stable,5ccc031eca401b621d183db88a68109e803b26f6,2026-07-04T16:03:29Z,False,cherry_pick,120874,90d0be8fa34f69bd7cf3a40432a2504234fa5797,human
4.7.1-stable,5694bcfbae1de09e7f10687d1d6e055a29f5c53f,2026-07-04T16:03:29Z,False,cherry_pick,120886,259a37974eb88c1e276a551d52fb4c92ea36d3e7,human
4.7.1-stable,48a70e8639f401cb443cc3274d8841ce3f419143,2026-07-04T16:03:29Z,False,cherry_pick,120895,7b42a366d854e86c44faaf6d45907478dfd8fcd8,human
4.7.1-stable,e86d5a8ab6437b50141d102f05ca5414b33ac3ee,2026-07-04T16:03:29Z,False,cherry_pick,120823,fd26f46a0c5a1217831716fff9322ba867c8e7ba,human
4.7.1-stable,f628107b9341b32d612dc95ded6de10d24e32e3d,2026-07-04T16:03:30Z,False,cherry_pick,120826,65aa78b9aa8685da0c5128b17a835f10c0c843fb,human
4.7.1-stable,45780896385b8d56ee84f1e6e51dcc960033e8a8,2026-07-04T16:03:30Z,False,cherry_pick,120711,4182137b9d767a6f1aa82e24f97d1c5446778954,human
4.7.1-stable,838717f61bc73fdca36265a0eff189a61f1672c2,2026-07-04T16:03:30Z,False,cherry_pick,120794,552cca4e7702b5ef944e74b4c86d4656ac82aa46,unknown
4.7.1-stable,d5ac5fa155d313aaa33d390fe87a47cae45e202d,2026-07-04T16:03:30Z,False,cherry_pick,120376,04961f14976609fdb5941ea029262373bfd693e5,human
4.7.1-stable,b4118e9bcd849fe17498738897e830c905009bd1,2026-07-04T16:03:30Z,False,cherry_pick,113380,9724adf090edcf72121234a7dbaec55dc803c8e8,human
4.7.1-stable,6f9f57614bef3d36ad4fdaea5c56cece40050e71,2026-07-04T16:03:31Z,False,cherry_pick,120714,9d7c727f12f73bdf2c5a0dbea40721224fabaf58,human
4.7.1-stable,fa5570f746e3a8db7711d86454bb3982f355f204,2026-07-04T16:03:31Z,False,cherry_pick,120554,e2a31a12df08419c4bf42199beadb76ff4f06e78,human
4.7.1-stable,b5e06061fa44ddca44e34d63e29a29e17e3e7b22,2026-07-04T16:03:31Z,False,cherry_pick,94096,dc5c2f5b750aec8f925f0c6bf7cf9611e2438693,human
4.7.1-stable,eb054af88169923b06259a06b6ee698c0dc19c40,2026-07-04T16:03:31Z,False,cherry_pick,120595,dd63bdfff1d0f63efdb8398bdff9d0d3f644a313,human
4.7.1-stable,34e3499e828fa3d8d2f94563d624585565ca58f5,2026-07-04T16:03:31Z,False,cherry_pick,120433,8b25db8c0e7b030ba8c09db1563bfc3e89b6d0d5,human
4.7.1-stable,2692cac359818dd4ef0da68b67e5001a85b53af8,2026-07-04T16:03:32Z,False,cherry_pick,120478,48327b235bb50bc63e4bc9424629e12819e824e9,human
4.7.1-stable,fbd9d803724a099f23412d5425fe2207f1bef2b0,2026-07-04T16:03:32Z,False,cherry_pick,119071,a749ebf48fa502319a46b9204fa95be99feb82c9,human
4.7.1-stable,3a59aa2d355f8de5b029e9ccbb5057bb24f555bd,2026-07-04T16:03:32Z,False,cherry_pick,120449,27560c28d06bea3bd36f9fd310971704474f986f,human
4.7.1-stable,f8b185c1c5fa343eefe64d4ad5d96a797deedb5d,2026-07-04T16:03:32Z,False,cherry_pick,116651,5f8ac5d96b88c326b223e3ad607e604e024cb3fa,human
4.7.1-stable,04e71f510320f98bdfda3c9e012db8cde0ded751,2026-07-04T16:03:33Z,False,cherry_pick,119418,f7b5ea9897cb1591034f9b0d5d2691e2cc647380,human
4.7.1-stable,11e511d4778593daf1c8e5512b729d9d6fed1463,2026-07-04T16:03:33Z,False,cherry_pick,119614,cddcc406d78e610f3c39692fd047399e5eefcf48,human
4.7.1-stable,79c8c6a9726e0415bc249a54c4f324eff5d93b9b,2026-07-04T16:03:33Z,False,cherry_pick,115083,4f898b498fab5dc2691a88934be78b78698c6401,human
4.7.1-stable,5c53faeeaa5790c3a6ff02a4402598f4a84501f0,2026-07-04T16:03:33Z,False,cherry_pick,119995,59a32793d25035c1ae564741b9b9d59d41162ea3,human
4.7.1-stable,1cc36e3afbc639ca165ae89adf2525fb8e635a8b,2026-07-04T16:03:33Z,False,cherry_pick,119790,204249c9d6417576865a10a4d33d6bf953a2240a,human
4.7.1-stable,745094c9e7baff54551de63bd92994bb623f6678,2026-07-07T16:07:59Z,False,cherry_pick,120847,c9899fcf9d47b02070e4e6e928c348b3207f661b,human
4.7.1-stable,2254d70d7143768d7a381586447fe3a2c4659402,2026-07-07T16:09:03Z,False,cherry_pick,120903,8b3827a886f896f1617becdc48f3ed84a916e18b,human
4.7.1-stable,1de7e257ffc38a88b2b931c2ea1672e27812a225,2026-07-07T17:50:36Z,False,direct,,,human
4.7.1-stable,7b97b90e14264d673572a7d151d93090b1c4c033,2026-07-07T23:57:38Z,True,merge,120917,,human
4.7.1-stable,d6096250e5d7dbc5850de5bfb415edaee3a4595e,2026-07-07T23:58:40Z,True,merge,121055,,human
4.7.1-stable,c237730200de7d12dd92118deb470af648ccaaeb,2026-07-09T09:02:07Z,False,direct,,,human
4.7.1-stable,2575428debee2214aec5508ff43a55ce5a9588f8,2026-07-09T18:02:42Z,False,cherry_pick,119580,bb1bd267b9b78acb31421d13eca0d3d996b72a3a,human
4.7.1-stable,9a59ab148e0fc4c3da4a7f3328d836645d1ceacc,2026-07-10T14:32:41Z,True,merge,121140,,human
4.7.1-stable,7eae03352a04fadc82b4e0e373c6985f20514252,2026-07-10T15:32:13Z,True,merge,121129,,human
4.7.1-stable,29c0132a5b39ddefabd9d9e7e2786922c59c131e,2026-07-13T15:56:06Z,False,cherry_pick,121112,07ab13f08aa620bbb332553d581d42d3bf3b2067,human
4.7.1-stable,61fe4ec801a6b44f446568d8167fd762ac9c9fc6,2026-07-13T15:56:06Z,False,cherry_pick,121182,2aaa46b9d18ff42c315a32043274039b08b3448f,human
4.7.1-stable,9722b3d6e971562a53dcccae6607d18578580c03,2026-07-13T15:56:06Z,False,cherry_pick,121155,899de04acbb717f9cc55fe1dd42bc679372aa355,human
4.7.1-stable,f0da549104f8015e6d05b2d7d3000d6c24894964,2026-07-13T15:56:07Z,False,cherry_pick,120796,bc5dee8f27de51c9f27ac8b886c1381d8f491a4f,human
4.7.1-stable,1ba7fea71f17f95b41156a52094cee457ed8ab73,2026-07-13T15:56:07Z,False,cherry_pick,121120,a2150f1efd8b92a2c72a6b3d40a4248ec1471546,human
4.7.1-stable,60eb2824bdc99657441e1676dba50b673fc555da,2026-07-13T15:56:07Z,False,cherry_pick,121296,c77ba84d6fee2dfcaa5fe0ece77ce1f687053acb,human
4.7.1-stable,07cb117920589dc2bf146633b088c927b3c17fef,2026-07-13T17:54:08Z,True,merge,121331,,human
4.7.1-stable,b2788f95a4f7efdffeacca1428c59dd0c77a33e2,2026-07-13T21:00:28Z,False,direct,,,human
4.7.1-stable,a13da4feb8d8aefc283c3763d33a2f170a18d541,2026-07-13T21:00:28Z,False,direct,,,human
4.7.2-stable,c050c09b105c3715e1caa57a7109cd752047fd89,2026-07-13T21:00:28Z,False,direct,,,human
4.7.2-stable,2feb9645418fe83307203913363b8990c7c137ae,2026-07-25T08:19:08Z,False,direct,,,human
4.7.2-stable,3095452b868a68ac319b401f33a70f5d0fe4ba79,2026-07-25T16:39:31Z,False,cherry_pick,121767,0f005e708a1c2de5df21e52cd5ebf9dc34bbd5e4,human
4.7.2-stable,5bea0666b48dfa0f5eaf894c214f73ac2e5dbc62,2026-07-25T16:39:49Z,False,cherry_pick,121746,6f072b22896fee293b99100fd83d0b9e2a183058,human
4.7.2-stable,75c331b098d22b48b385cfe070f614996864cea3,2026-07-25T16:39:49Z,False,cherry_pick,121393,98284a8f10b04631acc42953b9cc43434ee17ab2,human
4.7.2-stable,53aaf6a0efb1f3f5fec0e04db60c964b5460ead9,2026-07-25T18:19:48Z,False,cherry_pick,120647,b258d76bf5faaf7c7a2f1c8018abf1906bd87e8e,human
4.7.2-stable,1edc95274093cdcdf421431fcd6273f45101f0aa,2026-07-25T18:19:49Z,False,cherry_pick,121670,dd94c2c5af4126b46ecc90fcd173c6e9513e52b7,human
4.7.2-stable,1f04e42d855311f287813691758bc4d6330442d8,2026-07-25T18:19:49Z,False,cherry_pick,120859,87535e8f99d43b531d874105578ff9f96b9d0fa0,human
4.7.2-stable,c1bef1e2c4e235b7b86cc9022f888c13f4ced141,2026-07-25T18:19:49Z,False,cherry_pick,120858,1b414da560e2d02f41b448d6c016eea032d38a89,human
4.7.2-stable,1cb4bb5817228433595a6bd2c1da228d19141c50,2026-07-25T18:19:49Z,False,cherry_pick,109864,73c95baa5266edf7bf83804756bb740a28243dfe,human
4.7.2-stable,83713504e413135e88cf40da3c477a79e3a514e4,2026-07-25T18:19:49Z,False,cherry_pick,120774,5afc91103c4ba88c668b42a887742ea81ee6d009,human
4.7.2-stable,ad96f9d95f4c727dc2c4902c468082bac71353f5,2026-07-25T18:19:50Z,False,cherry_pick,121466,3001c50acd5522e5580cf1295529af29b521342c,human
4.7.2-stable,efd70f3e040f883659f82b56b7e2715fc1cf911e,2026-07-25T18:19:50Z,False,cherry_pick,121360,3078674600bcf971cde0f3e1abed65e65b18b593,human
4.7.2-stable,b704c576e54daaec5f618b2c11b5928b70c06658,2026-07-25T18:19:50Z,False,cherry_pick,120548,5fc0d2d01439d87176126b607c06ea4326aea3f2,human
4.7.2-stable,76274053361d0d08b28a145dba52515bc2c6f17a,2026-07-25T18:19:50Z,False,cherry_pick,120533,3f03764fffa04deac8cfb54ef4dc19b058fbacf5,human
4.7.2-stable,8ef3779eed646a70739b026c8942f642331081a6,2026-07-25T18:19:50Z,False,cherry_pick,121509,6848ea595e91cf6a1d5dc4f88c964f8d1f6de178,human
4.7.2-stable,2618343165493ec739dc3328494bd52529bcc8c3,2026-07-25T18:19:51Z,False,cherry_pick,120962,74a8b10a1cdbca20a71e9c32a6aa90d415e37668,human
4.7.2-stable,69309c0227f04c80547a5e37ae9128a1f34cc45b,2026-07-25T18:19:51Z,False,cherry_pick,121304,3f4372917cacbd2afebf67448cad7f6c4f7160bd,human
4.7.2-stable,2140b03695bfbb4c408d9ed150cbd3dd5c29b195,2026-07-25T18:19:51Z,False,cherry_pick,118294,6443c2640cb2ef1fb6add9475743b4b4f34b4d6a,human
4.7.2-stable,e81a78b11d2155ff44830d4c027224874d094760,2026-07-25T18:19:51Z,False,cherry_pick,120004,f80a9820afa420e08448213cbf89a3578b8109af,human
4.7.2-stable,f697eea0a47e2f136007e213c8c7a7ac89751f91,2026-07-25T18:19:51Z,False,cherry_pick,120792,f03e744178d4dce8d607211e8c5cd8e123dcb5f5,human
4.7.2-stable,146e3be4a778e4e98a7dda3a16161d60893a9c2c,2026-07-25T18:19:52Z,False,cherry_pick,121251,429a75ea78e6838c0138767eb708a6d367fd4792,human
4.7.2-stable,dcabf2e4db43e72d85bbe4bd2fd8e257696bbc39,2026-07-25T18:20:05Z,False,cherry_pick,120327,1d9f732bc4cc1f71d39ea2c5c8d32e0025728dd9,human
4.7.2-stable,364304d3722da51174fd84fe9cf65347e053a2ff,2026-07-25T18:20:05Z,False,cherry_pick,109639,8caf6fd456ccdcc2cbfc3c8f2e601597911a1959,human
4.7.2-stable,8df813a09b71d5c08656d038a24df9bb92bdad9f,2026-07-27T21:06:32Z,True,merge,121722,,human
4.7.2-stable,73635de7f961ea8b3b2938a86fc0b9c28d22769d,2026-07-30T15:43:55Z,True,merge,121759,,human
4.7.2-stable,f9aa898e74c8689ecd2f45d3570aa0a66bf49b6f,2026-07-30T16:26:19Z,False,cherry_pick,121161,1f18494d0241169422ee1c7f4d104a35738e8ec3,human
4.7.2-stable,17cd7dbac70a99fd63dfd23dec715179077582d4,2026-07-30T16:26:19Z,False,cherry_pick,121161,2ff661cd8d9b229b6a8d0e64ccd9cb52e92c1315,human
4.7.2-stable,a30e7e11518db69a434eb0fbdb8158624ffbe51c,2026-07-30T16:26:19Z,False,cherry_pick,121161,92cb8246a5b67b36482ea597f23773984f53cf37,human
4.7.2-stable,3475e1616481d24b105e7ccb85eb054521f9d93c,2026-07-30T16:26:20Z,False,cherry_pick,121917,7f67be84b04e38d360dafac6906d4f912cef3593,human
4.7.2-stable,2906aa0e6d9049cc2e968aca1e60132f30eed9f3,2026-07-30T16:26:20Z,False,cherry_pick,121926,7a5d61816c95c64a905e46480ffec3a5af880a5a,human
4.7.2-stable,48be39bc6933545e65d14b6b081d38ff5d8bfc3b,2026-07-30T16:26:20Z,False,cherry_pick,120517,09fb26d913c78da49fac8e37123ee3bd3c0932ba,human
4.7.2-stable,8c6e403752755088cbd30668db6e212638091f31,2026-07-30T16:26:20Z,False,cherry_pick,121315,16df2a28dbd3afe3d93d5a574d4d965961d988cf,human
4.7.2-stable,04988f125f72c01451ca876bddd1b44265059a9d,2026-07-30T16:26:21Z,False,cherry_pick,121333,279e57bd5136fe04df1bbc880a187ea89598afdf,human
4.7.2-stable,1644b09d966622d324fab8a588974d30264f56ae,2026-07-30T16:26:21Z,False,cherry_pick,121237,2acda9628a653a0f43ebf585cfde55455422e294,human
4.7.2-stable,93cad56c32cc3792345604ded25df2faee964c19,2026-07-30T16:26:21Z,False,cherry_pick,121225,90f51f3db8097cadcd254ad6b411ee35e4e08743,human
4.7.2-stable,2d2d93443f029f0dfdda85f601afd55a05aac86d,2026-07-30T16:26:21Z,False,cherry_pick,121146,60330f67eecab1d68a6f6f4a8deb119ec816f3b8,human
4.7.2-stable,25264af5441a148e7ebc311b2b679c7ef8e404da,2026-07-30T16:26:22Z,False,cherry_pick,121192,9338b10dd3e6614f1172cb38d086b0bc4be40dc8,unknown
4.7.2-stable,4dca9964465d30608929b79980e87a94b5d3d542,2026-07-30T16:26:22Z,False,cherry_pick,121571,5bb2d5dc2b0dbae622c1c0f12bee5fd4074d90fc,human
4.7.2-stable,53a5cffdf7045b84a69187c228f7083b8b1c2c4c,2026-07-30T16:26:22Z,False,cherry_pick,121470,f4a5fc7c438726827cdd0dcb4651b021c520cece,human
4.7.2-stable,31e13d9f6f7da474d36b5c5d151f47ebd4c9b2ce,2026-07-30T16:26:22Z,False,cherry_pick,121259,4fc7706a480ee87116768f34f4c3f839e9a6579d,human
4.7.2-stable,bc30f475e269b6dca65c37525aa106ed5d9ab966,2026-07-30T16:27:49Z,False,cherry_pick,121212,c42deedf13fbd8e8da3de7a837cf13f632e40341,human
4.7.2-stable,e9ea372b8a986c2a948d9dd72f90784f36df7b34,2026-07-30T16:29:02Z,False,cherry_pick,121036,21bc715f32477afd4e6664ea4522c96db9b0165f,human
4.7.2-stable,ddac71fd62ab75e2513d2efcddfc0afb727304ad,2026-07-30T16:30:01Z,False,cherry_pick,120939,984e7379e2f096db9a2e62d1f8a81f9bf2570769,human
4.7.2-stable,a7ea501145e97f5fb79a2195e8564241d4c7057c,2026-07-30T16:30:02Z,False,cherry_pick,120599,8cad2c87502c7c2990d8e2526fbf28707f094710,human
4.7.2-stable,d65269fc91e8a965e387adc362019216004e7e45,2026-07-30T16:30:02Z,False,cherry_pick,120890,b33ce36d183ebe7be7a20156b3c5e6d148b3238f,human
4.7.2-stable,1236f8b8f85f3e9b589afa7712e07908c022fd4d,2026-07-30T16:30:02Z,False,cherry_pick,120002,9c626406eeb7b054180cb12e9ae0f8bb3e8fae20,human
4.7.2-stable,1cceea90484cf6c8d91d0cb106b58603a33cf529,2026-07-30T16:30:02Z,False,cherry_pick,120984,c9ccf1cea9622179d66230d852f2a0bdca512ec7,human
4.7.2-stable,36a04fe528e63567203b28d0e8b27591ddee7915,2026-07-30T23:59:26Z,True,merge,121947,,human
4.7.2-stable,eefdc2dbda97f89b1d7fd268c91fda99d6a24636,2026-08-07T10:01:56Z,False,direct,,,human
4.7.2-stable,520e878c8021348719dbb52649bf2ab318686078,2026-08-10T12:30:12Z,False,direct,,,human
4.7.2-stable,d94b85934640afe312081114636267c9efbef3e3,2026-08-12T16:16:51Z,True,merge,122261,,human
4.7.2-stable,4903553e2c86e3103531713980df3598cf955738,2026-08-12T16:26:25Z,False,cherry_pick,121973,8e4e1451ec2d03761446d50ed3b14338d15a8b0e,human
4.7.2-stable,bd76f1136c3f325d583e464942763e4fe687f312,2026-08-12T16:26:25Z,False,cherry_pick,121858,a709edcd423eb3a62f3856f6cc44b6a4c5802fb6,human
4.7.2-stable,bfbe912233ef28e1667730313ba0516ac2a576df,2026-08-12T16:26:26Z,False,cherry_pick,122056,043a6b60be92b72eca78dd1f81942ceee84f6d40,human
4.7.2-stable,072e546a179be11bfebfee1d8e719db0cf3d5dda,2026-08-12T16:26:26Z,False,cherry_pick,122260,e196cb11fe625df9a1c4abb4a0ce6f843b9b0e11,human
4.7.2-stable,bfc193be261507e4f72d83b5346e147cbb2aa0ff,2026-08-12T16:26:26Z,False,cherry_pick,122139,9b012119154d72489305f7c460b13fd6e9f4fbdc,human
4.7.2-stable,7f23e878f3f655b9bba8207b4e7750fb0790784a,2026-08-12T16:26:27Z,False,cherry_pick,120985,2b68af596bbba870c29657dc6dd7577b2c97edaf,human
4.7.2-stable,af99bf93d3bf2d7a487946d4c8375f76163db08b,2026-08-12T16:26:27Z,False,cherry_pick,122186,fa03d6d3d30be7e9018f245ff42ead0a3ff911c0,human
4.7.2-stable,c5198ffd37a4d14120aa32fac918f21ed1eba4f6,2026-08-12T22:13:24Z,True,merge,122344,,human
4.7.2-stable,b40a61e58b22b9205d4442e6f1546bc6f1a6de93,2026-08-17T01:18:05Z,False,direct,,,human
4.7.2-stable,ed1daf0bf001b61586d9930840f2f1394092c079,2026-08-17T01:18:38Z,False,direct,,,human
3.6.2-stable,7f6ca57b72a944052c1627be0c72a61c0b31d07b,2025-06-25T11:04:42Z,False,direct,,,human
3.6.2-stable,137691b9006aead270fa17f5eaeddba0b7c2dc42,2025-10-01T08:09:01Z,False,cherry_pick,108171,287cf32ce2120502dea6d9336dfb77ca4043db2c,human
3.6.2-stable,ec635fdfd78a9b7554a4cd76aa9690b2d83cbd2a,2025-10-01T09:24:59Z,False,cherry_pick,108382,0770c9a4a3c2b60c79820df0af89a83f06a231aa,human
3.6.2-stable,21230fda3e07712bc9859fdada52a2bf7492a1f0,2025-10-01T09:24:59Z,False,cherry_pick,108433,21d73401623085e361f439872246b38725c7d284,human
3.6.2-stable,0d1f294c58ac5747cbb99c4dce355080d12265b6,2025-10-01T09:24:59Z,False,cherry_pick,108930,983b12b1fad1d1a91c7d6f45c7a2d90aadbb946e,human
3.6.2-stable,da3795b199e69108fabef691a780aadba91b304a,2025-10-01T09:24:59Z,False,cherry_pick,108433,3c645995ca8335d925e2e5deac5044af7f5af657,human
3.6.2-stable,dbc2ce8eb0c8050350a68c38ad8edc5c32a7c631,2025-10-01T09:24:59Z,False,cherry_pick,109695,c7bace19558e16998447acff5ef36174d056a07c,human
3.6.2-stable,08abae73519df250322728a4405fcca55d8c36f2,2025-10-01T09:24:59Z,False,cherry_pick,110255,936c86b19097a1c971e08281668f220c62e4d3af,human
3.6.2-stable,6f2f053234f6b20b5bb369e3ef109970e13104d2,2025-10-01T09:24:59Z,False,cherry_pick,110898,b86295c8b96f6b2e260718fee04f4ef0d598e3c8,human
3.6.2-stable,862d8707f53ec2e2306895ffd2dcf26081b0e148,2025-10-01T09:24:59Z,False,cherry_pick,111061,e9525aed1c61555b124f5f9f0d5a7db4f5a9605a,human
3.6.2-stable,b18d22f276cf14178bc854cb1312a5f91531d05a,2025-10-01T09:24:59Z,False,cherry_pick,100389,a2a46009f5a8c94696e13ab12678812032610380,human
3.6.2-stable,639d133ff6e23c06819210fe913bdcd99d1ee65d,2025-10-01T09:24:59Z,False,cherry_pick,109111,9b104b3bb8f35c2e779b540d674457c7974b7d68,human
3.6.2-stable,9ca84aa90030d4a39f9f922b0d78d91d50b2f390,2025-10-01T09:24:59Z,False,cherry_pick,110414,d164a70aa0eb81c43b75c1240590cc79e9f1826e,human
3.6.2-stable,6bc378e13c769f74e43c17cf270d889e4e9da499,2025-10-01T09:24:59Z,False,cherry_pick,111103,ec5920e00428a842519fa2a5eec9d8b622a736be,human
3.6.2-stable,537cc776542dc09026224ca66ef6b37ad1173518,2025-10-06T08:52:10Z,False,direct,,,human
3.6.2-stable,ed879eb87b1d4cd8c100815f7061bf93511b6611,2025-10-06T09:39:01Z,True,merge,111078,,human
3.6.2-stable,6b8948b3c6f2c4a8176817bfc78a79c69d4e914d,2025-10-22T21:41:35Z,False,cherry_pick,111845,9de2837cd521f92ad3f18bbe1f1e7d33f10d893e,human
3.6.2-stable,5b30aa5e1ab380249a3a8c7771984ffba94eb4b2,2025-10-22T21:43:08Z,False,direct,,,human
3.6.2-stable,93e575bea306203b605260c2702f995f0dcf5f99,2025-10-22T21:54:05Z,False,direct,,,human
3.6.2-stable,3cd3caab6779a7f3ec3bbeb9f200db50c735cfc8,2025-10-22T21:54:25Z,False,direct,,,human
3.6.3-stable,da1b2b5d5727a63ff5e2a3a5a43c4c8b98dc64a0,2025-10-23T08:33:37Z,False,direct,,,human
3.6.3-stable,d654353bfbd956903e2742a2fe5bd4889292281a,2026-08-04T17:13:45Z,False,cherry_pick,120627,fa77a3b02dced2a360e0a422df4c280a597fbce7,human
3.6.3-stable,3a06c5fa7b8a4c2fca3373cd91c2cbb3f1de2558,2026-08-04T17:13:45Z,False,cherry_pick,110481,13ea0d64a570e4827f16c69c33694bc44dc0c49b,human
3.6.3-stable,1e0cdb0a9f48cf184a8df2523d83dae7be0b92af,2026-08-04T17:13:45Z,False,cherry_pick,68449,07f9e2bb47fcd8d7e18c39d8d89e6585633282a7,human
3.6.3-stable,e9cc7d5f0e03644043cea931ca9ae28bb97d108e,2026-08-04T17:13:45Z,False,cherry_pick,111195,b3b8908066a9b6ff9a0658ee358f143156eab5fc,human
3.6.3-stable,e96476ae2338a6c692e32d9aff932799fc3d820a,2026-08-04T17:13:45Z,False,cherry_pick,120612,cb717b2d490bc5b6fc9810494917a16ede30a8b3,unknown
3.6.3-stable,88552fa285e924d9fceed2964ef0022ce9b87ef4,2026-08-04T17:13:45Z,False,cherry_pick,114211,49700eb84bb945958cacb9ec66546f07054fe632,human
3.6.3-stable,41a30d0acc4f86fd82903a9758b9a70d3a5b3dc4,2026-08-04T17:13:45Z,False,cherry_pick,112029,4548440193890c0489a1e38a69f9a4ea757f58bf,human
3.6.3-stable,e6ad12dce5ac9c340cc2fdbc09b8e8575041e632,2026-08-04T17:13:45Z,False,cherry_pick,121110,febf6d8a7a922961da730d3df2638aaa58469c1e,human
3.6.3-stable,518ba8d15e59e7e5271895ff9752939b99e37828,2026-08-04T17:13:45Z,False,cherry_pick,121894,0d14b830a594ad45190b8259e3faeff8f0cf24af,human
3.6.3-stable,3411ec23c99513f4c3911255192d38371b7dff7f,2026-08-04T17:13:45Z,False,cherry_pick,121894,1647e83e24911243bc0d6690b4162e6e62b3fde4,human
3.6.3-stable,3fad5e673ff83f21e5ac11b61a7c8592f21f70e5,2026-08-04T17:13:45Z,False,cherry_pick,120883,11c9d1b7004cf7e5b18f02ca0113dca63faa1f4b,human
3.6.3-stable,acb7173eb07876c070e7328a81863061ad15c310,2026-08-05T07:13:11Z,False,cherry_pick,89283,179b0786c6fa3a432dba9e8fc023a620c11a8a5d,human
3.6.3-stable,32115e784f7e9ee60c849fa729c9def786fd386d,2026-08-05T09:17:22Z,True,merge,122094,,human
3.6.3-stable,5decbc858a2e8e453a35a07019443c8e5b20094d,2026-08-17T06:05:21Z,False,cherry_pick,122467,9c8e5a442d8296ebe82d17bd060ad3551badccc2,human
3.6.3-stable,f43110eb9b9f1cc4a57d1fba4f28f782d92ef8fe,2026-08-17T06:06:15Z,False,cherry_pick,121501,aab13d6f26ea8b805b1d85b50c5b29bb5590459a,human
3.6.3-stable,6bc27b7be9145d669c603c5063f94b1a5f68ecc6,2026-08-17T06:06:59Z,False,cherry_pick,122324,d63358b1f0a42df087c5ffc0a5422dfbafda99a5,human
3.6.3-stable,6b84bbade0c51701c6d8219b6b5a438c935e8d3c,2026-08-17T12:36:35Z,False,cherry_pick,122267,a40596a3238233a6cd19fdb0f1ee0b906debe36c,human
3.6.3-stable,2d55a7615c4247a14ff6d676b561a7cbe13c4b44,2026-08-17T17:32:43Z,True,merge,122488,,human
3.6.3-stable,92dc111f4e3484a8ed44add03103fc73c9dfde15,2026-08-17T17:43:37Z,False,cherry_pick,122506,8dd99ae663f267b2b47b10ce2b9316a555ab998d,human
3.6.3-stable,86e17277912e3db611683b4aea152b10a935ac13,2026-08-18T13:13:28Z,True,merge,122507,,human
3.6.3-stable,6c136b51cbc6803a608d4b530c2010dde65e55c7,2026-08-18T16:22:49Z,False,direct,,,human
3.6.3-stable,9eb75434c5bcae9b6ec2436240bf3aa42d30217d,2026-08-19T07:22:57Z,True,merge,122545,,human
3.6.3-stable,7919f0735d683f35f90457b219e58c75f8093135,2026-08-21T17:39:53Z,False,cherry_pick,122647,89d0f0850fc94bebc0211994acaa6c490ded2af1,human
3.6.3-stable,fe74235cd4d56c50cb6d4d24a34efbffe4b1898a,2026-08-21T17:40:24Z,False,cherry_pick,122639,f24bd606f9ad168bd34dec9c679cdd5be6445667,human
3.6.3-stable,c506dfe4ca93787699fb83ad1d6709b8b730c334,2026-08-21T17:45:28Z,False,direct,,,human
3.6.3-stable,869439f1d0675db0a8da6a30db8b87ed35a31527,2026-08-21T18:29:35Z,True,merge,122700,,human
3.6.3-stable,a3378686f7196db78d7b3cc7947f72a13bc4864c,2026-08-21T20:31:05Z,False,direct,,,human
